{"incumbent": ["adaptive=''1''", "clausepen=''1''", "performrandomwalk=''0''", "singleclause=''1''", "tabusearch=''0''", "adaptivenoisescheme=''1''", "adaptwalkprob=''0''", "heuristic=''2''", "promisinglist=''1''", "ps='0.4'", "selectclause=''1''", "smoothingscheme=''1''", "adaptiveprom=''0''", "decreasingvariable=''3''", "performalternatenovelty=''1''", "phi='5'", "theta='6'", "updateschemepromlist=''3''", "wp='0.01'", "CONadaptpromwalkprob=''0''"], "cost": 2147483648, "total_cpu_time": null, "evaluations": 0, "wallclock_time": 0.0015599727630615234, "cpu_time": 0}
{"incumbent": ["adaptive=''1''", "clausepen=''1''", "performrandomwalk=''0''", "singleclause=''1''", "tabusearch=''0''", "adaptivenoisescheme=''1''", "adaptwalkprob=''0''", "heuristic=''2''", "promisinglist=''1''", "ps='0.4'", "selectclause=''1''", "smoothingscheme=''1''", "adaptiveprom=''0''", "decreasingvariable=''3''", "performalternatenovelty=''1''", "phi='5'", "theta='6'", "updateschemepromlist=''3''", "wp='0.01'", "CONadaptpromwalkprob=''0''"], "cost": 50, "total_cpu_time": null, "evaluations": 1, "wallclock_time": 7.7247843742370605, "cpu_time": 5.0}
{"incumbent": ["adaptive=''0''", "clausepen=''0''", "performrandomwalk=''0''", "singleclause=''1''", "tabusearch=''1''", "CONadaptwalkprob=''0''", "CONselectclause=''1''", "c='4.7790920235465556e-05'", "heuristic=''13''", "promisinglist=''0''", "s='0.012388797600401373'", "tabu='4'", "CONdp='0.030128532016872822'", "novnoise='0.34134068933696216'", "performalternatenovelty=''0''"], "cost": 0.08612, "total_cpu_time": null, "evaluations": 19, "wallclock_time": 21.642955780029297, "cpu_time": 16.419999999999998}
{"incumbent": ["adaptive=''1''", "clausepen=''0''", "performrandomwalk=''0''", "singleclause=''1''", "tabusearch=''1''", "CONselectclause=''1''", "adaptivenoisescheme=''1''", "adaptwalkprob=''0''", "heuristic=''13''", "promisinglist=''0''", "tabu='4'", "dp='0.05'", "performalternatenovelty=''0''", "phi='5'", "theta='6'"], "cost": 0.015751111111111105, "total_cpu_time": null, "evaluations": 102, "wallclock_time": 113.56105041503906, "cpu_time": 112.44400000000003}
{"incumbent": ["adaptive=''1''", "clausepen=''0''", "performrandomwalk=''1''", "singleclause=''1''", "tabusearch=''1''", "CONselectclause=''1''", "adaptivenoisescheme=''1''", "adaptwalkprob=''0''", "heuristic=''13''", "promisinglist=''0''", "randomwalk=''1''", "tabu='4'", "dp='0.05'", "performalternatenovelty=''0''", "phi='5'", "rwp='0.01'", "theta='6'"], "cost": 0.011501385041551251, "total_cpu_time": null, "evaluations": 216, "wallclock_time": 170.8303964138031, "cpu_time": 155.85599999999977}
{"incumbent": ["adaptive=''1''", "clausepen=''0''", "performrandomwalk=''1''", "singleclause=''1''", "tabusearch=''1''", "CONselectclause=''1''", "adaptivenoisescheme=''1''", "adaptwalkprob=''0''", "heuristic=''13''", "promisinglist=''0''", "randomwalk=''1''", "tabu='4'", "dp='0.05'", "performalternatenovelty=''1''", "phi='5'", "rwp='0.01'", "theta='6'"], "cost": 0.010430839002267576, "total_cpu_time": null, "evaluations": 286, "wallclock_time": 204.6005208492279, "cpu_time": 178.51999999999978}
{"incumbent": ["adaptive=''1''", "clausepen=''0''", "performrandomwalk=''1''", "singleclause=''1''", "tabusearch=''1''", "CONselectclause=''1''", "adaptivenoisescheme=''1''", "adaptwalkprob=''0''", "heuristic=''13''", "promisinglist=''0''", "randomwalk=''1''", "tabu='4'", "dp='0.05'", "performalternatenovelty=''0''", "phi='5'", "rwp='0.034582105914960706'", "theta='6'"], "cost": 0.008173553719008268, "total_cpu_time": null, "evaluations": 328, "wallclock_time": 221.54163575172424, "cpu_time": 186.85199999999995}
{"incumbent": ["adaptive=''1''", "clausepen=''0''", "performrandomwalk=''1''", "singleclause=''1''", "tabusearch=''1''", "CONselectclause=''1''", "adaptivenoisescheme=''1''", "adaptwalkprob=''0''", "heuristic=''13''", "promisinglist=''0''", "randomwalk=''1''", "tabu='4'", "dp='0.1350664555280705'", "performalternatenovelty=''0''", "phi='5'", "rwp='0.034582105914960706'", "theta='6'"], "cost": 0.0060799999999999995, "total_cpu_time": null, "evaluations": 449, "wallclock_time": 275.1276926994324, "cpu_time": 221.79599999999994}
{"incumbent": ["adaptive=''1''", "clausepen=''0''", "performrandomwalk=''1''", "singleclause=''1''", "tabusearch=''1''", "CONselectclause=''1''", "adaptivenoisescheme=''1''", "adaptwalkprob=''0''", "heuristic=''13''", "promisinglist=''0''", "randomwalk=''1''", "tabu='4'", "dp='0.14022509373782213'", "performalternatenovelty=''0''", "phi='5'", "rwp='0.034582105914960706'", "theta='6'"], "cost": 0.004644970414201186, "total_cpu_time": null, "evaluations": 500, "wallclock_time": 295.31205797195435, "cpu_time": 228.73599999999968}
{"incumbent": ["adaptive=''1''", "clausepen=''0''", "performrandomwalk=''1''", "singleclause=''1''", "tabusearch=''1''", "CONselectclause=''1''", "adaptivenoisescheme=''1''", "adaptwalkprob=''0''", "heuristic=''13''", "promisinglist=''1''", "randomwalk=''1''", "tabu='4'", "adaptiveprom=''0''", "decreasingvariable=''3''", "dp='0.14022509373782213'", "performalternatenovelty=''0''", "phi='5'", "rwp='0.034582105914960706'", "theta='6'", "updateschemepromlist=''3''", "CONadaptpromwalkprob=''0''"], "cost": 0.001558641975308643, "total_cpu_time": null, "evaluations": 1073, "wallclock_time": 518.8151655197144, "cpu_time": 332.14400000000103}
{"incumbent": ["adaptive=''1''", "clausepen=''0''", "performrandomwalk=''1''", "singleclause=''1''", "tabusearch=''1''", "CONselectclause=''1''", "adaptivenoisescheme=''1''", "adaptwalkprob=''0''", "heuristic=''13''", "promisinglist=''1''", "randomwalk=''1''", "tabu='4'", "adaptiveprom=''0''", "decreasingvariable=''3''", "dp='0.14022509373782213'", "performalternatenovelty=''0''", "phi='7'", "rwp='0.034582105914960706'", "theta='6'", "updateschemepromlist=''3''", "CONadaptpromwalkprob=''0''"], "cost": 0.001157894736842106, "total_cpu_time": null, "evaluations": 1221, "wallclock_time": 565.0105085372925, "cpu_time": 341.10799999999983}
{"incumbent": ["adaptive=''0''", "clausepen=''0''", "performrandomwalk=''1''", "singleclause=''1''", "tabusearch=''1''", "CONadaptwalkprob=''0''", "CONselectclause=''1''", "c='0.010000000000000014'", "heuristic=''13''", "promisinglist=''1''", "randomwalk=''1''", "s='0.010000000000000004'", "tabu='4'", "CONdp='0.05'", "adaptiveprom=''0''", "decreasingvariable=''3''", "novnoise='0.5'", "performalternatenovelty=''0''", "rwp='0.034582105914960706'", "updateschemepromlist=''3''", "CONadaptpromwalkprob=''0''"], "cost": 0.0009090909090909096, "total_cpu_time": null, "evaluations": 1664, "wallclock_time": 720.2847158908844, "cpu_time": 381.73999999999705}
{"incumbent": ["adaptive=''0''", "clausepen=''0''", "performrandomwalk=''1''", "singleclause=''1''", "tabusearch=''1''", "CONadaptwalkprob=''0''", "CONselectclause=''1''", "c='0.010000000000000014'", "heuristic=''13''", "promisinglist=''1''", "randomwalk=''1''", "s='0.010000000000000004'", "tabu='4'", "CONdp='0.05'", "adaptiveprom=''1''", "decreasingvariable=''3''", "novnoise='0.5'", "performalternatenovelty=''0''", "rwp='0.034582105914960706'", "updateschemepromlist=''3''", "adaptpromwalkprob=''0''"], "cost": 0.0006557377049180331, "total_cpu_time": null, "evaluations": 3205, "wallclock_time": 1273.8228402137756, "cpu_time": 573.9439999999913}
{"incumbent": ["adaptive=''0''", "clausepen=''0''", "performrandomwalk=''1''", "singleclause=''1''", "tabusearch=''1''", "CONadaptwalkprob=''0''", "CONselectclause=''1''", "c='0.010000000000000014'", "heuristic=''13''", "promisinglist=''1''", "randomwalk=''1''", "s='0.010000000000000004'", "tabu='4'", "CONdp='0.05'", "adaptiveprom=''0''", "decreasingvariable=''3''", "novnoise='0.5'", "performalternatenovelty=''0''", "rwp='0.034582105914960706'", "updateschemepromlist=''3''", "CONadaptpromwalkprob=''0''"], "cost": 0.0006349206349206352, "total_cpu_time": null, "evaluations": 3426, "wallclock_time": 1350.805427789688, "cpu_time": 597.2279999999853}
{"incumbent": ["adaptive=''0''", "clausepen=''0''", "performrandomwalk=''1''", "singleclause=''1''", "tabusearch=''1''", "CONadaptwalkprob=''0''", "CONselectclause=''1''", "c='0.010000000000000014'", "heuristic=''13''", "promisinglist=''1''", "randomwalk=''1''", "s='0.010659184359921813'", "tabu='4'", "CONdp='0.05'", "adaptiveprom=''0''", "decreasingvariable=''3''", "novnoise='0.5'", "performalternatenovelty=''0''", "rwp='0.034582105914960706'", "updateschemepromlist=''3''", "CONadaptpromwalkprob=''0''"], "cost": 0.0005405405405405409, "total_cpu_time": null, "evaluations": 4829, "wallclock_time": 1812.7333681583405, "cpu_time": 704.4799999999381}
{"incumbent": ["adaptive=''0''", "clausepen=''0''", "performrandomwalk=''1''", "singleclause=''1''", "tabusearch=''1''", "CONadaptwalkprob=''0''", "CONselectclause=''1''", "c='0.010000000000000014'", "heuristic=''13''", "promisinglist=''1''", "randomwalk=''1''", "s='0.010000000000000004'", "tabu='4'", "CONdp='0.05'", "adaptiveprom=''0''", "decreasingvariable=''3''", "novnoise='0.5'", "performalternatenovelty=''1''", "rwp='0.034582105914960706'", "updateschemepromlist=''3''", "CONadaptpromwalkprob=''0''"], "cost": 0.0005333333333333336, "total_cpu_time": null, "evaluations": 4979, "wallclock_time": 1859.411979675293, "cpu_time": 710.4799999999326}
{"incumbent": ["adaptive=''0''", "clausepen=''0''", "performrandomwalk=''1''", "singleclause=''1''", "tabusearch=''1''", "CONadaptwalkprob=''0''", "CONselectclause=''1''", "c='0.010000000000000014'", "heuristic=''13''", "promisinglist=''1''", "randomwalk=''1''", "s='0.010000000000000004'", "tabu='4'", "CONdp='0.05'", "adaptiveprom=''0''", "decreasingvariable=''3''", "novnoise='0.5'", "performalternatenovelty=''0''", "rwp='0.034582105914960706'", "updateschemepromlist=''3''", "CONadaptpromwalkprob=''0''"], "cost": 0.0005263157894736845, "total_cpu_time": null, "evaluations": 5130, "wallclock_time": 1905.9714097976685, "cpu_time": 716.5199999999271}
{"incumbent": ["adaptive=''0''", "clausepen=''0''", "performrandomwalk=''1''", "singleclause=''1''", "tabusearch=''1''", "CONadaptwalkprob=''0''", "CONselectclause=''1''", "c='0.010000000000000014'", "heuristic=''13''", "promisinglist=''1''", "randomwalk=''1''", "s='0.010000000000000004'", "tabu='4'", "CONdp='0.05'", "adaptiveprom=''0''", "decreasingvariable=''3''", "novnoise='0.5'", "performalternatenovelty=''1''", "rwp='0.034582105914960706'", "updateschemepromlist=''3''", "CONadaptpromwalkprob=''0''"], "cost": 0.00048780487804878076, "total_cpu_time": null, "evaluations": 5952, "wallclock_time": 2206.152735710144, "cpu_time": 824.7359999998988}
{"incumbent": ["adaptive=''0''", "clausepen=''0''", "performrandomwalk=''1''", "singleclause=''1''", "tabusearch=''1''", "CONadaptwalkprob=''0''", "CONselectclause=''1''", "c='0.010000000000000014'", "heuristic=''13''", "promisinglist=''1''", "randomwalk=''1''", "s='0.010000000000000004'", "tabu='4'", "CONdp='0.05'", "adaptiveprom=''0''", "decreasingvariable=''3''", "novnoise='0.5'", "performalternatenovelty=''0''", "rwp='0.034582105914960706'", "updateschemepromlist=''3''", "CONadaptpromwalkprob=''0''"], "cost": 0.00048192771084337374, "total_cpu_time": null, "evaluations": 6116, "wallclock_time": 2257.4896059036255, "cpu_time": 832.167999999897}
{"incumbent": ["adaptive=''0''", "clausepen=''0''", "performrandomwalk=''1''", "singleclause=''1''", "tabusearch=''1''", "CONadaptwalkprob=''0''", "CONselectclause=''1''", "c='0.02289598309017447'", "heuristic=''13''", "promisinglist=''1''", "randomwalk=''1''", "s='0.010000000000000004'", "tabu='4'", "CONdp='0.05'", "adaptiveprom=''0''", "decreasingvariable=''3''", "novnoise='0.5'", "performalternatenovelty=''0''", "rwp='0.034582105914960706'", "updateschemepromlist=''3''", "CONadaptpromwalkprob=''0''"], "cost": 0.00047619047619047646, "total_cpu_time": null, "evaluations": 6283, "wallclock_time": 2309.5724272727966, "cpu_time": 838.8479999998909}
{"incumbent": ["adaptive=''0''", "clausepen=''0''", "performrandomwalk=''1''", "singleclause=''1''", "tabusearch=''1''", "CONadaptwalkprob=''0''", "CONselectclause=''1''", "c='0.010000000000000014'", "heuristic=''13''", "promisinglist=''1''", "randomwalk=''1''", "s='0.010000000000000004'", "tabu='4'", "CONdp='0.05'", "adaptiveprom=''0''", "decreasingvariable=''3''", "novnoise='0.5'", "performalternatenovelty=''0''", "rwp='0.034582105914960706'", "updateschemepromlist=''3''", "CONadaptpromwalkprob=''0''"], "cost": 0.0004705882352941179, "total_cpu_time": null, "evaluations": 6397, "wallclock_time": 2364.3167464733124, "cpu_time": 874.8039999998877}
{"incumbent": ["adaptive=''0''", "clausepen=''0''", "performrandomwalk=''1''", "singleclause=''1''", "tabusearch=''1''", "CONadaptwalkprob=''0''", "CONselectclause=''1''", "c='0.010000000000000014'", "heuristic=''13''", "promisinglist=''1''", "randomwalk=''1''", "s='0.010000000000000004'", "tabu='4'", "CONdp='0.05'", "adaptiveprom=''0''", "decreasingvariable=''3''", "novnoise='0.534911799412654'", "performalternatenovelty=''0''", "rwp='0.034582105914960706'", "updateschemepromlist=''3''", "CONadaptpromwalkprob=''0''"], "cost": 0.00038343141693073814, "total_cpu_time": null, "evaluations": 7856, "wallclock_time": 2865.5741636753082, "cpu_time": 1018.9119999998453}
{"incumbent": ["adaptive=''0''", "clausepen=''0''", "performrandomwalk=''1''", "singleclause=''1''", "tabusearch=''1''", "CONadaptwalkprob=''0''", "CONselectclause=''1''", "c='0.010000000000000014'", "heuristic=''13''", "promisinglist=''1''", "randomwalk=''1''", "s='0.010000000000000004'", "tabu='4'", "CONdp='0.05'", "adaptiveprom=''0''", "decreasingvariable=''3''", "novnoise='0.534911799412654'", "performalternatenovelty=''1''", "rwp='0.034582105914960706'", "updateschemepromlist=''3''", "CONadaptpromwalkprob=''0''"], "cost": 0.0003711340206185568, "total_cpu_time": null, "evaluations": 8364, "wallclock_time": 3043.9421195983887, "cpu_time": 1074.5159999998618}
{"incumbent": ["adaptive=''0''", "clausepen=''0''", "performrandomwalk=''0''", "singleclause=''1''", "tabusearch=''1''", "CONadaptwalkprob=''0''", "CONselectclause=''1''", "c='0.010000000000000014'", "heuristic=''13''", "promisinglist=''1''", "s='0.010000000000000004'", "tabu='4'", "CONdp='0.05'", "adaptiveprom=''0''", "decreasingvariable=''3''", "novnoise='0.534911799412654'", "performalternatenovelty=''1''", "updateschemepromlist=''3''", "CONadaptpromwalkprob=''0''"], "cost": 0.0003476331360946746, "total_cpu_time": null, "evaluations": 9629, "wallclock_time": 3480.8404529094696, "cpu_time": 1179.7079999999157}
{"incumbent": ["adaptive=''0''", "clausepen=''0''", "performrandomwalk=''1''", "singleclause=''1''", "tabusearch=''1''", "CONadaptwalkprob=''0''", "CONselectclause=''1''", "c='0.010000000000000014'", "heuristic=''13''", "promisinglist=''1''", "randomwalk=''1''", "s='0.010000000000000004'", "tabu='4'", "CONdp='0.05'", "adaptiveprom=''0''", "decreasingvariable=''3''", "novnoise='0.534911799412654'", "performalternatenovelty=''1''", "rwp='0.034582105914960706'", "updateschemepromlist=''3''", "CONadaptpromwalkprob=''0''"], "cost": 0.00034285714285714296, "total_cpu_time": null, "evaluations": 9834, "wallclock_time": 3548.693519115448, "cpu_time": 1191.8919999999277}
