"CPU Time Used","Estimated Training Performance","Wallclock Time","Incumbent ID","Automatic Configurator (CPU) Time","Configuration..."
0.000000, 2147483648.000000, 0.001560, 1, 0.001560, adaptive=''1'', clausepen=''1'', performrandomwalk=''0'', singleclause=''1'', tabusearch=''0'', adaptivenoisescheme=''1'', adaptwalkprob=''0'', heuristic=''2'', promisinglist=''1'', ps='0.4', selectclause=''1'', smoothingscheme=''1'', adaptiveprom=''0'', decreasingvariable=''3'', performalternatenovelty=''1'', phi='5', theta='6', updateschemepromlist=''3'', wp='0.01', CONadaptpromwalkprob=''0''
5.000000, 50.000000, 7.724784, 1, 2.724784, adaptive=''1'', clausepen=''1'', performrandomwalk=''0'', singleclause=''1'', tabusearch=''0'', adaptivenoisescheme=''1'', adaptwalkprob=''0'', heuristic=''2'', promisinglist=''1'', ps='0.4', selectclause=''1'', smoothingscheme=''1'', adaptiveprom=''0'', decreasingvariable=''3'', performalternatenovelty=''1'', phi='5', theta='6', updateschemepromlist=''3'', wp='0.01', CONadaptpromwalkprob=''0''
16.420000, 0.086120, 21.642956, 2, 5.222956, adaptive=''0'', clausepen=''0'', performrandomwalk=''0'', singleclause=''1'', tabusearch=''1'', CONadaptwalkprob=''0'', CONselectclause=''1'', c='4.7790920235465556e-05', heuristic=''13'', promisinglist=''0'', s='0.012388797600401373', tabu='4', CONdp='0.030128532016872822', novnoise='0.34134068933696216', performalternatenovelty=''0''
112.444000, 0.015751, 113.561050, 6, 1.117050, adaptive=''1'', clausepen=''0'', performrandomwalk=''0'', singleclause=''1'', tabusearch=''1'', CONselectclause=''1'', adaptivenoisescheme=''1'', adaptwalkprob=''0'', heuristic=''13'', promisinglist=''0'', tabu='4', dp='0.05', performalternatenovelty=''0'', phi='5', theta='6'
155.856000, 0.011501, 170.830396, 9, 14.974396, adaptive=''1'', clausepen=''0'', performrandomwalk=''1'', singleclause=''1'', tabusearch=''1'', CONselectclause=''1'', adaptivenoisescheme=''1'', adaptwalkprob=''0'', heuristic=''13'', promisinglist=''0'', randomwalk=''1'', tabu='4', dp='0.05', performalternatenovelty=''0'', phi='5', rwp='0.01', theta='6'
178.520000, 0.010431, 204.600521, 11, 26.080521, adaptive=''1'', clausepen=''0'', performrandomwalk=''1'', singleclause=''1'', tabusearch=''1'', CONselectclause=''1'', adaptivenoisescheme=''1'', adaptwalkprob=''0'', heuristic=''13'', promisinglist=''0'', randomwalk=''1'', tabu='4', dp='0.05', performalternatenovelty=''1'', phi='5', rwp='0.01', theta='6'
186.852000, 0.008174, 221.541636, 12, 34.689636, adaptive=''1'', clausepen=''0'', performrandomwalk=''1'', singleclause=''1'', tabusearch=''1'', CONselectclause=''1'', adaptivenoisescheme=''1'', adaptwalkprob=''0'', heuristic=''13'', promisinglist=''0'', randomwalk=''1'', tabu='4', dp='0.05', performalternatenovelty=''0'', phi='5', rwp='0.034582105914960706', theta='6'
221.796000, 0.006080, 275.127693, 15, 53.331693, adaptive=''1'', clausepen=''0'', performrandomwalk=''1'', singleclause=''1'', tabusearch=''1'', CONselectclause=''1'', adaptivenoisescheme=''1'', adaptwalkprob=''0'', heuristic=''13'', promisinglist=''0'', randomwalk=''1'', tabu='4', dp='0.1350664555280705', performalternatenovelty=''0'', phi='5', rwp='0.034582105914960706', theta='6'
228.736000, 0.004645, 295.312058, 16, 66.576058, adaptive=''1'', clausepen=''0'', performrandomwalk=''1'', singleclause=''1'', tabusearch=''1'', CONselectclause=''1'', adaptivenoisescheme=''1'', adaptwalkprob=''0'', heuristic=''13'', promisinglist=''0'', randomwalk=''1'', tabu='4', dp='0.14022509373782213', performalternatenovelty=''0'', phi='5', rwp='0.034582105914960706', theta='6'
332.144000, 0.001559, 518.815166, 25, 186.671166, adaptive=''1'', clausepen=''0'', performrandomwalk=''1'', singleclause=''1'', tabusearch=''1'', CONselectclause=''1'', adaptivenoisescheme=''1'', adaptwalkprob=''0'', heuristic=''13'', promisinglist=''1'', randomwalk=''1'', tabu='4', adaptiveprom=''0'', decreasingvariable=''3'', dp='0.14022509373782213', performalternatenovelty=''0'', phi='5', rwp='0.034582105914960706', theta='6', updateschemepromlist=''3'', CONadaptpromwalkprob=''0''
341.108000, 0.001158, 565.010509, 27, 223.902509, adaptive=''1'', clausepen=''0'', performrandomwalk=''1'', singleclause=''1'', tabusearch=''1'', CONselectclause=''1'', adaptivenoisescheme=''1'', adaptwalkprob=''0'', heuristic=''13'', promisinglist=''1'', randomwalk=''1'', tabu='4', adaptiveprom=''0'', decreasingvariable=''3'', dp='0.14022509373782213', performalternatenovelty=''0'', phi='7', rwp='0.034582105914960706', theta='6', updateschemepromlist=''3'', CONadaptpromwalkprob=''0''
381.740000, 0.000909, 720.284716, 33, 338.544716, adaptive=''0'', clausepen=''0'', performrandomwalk=''1'', singleclause=''1'', tabusearch=''1'', CONadaptwalkprob=''0'', CONselectclause=''1'', c='0.010000000000000014', heuristic=''13'', promisinglist=''1'', randomwalk=''1'', s='0.010000000000000004', tabu='4', CONdp='0.05', adaptiveprom=''0'', decreasingvariable=''3'', novnoise='0.5', performalternatenovelty=''0'', rwp='0.034582105914960706', updateschemepromlist=''3'', CONadaptpromwalkprob=''0''
573.944000, 0.000656, 1273.822840, 39, 699.878840, adaptive=''0'', clausepen=''0'', performrandomwalk=''1'', singleclause=''1'', tabusearch=''1'', CONadaptwalkprob=''0'', CONselectclause=''1'', c='0.010000000000000014', heuristic=''13'', promisinglist=''1'', randomwalk=''1'', s='0.010000000000000004', tabu='4', CONdp='0.05', adaptiveprom=''1'', decreasingvariable=''3'', novnoise='0.5', performalternatenovelty=''0'', rwp='0.034582105914960706', updateschemepromlist=''3'', adaptpromwalkprob=''0''
597.228000, 0.000635, 1350.805428, 33, 753.577428, adaptive=''0'', clausepen=''0'', performrandomwalk=''1'', singleclause=''1'', tabusearch=''1'', CONadaptwalkprob=''0'', CONselectclause=''1'', c='0.010000000000000014', heuristic=''13'', promisinglist=''1'', randomwalk=''1'', s='0.010000000000000004', tabu='4', CONdp='0.05', adaptiveprom=''0'', decreasingvariable=''3'', novnoise='0.5', performalternatenovelty=''0'', rwp='0.034582105914960706', updateschemepromlist=''3'', CONadaptpromwalkprob=''0''
704.480000, 0.000541, 1812.733368, 55, 1108.253368, adaptive=''0'', clausepen=''0'', performrandomwalk=''1'', singleclause=''1'', tabusearch=''1'', CONadaptwalkprob=''0'', CONselectclause=''1'', c='0.010000000000000014', heuristic=''13'', promisinglist=''1'', randomwalk=''1'', s='0.010659184359921813', tabu='4', CONdp='0.05', adaptiveprom=''0'', decreasingvariable=''3'', novnoise='0.5', performalternatenovelty=''0'', rwp='0.034582105914960706', updateschemepromlist=''3'', CONadaptpromwalkprob=''0''
710.480000, 0.000533, 1859.411980, 56, 1148.931980, adaptive=''0'', clausepen=''0'', performrandomwalk=''1'', singleclause=''1'', tabusearch=''1'', CONadaptwalkprob=''0'', CONselectclause=''1'', c='0.010000000000000014', heuristic=''13'', promisinglist=''1'', randomwalk=''1'', s='0.010000000000000004', tabu='4', CONdp='0.05', adaptiveprom=''0'', decreasingvariable=''3'', novnoise='0.5', performalternatenovelty=''1'', rwp='0.034582105914960706', updateschemepromlist=''3'', CONadaptpromwalkprob=''0''
716.520000, 0.000526, 1905.971410, 33, 1189.451410, adaptive=''0'', clausepen=''0'', performrandomwalk=''1'', singleclause=''1'', tabusearch=''1'', CONadaptwalkprob=''0'', CONselectclause=''1'', c='0.010000000000000014', heuristic=''13'', promisinglist=''1'', randomwalk=''1'', s='0.010000000000000004', tabu='4', CONdp='0.05', adaptiveprom=''0'', decreasingvariable=''3'', novnoise='0.5', performalternatenovelty=''0'', rwp='0.034582105914960706', updateschemepromlist=''3'', CONadaptpromwalkprob=''0''
824.736000, 0.000488, 2206.152736, 56, 1381.416736, adaptive=''0'', clausepen=''0'', performrandomwalk=''1'', singleclause=''1'', tabusearch=''1'', CONadaptwalkprob=''0'', CONselectclause=''1'', c='0.010000000000000014', heuristic=''13'', promisinglist=''1'', randomwalk=''1'', s='0.010000000000000004', tabu='4', CONdp='0.05', adaptiveprom=''0'', decreasingvariable=''3'', novnoise='0.5', performalternatenovelty=''1'', rwp='0.034582105914960706', updateschemepromlist=''3'', CONadaptpromwalkprob=''0''
832.168000, 0.000482, 2257.489606, 33, 1425.321606, adaptive=''0'', clausepen=''0'', performrandomwalk=''1'', singleclause=''1'', tabusearch=''1'', CONadaptwalkprob=''0'', CONselectclause=''1'', c='0.010000000000000014', heuristic=''13'', promisinglist=''1'', randomwalk=''1'', s='0.010000000000000004', tabu='4', CONdp='0.05', adaptiveprom=''0'', decreasingvariable=''3'', novnoise='0.5', performalternatenovelty=''0'', rwp='0.034582105914960706', updateschemepromlist=''3'', CONadaptpromwalkprob=''0''
838.848000, 0.000476, 2309.572427, 62, 1470.724427, adaptive=''0'', clausepen=''0'', performrandomwalk=''1'', singleclause=''1'', tabusearch=''1'', CONadaptwalkprob=''0'', CONselectclause=''1'', c='0.02289598309017447', heuristic=''13'', promisinglist=''1'', randomwalk=''1'', s='0.010000000000000004', tabu='4', CONdp='0.05', adaptiveprom=''0'', decreasingvariable=''3'', novnoise='0.5', performalternatenovelty=''0'', rwp='0.034582105914960706', updateschemepromlist=''3'', CONadaptpromwalkprob=''0''
874.804000, 0.000471, 2364.316746, 33, 1489.512746, adaptive=''0'', clausepen=''0'', performrandomwalk=''1'', singleclause=''1'', tabusearch=''1'', CONadaptwalkprob=''0'', CONselectclause=''1'', c='0.010000000000000014', heuristic=''13'', promisinglist=''1'', randomwalk=''1'', s='0.010000000000000004', tabu='4', CONdp='0.05', adaptiveprom=''0'', decreasingvariable=''3'', novnoise='0.5', performalternatenovelty=''0'', rwp='0.034582105914960706', updateschemepromlist=''3'', CONadaptpromwalkprob=''0''
1018.912000, 0.000383, 2865.574164, 67, 1846.662164, adaptive=''0'', clausepen=''0'', performrandomwalk=''1'', singleclause=''1'', tabusearch=''1'', CONadaptwalkprob=''0'', CONselectclause=''1'', c='0.010000000000000014', heuristic=''13'', promisinglist=''1'', randomwalk=''1'', s='0.010000000000000004', tabu='4', CONdp='0.05', adaptiveprom=''0'', decreasingvariable=''3'', novnoise='0.534911799412654', performalternatenovelty=''0'', rwp='0.034582105914960706', updateschemepromlist=''3'', CONadaptpromwalkprob=''0''
1074.516000, 0.000371, 3043.942120, 70, 1969.426120, adaptive=''0'', clausepen=''0'', performrandomwalk=''1'', singleclause=''1'', tabusearch=''1'', CONadaptwalkprob=''0'', CONselectclause=''1'', c='0.010000000000000014', heuristic=''13'', promisinglist=''1'', randomwalk=''1'', s='0.010000000000000004', tabu='4', CONdp='0.05', adaptiveprom=''0'', decreasingvariable=''3'', novnoise='0.534911799412654', performalternatenovelty=''1'', rwp='0.034582105914960706', updateschemepromlist=''3'', CONadaptpromwalkprob=''0''
1179.708000, 0.000348, 3480.840453, 78, 2301.132453, adaptive=''0'', clausepen=''0'', performrandomwalk=''0'', singleclause=''1'', tabusearch=''1'', CONadaptwalkprob=''0'', CONselectclause=''1'', c='0.010000000000000014', heuristic=''13'', promisinglist=''1'', s='0.010000000000000004', tabu='4', CONdp='0.05', adaptiveprom=''0'', decreasingvariable=''3'', novnoise='0.534911799412654', performalternatenovelty=''1'', updateschemepromlist=''3'', CONadaptpromwalkprob=''0''
1191.892000, 0.000343, 3548.693519, 70, 2356.801519, adaptive=''0'', clausepen=''0'', performrandomwalk=''1'', singleclause=''1'', tabusearch=''1'', CONadaptwalkprob=''0'', CONselectclause=''1'', c='0.010000000000000014', heuristic=''13'', promisinglist=''1'', randomwalk=''1'', s='0.010000000000000004', tabu='4', CONdp='0.05', adaptiveprom=''0'', decreasingvariable=''3'', novnoise='0.534911799412654', performalternatenovelty=''1'', rwp='0.034582105914960706', updateschemepromlist=''3'', CONadaptpromwalkprob=''0''
