{"cpu_time": 0, "total_cpu_time": null, "incumbent": ["sp-clause-activity-inc='1.0'", "sp-clause-decay='1.4'", "sp-clause-del-heur=''2''", "sp-first-restart='100'", "sp-learned-clause-sort-heur=''0''", "sp-learned-clauses-inc='1.3'", "sp-learned-size-factor='0.4'", "sp-orig-clause-sort-heur=''0''", "sp-phase-dec-heur=''5''", "sp-rand-var-dec-freq=''0.001''", "sp-resolution=''1''", "sp-restart-inc='1.5'", "sp-update-dec-queue=''1''", "sp-use-pure-literal-rule=''1''", "sp-var-activity-inc='1.0'", "sp-var-dec-heur=''0''", "sp-variable-decay='1.4'", "sp-max-res-lit-inc='1.0'", "sp-max-res-runs='4'", "sp-rand-phase-dec-freq=''0.001''", "sp-rand-var-dec-scaling='1.0'", "sp-res-cutoff-cls='8'", "sp-res-cutoff-lits='400'", "sp-res-order-heur=''0''", "sp-rand-phase-scaling='1.0'"], "wallclock_time": 0.0009050369262695312, "cost": 2147483648, "evaluations": 0}
{"cpu_time": 0.012, "total_cpu_time": null, "incumbent": ["sp-clause-activity-inc='1.0'", "sp-clause-decay='1.4'", "sp-clause-del-heur=''2''", "sp-first-restart='100'", "sp-learned-clause-sort-heur=''0''", "sp-learned-clauses-inc='1.3'", "sp-learned-size-factor='0.4'", "sp-orig-clause-sort-heur=''0''", "sp-phase-dec-heur=''5''", "sp-rand-var-dec-freq=''0.001''", "sp-resolution=''1''", "sp-restart-inc='1.5'", "sp-update-dec-queue=''1''", "sp-use-pure-literal-rule=''1''", "sp-var-activity-inc='1.0'", "sp-var-dec-heur=''0''", "sp-variable-decay='1.4'", "sp-max-res-lit-inc='1.0'", "sp-max-res-runs='4'", "sp-rand-phase-dec-freq=''0.001''", "sp-rand-var-dec-scaling='1.0'", "sp-res-cutoff-cls='8'", "sp-res-cutoff-lits='400'", "sp-res-order-heur=''0''", "sp-rand-phase-scaling='1.0'"], "wallclock_time": 0.17656207084655762, "cost": 0.012, "evaluations": 1}
{"cpu_time": 108.01999999999998, "total_cpu_time": null, "incumbent": ["sp-clause-activity-inc='1.2068267247751447'", "sp-clause-decay='1.951621167486325'", "sp-clause-del-heur=''1''", "sp-first-restart='352'", "sp-learned-clause-sort-heur=''11''", "sp-learned-clauses-inc='1.4722126189330442'", "sp-learned-size-factor='1.287431727448379'", "sp-orig-clause-sort-heur=''14''", "sp-phase-dec-heur=''6''", "sp-rand-var-dec-freq=''0.0001''", "sp-resolution=''2''", "sp-restart-inc='1.8630304251419225'", "sp-update-dec-queue=''1''", "sp-use-pure-literal-rule=''1''", "sp-var-activity-inc='0.7514004116330809'", "sp-var-dec-heur=''16''", "sp-variable-decay='1.372636311722229'", "sp-max-res-lit-inc='1.560945435003728'", "sp-max-res-runs='7'", "sp-rand-phase-dec-freq=''0.005''", "sp-rand-var-dec-scaling='0.6223011441735278'", "sp-res-cutoff-cls='7'", "sp-res-cutoff-lits='138'", "sp-res-order-heur=''6''", "sp-rand-phase-scaling='0.9981583299426149'"], "wallclock_time": 154.29490494728088, "cost": 0.13023999999999997, "evaluations": 65}
{"cpu_time": 448.48799999999943, "total_cpu_time": null, "incumbent": ["sp-clause-activity-inc='1.2068267247751447'", "sp-clause-decay='1.951621167486325'", "sp-clause-del-heur=''1''", "sp-first-restart='352'", "sp-learned-clause-sort-heur=''11''", "sp-learned-clauses-inc='1.4722126189330442'", "sp-learned-size-factor='1.287431727448379'", "sp-orig-clause-sort-heur=''14''", "sp-phase-dec-heur=''6''", "sp-rand-var-dec-freq=''0.0001''", "sp-resolution=''2''", "sp-restart-inc='1.8630304251419225'", "sp-update-dec-queue=''1''", "sp-use-pure-literal-rule=''1''", "sp-var-activity-inc='0.7514004116330809'", "sp-var-dec-heur=''16''", "sp-variable-decay='1.285745055758161'", "sp-max-res-lit-inc='1.560945435003728'", "sp-max-res-runs='7'", "sp-rand-phase-dec-freq=''0.005''", "sp-rand-var-dec-scaling='0.6223011441735278'", "sp-res-cutoff-cls='7'", "sp-res-cutoff-lits='138'", "sp-res-order-heur=''6''", "sp-rand-phase-scaling='0.9981583299426149'"], "wallclock_time": 639.3714697360992, "cost": 0.13016, "evaluations": 260}
{"cpu_time": 6179.381999999963, "total_cpu_time": null, "incumbent": ["sp-clause-activity-inc='1.2068267247751447'", "sp-clause-decay='1.951621167486325'", "sp-clause-del-heur=''1''", "sp-first-restart='352'", "sp-learned-clause-sort-heur=''11''", "sp-learned-clauses-inc='1.4722126189330442'", "sp-learned-size-factor='1.287431727448379'", "sp-orig-clause-sort-heur=''14''", "sp-phase-dec-heur=''6''", "sp-rand-var-dec-freq=''0.0001''", "sp-resolution=''1''", "sp-restart-inc='1.8630304251419225'", "sp-update-dec-queue=''1''", "sp-use-pure-literal-rule=''1''", "sp-var-activity-inc='0.7514004116330809'", "sp-var-dec-heur=''16''", "sp-variable-decay='1.285745055758161'", "sp-max-res-lit-inc='1.560945435003728'", "sp-max-res-runs='7'", "sp-rand-phase-dec-freq=''0.005''", "sp-rand-var-dec-scaling='0.6223011441735278'", "sp-res-cutoff-cls='7'", "sp-res-cutoff-lits='138'", "sp-res-order-heur=''6''", "sp-rand-phase-scaling='0.9981583299426149'"], "wallclock_time": 8812.569942474365, "cost": 0.13011999999999996, "evaluations": 3575}
{"cpu_time": 6859.42799999996, "total_cpu_time": null, "incumbent": ["sp-clause-activity-inc='1.2068267247751447'", "sp-clause-decay='1.694801485869764'", "sp-clause-del-heur=''1''", "sp-first-restart='352'", "sp-learned-clause-sort-heur=''11''", "sp-learned-clauses-inc='1.4722126189330442'", "sp-learned-size-factor='1.287431727448379'", "sp-orig-clause-sort-heur=''14''", "sp-phase-dec-heur=''6''", "sp-rand-var-dec-freq=''0.001''", "sp-resolution=''1''", "sp-restart-inc='1.8630304251419225'", "sp-update-dec-queue=''1''", "sp-use-pure-literal-rule=''1''", "sp-var-activity-inc='0.7514004116330809'", "sp-var-dec-heur=''16''", "sp-variable-decay='1.285745055758161'", "sp-max-res-lit-inc='1.560945435003728'", "sp-max-res-runs='7'", "sp-rand-phase-dec-freq=''0.005''", "sp-rand-var-dec-scaling='0.6223011441735278'", "sp-res-cutoff-cls='7'", "sp-res-cutoff-lits='138'", "sp-res-order-heur=''6''", "sp-rand-phase-scaling='0.9981583299426149'"], "wallclock_time": 9780.192065954208, "cost": 0.13008000000000003, "evaluations": 3965}
{"cpu_time": 8531.579999999956, "total_cpu_time": null, "incumbent": ["sp-clause-activity-inc='1.3319268441334156'", "sp-clause-decay='1.694801485869764'", "sp-clause-del-heur=''1''", "sp-first-restart='352'", "sp-learned-clause-sort-heur=''11''", "sp-learned-clauses-inc='1.4722126189330442'", "sp-learned-size-factor='1.287431727448379'", "sp-orig-clause-sort-heur=''14''", "sp-phase-dec-heur=''6''", "sp-rand-var-dec-freq=''0.001''", "sp-resolution=''1''", "sp-restart-inc='1.8630304251419225'", "sp-update-dec-queue=''1''", "sp-use-pure-literal-rule=''1''", "sp-var-activity-inc='0.7514004116330809'", "sp-var-dec-heur=''16''", "sp-variable-decay='1.285745055758161'", "sp-max-res-lit-inc='1.560945435003728'", "sp-max-res-runs='7'", "sp-rand-phase-dec-freq=''0.005''", "sp-rand-var-dec-scaling='0.6223011441735278'", "sp-res-cutoff-cls='7'", "sp-res-cutoff-lits='138'", "sp-res-order-heur=''6''", "sp-rand-phase-scaling='0.9981583299426149'"], "wallclock_time": 12175.045661449432, "cost": 0.13004, "evaluations": 4940}
{"cpu_time": 9314.646000000002, "total_cpu_time": null, "incumbent": ["sp-clause-activity-inc='1.3319268441334156'", "sp-clause-decay='1.694801485869764'", "sp-clause-del-heur=''1''", "sp-first-restart='352'", "sp-learned-clause-sort-heur=''11''", "sp-learned-clauses-inc='1.4722126189330442'", "sp-learned-size-factor='1.287431727448379'", "sp-orig-clause-sort-heur=''14''", "sp-phase-dec-heur=''6''", "sp-rand-var-dec-freq=''0.001''", "sp-resolution=''1''", "sp-restart-inc='1.6354074836609425'", "sp-update-dec-queue=''1''", "sp-use-pure-literal-rule=''1''", "sp-var-activity-inc='0.7514004116330809'", "sp-var-dec-heur=''16''", "sp-variable-decay='1.285745055758161'", "sp-max-res-lit-inc='1.560945435003728'", "sp-max-res-runs='7'", "sp-rand-phase-dec-freq=''0.005''", "sp-rand-var-dec-scaling='0.6223011441735278'", "sp-res-cutoff-cls='7'", "sp-res-cutoff-lits='138'", "sp-res-order-heur=''6''", "sp-rand-phase-scaling='0.9981583299426149'"], "wallclock_time": 13296.073717832565, "cost": 0.12987999999999997, "evaluations": 5395}
{"cpu_time": 10203.598000000053, "total_cpu_time": null, "incumbent": ["sp-clause-activity-inc='1.3319268441334156'", "sp-clause-decay='1.694801485869764'", "sp-clause-del-heur=''1''", "sp-first-restart='352'", "sp-learned-clause-sort-heur=''11''", "sp-learned-clauses-inc='1.3478275074255033'", "sp-learned-size-factor='1.287431727448379'", "sp-orig-clause-sort-heur=''14''", "sp-phase-dec-heur=''6''", "sp-rand-var-dec-freq=''0.001''", "sp-resolution=''1''", "sp-restart-inc='1.6354074836609425'", "sp-update-dec-queue=''1''", "sp-use-pure-literal-rule=''1''", "sp-var-activity-inc='0.7514004116330809'", "sp-var-dec-heur=''16''", "sp-variable-decay='1.285745055758161'", "sp-max-res-lit-inc='0.9844589371277864'", "sp-max-res-runs='7'", "sp-rand-phase-dec-freq=''0.005''", "sp-rand-var-dec-scaling='0.6223011441735278'", "sp-res-cutoff-cls='7'", "sp-res-cutoff-lits='138'", "sp-res-order-heur=''6''", "sp-rand-phase-scaling='0.9981583299426149'"], "wallclock_time": 14572.049591302872, "cost": 0.12983999999999996, "evaluations": 5915}
