"CPU Time Used","Estimated Training Performance","Wallclock Time","Incumbent ID","Automatic Configurator (CPU) Time","Configuration..."
0.000000, 2147483648.000000, 0.000905, 1, 0.000905, sp-clause-activity-inc='1.0', sp-clause-decay='1.4', sp-clause-del-heur=''2'', sp-first-restart='100', sp-learned-clause-sort-heur=''0'', sp-learned-clauses-inc='1.3', sp-learned-size-factor='0.4', sp-orig-clause-sort-heur=''0'', sp-phase-dec-heur=''5'', sp-rand-var-dec-freq=''0.001'', sp-resolution=''1'', sp-restart-inc='1.5', sp-update-dec-queue=''1'', sp-use-pure-literal-rule=''1'', sp-var-activity-inc='1.0', sp-var-dec-heur=''0'', sp-variable-decay='1.4', sp-max-res-lit-inc='1.0', sp-max-res-runs='4', sp-rand-phase-dec-freq=''0.001'', sp-rand-var-dec-scaling='1.0', sp-res-cutoff-cls='8', sp-res-cutoff-lits='400', sp-res-order-heur=''0'', sp-rand-phase-scaling='1.0'
0.012000, 0.012000, 0.176562, 1, 0.164562, sp-clause-activity-inc='1.0', sp-clause-decay='1.4', sp-clause-del-heur=''2'', sp-first-restart='100', sp-learned-clause-sort-heur=''0'', sp-learned-clauses-inc='1.3', sp-learned-size-factor='0.4', sp-orig-clause-sort-heur=''0'', sp-phase-dec-heur=''5'', sp-rand-var-dec-freq=''0.001'', sp-resolution=''1'', sp-restart-inc='1.5', sp-update-dec-queue=''1'', sp-use-pure-literal-rule=''1'', sp-var-activity-inc='1.0', sp-var-dec-heur=''0'', sp-variable-decay='1.4', sp-max-res-lit-inc='1.0', sp-max-res-runs='4', sp-rand-phase-dec-freq=''0.001'', sp-rand-var-dec-scaling='1.0', sp-res-cutoff-cls='8', sp-res-cutoff-lits='400', sp-res-order-heur=''0'', sp-rand-phase-scaling='1.0'
108.020000, 0.130240, 154.294905, 9, 46.274905, sp-clause-activity-inc='1.2068267247751447', sp-clause-decay='1.951621167486325', sp-clause-del-heur=''1'', sp-first-restart='352', sp-learned-clause-sort-heur=''11'', sp-learned-clauses-inc='1.4722126189330442', sp-learned-size-factor='1.287431727448379', sp-orig-clause-sort-heur=''14'', sp-phase-dec-heur=''6'', sp-rand-var-dec-freq=''0.0001'', sp-resolution=''2'', sp-restart-inc='1.8630304251419225', sp-update-dec-queue=''1'', sp-use-pure-literal-rule=''1'', sp-var-activity-inc='0.7514004116330809', sp-var-dec-heur=''16'', sp-variable-decay='1.372636311722229', sp-max-res-lit-inc='1.560945435003728', sp-max-res-runs='7', sp-rand-phase-dec-freq=''0.005'', sp-rand-var-dec-scaling='0.6223011441735278', sp-res-cutoff-cls='7', sp-res-cutoff-lits='138', sp-res-order-heur=''6'', sp-rand-phase-scaling='0.9981583299426149'
448.488000, 0.130160, 639.371470, 36, 190.883470, sp-clause-activity-inc='1.2068267247751447', sp-clause-decay='1.951621167486325', sp-clause-del-heur=''1'', sp-first-restart='352', sp-learned-clause-sort-heur=''11'', sp-learned-clauses-inc='1.4722126189330442', sp-learned-size-factor='1.287431727448379', sp-orig-clause-sort-heur=''14'', sp-phase-dec-heur=''6'', sp-rand-var-dec-freq=''0.0001'', sp-resolution=''2'', sp-restart-inc='1.8630304251419225', sp-update-dec-queue=''1'', sp-use-pure-literal-rule=''1'', sp-var-activity-inc='0.7514004116330809', sp-var-dec-heur=''16'', sp-variable-decay='1.285745055758161', sp-max-res-lit-inc='1.560945435003728', sp-max-res-runs='7', sp-rand-phase-dec-freq=''0.005'', sp-rand-var-dec-scaling='0.6223011441735278', sp-res-cutoff-cls='7', sp-res-cutoff-lits='138', sp-res-order-heur=''6'', sp-rand-phase-scaling='0.9981583299426149'
6179.382000, 0.130120, 8812.569942, 42, 2633.187942, sp-clause-activity-inc='1.2068267247751447', sp-clause-decay='1.951621167486325', sp-clause-del-heur=''1'', sp-first-restart='352', sp-learned-clause-sort-heur=''11'', sp-learned-clauses-inc='1.4722126189330442', sp-learned-size-factor='1.287431727448379', sp-orig-clause-sort-heur=''14'', sp-phase-dec-heur=''6'', sp-rand-var-dec-freq=''0.0001'', sp-resolution=''1'', sp-restart-inc='1.8630304251419225', sp-update-dec-queue=''1'', sp-use-pure-literal-rule=''1'', sp-var-activity-inc='0.7514004116330809', sp-var-dec-heur=''16'', sp-variable-decay='1.285745055758161', sp-max-res-lit-inc='1.560945435003728', sp-max-res-runs='7', sp-rand-phase-dec-freq=''0.005'', sp-rand-var-dec-scaling='0.6223011441735278', sp-res-cutoff-cls='7', sp-res-cutoff-lits='138', sp-res-order-heur=''6'', sp-rand-phase-scaling='0.9981583299426149'
6859.428000, 0.130080, 9780.192066, 405, 2920.764066, sp-clause-activity-inc='1.2068267247751447', sp-clause-decay='1.694801485869764', sp-clause-del-heur=''1'', sp-first-restart='352', sp-learned-clause-sort-heur=''11'', sp-learned-clauses-inc='1.4722126189330442', sp-learned-size-factor='1.287431727448379', sp-orig-clause-sort-heur=''14'', sp-phase-dec-heur=''6'', sp-rand-var-dec-freq=''0.001'', sp-resolution=''1'', sp-restart-inc='1.8630304251419225', sp-update-dec-queue=''1'', sp-use-pure-literal-rule=''1'', sp-var-activity-inc='0.7514004116330809', sp-var-dec-heur=''16'', sp-variable-decay='1.285745055758161', sp-max-res-lit-inc='1.560945435003728', sp-max-res-runs='7', sp-rand-phase-dec-freq=''0.005'', sp-rand-var-dec-scaling='0.6223011441735278', sp-res-cutoff-cls='7', sp-res-cutoff-lits='138', sp-res-order-heur=''6'', sp-rand-phase-scaling='0.9981583299426149'
8531.580000, 0.130040, 12175.045661, 518, 3643.465661, sp-clause-activity-inc='1.3319268441334156', sp-clause-decay='1.694801485869764', sp-clause-del-heur=''1'', sp-first-restart='352', sp-learned-clause-sort-heur=''11'', sp-learned-clauses-inc='1.4722126189330442', sp-learned-size-factor='1.287431727448379', sp-orig-clause-sort-heur=''14'', sp-phase-dec-heur=''6'', sp-rand-var-dec-freq=''0.001'', sp-resolution=''1'', sp-restart-inc='1.8630304251419225', sp-update-dec-queue=''1'', sp-use-pure-literal-rule=''1'', sp-var-activity-inc='0.7514004116330809', sp-var-dec-heur=''16'', sp-variable-decay='1.285745055758161', sp-max-res-lit-inc='1.560945435003728', sp-max-res-runs='7', sp-rand-phase-dec-freq=''0.005'', sp-rand-var-dec-scaling='0.6223011441735278', sp-res-cutoff-cls='7', sp-res-cutoff-lits='138', sp-res-order-heur=''6'', sp-rand-phase-scaling='0.9981583299426149'
9314.646000, 0.129880, 13296.073718, 573, 3981.427718, sp-clause-activity-inc='1.3319268441334156', sp-clause-decay='1.694801485869764', sp-clause-del-heur=''1'', sp-first-restart='352', sp-learned-clause-sort-heur=''11'', sp-learned-clauses-inc='1.4722126189330442', sp-learned-size-factor='1.287431727448379', sp-orig-clause-sort-heur=''14'', sp-phase-dec-heur=''6'', sp-rand-var-dec-freq=''0.001'', sp-resolution=''1'', sp-restart-inc='1.6354074836609425', sp-update-dec-queue=''1'', sp-use-pure-literal-rule=''1'', sp-var-activity-inc='0.7514004116330809', sp-var-dec-heur=''16'', sp-variable-decay='1.285745055758161', sp-max-res-lit-inc='1.560945435003728', sp-max-res-runs='7', sp-rand-phase-dec-freq=''0.005'', sp-rand-var-dec-scaling='0.6223011441735278', sp-res-cutoff-cls='7', sp-res-cutoff-lits='138', sp-res-order-heur=''6'', sp-rand-phase-scaling='0.9981583299426149'
10203.598000, 0.129840, 14572.049591, 635, 4368.451591, sp-clause-activity-inc='1.3319268441334156', sp-clause-decay='1.694801485869764', sp-clause-del-heur=''1'', sp-first-restart='352', sp-learned-clause-sort-heur=''11'', sp-learned-clauses-inc='1.3478275074255033', sp-learned-size-factor='1.287431727448379', sp-orig-clause-sort-heur=''14'', sp-phase-dec-heur=''6'', sp-rand-var-dec-freq=''0.001'', sp-resolution=''1'', sp-restart-inc='1.6354074836609425', sp-update-dec-queue=''1'', sp-use-pure-literal-rule=''1'', sp-var-activity-inc='0.7514004116330809', sp-var-dec-heur=''16'', sp-variable-decay='1.285745055758161', sp-max-res-lit-inc='0.9844589371277864', sp-max-res-runs='7', sp-rand-phase-dec-freq=''0.005'', sp-rand-var-dec-scaling='0.6223011441735278', sp-res-cutoff-cls='7', sp-res-cutoff-lits='138', sp-res-order-heur=''6'', sp-rand-phase-scaling='0.9981583299426149'
