"CPU Time Used","Estimated Training Performance","Wallclock Time","Incumbent ID","Automatic Configurator (CPU) Time","Configuration..."
0.000000, 2147483648.000000, 0.001351, 1, 0.001351, adaptive=''1'', clausepen=''1'', performrandomwalk=''0'', singleclause=''1'', tabusearch=''0'', adaptivenoisescheme=''1'', adaptwalkprob=''0'', heuristic=''2'', promisinglist=''1'', ps='0.4', selectclause=''1'', smoothingscheme=''1'', adaptiveprom=''0'', decreasingvariable=''3'', performalternatenovelty=''1'', phi='5', theta='6', updateschemepromlist=''3'', wp='0.01', CONadaptpromwalkprob=''0''
0.032000, 0.032000, 0.541625, 1, 0.509625, adaptive=''1'', clausepen=''1'', performrandomwalk=''0'', singleclause=''1'', tabusearch=''0'', adaptivenoisescheme=''1'', adaptwalkprob=''0'', heuristic=''2'', promisinglist=''1'', ps='0.4', selectclause=''1'', smoothingscheme=''1'', adaptiveprom=''0'', decreasingvariable=''3'', performalternatenovelty=''1'', phi='5', theta='6', updateschemepromlist=''3'', wp='0.01', CONadaptpromwalkprob=''0''
70.708000, 0.004600, 127.734183, 5, 57.026183, adaptive=''1'', clausepen=''1'', performrandomwalk=''0'', singleclause=''0'', tabusearch=''0'', DLSscoringmeasure=''1'', DLStiebreaking=''4'', adaptivenoisescheme=''1'', smoothingscheme=''1'', DLSalpha='1.2267849386380776', DLSrho='0.06478069588150237', DLSsapsthresh='-0.11898793829008447', DLSwp='0.006310128559314705'
135.600000, 0.003800, 304.867491, 29, 169.267491, adaptive=''1'', clausepen=''1'', performrandomwalk=''0'', singleclause=''0'', tabusearch=''1'', DLSscoringmeasure=''3'', DLStiebreaking=''4'', adaptivenoisescheme=''2'', smoothingscheme=''1'', tabu='1', DLSalpha='1.2267849386380776', DLSrho='0.06478069588150237', DLSsapsthresh='-0.11898793829008447', DLSwp='0.006310128559314705'
