{"wallclock_time": 0.0013508796691894531, "total_cpu_time": null, "incumbent": ["adaptive=''1''", "clausepen=''1''", "performrandomwalk=''0''", "singleclause=''1''", "tabusearch=''0''", "adaptivenoisescheme=''1''", "adaptwalkprob=''0''", "heuristic=''2''", "promisinglist=''1''", "ps='0.4'", "selectclause=''1''", "smoothingscheme=''1''", "adaptiveprom=''0''", "decreasingvariable=''3''", "performalternatenovelty=''1''", "phi='5'", "theta='6'", "updateschemepromlist=''3''", "wp='0.01'", "CONadaptpromwalkprob=''0''"], "cost": 2147483648, "cpu_time": 0, "evaluations": 0}
{"wallclock_time": 0.5416252613067627, "total_cpu_time": null, "incumbent": ["adaptive=''1''", "clausepen=''1''", "performrandomwalk=''0''", "singleclause=''1''", "tabusearch=''0''", "adaptivenoisescheme=''1''", "adaptwalkprob=''0''", "heuristic=''2''", "promisinglist=''1''", "ps='0.4'", "selectclause=''1''", "smoothingscheme=''1''", "adaptiveprom=''0''", "decreasingvariable=''3''", "performalternatenovelty=''1''", "phi='5'", "theta='6'", "updateschemepromlist=''3''", "wp='0.01'", "CONadaptpromwalkprob=''0''"], "cost": 0.032, "cpu_time": 0.032, "evaluations": 1}
{"wallclock_time": 127.73418259620667, "total_cpu_time": null, "incumbent": ["adaptive=''1''", "clausepen=''1''", "performrandomwalk=''0''", "singleclause=''0''", "tabusearch=''0''", "DLSscoringmeasure=''1''", "DLStiebreaking=''4''", "adaptivenoisescheme=''1''", "smoothingscheme=''1''", "DLSalpha='1.2267849386380776'", "DLSrho='0.06478069588150237'", "DLSsapsthresh='-0.11898793829008447'", "DLSwp='0.006310128559314705'"], "cost": 0.004599999999999999, "cpu_time": 70.708, "evaluations": 65}
{"wallclock_time": 304.86749148368835, "total_cpu_time": null, "incumbent": ["adaptive=''1''", "clausepen=''1''", "performrandomwalk=''0''", "singleclause=''0''", "tabusearch=''1''", "DLSscoringmeasure=''3''", "DLStiebreaking=''4''", "adaptivenoisescheme=''2''", "smoothingscheme=''1''", "tabu='1'", "DLSalpha='1.2267849386380776'", "DLSrho='0.06478069588150237'", "DLSsapsthresh='-0.11898793829008447'", "DLSwp='0.006310128559314705'"], "cost": 0.0038000000000000013, "cpu_time": 135.60000000000014, "evaluations": 260}
