"CPU Time Used","Estimated Training Performance","Wallclock Time","Incumbent ID","Automatic Configurator (CPU) Time","Configuration..."
0.000000, 2147483648.000000, 0.000898, 1, 0.000898, sp-clause-activity-inc='1.0', sp-clause-decay='1.4', sp-clause-del-heur=''2'', sp-first-restart='100', sp-learned-clause-sort-heur=''0'', sp-learned-clauses-inc='1.3', sp-learned-size-factor='0.4', sp-orig-clause-sort-heur=''0'', sp-phase-dec-heur=''5'', sp-rand-var-dec-freq=''0.001'', sp-resolution=''1'', sp-restart-inc='1.5', sp-update-dec-queue=''1'', sp-use-pure-literal-rule=''1'', sp-var-activity-inc='1.0', sp-var-dec-heur=''0'', sp-variable-decay='1.4', sp-max-res-lit-inc='1.0', sp-max-res-runs='4', sp-rand-phase-dec-freq=''0.001'', sp-rand-var-dec-scaling='1.0', sp-res-cutoff-cls='8', sp-res-cutoff-lits='400', sp-res-order-heur=''0'', sp-rand-phase-scaling='1.0'
5.000000, 50.000000, 7.310655, 1, 2.310655, sp-clause-activity-inc='1.0', sp-clause-decay='1.4', sp-clause-del-heur=''2'', sp-first-restart='100', sp-learned-clause-sort-heur=''0'', sp-learned-clauses-inc='1.3', sp-learned-size-factor='0.4', sp-orig-clause-sort-heur=''0'', sp-phase-dec-heur=''5'', sp-rand-var-dec-freq=''0.001'', sp-resolution=''1'', sp-restart-inc='1.5', sp-update-dec-queue=''1'', sp-use-pure-literal-rule=''1'', sp-var-activity-inc='1.0', sp-var-dec-heur=''0'', sp-variable-decay='1.4', sp-max-res-lit-inc='1.0', sp-max-res-runs='4', sp-rand-phase-dec-freq=''0.001'', sp-rand-var-dec-scaling='1.0', sp-res-cutoff-cls='8', sp-res-cutoff-lits='400', sp-res-order-heur=''0'', sp-rand-phase-scaling='1.0'
123.776000, 0.438909, 99.958763, 3, -23.817237, sp-clause-activity-inc='1.3099633174315264', sp-clause-decay='1.8040928863916448', sp-clause-del-heur=''2'', sp-first-restart='922', sp-learned-clause-sort-heur=''15'', sp-learned-clauses-inc='1.2155229408020232', sp-learned-size-factor='0.15377806262730276', sp-orig-clause-sort-heur=''16'', sp-phase-dec-heur=''1'', sp-rand-var-dec-freq=''0.01'', sp-resolution=''2'', sp-restart-inc='1.6875092100653215', sp-update-dec-queue=''1'', sp-use-pure-literal-rule=''0'', sp-var-activity-inc='0.5550284686694457', sp-var-dec-heur=''15'', sp-variable-decay='1.3839160910352228', sp-max-res-lit-inc='1.9522240817524015', sp-max-res-runs='5', sp-rand-phase-dec-freq=''0.0001'', sp-rand-var-dec-scaling='0.5207524248464246', sp-res-cutoff-cls='2', sp-res-cutoff-lits='1445', sp-res-order-heur=''1'', sp-rand-phase-scaling='0.561289491017557'
148.324000, 0.092256, 128.504928, 2, -19.819072, sp-clause-activity-inc='1.202644992444359', sp-clause-decay='1.2985412789650197', sp-clause-del-heur=''2'', sp-first-restart='1863', sp-learned-clause-sort-heur=''9'', sp-learned-clauses-inc='1.2915826310397323', sp-learned-size-factor='0.23992270746959699', sp-orig-clause-sort-heur=''15'', sp-phase-dec-heur=''2'', sp-rand-var-dec-freq=''0.0001'', sp-resolution=''0'', sp-restart-inc='1.625447220719989', sp-update-dec-queue=''1'', sp-use-pure-literal-rule=''1'', sp-var-activity-inc='1.4328516610073319', sp-var-dec-heur=''3'', sp-variable-decay='1.7861357655054084', sp-rand-var-dec-scaling='0.8837639813762883'
176.724000, 0.081728, 162.998594, 7, -13.725406, sp-clause-activity-inc='0.8316884567565873', sp-clause-decay='1.8682479585992595', sp-clause-del-heur=''2'', sp-first-restart='74', sp-learned-clause-sort-heur=''0'', sp-learned-clauses-inc='1.291866247375447', sp-learned-size-factor='0.433061632809345', sp-orig-clause-sort-heur=''1'', sp-phase-dec-heur=''2'', sp-rand-var-dec-freq=''0'', sp-resolution=''0'', sp-restart-inc='1.8933508504892949', sp-update-dec-queue=''1'', sp-use-pure-literal-rule=''1'', sp-var-activity-inc='1.139500079693213', sp-var-dec-heur=''0'', sp-variable-decay='1.4161438969249032'
233.664000, 0.067716, 268.719500, 11, 35.055500, sp-clause-activity-inc='1.0743318423815218', sp-clause-decay='1.724919989416822', sp-clause-del-heur=''2'', sp-first-restart='160', sp-learned-clause-sort-heur=''0'', sp-learned-clauses-inc='1.1844973322556807', sp-learned-size-factor='0.433061632809345', sp-orig-clause-sort-heur=''14'', sp-phase-dec-heur=''2'', sp-rand-var-dec-freq=''0'', sp-resolution=''0'', sp-restart-inc='1.8933508504892949', sp-update-dec-queue=''1'', sp-use-pure-literal-rule=''1'', sp-var-activity-inc='1.139500079693213', sp-var-dec-heur=''0'', sp-variable-decay='1.7771530258496122'
261.152000, 0.061156, 334.673051, 13, 73.521051, sp-clause-activity-inc='1.04851569404945', sp-clause-decay='1.7488633016852067', sp-clause-del-heur=''2'', sp-first-restart='2395', sp-learned-clause-sort-heur=''0'', sp-learned-clauses-inc='1.291866247375447', sp-learned-size-factor='0.433061632809345', sp-orig-clause-sort-heur=''14'', sp-phase-dec-heur=''2'', sp-rand-var-dec-freq=''0'', sp-resolution=''0'', sp-restart-inc='1.8933508504892949', sp-update-dec-queue=''1'', sp-use-pure-literal-rule=''1'', sp-var-activity-inc='1.139500079693213', sp-var-dec-heur=''0'', sp-variable-decay='1.6057232722048915'
333.676000, 0.054642, 470.893698, 16, 137.217698, sp-clause-activity-inc='1.0130547407239021', sp-clause-decay='1.7446124024673266', sp-clause-del-heur=''2'', sp-first-restart='367', sp-learned-clause-sort-heur=''0'', sp-learned-clauses-inc='1.151720441057734', sp-learned-size-factor='0.433061632809345', sp-orig-clause-sort-heur=''14'', sp-phase-dec-heur=''2'', sp-rand-var-dec-freq=''0'', sp-resolution=''0'', sp-restart-inc='1.8933508504892949', sp-update-dec-queue=''1'', sp-use-pure-literal-rule=''1'', sp-var-activity-inc='1.139500079693213', sp-var-dec-heur=''0'', sp-variable-decay='1.5469701654258694'
368.728000, 0.050338, 537.902992, 19, 169.174992, sp-clause-activity-inc='1.043533083798342', sp-clause-decay='1.72749186067451', sp-clause-del-heur=''2'', sp-first-restart='369', sp-learned-clause-sort-heur=''0'', sp-learned-clauses-inc='1.1717483306872938', sp-learned-size-factor='0.433061632809345', sp-orig-clause-sort-heur=''14'', sp-phase-dec-heur=''2'', sp-rand-var-dec-freq=''0'', sp-resolution=''0'', sp-restart-inc='1.8933508504892949', sp-update-dec-queue=''1'', sp-use-pure-literal-rule=''1'', sp-var-activity-inc='1.139500079693213', sp-var-dec-heur=''0'', sp-variable-decay='1.4161438969249032'
440.794000, 0.041052, 674.945090, 22, 234.151090, sp-clause-activity-inc='1.0492679207229134', sp-clause-decay='1.949338202263654', sp-clause-del-heur=''2'', sp-first-restart='359', sp-learned-clause-sort-heur=''0'', sp-learned-clauses-inc='1.1054887296996838', sp-learned-size-factor='0.433061632809345', sp-orig-clause-sort-heur=''6'', sp-phase-dec-heur=''2'', sp-rand-var-dec-freq=''0'', sp-resolution=''0'', sp-restart-inc='1.8913558803369528', sp-update-dec-queue=''1'', sp-use-pure-literal-rule=''1'', sp-var-activity-inc='1.139500079693213', sp-var-dec-heur=''0'', sp-variable-decay='1.1544059611158157'
571.294000, 0.038222, 911.584518, 29, 340.290518, sp-clause-activity-inc='1.0774386069802118', sp-clause-decay='1.7929183549930399', sp-clause-del-heur=''2'', sp-first-restart='290', sp-learned-clause-sort-heur=''4'', sp-learned-clauses-inc='1.1098930177343735', sp-learned-size-factor='0.5325515312664496', sp-orig-clause-sort-heur=''18'', sp-phase-dec-heur=''2'', sp-rand-var-dec-freq=''0'', sp-resolution=''0'', sp-restart-inc='1.8933508504892949', sp-update-dec-queue=''1'', sp-use-pure-literal-rule=''1'', sp-var-activity-inc='1.139500079693213', sp-var-dec-heur=''0'', sp-variable-decay='1.5521634639077868'
718.718000, 0.032719, 1191.435424, 35, 472.717424, sp-clause-activity-inc='1.0596289633944926', sp-clause-decay='1.7772139777461664', sp-clause-del-heur=''2'', sp-first-restart='296', sp-learned-clause-sort-heur=''11'', sp-learned-clauses-inc='1.150365305508249', sp-learned-size-factor='0.8277310803262311', sp-orig-clause-sort-heur=''6'', sp-phase-dec-heur=''2'', sp-rand-var-dec-freq=''0'', sp-resolution=''0'', sp-restart-inc='1.892983827363894', sp-update-dec-queue=''1'', sp-use-pure-literal-rule=''1'', sp-var-activity-inc='1.139500079693213', sp-var-dec-heur=''0'', sp-variable-decay='1.570214579059841'
766.134000, 0.030010, 1270.275874, 36, 504.141874, sp-clause-activity-inc='1.0522725084643798', sp-clause-decay='1.4362735235504092', sp-clause-del-heur=''2'', sp-first-restart='257', sp-learned-clause-sort-heur=''1'', sp-learned-clauses-inc='1.291866247375447', sp-learned-size-factor='0.5861945344589605', sp-orig-clause-sort-heur=''14'', sp-phase-dec-heur=''2'', sp-rand-var-dec-freq=''0'', sp-resolution=''0'', sp-restart-inc='1.8933508504892949', sp-update-dec-queue=''1'', sp-use-pure-literal-rule=''1'', sp-var-activity-inc='0.9789234216129851', sp-var-dec-heur=''0'', sp-variable-decay='1.626612704851383'
815.734000, 0.028052, 1364.512020, 38, 548.778020, sp-clause-activity-inc='1.0846790409034917', sp-clause-decay='1.8036269086277965', sp-clause-del-heur=''2'', sp-first-restart='153', sp-learned-clause-sort-heur=''0'', sp-learned-clauses-inc='1.1675233902197726', sp-learned-size-factor='0.433061632809345', sp-orig-clause-sort-heur=''18'', sp-phase-dec-heur=''2'', sp-rand-var-dec-freq=''0'', sp-resolution=''0'', sp-restart-inc='1.8952802944679479', sp-update-dec-queue=''1'', sp-use-pure-literal-rule=''1'', sp-var-activity-inc='0.6504021384078285', sp-var-dec-heur=''0'', sp-variable-decay='1.5934418893868885'
862.922000, 0.026062, 1441.397048, 41, 578.475048, sp-clause-activity-inc='1.05524550781118', sp-clause-decay='1.8017098491906036', sp-clause-del-heur=''2'', sp-first-restart='2197', sp-learned-clause-sort-heur=''0'', sp-learned-clauses-inc='1.2095352094088276', sp-learned-size-factor='0.433061632809345', sp-orig-clause-sort-heur=''14'', sp-phase-dec-heur=''2'', sp-rand-var-dec-freq=''0'', sp-resolution=''0'', sp-restart-inc='1.8933508504892949', sp-update-dec-queue=''1'', sp-use-pure-literal-rule=''1'', sp-var-activity-inc='0.9513221044441151', sp-var-dec-heur=''0'', sp-variable-decay='1.5606623334413603'
1319.062000, 0.023401, 2139.673638, 54, 820.611638, sp-clause-activity-inc='1.1561747032359555', sp-clause-decay='1.72986848844429', sp-clause-del-heur=''2'', sp-first-restart='1226', sp-learned-clause-sort-heur=''4'', sp-learned-clauses-inc='1.2059592396176335', sp-learned-size-factor='0.5081752874028869', sp-orig-clause-sort-heur=''14'', sp-phase-dec-heur=''2'', sp-rand-var-dec-freq=''0'', sp-resolution=''0'', sp-restart-inc='1.849600451317695', sp-update-dec-queue=''1'', sp-use-pure-literal-rule=''1'', sp-var-activity-inc='0.9457390828809523', sp-var-dec-heur=''0'', sp-variable-decay='1.4853297282292457'
1720.278000, 0.019723, 2721.155272, 65, 1000.877272, sp-clause-activity-inc='1.1499856824455454', sp-clause-decay='1.729094526909217', sp-clause-del-heur=''2'', sp-first-restart='1226', sp-learned-clause-sort-heur=''4'', sp-learned-clauses-inc='1.2230088281602147', sp-learned-size-factor='0.19438006537840694', sp-orig-clause-sort-heur=''14'', sp-phase-dec-heur=''2'', sp-rand-var-dec-freq=''0'', sp-resolution=''0'', sp-restart-inc='1.849600451317695', sp-update-dec-queue=''1'', sp-use-pure-literal-rule=''1'', sp-var-activity-inc='0.9457390828809523', sp-var-dec-heur=''0'', sp-variable-decay='1.4853297282292457'
2277.558000, 0.018377, 3467.474462, 76, 1189.916462, sp-clause-activity-inc='1.1497678337125095', sp-clause-decay='1.7636526270207697', sp-clause-del-heur=''2'', sp-first-restart='405', sp-learned-clause-sort-heur=''1'', sp-learned-clauses-inc='1.265068603692138', sp-learned-size-factor='0.38318313025487577', sp-orig-clause-sort-heur=''18'', sp-phase-dec-heur=''2'', sp-rand-var-dec-freq=''0'', sp-resolution=''0'', sp-restart-inc='1.8491870005100144', sp-update-dec-queue=''1'', sp-use-pure-literal-rule=''1'', sp-var-activity-inc='0.9407296131676909', sp-var-dec-heur=''0'', sp-variable-decay='1.5465071524789462'
2656.698000, 0.016797, 3944.040347, 84, 1287.342347, sp-clause-activity-inc='1.1530758644879142', sp-clause-decay='1.7026227981291486', sp-clause-del-heur=''2'', sp-first-restart='1282', sp-learned-clause-sort-heur=''4'', sp-learned-clauses-inc='1.2244142545094483', sp-learned-size-factor='0.5242326331734756', sp-orig-clause-sort-heur=''18'', sp-phase-dec-heur=''2'', sp-rand-var-dec-freq=''0'', sp-resolution=''0'', sp-restart-inc='1.6192695708427332', sp-update-dec-queue=''1'', sp-use-pure-literal-rule=''1'', sp-var-activity-inc='0.9384134015928818', sp-var-dec-heur=''0'', sp-variable-decay='1.75829557989358'
3400.030000, 0.015749, 4868.867058, 99, 1468.837058, sp-clause-activity-inc='1.058546959339', sp-clause-decay='1.8379588368186033', sp-clause-del-heur=''2'', sp-first-restart='2574', sp-learned-clause-sort-heur=''4'', sp-learned-clauses-inc='1.1715300184356356', sp-learned-size-factor='0.17738923311396296', sp-orig-clause-sort-heur=''18'', sp-phase-dec-heur=''2'', sp-rand-var-dec-freq=''0'', sp-resolution=''0'', sp-restart-inc='1.8495058413907008', sp-update-dec-queue=''1'', sp-use-pure-literal-rule=''1'', sp-var-activity-inc='0.9525651312732424', sp-var-dec-heur=''0'', sp-variable-decay='1.5800327694715761'
3877.862000, 0.015432, 5413.038373, 106, 1535.176373, sp-clause-activity-inc='1.0993306703625523', sp-clause-decay='1.6868883120078115', sp-clause-del-heur=''2'', sp-first-restart='3175', sp-learned-clause-sort-heur=''1'', sp-learned-clauses-inc='1.155709837137651', sp-learned-size-factor='0.1834421016860934', sp-orig-clause-sort-heur=''18'', sp-phase-dec-heur=''2'', sp-rand-var-dec-freq=''0'', sp-resolution=''0'', sp-restart-inc='1.8324213747282392', sp-update-dec-queue=''1'', sp-use-pure-literal-rule=''1'', sp-var-activity-inc='0.9844830245353882', sp-var-dec-heur=''0'', sp-variable-decay='1.5757150900964225'
4527.354000, 0.013466, 6161.552668, 116, 1634.198668, sp-clause-activity-inc='1.1561747032359555', sp-clause-decay='1.6874989020547275', sp-clause-del-heur=''2'', sp-first-restart='758', sp-learned-clause-sort-heur=''4'', sp-learned-clauses-inc='1.2059592396176335', sp-learned-size-factor='0.1893861710424413', sp-orig-clause-sort-heur=''14'', sp-phase-dec-heur=''2'', sp-rand-var-dec-freq=''0'', sp-resolution=''0'', sp-restart-inc='1.849600451317695', sp-update-dec-queue=''1'', sp-use-pure-literal-rule=''1'', sp-var-activity-inc='1.0664000079336518', sp-var-dec-heur=''0'', sp-variable-decay='1.4522919131047964'
4645.374000, 0.012839, 6307.372589, 118, 1661.998589, sp-clause-activity-inc='1.149777341765403', sp-clause-decay='1.6540980621019958', sp-clause-del-heur=''2'', sp-first-restart='3200', sp-learned-clause-sort-heur=''4'', sp-learned-clauses-inc='1.1892639903978441', sp-learned-size-factor='0.19607781268788552', sp-orig-clause-sort-heur=''6'', sp-phase-dec-heur=''2'', sp-rand-var-dec-freq=''0'', sp-resolution=''0'', sp-restart-inc='1.8724315518146692', sp-update-dec-queue=''1'', sp-use-pure-literal-rule=''1'', sp-var-activity-inc='1.013614279616832', sp-var-dec-heur=''0'', sp-variable-decay='1.6095504930240254'
4894.950000, 0.011798, 6597.369793, 122, 1702.419793, sp-clause-activity-inc='1.149777341765403', sp-clause-decay='1.6710666710420354', sp-clause-del-heur=''2'', sp-first-restart='1399', sp-learned-clause-sort-heur=''4'', sp-learned-clauses-inc='1.2027717784798087', sp-learned-size-factor='0.19607781268788552', sp-orig-clause-sort-heur=''6'', sp-phase-dec-heur=''2'', sp-rand-var-dec-freq=''0'', sp-resolution=''0'', sp-restart-inc='1.8500140521115382', sp-update-dec-queue=''1'', sp-use-pure-literal-rule=''1'', sp-var-activity-inc='0.9891927873681374', sp-var-dec-heur=''0'', sp-variable-decay='1.6095504930240254'
5145.326000, 0.011393, 6873.563267, 126, 1728.237267, sp-clause-activity-inc='1.1887478932689115', sp-clause-decay='1.552425382486761', sp-clause-del-heur=''2'', sp-first-restart='2502', sp-learned-clause-sort-heur=''4'', sp-learned-clauses-inc='1.112372577799167', sp-learned-size-factor='0.2048455576677325', sp-orig-clause-sort-heur=''18'', sp-phase-dec-heur=''2'', sp-rand-var-dec-freq=''0'', sp-resolution=''0'', sp-restart-inc='1.8463398492494125', sp-update-dec-queue=''1'', sp-use-pure-literal-rule=''1'', sp-var-activity-inc='1.184426476206157', sp-var-dec-heur=''0'', sp-variable-decay='1.562910447409323'
5399.274000, 0.011159, 7170.316469, 130, 1771.042469, sp-clause-activity-inc='1.1899274146473582', sp-clause-decay='1.668868711031953', sp-clause-del-heur=''2'', sp-first-restart='514', sp-learned-clause-sort-heur=''1'', sp-learned-clauses-inc='1.1493554358093445', sp-learned-size-factor='0.11583063571968794', sp-orig-clause-sort-heur=''18'', sp-phase-dec-heur=''2'', sp-rand-var-dec-freq=''0'', sp-resolution=''0'', sp-restart-inc='1.866872216845871', sp-update-dec-queue=''1'', sp-use-pure-literal-rule=''1'', sp-var-activity-inc='1.0099880502832015', sp-var-dec-heur=''3'', sp-variable-decay='1.5757150900964225'
5951.466000, 0.010704, 7796.732171, 139, 1845.266171, sp-clause-activity-inc='1.149777341765403', sp-clause-decay='1.7549352303149557', sp-clause-del-heur=''2'', sp-first-restart='3200', sp-learned-clause-sort-heur=''4'', sp-learned-clauses-inc='1.1999144885078772', sp-learned-size-factor='0.150260599114882', sp-orig-clause-sort-heur=''6'', sp-phase-dec-heur=''2'', sp-rand-var-dec-freq=''0'', sp-resolution=''0'', sp-restart-inc='1.8500140521115382', sp-update-dec-queue=''1'', sp-use-pure-literal-rule=''1'', sp-var-activity-inc='0.9891927873681374', sp-var-dec-heur=''0'', sp-variable-decay='1.6095504930240254'
6983.770000, 0.009698, 8983.489727, 153, 1999.719727, sp-clause-activity-inc='1.1874923672649569', sp-clause-decay='1.7131263359598101', sp-clause-del-heur=''2'', sp-first-restart='3200', sp-learned-clause-sort-heur=''4'', sp-learned-clauses-inc='1.1637174496059344', sp-learned-size-factor='0.1754842990164916', sp-orig-clause-sort-heur=''6'', sp-phase-dec-heur=''2'', sp-rand-var-dec-freq=''0.001'', sp-resolution=''0'', sp-restart-inc='1.7709968941211698', sp-update-dec-queue=''1'', sp-use-pure-literal-rule=''1'', sp-var-activity-inc='0.9454319872068709', sp-var-dec-heur=''2'', sp-variable-decay='1.6095504930240254', sp-rand-var-dec-scaling='1.0'
8346.350000, 0.009314, 10418.515500, 167, 2072.165500, sp-clause-activity-inc='1.149777341765403', sp-clause-decay='1.5810460005369782', sp-clause-del-heur=''2'', sp-first-restart='3200', sp-learned-clause-sort-heur=''4'', sp-learned-clauses-inc='1.1999144885078772', sp-learned-size-factor='0.1201937052628767', sp-orig-clause-sort-heur=''6'', sp-phase-dec-heur=''2'', sp-rand-var-dec-freq=''0'', sp-resolution=''0'', sp-restart-inc='1.8500140521115382', sp-update-dec-queue=''1'', sp-use-pure-literal-rule=''1'', sp-var-activity-inc='0.9891927873681374', sp-var-dec-heur=''2'', sp-variable-decay='1.6095504930240254'
8688.326000, 0.009211, 10765.603602, 171, 2077.277602, sp-clause-activity-inc='1.149777341765403', sp-clause-decay='1.5934417813891089', sp-clause-del-heur=''2'', sp-first-restart='3200', sp-learned-clause-sort-heur=''4'', sp-learned-clauses-inc='1.1999144885078772', sp-learned-size-factor='0.11751895071672955', sp-orig-clause-sort-heur=''6'', sp-phase-dec-heur=''2'', sp-rand-var-dec-freq=''0'', sp-resolution=''0'', sp-restart-inc='1.8500140521115382', sp-update-dec-queue=''1'', sp-use-pure-literal-rule=''1'', sp-var-activity-inc='0.9891927873681374', sp-var-dec-heur=''2'', sp-variable-decay='1.6095504930240254'
9220.542000, 0.008848, 11326.139716, 177, 2105.597716, sp-clause-activity-inc='1.149777341765403', sp-clause-decay='1.7449174284350744', sp-clause-del-heur=''2'', sp-first-restart='3200', sp-learned-clause-sort-heur=''4'', sp-learned-clauses-inc='1.1999144885078772', sp-learned-size-factor='0.11751895071672955', sp-orig-clause-sort-heur=''6'', sp-phase-dec-heur=''2'', sp-rand-var-dec-freq=''0.001'', sp-resolution=''0'', sp-restart-inc='1.8601240929940273', sp-update-dec-queue=''1'', sp-use-pure-literal-rule=''1'', sp-var-activity-inc='0.9891927873681374', sp-var-dec-heur=''2'', sp-variable-decay='1.6095504930240254', sp-rand-var-dec-scaling='1.0'
10140.894000, 0.008409, 12275.086128, 186, 2134.192128, sp-clause-activity-inc='1.149777341765403', sp-clause-decay='1.5866276526008025', sp-clause-del-heur=''2'', sp-first-restart='3200', sp-learned-clause-sort-heur=''4'', sp-learned-clauses-inc='1.1999144885078772', sp-learned-size-factor='0.11848502739283254', sp-orig-clause-sort-heur=''5'', sp-phase-dec-heur=''2'', sp-rand-var-dec-freq=''0'', sp-resolution=''0'', sp-restart-inc='1.7823502715607382', sp-update-dec-queue=''1'', sp-use-pure-literal-rule=''1'', sp-var-activity-inc='0.9891927873681374', sp-var-dec-heur=''2'', sp-variable-decay='1.6095504930240254'
10509.630000, 0.008225, 12647.857992, 188, 2138.227992, sp-clause-activity-inc='1.1535970307277017', sp-clause-decay='1.588704730374512', sp-clause-del-heur=''2'', sp-first-restart='3200', sp-learned-clause-sort-heur=''4'', sp-learned-clauses-inc='1.1393350427909983', sp-learned-size-factor='0.11751895071672955', sp-orig-clause-sort-heur=''6'', sp-phase-dec-heur=''2'', sp-rand-var-dec-freq=''0'', sp-resolution=''0'', sp-restart-inc='1.7312480720346204', sp-update-dec-queue=''1'', sp-use-pure-literal-rule=''1'', sp-var-activity-inc='0.9891927873681374', sp-var-dec-heur=''2'', sp-variable-decay='1.6095504930240254'
13668.426000, 0.007200, 15751.013008, 217, 2082.587008, sp-clause-activity-inc='1.1874923672649569', sp-clause-decay='1.6145285745574494', sp-clause-del-heur=''2'', sp-first-restart='3200', sp-learned-clause-sort-heur=''4'', sp-learned-clauses-inc='1.139151974525456', sp-learned-size-factor='0.21036538281135972', sp-orig-clause-sort-heur=''5'', sp-phase-dec-heur=''2'', sp-rand-var-dec-freq=''0'', sp-resolution=''0'', sp-restart-inc='1.8223010566164284', sp-update-dec-queue=''1'', sp-use-pure-literal-rule=''1'', sp-var-activity-inc='0.9454319872068709', sp-var-dec-heur=''2'', sp-variable-decay='1.6095504930240254'
14332.504000, 0.007138, 16414.750458, 223, 2082.246458, sp-clause-activity-inc='1.1144217839385533', sp-clause-decay='1.5678409040408807', sp-clause-del-heur=''2'', sp-first-restart='3200', sp-learned-clause-sort-heur=''4'', sp-learned-clauses-inc='1.1999144885078772', sp-learned-size-factor='0.18970183387027023', sp-orig-clause-sort-heur=''5'', sp-phase-dec-heur=''2'', sp-rand-var-dec-freq=''0'', sp-resolution=''0'', sp-restart-inc='1.873961197756902', sp-update-dec-queue=''1'', sp-use-pure-literal-rule=''1'', sp-var-activity-inc='0.9891927873681374', sp-var-dec-heur=''2'', sp-variable-decay='1.6095504930240254'
14543.972000, 0.006747, 16617.800159, 226, 2073.828159, sp-clause-activity-inc='1.1366783828299787', sp-clause-decay='1.588704730374512', sp-clause-del-heur=''2'', sp-first-restart='3200', sp-learned-clause-sort-heur=''4'', sp-learned-clauses-inc='1.1357008818777403', sp-learned-size-factor='0.11751895071672955', sp-orig-clause-sort-heur=''5'', sp-phase-dec-heur=''2'', sp-rand-var-dec-freq=''0'', sp-resolution=''0'', sp-restart-inc='1.7422456979397103', sp-update-dec-queue=''1'', sp-use-pure-literal-rule=''1'', sp-var-activity-inc='0.9893872802347363', sp-var-dec-heur=''0'', sp-variable-decay='1.6095504930240254'
15424.668000, 0.006573, 17575.356823, 198, 2150.688823, sp-clause-activity-inc='1.1535970307277017', sp-clause-decay='1.588704730374512', sp-clause-del-heur=''2'', sp-first-restart='3200', sp-learned-clause-sort-heur=''4'', sp-learned-clauses-inc='1.1357008818777403', sp-learned-size-factor='0.11751895071672955', sp-orig-clause-sort-heur=''6'', sp-phase-dec-heur=''2'', sp-rand-var-dec-freq=''0'', sp-resolution=''0'', sp-restart-inc='1.7422456979397103', sp-update-dec-queue=''1'', sp-use-pure-literal-rule=''1'', sp-var-activity-inc='0.9891927873681374', sp-var-dec-heur=''2'', sp-variable-decay='1.6095504930240254'
15646.084000, 0.006511, 17833.795727, 235, 2187.711727, sp-clause-activity-inc='1.1380963843820462', sp-clause-decay='1.5820135402757907', sp-clause-del-heur=''2'', sp-first-restart='3200', sp-learned-clause-sort-heur=''4'', sp-learned-clauses-inc='1.1393350427909983', sp-learned-size-factor='0.12216283429472329', sp-orig-clause-sort-heur=''6'', sp-phase-dec-heur=''2'', sp-rand-var-dec-freq=''0'', sp-resolution=''0'', sp-restart-inc='1.7706095352064046', sp-update-dec-queue=''1'', sp-use-pure-literal-rule=''1'', sp-var-activity-inc='0.9891927873681374', sp-var-dec-heur=''0'', sp-variable-decay='1.6095504930240254'
