{"total_cpu_time": null, "evaluations": 0, "cost": 2147483648, "wallclock_time": 0.0008983612060546875, "cpu_time": 0, "incumbent": ["sp-clause-activity-inc='1.0'", "sp-clause-decay='1.4'", "sp-clause-del-heur=''2''", "sp-first-restart='100'", "sp-learned-clause-sort-heur=''0''", "sp-learned-clauses-inc='1.3'", "sp-learned-size-factor='0.4'", "sp-orig-clause-sort-heur=''0''", "sp-phase-dec-heur=''5''", "sp-rand-var-dec-freq=''0.001''", "sp-resolution=''1''", "sp-restart-inc='1.5'", "sp-update-dec-queue=''1''", "sp-use-pure-literal-rule=''1''", "sp-var-activity-inc='1.0'", "sp-var-dec-heur=''0''", "sp-variable-decay='1.4'", "sp-max-res-lit-inc='1.0'", "sp-max-res-runs='4'", "sp-rand-phase-dec-freq=''0.001''", "sp-rand-var-dec-scaling='1.0'", "sp-res-cutoff-cls='8'", "sp-res-cutoff-lits='400'", "sp-res-order-heur=''0''", "sp-rand-phase-scaling='1.0'"]}
{"total_cpu_time": null, "evaluations": 1, "cost": 50, "wallclock_time": 7.310654878616333, "cpu_time": 5.0, "incumbent": ["sp-clause-activity-inc='1.0'", "sp-clause-decay='1.4'", "sp-clause-del-heur=''2''", "sp-first-restart='100'", "sp-learned-clause-sort-heur=''0''", "sp-learned-clauses-inc='1.3'", "sp-learned-size-factor='0.4'", "sp-orig-clause-sort-heur=''0''", "sp-phase-dec-heur=''5''", "sp-rand-var-dec-freq=''0.001''", "sp-resolution=''1''", "sp-restart-inc='1.5'", "sp-update-dec-queue=''1''", "sp-use-pure-literal-rule=''1''", "sp-var-activity-inc='1.0'", "sp-var-dec-heur=''0''", "sp-variable-decay='1.4'", "sp-max-res-lit-inc='1.0'", "sp-max-res-runs='4'", "sp-rand-phase-dec-freq=''0.001''", "sp-rand-var-dec-scaling='1.0'", "sp-res-cutoff-cls='8'", "sp-res-cutoff-lits='400'", "sp-res-order-heur=''0''", "sp-rand-phase-scaling='1.0'"]}
{"total_cpu_time": null, "evaluations": 38, "cost": 0.43890909090909086, "wallclock_time": 99.95876336097717, "cpu_time": 123.77600000000001, "incumbent": ["sp-clause-activity-inc='1.3099633174315264'", "sp-clause-decay='1.8040928863916448'", "sp-clause-del-heur=''2''", "sp-first-restart='922'", "sp-learned-clause-sort-heur=''15''", "sp-learned-clauses-inc='1.2155229408020232'", "sp-learned-size-factor='0.15377806262730276'", "sp-orig-clause-sort-heur=''16''", "sp-phase-dec-heur=''1''", "sp-rand-var-dec-freq=''0.01''", "sp-resolution=''2''", "sp-restart-inc='1.6875092100653215'", "sp-update-dec-queue=''1''", "sp-use-pure-literal-rule=''0''", "sp-var-activity-inc='0.5550284686694457'", "sp-var-dec-heur=''15''", "sp-variable-decay='1.3839160910352228'", "sp-max-res-lit-inc='1.9522240817524015'", "sp-max-res-runs='5'", "sp-rand-phase-dec-freq=''0.0001''", "sp-rand-var-dec-scaling='0.5207524248464246'", "sp-res-cutoff-cls='2'", "sp-res-cutoff-lits='1445'", "sp-res-order-heur=''1''", "sp-rand-phase-scaling='0.561289491017557'"]}
{"total_cpu_time": null, "evaluations": 53, "cost": 0.09225641025641024, "wallclock_time": 128.50492811203003, "cpu_time": 148.324, "incumbent": ["sp-clause-activity-inc='1.202644992444359'", "sp-clause-decay='1.2985412789650197'", "sp-clause-del-heur=''2''", "sp-first-restart='1863'", "sp-learned-clause-sort-heur=''9''", "sp-learned-clauses-inc='1.2915826310397323'", "sp-learned-size-factor='0.23992270746959699'", "sp-orig-clause-sort-heur=''15''", "sp-phase-dec-heur=''2''", "sp-rand-var-dec-freq=''0.0001''", "sp-resolution=''0''", "sp-restart-inc='1.625447220719989'", "sp-update-dec-queue=''1''", "sp-use-pure-literal-rule=''1''", "sp-var-activity-inc='1.4328516610073319'", "sp-var-dec-heur=''3''", "sp-variable-decay='1.7861357655054084'", "sp-rand-var-dec-scaling='0.8837639813762883'"]}
{"total_cpu_time": null, "evaluations": 78, "cost": 0.08172781065088754, "wallclock_time": 162.99859356880188, "cpu_time": 176.72400000000002, "incumbent": ["sp-clause-activity-inc='0.8316884567565873'", "sp-clause-decay='1.8682479585992595'", "sp-clause-del-heur=''2''", "sp-first-restart='74'", "sp-learned-clause-sort-heur=''0''", "sp-learned-clauses-inc='1.291866247375447'", "sp-learned-size-factor='0.433061632809345'", "sp-orig-clause-sort-heur=''1''", "sp-phase-dec-heur=''2''", "sp-rand-var-dec-freq=''0''", "sp-resolution=''0''", "sp-restart-inc='1.8933508504892949'", "sp-update-dec-queue=''1''", "sp-use-pure-literal-rule=''1''", "sp-var-activity-inc='1.139500079693213'", "sp-var-dec-heur=''0''", "sp-variable-decay='1.4161438969249032'"]}
{"total_cpu_time": null, "evaluations": 123, "cost": 0.06771555555555554, "wallclock_time": 268.7194998264313, "cpu_time": 233.66400000000002, "incumbent": ["sp-clause-activity-inc='1.0743318423815218'", "sp-clause-decay='1.724919989416822'", "sp-clause-del-heur=''2''", "sp-first-restart='160'", "sp-learned-clause-sort-heur=''0''", "sp-learned-clauses-inc='1.1844973322556807'", "sp-learned-size-factor='0.433061632809345'", "sp-orig-clause-sort-heur=''14''", "sp-phase-dec-heur=''2''", "sp-rand-var-dec-freq=''0''", "sp-resolution=''0''", "sp-restart-inc='1.8933508504892949'", "sp-update-dec-queue=''1''", "sp-use-pure-literal-rule=''1''", "sp-var-activity-inc='1.139500079693213'", "sp-var-dec-heur=''0''", "sp-variable-decay='1.7771530258496122'"]}
{"total_cpu_time": null, "evaluations": 152, "cost": 0.06115624999999999, "wallclock_time": 334.67305064201355, "cpu_time": 261.15199999999993, "incumbent": ["sp-clause-activity-inc='1.04851569404945'", "sp-clause-decay='1.7488633016852067'", "sp-clause-del-heur=''2''", "sp-first-restart='2395'", "sp-learned-clause-sort-heur=''0''", "sp-learned-clauses-inc='1.291866247375447'", "sp-learned-size-factor='0.433061632809345'", "sp-orig-clause-sort-heur=''14''", "sp-phase-dec-heur=''2''", "sp-rand-var-dec-freq=''0''", "sp-resolution=''0''", "sp-restart-inc='1.8933508504892949'", "sp-update-dec-queue=''1''", "sp-use-pure-literal-rule=''1''", "sp-var-activity-inc='1.139500079693213'", "sp-var-dec-heur=''0''", "sp-variable-decay='1.6057232722048915'"]}
{"total_cpu_time": null, "evaluations": 218, "cost": 0.05464197530864197, "wallclock_time": 470.89369773864746, "cpu_time": 333.676, "incumbent": ["sp-clause-activity-inc='1.0130547407239021'", "sp-clause-decay='1.7446124024673266'", "sp-clause-del-heur=''2''", "sp-first-restart='367'", "sp-learned-clause-sort-heur=''0''", "sp-learned-clauses-inc='1.151720441057734'", "sp-learned-size-factor='0.433061632809345'", "sp-orig-clause-sort-heur=''14''", "sp-phase-dec-heur=''2''", "sp-rand-var-dec-freq=''0''", "sp-resolution=''0''", "sp-restart-inc='1.8933508504892949'", "sp-update-dec-queue=''1''", "sp-use-pure-literal-rule=''1''", "sp-var-activity-inc='1.139500079693213'", "sp-var-dec-heur=''0''", "sp-variable-decay='1.5469701654258694'"]}
{"total_cpu_time": null, "evaluations": 250, "cost": 0.05033795013850415, "wallclock_time": 537.9029924869537, "cpu_time": 368.728, "incumbent": ["sp-clause-activity-inc='1.043533083798342'", "sp-clause-decay='1.72749186067451'", "sp-clause-del-heur=''2''", "sp-first-restart='369'", "sp-learned-clause-sort-heur=''0''", "sp-learned-clauses-inc='1.1717483306872938'", "sp-learned-size-factor='0.433061632809345'", "sp-orig-clause-sort-heur=''14''", "sp-phase-dec-heur=''2''", "sp-rand-var-dec-freq=''0''", "sp-resolution=''0''", "sp-restart-inc='1.8933508504892949'", "sp-update-dec-queue=''1''", "sp-use-pure-literal-rule=''1''", "sp-var-activity-inc='1.139500079693213'", "sp-var-dec-heur=''0''", "sp-variable-decay='1.4161438969249032'"]}
{"total_cpu_time": null, "evaluations": 323, "cost": 0.04105215419501133, "wallclock_time": 674.9450898170471, "cpu_time": 440.7940000000004, "incumbent": ["sp-clause-activity-inc='1.0492679207229134'", "sp-clause-decay='1.949338202263654'", "sp-clause-del-heur=''2''", "sp-first-restart='359'", "sp-learned-clause-sort-heur=''0''", "sp-learned-clauses-inc='1.1054887296996838'", "sp-learned-size-factor='0.433061632809345'", "sp-orig-clause-sort-heur=''6''", "sp-phase-dec-heur=''2''", "sp-rand-var-dec-freq=''0''", "sp-resolution=''0''", "sp-restart-inc='1.8913558803369528'", "sp-update-dec-queue=''1''", "sp-use-pure-literal-rule=''1''", "sp-var-activity-inc='1.139500079693213'", "sp-var-dec-heur=''0''", "sp-variable-decay='1.1544059611158157'"]}
{"total_cpu_time": null, "evaluations": 442, "cost": 0.038222222222222234, "wallclock_time": 911.58451795578, "cpu_time": 571.2940000000002, "incumbent": ["sp-clause-activity-inc='1.0774386069802118'", "sp-clause-decay='1.7929183549930399'", "sp-clause-del-heur=''2''", "sp-first-restart='290'", "sp-learned-clause-sort-heur=''4''", "sp-learned-clauses-inc='1.1098930177343735'", "sp-learned-size-factor='0.5325515312664496'", "sp-orig-clause-sort-heur=''18''", "sp-phase-dec-heur=''2''", "sp-rand-var-dec-freq=''0''", "sp-resolution=''0''", "sp-restart-inc='1.8933508504892949'", "sp-update-dec-queue=''1''", "sp-use-pure-literal-rule=''1''", "sp-var-activity-inc='1.139500079693213'", "sp-var-dec-heur=''0''", "sp-variable-decay='1.5521634639077868'"]}
{"total_cpu_time": null, "evaluations": 568, "cost": 0.032718792866941016, "wallclock_time": 1191.4354238510132, "cpu_time": 718.7179999999997, "incumbent": ["sp-clause-activity-inc='1.0596289633944926'", "sp-clause-decay='1.7772139777461664'", "sp-clause-del-heur=''2''", "sp-first-restart='296'", "sp-learned-clause-sort-heur=''11''", "sp-learned-clauses-inc='1.150365305508249'", "sp-learned-size-factor='0.8277310803262311'", "sp-orig-clause-sort-heur=''6''", "sp-phase-dec-heur=''2''", "sp-rand-var-dec-freq=''0''", "sp-resolution=''0''", "sp-restart-inc='1.892983827363894'", "sp-update-dec-queue=''1''", "sp-use-pure-literal-rule=''1''", "sp-var-activity-inc='1.139500079693213'", "sp-var-dec-heur=''0''", "sp-variable-decay='1.570214579059841'"]}
{"total_cpu_time": null, "evaluations": 622, "cost": 0.030010204081632637, "wallclock_time": 1270.2758741378784, "cpu_time": 766.1339999999996, "incumbent": ["sp-clause-activity-inc='1.0522725084643798'", "sp-clause-decay='1.4362735235504092'", "sp-clause-del-heur=''2''", "sp-first-restart='257'", "sp-learned-clause-sort-heur=''1''", "sp-learned-clauses-inc='1.291866247375447'", "sp-learned-size-factor='0.5861945344589605'", "sp-orig-clause-sort-heur=''14''", "sp-phase-dec-heur=''2''", "sp-rand-var-dec-freq=''0''", "sp-resolution=''0''", "sp-restart-inc='1.8933508504892949'", "sp-update-dec-queue=''1''", "sp-use-pure-literal-rule=''1''", "sp-var-activity-inc='0.9789234216129851'", "sp-var-dec-heur=''0''", "sp-variable-decay='1.626612704851383'"]}
{"total_cpu_time": null, "evaluations": 678, "cost": 0.02805231866825207, "wallclock_time": 1364.512020111084, "cpu_time": 815.7339999999994, "incumbent": ["sp-clause-activity-inc='1.0846790409034917'", "sp-clause-decay='1.8036269086277965'", "sp-clause-del-heur=''2''", "sp-first-restart='153'", "sp-learned-clause-sort-heur=''0''", "sp-learned-clauses-inc='1.1675233902197726'", "sp-learned-size-factor='0.433061632809345'", "sp-orig-clause-sort-heur=''18''", "sp-phase-dec-heur=''2''", "sp-rand-var-dec-freq=''0''", "sp-resolution=''0''", "sp-restart-inc='1.8952802944679479'", "sp-update-dec-queue=''1''", "sp-use-pure-literal-rule=''1''", "sp-var-activity-inc='0.6504021384078285'", "sp-var-dec-heur=''0''", "sp-variable-decay='1.5934418893868885'"]}
{"total_cpu_time": null, "evaluations": 737, "cost": 0.02606222222222223, "wallclock_time": 1441.3970482349396, "cpu_time": 862.9219999999989, "incumbent": ["sp-clause-activity-inc='1.05524550781118'", "sp-clause-decay='1.8017098491906036'", "sp-clause-del-heur=''2''", "sp-first-restart='2197'", "sp-learned-clause-sort-heur=''0''", "sp-learned-clauses-inc='1.2095352094088276'", "sp-learned-size-factor='0.433061632809345'", "sp-orig-clause-sort-heur=''14''", "sp-phase-dec-heur=''2''", "sp-rand-var-dec-freq=''0''", "sp-resolution=''0''", "sp-restart-inc='1.8933508504892949'", "sp-update-dec-queue=''1''", "sp-use-pure-literal-rule=''1''", "sp-var-activity-inc='0.9513221044441151'", "sp-var-dec-heur=''0''", "sp-variable-decay='1.5606623334413603'"]}
{"total_cpu_time": null, "evaluations": 1192, "cost": 0.02340102264426588, "wallclock_time": 2139.6736381053925, "cpu_time": 1319.0619999999967, "incumbent": ["sp-clause-activity-inc='1.1561747032359555'", "sp-clause-decay='1.72986848844429'", "sp-clause-del-heur=''2''", "sp-first-restart='1226'", "sp-learned-clause-sort-heur=''4''", "sp-learned-clauses-inc='1.2059592396176335'", "sp-learned-size-factor='0.5081752874028869'", "sp-orig-clause-sort-heur=''14''", "sp-phase-dec-heur=''2''", "sp-rand-var-dec-freq=''0''", "sp-resolution=''0''", "sp-restart-inc='1.849600451317695'", "sp-update-dec-queue=''1''", "sp-use-pure-literal-rule=''1''", "sp-var-activity-inc='0.9457390828809523'", "sp-var-dec-heur=''0''", "sp-variable-decay='1.4853297282292457'"]}
{"total_cpu_time": null, "evaluations": 1569, "cost": 0.01972335600907029, "wallclock_time": 2721.155272245407, "cpu_time": 1720.2779999999962, "incumbent": ["sp-clause-activity-inc='1.1499856824455454'", "sp-clause-decay='1.729094526909217'", "sp-clause-del-heur=''2''", "sp-first-restart='1226'", "sp-learned-clause-sort-heur=''4''", "sp-learned-clauses-inc='1.2230088281602147'", "sp-learned-size-factor='0.19438006537840694'", "sp-orig-clause-sort-heur=''14''", "sp-phase-dec-heur=''2''", "sp-rand-var-dec-freq=''0''", "sp-resolution=''0''", "sp-restart-inc='1.849600451317695'", "sp-update-dec-queue=''1''", "sp-use-pure-literal-rule=''1''", "sp-var-activity-inc='0.9457390828809523'", "sp-var-dec-heur=''0''", "sp-variable-decay='1.4853297282292457'"]}
{"total_cpu_time": null, "evaluations": 2070, "cost": 0.018376736111111108, "wallclock_time": 3467.474462032318, "cpu_time": 2277.557999999991, "incumbent": ["sp-clause-activity-inc='1.1497678337125095'", "sp-clause-decay='1.7636526270207697'", "sp-clause-del-heur=''2''", "sp-first-restart='405'", "sp-learned-clause-sort-heur=''1''", "sp-learned-clauses-inc='1.265068603692138'", "sp-learned-size-factor='0.38318313025487577'", "sp-orig-clause-sort-heur=''18''", "sp-phase-dec-heur=''2''", "sp-rand-var-dec-freq=''0''", "sp-resolution=''0''", "sp-restart-inc='1.8491870005100144'", "sp-update-dec-queue=''1''", "sp-use-pure-literal-rule=''1''", "sp-var-activity-inc='0.9407296131676909'", "sp-var-dec-heur=''0''", "sp-variable-decay='1.5465071524789462'"]}
{"total_cpu_time": null, "evaluations": 2435, "cost": 0.016797337278106513, "wallclock_time": 3944.040347337723, "cpu_time": 2656.6979999999935, "incumbent": ["sp-clause-activity-inc='1.1530758644879142'", "sp-clause-decay='1.7026227981291486'", "sp-clause-del-heur=''2''", "sp-first-restart='1282'", "sp-learned-clause-sort-heur=''4''", "sp-learned-clauses-inc='1.2244142545094483'", "sp-learned-size-factor='0.5242326331734756'", "sp-orig-clause-sort-heur=''18''", "sp-phase-dec-heur=''2''", "sp-rand-var-dec-freq=''0''", "sp-resolution=''0''", "sp-restart-inc='1.6192695708427332'", "sp-update-dec-queue=''1''", "sp-use-pure-literal-rule=''1''", "sp-var-activity-inc='0.9384134015928818'", "sp-var-dec-heur=''0''", "sp-variable-decay='1.75829557989358'"]}
{"total_cpu_time": null, "evaluations": 3193, "cost": 0.01574949727089917, "wallclock_time": 4868.867057561874, "cpu_time": 3400.0299999999943, "incumbent": ["sp-clause-activity-inc='1.058546959339'", "sp-clause-decay='1.8379588368186033'", "sp-clause-del-heur=''2''", "sp-first-restart='2574'", "sp-learned-clause-sort-heur=''4''", "sp-learned-clauses-inc='1.1715300184356356'", "sp-learned-size-factor='0.17738923311396296'", "sp-orig-clause-sort-heur=''18''", "sp-phase-dec-heur=''2''", "sp-rand-var-dec-freq=''0''", "sp-resolution=''0''", "sp-restart-inc='1.8495058413907008'", "sp-update-dec-queue=''1''", "sp-use-pure-literal-rule=''1''", "sp-var-activity-inc='0.9525651312732424'", "sp-var-dec-heur=''0''", "sp-variable-decay='1.5800327694715761'"]}
{"total_cpu_time": null, "evaluations": 3667, "cost": 0.01543159486016629, "wallclock_time": 5413.038372516632, "cpu_time": 3877.8619999999937, "incumbent": ["sp-clause-activity-inc='1.0993306703625523'", "sp-clause-decay='1.6868883120078115'", "sp-clause-del-heur=''2''", "sp-first-restart='3175'", "sp-learned-clause-sort-heur=''1''", "sp-learned-clauses-inc='1.155709837137651'", "sp-learned-size-factor='0.1834421016860934'", "sp-orig-clause-sort-heur=''18''", "sp-phase-dec-heur=''2''", "sp-rand-var-dec-freq=''0''", "sp-resolution=''0''", "sp-restart-inc='1.8324213747282392'", "sp-update-dec-queue=''1''", "sp-use-pure-literal-rule=''1''", "sp-var-activity-inc='0.9844830245353882'", "sp-var-dec-heur=''0''", "sp-variable-decay='1.5757150900964225'"]}
{"total_cpu_time": null, "evaluations": 4303, "cost": 0.013466262975778543, "wallclock_time": 6161.552667856216, "cpu_time": 4527.353999999987, "incumbent": ["sp-clause-activity-inc='1.1561747032359555'", "sp-clause-decay='1.6874989020547275'", "sp-clause-del-heur=''2''", "sp-first-restart='758'", "sp-learned-clause-sort-heur=''4''", "sp-learned-clauses-inc='1.2059592396176335'", "sp-learned-size-factor='0.1893861710424413'", "sp-orig-clause-sort-heur=''14''", "sp-phase-dec-heur=''2''", "sp-rand-var-dec-freq=''0''", "sp-resolution=''0''", "sp-restart-inc='1.849600451317695'", "sp-update-dec-queue=''1''", "sp-use-pure-literal-rule=''1''", "sp-var-activity-inc='1.0664000079336518'", "sp-var-dec-heur=''0''", "sp-variable-decay='1.4522919131047964'"]}
{"total_cpu_time": null, "evaluations": 4432, "cost": 0.012839319470699433, "wallclock_time": 6307.372589349747, "cpu_time": 4645.373999999985, "incumbent": ["sp-clause-activity-inc='1.149777341765403'", "sp-clause-decay='1.6540980621019958'", "sp-clause-del-heur=''2''", "sp-first-restart='3200'", "sp-learned-clause-sort-heur=''4''", "sp-learned-clauses-inc='1.1892639903978441'", "sp-learned-size-factor='0.19607781268788552'", "sp-orig-clause-sort-heur=''6''", "sp-phase-dec-heur=''2''", "sp-rand-var-dec-freq=''0''", "sp-resolution=''0''", "sp-restart-inc='1.8724315518146692'", "sp-update-dec-queue=''1''", "sp-use-pure-literal-rule=''1''", "sp-var-activity-inc='1.013614279616832'", "sp-var-dec-heur=''0''", "sp-variable-decay='1.6095504930240254'"]}
{"total_cpu_time": null, "evaluations": 4697, "cost": 0.011797659194604244, "wallclock_time": 6597.369792938232, "cpu_time": 4894.9499999999825, "incumbent": ["sp-clause-activity-inc='1.149777341765403'", "sp-clause-decay='1.6710666710420354'", "sp-clause-del-heur=''2''", "sp-first-restart='1399'", "sp-learned-clause-sort-heur=''4''", "sp-learned-clauses-inc='1.2027717784798087'", "sp-learned-size-factor='0.19607781268788552'", "sp-orig-clause-sort-heur=''6''", "sp-phase-dec-heur=''2''", "sp-rand-var-dec-freq=''0''", "sp-resolution=''0''", "sp-restart-inc='1.8500140521115382'", "sp-update-dec-queue=''1''", "sp-use-pure-literal-rule=''1''", "sp-var-activity-inc='0.9891927873681374'", "sp-var-dec-heur=''0''", "sp-variable-decay='1.6095504930240254'"]}
{"total_cpu_time": null, "evaluations": 4967, "cost": 0.011392756614749484, "wallclock_time": 6873.563267469406, "cpu_time": 5145.325999999984, "incumbent": ["sp-clause-activity-inc='1.1887478932689115'", "sp-clause-decay='1.552425382486761'", "sp-clause-del-heur=''2''", "sp-first-restart='2502'", "sp-learned-clause-sort-heur=''4''", "sp-learned-clauses-inc='1.112372577799167'", "sp-learned-size-factor='0.2048455576677325'", "sp-orig-clause-sort-heur=''18''", "sp-phase-dec-heur=''2''", "sp-rand-var-dec-freq=''0''", "sp-resolution=''0''", "sp-restart-inc='1.8463398492494125'", "sp-update-dec-queue=''1''", "sp-use-pure-literal-rule=''1''", "sp-var-activity-inc='1.184426476206157'", "sp-var-dec-heur=''0''", "sp-variable-decay='1.562910447409323'"]}
{"total_cpu_time": null, "evaluations": 5239, "cost": 0.011158755555555556, "wallclock_time": 7170.316469192505, "cpu_time": 5399.273999999978, "incumbent": ["sp-clause-activity-inc='1.1899274146473582'", "sp-clause-decay='1.668868711031953'", "sp-clause-del-heur=''2''", "sp-first-restart='514'", "sp-learned-clause-sort-heur=''1''", "sp-learned-clauses-inc='1.1493554358093445'", "sp-learned-size-factor='0.11583063571968794'", "sp-orig-clause-sort-heur=''18''", "sp-phase-dec-heur=''2''", "sp-rand-var-dec-freq=''0''", "sp-resolution=''0''", "sp-restart-inc='1.866872216845871'", "sp-update-dec-queue=''1''", "sp-use-pure-literal-rule=''1''", "sp-var-activity-inc='1.0099880502832015'", "sp-var-dec-heur=''3''", "sp-variable-decay='1.5757150900964225'"]}
{"total_cpu_time": null, "evaluations": 5838, "cost": 0.010704053837526031, "wallclock_time": 7796.732170820236, "cpu_time": 5951.465999999971, "incumbent": ["sp-clause-activity-inc='1.149777341765403'", "sp-clause-decay='1.7549352303149557'", "sp-clause-del-heur=''2''", "sp-first-restart='3200'", "sp-learned-clause-sort-heur=''4''", "sp-learned-clauses-inc='1.1999144885078772'", "sp-learned-size-factor='0.150260599114882'", "sp-orig-clause-sort-heur=''6''", "sp-phase-dec-heur=''2''", "sp-rand-var-dec-freq=''0''", "sp-resolution=''0''", "sp-restart-inc='1.8500140521115382'", "sp-update-dec-queue=''1''", "sp-use-pure-literal-rule=''1''", "sp-var-activity-inc='0.9891927873681374'", "sp-var-dec-heur=''0''", "sp-variable-decay='1.6095504930240254'"]}
{"total_cpu_time": null, "evaluations": 6968, "cost": 0.009697674418604653, "wallclock_time": 8983.489727258682, "cpu_time": 6983.769999999961, "incumbent": ["sp-clause-activity-inc='1.1874923672649569'", "sp-clause-decay='1.7131263359598101'", "sp-clause-del-heur=''2''", "sp-first-restart='3200'", "sp-learned-clause-sort-heur=''4''", "sp-learned-clauses-inc='1.1637174496059344'", "sp-learned-size-factor='0.1754842990164916'", "sp-orig-clause-sort-heur=''6''", "sp-phase-dec-heur=''2''", "sp-rand-var-dec-freq=''0.001''", "sp-resolution=''0''", "sp-restart-inc='1.7709968941211698'", "sp-update-dec-queue=''1''", "sp-use-pure-literal-rule=''1''", "sp-var-activity-inc='0.9454319872068709'", "sp-var-dec-heur=''2''", "sp-variable-decay='1.6095504930240254'", "sp-rand-var-dec-scaling='1.0'"]}
{"total_cpu_time": null, "evaluations": 8388, "cost": 0.009313716613852425, "wallclock_time": 10418.515499591827, "cpu_time": 8346.349999999946, "incumbent": ["sp-clause-activity-inc='1.149777341765403'", "sp-clause-decay='1.5810460005369782'", "sp-clause-del-heur=''2''", "sp-first-restart='3200'", "sp-learned-clause-sort-heur=''4''", "sp-learned-clauses-inc='1.1999144885078772'", "sp-learned-size-factor='0.1201937052628767'", "sp-orig-clause-sort-heur=''6''", "sp-phase-dec-heur=''2''", "sp-rand-var-dec-freq=''0''", "sp-resolution=''0''", "sp-restart-inc='1.8500140521115382'", "sp-update-dec-queue=''1''", "sp-use-pure-literal-rule=''1''", "sp-var-activity-inc='0.9891927873681374'", "sp-var-dec-heur=''2''", "sp-variable-decay='1.6095504930240254'"]}
{"total_cpu_time": null, "evaluations": 8753, "cost": 0.009210937499999999, "wallclock_time": 10765.603602409363, "cpu_time": 8688.325999999923, "incumbent": ["sp-clause-activity-inc='1.149777341765403'", "sp-clause-decay='1.5934417813891089'", "sp-clause-del-heur=''2''", "sp-first-restart='3200'", "sp-learned-clause-sort-heur=''4''", "sp-learned-clauses-inc='1.1999144885078772'", "sp-learned-size-factor='0.11751895071672955'", "sp-orig-clause-sort-heur=''6''", "sp-phase-dec-heur=''2''", "sp-rand-var-dec-freq=''0''", "sp-resolution=''0''", "sp-restart-inc='1.8500140521115382'", "sp-update-dec-queue=''1''", "sp-use-pure-literal-rule=''1''", "sp-var-activity-inc='0.9891927873681374'", "sp-var-dec-heur=''2''", "sp-variable-decay='1.6095504930240254'"]}
{"total_cpu_time": null, "evaluations": 9312, "cost": 0.008847668605244363, "wallclock_time": 11326.13971567154, "cpu_time": 9220.541999999901, "incumbent": ["sp-clause-activity-inc='1.149777341765403'", "sp-clause-decay='1.7449174284350744'", "sp-clause-del-heur=''2''", "sp-first-restart='3200'", "sp-learned-clause-sort-heur=''4''", "sp-learned-clauses-inc='1.1999144885078772'", "sp-learned-size-factor='0.11751895071672955'", "sp-orig-clause-sort-heur=''6''", "sp-phase-dec-heur=''2''", "sp-rand-var-dec-freq=''0.001''", "sp-resolution=''0''", "sp-restart-inc='1.8601240929940273'", "sp-update-dec-queue=''1''", "sp-use-pure-literal-rule=''1''", "sp-var-activity-inc='0.9891927873681374'", "sp-var-dec-heur=''2''", "sp-variable-decay='1.6095504930240254'", "sp-rand-var-dec-scaling='1.0'"]}
{"total_cpu_time": null, "evaluations": 10295, "cost": 0.008409393491124262, "wallclock_time": 12275.086128473282, "cpu_time": 10140.893999999887, "incumbent": ["sp-clause-activity-inc='1.149777341765403'", "sp-clause-decay='1.5866276526008025'", "sp-clause-del-heur=''2''", "sp-first-restart='3200'", "sp-learned-clause-sort-heur=''4''", "sp-learned-clauses-inc='1.1999144885078772'", "sp-learned-size-factor='0.11848502739283254'", "sp-orig-clause-sort-heur=''5''", "sp-phase-dec-heur=''2''", "sp-rand-var-dec-freq=''0''", "sp-resolution=''0''", "sp-restart-inc='1.7823502715607382'", "sp-update-dec-queue=''1''", "sp-use-pure-literal-rule=''1''", "sp-var-activity-inc='0.9891927873681374'", "sp-var-dec-heur=''2''", "sp-variable-decay='1.6095504930240254'"]}
{"total_cpu_time": null, "evaluations": 10711, "cost": 0.008225357079880096, "wallclock_time": 12647.857991695404, "cpu_time": 10509.629999999872, "incumbent": ["sp-clause-activity-inc='1.1535970307277017'", "sp-clause-decay='1.588704730374512'", "sp-clause-del-heur=''2''", "sp-first-restart='3200'", "sp-learned-clause-sort-heur=''4''", "sp-learned-clauses-inc='1.1393350427909983'", "sp-learned-size-factor='0.11751895071672955'", "sp-orig-clause-sort-heur=''6''", "sp-phase-dec-heur=''2''", "sp-rand-var-dec-freq=''0''", "sp-resolution=''0''", "sp-restart-inc='1.7312480720346204'", "sp-update-dec-queue=''1''", "sp-use-pure-literal-rule=''1''", "sp-var-activity-inc='0.9891927873681374'", "sp-var-dec-heur=''2''", "sp-variable-decay='1.6095504930240254'"]}
{"total_cpu_time": null, "evaluations": 14039, "cost": 0.007199781435694282, "wallclock_time": 15751.013007879257, "cpu_time": 13668.425999999887, "incumbent": ["sp-clause-activity-inc='1.1874923672649569'", "sp-clause-decay='1.6145285745574494'", "sp-clause-del-heur=''2''", "sp-first-restart='3200'", "sp-learned-clause-sort-heur=''4''", "sp-learned-clauses-inc='1.139151974525456'", "sp-learned-size-factor='0.21036538281135972'", "sp-orig-clause-sort-heur=''5''", "sp-phase-dec-heur=''2''", "sp-rand-var-dec-freq=''0''", "sp-resolution=''0''", "sp-restart-inc='1.8223010566164284'", "sp-update-dec-queue=''1''", "sp-use-pure-literal-rule=''1''", "sp-var-activity-inc='0.9454319872068709'", "sp-var-dec-heur=''2''", "sp-variable-decay='1.6095504930240254'"]}
{"total_cpu_time": null, "evaluations": 14753, "cost": 0.007138137356919875, "wallclock_time": 16414.750457525253, "cpu_time": 14332.503999999877, "incumbent": ["sp-clause-activity-inc='1.1144217839385533'", "sp-clause-decay='1.5678409040408807'", "sp-clause-del-heur=''2''", "sp-first-restart='3200'", "sp-learned-clause-sort-heur=''4''", "sp-learned-clauses-inc='1.1999144885078772'", "sp-learned-size-factor='0.18970183387027023'", "sp-orig-clause-sort-heur=''5''", "sp-phase-dec-heur=''2''", "sp-rand-var-dec-freq=''0''", "sp-resolution=''0''", "sp-restart-inc='1.873961197756902'", "sp-update-dec-queue=''1''", "sp-use-pure-literal-rule=''1''", "sp-var-activity-inc='0.9891927873681374'", "sp-var-dec-heur=''2''", "sp-variable-decay='1.6095504930240254'"]}
{"total_cpu_time": null, "evaluations": 15001, "cost": 0.006746880000000004, "wallclock_time": 16617.800159215927, "cpu_time": 14543.971999999867, "incumbent": ["sp-clause-activity-inc='1.1366783828299787'", "sp-clause-decay='1.588704730374512'", "sp-clause-del-heur=''2''", "sp-first-restart='3200'", "sp-learned-clause-sort-heur=''4''", "sp-learned-clauses-inc='1.1357008818777403'", "sp-learned-size-factor='0.11751895071672955'", "sp-orig-clause-sort-heur=''5''", "sp-phase-dec-heur=''2''", "sp-rand-var-dec-freq=''0''", "sp-resolution=''0''", "sp-restart-inc='1.7422456979397103'", "sp-update-dec-queue=''1''", "sp-use-pure-literal-rule=''1''", "sp-var-activity-inc='0.9893872802347363'", "sp-var-dec-heur=''0''", "sp-variable-decay='1.6095504930240254'"]}
{"total_cpu_time": null, "evaluations": 15987, "cost": 0.006572927847346457, "wallclock_time": 17575.35682296753, "cpu_time": 15424.667999999847, "incumbent": ["sp-clause-activity-inc='1.1535970307277017'", "sp-clause-decay='1.588704730374512'", "sp-clause-del-heur=''2''", "sp-first-restart='3200'", "sp-learned-clause-sort-heur=''4''", "sp-learned-clauses-inc='1.1357008818777403'", "sp-learned-size-factor='0.11751895071672955'", "sp-orig-clause-sort-heur=''6''", "sp-phase-dec-heur=''2''", "sp-rand-var-dec-freq=''0''", "sp-resolution=''0''", "sp-restart-inc='1.7422456979397103'", "sp-update-dec-queue=''1''", "sp-use-pure-literal-rule=''1''", "sp-var-activity-inc='0.9891927873681374'", "sp-var-dec-heur=''2''", "sp-variable-decay='1.6095504930240254'"]}
{"total_cpu_time": null, "evaluations": 16229, "cost": 0.006510769230769232, "wallclock_time": 17833.795726776123, "cpu_time": 15646.083999999839, "incumbent": ["sp-clause-activity-inc='1.1380963843820462'", "sp-clause-decay='1.5820135402757907'", "sp-clause-del-heur=''2''", "sp-first-restart='3200'", "sp-learned-clause-sort-heur=''4''", "sp-learned-clauses-inc='1.1393350427909983'", "sp-learned-size-factor='0.12216283429472329'", "sp-orig-clause-sort-heur=''6''", "sp-phase-dec-heur=''2''", "sp-rand-var-dec-freq=''0''", "sp-resolution=''0''", "sp-restart-inc='1.7706095352064046'", "sp-update-dec-queue=''1''", "sp-use-pure-literal-rule=''1''", "sp-var-activity-inc='0.9891927873681374'", "sp-var-dec-heur=''0''", "sp-variable-decay='1.6095504930240254'"]}
