"CPU Time Used","Estimated Training Performance","Wallclock Time","Incumbent ID","Automatic Configurator (CPU) Time","Configuration..."
0.000000, 2147483648.000000, 0.001537, 1, 0.001537, adaptive=''1'', clausepen=''1'', performrandomwalk=''0'', singleclause=''1'', tabusearch=''0'', adaptivenoisescheme=''1'', adaptwalkprob=''0'', heuristic=''2'', promisinglist=''1'', ps='0.4', selectclause=''1'', smoothingscheme=''1'', adaptiveprom=''0'', decreasingvariable=''3'', performalternatenovelty=''1'', phi='5', theta='6', updateschemepromlist=''3'', wp='0.01', CONadaptpromwalkprob=''0''
1.392000, 1.392000, 1.888212, 1, 0.496212, adaptive=''1'', clausepen=''1'', performrandomwalk=''0'', singleclause=''1'', tabusearch=''0'', adaptivenoisescheme=''1'', adaptwalkprob=''0'', heuristic=''2'', promisinglist=''1'', ps='0.4', selectclause=''1'', smoothingscheme=''1'', adaptiveprom=''0'', decreasingvariable=''3'', performalternatenovelty=''1'', phi='5', theta='6', updateschemepromlist=''3'', wp='0.01', CONadaptpromwalkprob=''0''
4.576000, 0.010160, 9.293895, 2, 4.717895, adaptive=''1'', clausepen=''0'', performrandomwalk=''1'', singleclause=''1'', tabusearch=''1'', CONselectclause=''1'', adaptivenoisescheme=''2'', adaptwalkprob=''0'', heuristic=''8'', promisinglist=''1'', randomwalk=''4'', tabu='2', adaptiveprom=''1'', decreasingvariable=''7'', rfp='0.12012172717631044', updateschemepromlist=''2'', adaptpromwalkprob=''0'', promphi='8', promtheta='8'
17.464000, 0.006000, 25.489842, 6, 8.025842, adaptive=''0'', clausepen=''0'', performrandomwalk=''1'', singleclause=''1'', tabusearch=''1'', CONadaptwalkprob=''0'', CONselectclause=''1'', c='0.010000000000000014', heuristic=''8'', promisinglist=''1'', randomwalk=''4'', s='0.010000000000000004', tabu='2', adaptiveprom=''1'', decreasingvariable=''7'', rfp='0.12012172717631044', updateschemepromlist=''2'', wpwalk='0.5', adaptpromwalkprob=''0'', promphi='8', promtheta='8'
32.776000, 0.003714, 42.677193, 9, 9.901193, adaptive=''0'', clausepen=''0'', performrandomwalk=''1'', singleclause=''1'', tabusearch=''1'', CONadaptwalkprob=''0'', CONselectclause=''1'', c='0.010000000000000014', heuristic=''8'', promisinglist=''1'', randomwalk=''4'', s='0.010000000000000004', tabu='2', adaptiveprom=''1'', decreasingvariable=''7'', rfp='0.12012172717631044', updateschemepromlist=''2'', wpwalk='0.5', adaptpromwalkprob=''0'', promphi='7', promtheta='8'
45.104000, 0.002000, 63.751345, 19, 18.647345, adaptive=''0'', clausepen=''0'', performrandomwalk=''1'', singleclause=''1'', tabusearch=''1'', CONadaptwalkprob=''0'', CONselectclause=''1'', c='0.010000000000000014', heuristic=''12'', promisinglist=''1'', randomwalk=''4'', s='0.005728293806866696', tabu='2', CONdp='0.05', adaptiveprom=''1'', decreasingvariable=''7'', novnoise='0.5', performalternatenovelty=''1'', rfp='0.12012172717631044', updateschemepromlist=''2'', adaptpromwalkprob=''0'', promphi='7', promtheta='8'
52.356000, 0.001778, 86.473021, 16, 34.117021, adaptive=''0'', clausepen=''0'', performrandomwalk=''1'', singleclause=''1'', tabusearch=''1'', CONadaptwalkprob=''0'', CONselectclause=''1'', c='0.010000000000000014', heuristic=''12'', promisinglist=''1'', randomwalk=''4'', s='0.010000000000000004', tabu='2', CONdp='0.05', adaptiveprom=''1'', decreasingvariable=''7'', novnoise='0.5', performalternatenovelty=''1'', rfp='0.12012172717631044', updateschemepromlist=''2'', adaptpromwalkprob=''0'', promphi='7', promtheta='8'
62.224000, 0.001600, 111.310424, 31, 49.086424, adaptive=''0'', clausepen=''0'', performrandomwalk=''1'', singleclause=''1'', tabusearch=''1'', CONadaptwalkprob=''0'', CONselectclause=''1'', c='0.051133594711502424', heuristic=''12'', promisinglist=''1'', randomwalk=''4'', s='0.010000000000000004', tabu='2', CONdp='0.05', adaptiveprom=''1'', decreasingvariable=''7'', novnoise='0.5', performalternatenovelty=''1'', rfp='0.12012172717631044', updateschemepromlist=''2'', adaptpromwalkprob=''1'', promphi='7', promtheta='8'
74.164000, 0.001524, 124.594586, 27, 50.430586, adaptive=''0'', clausepen=''0'', performrandomwalk=''1'', singleclause=''1'', tabusearch=''1'', CONadaptwalkprob=''0'', CONselectclause=''1'', c='0.051133594711502424', heuristic=''12'', promisinglist=''1'', randomwalk=''4'', s='0.010000000000000004', tabu='2', CONdp='0.05', adaptiveprom=''1'', decreasingvariable=''7'', novnoise='0.5', performalternatenovelty=''1'', rfp='0.12012172717631044', updateschemepromlist=''2'', adaptpromwalkprob=''0'', promphi='7', promtheta='8'
82.832000, 0.001391, 153.503323, 38, 70.671323, adaptive=''0'', clausepen=''0'', performrandomwalk=''1'', singleclause=''1'', tabusearch=''1'', CONadaptwalkprob=''0'', CONselectclause=''1'', c='0.051133594711502424', heuristic=''10'', promisinglist=''1'', randomwalk=''4'', s='0.010000000000000004', tabu='2', adaptiveprom=''1'', decreasingvariable=''7'', novnoise='0.5', performalternatenovelty=''1'', rfp='0.12012172717631044', updateschemepromlist=''2'', adaptpromwalkprob=''0'', promphi='7', promtheta='8'
111.180000, 0.001280, 184.667498, 44, 73.487498, adaptive=''0'', clausepen=''0'', performrandomwalk=''1'', singleclause=''1'', tabusearch=''1'', CONadaptwalkprob=''0'', CONselectclause=''1'', c='0.051133594711502424', heuristic=''10'', promisinglist=''1'', randomwalk=''4'', s='0.010000000000000004', tabu='2', adaptiveprom=''1'', decreasingvariable=''7'', novnoise='0.5', performalternatenovelty=''0'', rfp='0.12012172717631044', updateschemepromlist=''2'', adaptpromwalkprob=''0'', promphi='7', promtheta='8'
115.244000, 0.001231, 201.248628, 46, 86.004628, adaptive=''0'', clausepen=''0'', performrandomwalk=''1'', singleclause=''1'', tabusearch=''1'', CONadaptwalkprob=''0'', CONselectclause=''1'', c='0.003910907189346604', heuristic=''10'', promisinglist=''1'', randomwalk=''4'', s='0.010000000000000004', tabu='2', adaptiveprom=''1'', decreasingvariable=''7'', novnoise='0.5', performalternatenovelty=''1'', rfp='0.12012172717631044', updateschemepromlist=''2'', adaptpromwalkprob=''0'', promphi='7', promtheta='8'
118.636000, 0.001185, 218.400123, 38, 99.764123, adaptive=''0'', clausepen=''0'', performrandomwalk=''1'', singleclause=''1'', tabusearch=''1'', CONadaptwalkprob=''0'', CONselectclause=''1'', c='0.051133594711502424', heuristic=''10'', promisinglist=''1'', randomwalk=''4'', s='0.010000000000000004', tabu='2', adaptiveprom=''1'', decreasingvariable=''7'', novnoise='0.5', performalternatenovelty=''1'', rfp='0.12012172717631044', updateschemepromlist=''2'', adaptpromwalkprob=''0'', promphi='7', promtheta='8'
163.348000, 0.001067, 274.242405, 48, 110.894405, adaptive=''0'', clausepen=''0'', performrandomwalk=''1'', singleclause=''1'', tabusearch=''1'', CONadaptwalkprob=''0'', CONselectclause=''1'', c='0.051133594711502424', heuristic=''10'', promisinglist=''1'', randomwalk=''4'', s='0.010000000000000004', tabu='2', adaptiveprom=''1'', decreasingvariable=''7'', novnoise='0.5', performalternatenovelty=''1'', rfp='0.12012172717631044', updateschemepromlist=''2'', adaptpromwalkprob=''1'', promphi='7', promtheta='8'
168.252000, 0.001032, 294.063218, 57, 125.811218, adaptive=''0'', clausepen=''0'', performrandomwalk=''1'', singleclause=''1'', tabusearch=''1'', CONadaptwalkprob=''0'', CONselectclause=''1'', c='0.051133594711502424', heuristic=''10'', promisinglist=''1'', randomwalk=''4'', s='0.005423610877760575', tabu='2', adaptiveprom=''1'', decreasingvariable=''7'', novnoise='0.5', performalternatenovelty=''1'', rfp='0.12012172717631044', updateschemepromlist=''2'', adaptpromwalkprob=''0'', promphi='7', promtheta='8'
177.908000, 0.001000, 314.906249, 38, 136.998249, adaptive=''0'', clausepen=''0'', performrandomwalk=''1'', singleclause=''1'', tabusearch=''1'', CONadaptwalkprob=''0'', CONselectclause=''1'', c='0.051133594711502424', heuristic=''10'', promisinglist=''1'', randomwalk=''4'', s='0.010000000000000004', tabu='2', adaptiveprom=''1'', decreasingvariable=''7'', novnoise='0.5', performalternatenovelty=''1'', rfp='0.12012172717631044', updateschemepromlist=''2'', adaptpromwalkprob=''0'', promphi='7', promtheta='8'
190.696000, 0.000970, 335.670603, 48, 144.974603, adaptive=''0'', clausepen=''0'', performrandomwalk=''1'', singleclause=''1'', tabusearch=''1'', CONadaptwalkprob=''0'', CONselectclause=''1'', c='0.051133594711502424', heuristic=''10'', promisinglist=''1'', randomwalk=''4'', s='0.010000000000000004', tabu='2', adaptiveprom=''1'', decreasingvariable=''7'', novnoise='0.5', performalternatenovelty=''1'', rfp='0.12012172717631044', updateschemepromlist=''2'', adaptpromwalkprob=''1'', promphi='7', promtheta='8'
195.936000, 0.000941, 357.535736, 62, 161.599736, adaptive=''0'', clausepen=''0'', performrandomwalk=''1'', singleclause=''1'', tabusearch=''1'', CONadaptwalkprob=''0'', CONselectclause=''1'', c='0.023868723851490758', heuristic=''10'', promisinglist=''1'', randomwalk=''4'', s='0.010000000000000004', tabu='2', adaptiveprom=''1'', decreasingvariable=''7'', novnoise='0.5', performalternatenovelty=''1'', rfp='0.12012172717631044', updateschemepromlist=''2'', adaptpromwalkprob=''0'', promphi='7', promtheta='8'
217.340000, 0.000914, 379.730966, 38, 162.390966, adaptive=''0'', clausepen=''0'', performrandomwalk=''1'', singleclause=''1'', tabusearch=''1'', CONadaptwalkprob=''0'', CONselectclause=''1'', c='0.051133594711502424', heuristic=''10'', promisinglist=''1'', randomwalk=''4'', s='0.010000000000000004', tabu='2', adaptiveprom=''1'', decreasingvariable=''7'', novnoise='0.5', performalternatenovelty=''1'', rfp='0.12012172717631044', updateschemepromlist=''2'', adaptpromwalkprob=''0'', promphi='7', promtheta='8'
274.252000, 0.000842, 451.248674, 68, 176.996674, adaptive=''0'', clausepen=''0'', performrandomwalk=''1'', singleclause=''1'', tabusearch=''1'', CONadaptwalkprob=''0'', CONselectclause=''1'', c='0.004383214219853005', heuristic=''10'', promisinglist=''1'', randomwalk=''4'', s='0.016372270564530635', tabu='2', adaptiveprom=''1'', decreasingvariable=''7'', novnoise='0.5', performalternatenovelty=''1'', rfp='0.12012172717631044', updateschemepromlist=''2'', adaptpromwalkprob=''0'', promphi='7', promtheta='8'
284.316000, 0.000821, 476.218831, 66, 191.902831, adaptive=''0'', clausepen=''0'', performrandomwalk=''1'', singleclause=''1'', tabusearch=''1'', CONadaptwalkprob=''0'', CONselectclause=''1'', c='0.051133594711502424', heuristic=''10'', promisinglist=''1'', randomwalk=''4'', s='0.016372270564530635', tabu='2', adaptiveprom=''1'', decreasingvariable=''7'', novnoise='0.5', performalternatenovelty=''1'', rfp='0.12012172717631044', updateschemepromlist=''2'', adaptpromwalkprob=''0'', promphi='7', promtheta='8'
290.148000, 0.000800, 502.000272, 74, 211.852272, adaptive=''0'', clausepen=''0'', performrandomwalk=''1'', singleclause=''1'', tabusearch=''1'', CONadaptwalkprob=''0'', CONselectclause=''1'', c='0.051133594711502424', heuristic=''10'', promisinglist=''1'', randomwalk=''4'', s='0.016372270564530635', tabu='2', adaptiveprom=''1'', decreasingvariable=''7'', novnoise='0.5', performalternatenovelty=''0'', rfp='0.12012172717631044', updateschemepromlist=''2'', adaptpromwalkprob=''0'', promphi='6', promtheta='8'
295.236000, 0.000780, 528.548323, 71, 233.312323, adaptive=''0'', clausepen=''0'', performrandomwalk=''1'', singleclause=''1'', tabusearch=''1'', CONadaptwalkprob=''0'', CONselectclause=''1'', c='0.051133594711502424', heuristic=''10'', promisinglist=''1'', randomwalk=''4'', s='0.016372270564530635', tabu='2', adaptiveprom=''1'', decreasingvariable=''7'', novnoise='0.5', performalternatenovelty=''1'', rfp='0.12012172717631044', updateschemepromlist=''2'', adaptpromwalkprob=''0'', promphi='6', promtheta='8'
307.208000, 0.000762, 555.731628, 77, 248.523628, adaptive=''0'', clausepen=''0'', performrandomwalk=''1'', singleclause=''1'', tabusearch=''1'', CONadaptwalkprob=''0'', CONselectclause=''1'', c='0.051133594711502424', heuristic=''10'', promisinglist=''1'', randomwalk=''4'', s='0.016372270564530635', tabu='2', adaptiveprom=''1'', decreasingvariable=''7'', novnoise='0.5', performalternatenovelty=''0'', rfp='0.12012172717631044', updateschemepromlist=''2'', adaptpromwalkprob=''1'', promphi='6', promtheta='8'
331.480000, 0.000744, 583.252687, 81, 251.772687, adaptive=''0'', clausepen=''0'', performrandomwalk=''1'', singleclause=''1'', tabusearch=''1'', CONadaptwalkprob=''0'', CONselectclause=''1'', c='0.051133594711502424', heuristic=''12'', promisinglist=''1'', randomwalk=''4'', s='0.016372270564530635', tabu='2', CONdp='0.05', adaptiveprom=''1'', decreasingvariable=''7'', novnoise='0.5', performalternatenovelty=''0'', rfp='0.12012172717631044', updateschemepromlist=''2'', adaptpromwalkprob=''0'', promphi='6', promtheta='8'
340.624000, 0.000727, 611.798751, 84, 271.174751, adaptive=''0'', clausepen=''0'', performrandomwalk=''1'', singleclause=''1'', tabusearch=''1'', CONadaptwalkprob=''0'', CONselectclause=''1'', c='0.051133594711502424', heuristic=''10'', promisinglist=''1'', randomwalk=''4'', s='0.016372270564530635', tabu='2', adaptiveprom=''1'', decreasingvariable=''7'', novnoise='0.5', performalternatenovelty=''0'', rfp='0.12012172717631044', updateschemepromlist=''2'', adaptpromwalkprob=''0'', promphi='5', promtheta='8'
355.484000, 0.000711, 641.224738, 74, 285.740738, adaptive=''0'', clausepen=''0'', performrandomwalk=''1'', singleclause=''1'', tabusearch=''1'', CONadaptwalkprob=''0'', CONselectclause=''1'', c='0.051133594711502424', heuristic=''10'', promisinglist=''1'', randomwalk=''4'', s='0.016372270564530635', tabu='2', adaptiveprom=''1'', decreasingvariable=''7'', novnoise='0.5', performalternatenovelty=''0'', rfp='0.12012172717631044', updateschemepromlist=''2'', adaptpromwalkprob=''0'', promphi='6', promtheta='8'
406.772000, 0.000667, 732.586392, 95, 325.814392, adaptive=''0'', clausepen=''0'', performrandomwalk=''1'', singleclause=''1'', tabusearch=''1'', CONadaptwalkprob=''0'', CONselectclause=''1'', c='0.051133594711502424', heuristic=''10'', promisinglist=''1'', randomwalk=''4'', s='0.02535233248744993', tabu='2', adaptiveprom=''1'', decreasingvariable=''7'', novnoise='0.5', performalternatenovelty=''0'', rfp='0.12012172717631044', updateschemepromlist=''2'', adaptpromwalkprob=''0'', promphi='6', promtheta='8'
432.668000, 0.000640, 797.585191, 101, 364.917191, adaptive=''0'', clausepen=''0'', performrandomwalk=''1'', singleclause=''1'', tabusearch=''1'', CONadaptwalkprob=''0'', CONselectclause=''1'', c='0.051133594711502424', heuristic=''10'', promisinglist=''1'', randomwalk=''4'', s='0.02535233248744993', tabu='2', adaptiveprom=''1'', decreasingvariable=''7'', novnoise='0.5', performalternatenovelty=''0'', rfp='0.12012172717631044', updateschemepromlist=''2'', adaptpromwalkprob=''1'', promphi='6', promtheta='8'
441.036000, 0.000627, 830.766900, 103, 389.730900, adaptive=''0'', clausepen=''0'', performrandomwalk=''1'', singleclause=''1'', tabusearch=''1'', CONadaptwalkprob=''0'', CONselectclause=''1'', c='0.051133594711502424', heuristic=''10'', promisinglist=''1'', randomwalk=''4'', s='0.02535233248744993', tabu='2', adaptiveprom=''1'', decreasingvariable=''7'', novnoise='0.5', performalternatenovelty=''0'', rfp='0.12012172717631044', updateschemepromlist=''2'', adaptpromwalkprob=''0'', promphi='7', promtheta='8'
459.348000, 0.000604, 899.166188, 95, 439.818188, adaptive=''0'', clausepen=''0'', performrandomwalk=''1'', singleclause=''1'', tabusearch=''1'', CONadaptwalkprob=''0'', CONselectclause=''1'', c='0.051133594711502424', heuristic=''10'', promisinglist=''1'', randomwalk=''4'', s='0.02535233248744993', tabu='2', adaptiveprom=''1'', decreasingvariable=''7'', novnoise='0.5', performalternatenovelty=''0'', rfp='0.12012172717631044', updateschemepromlist=''2'', adaptpromwalkprob=''0'', promphi='6', promtheta='8'
481.088000, 0.000583, 970.196255, 110, 489.108255, adaptive=''0'', clausepen=''0'', performrandomwalk=''1'', singleclause=''1'', tabusearch=''1'', CONadaptwalkprob=''0'', CONselectclause=''1'', c='0.001442400316447692', heuristic=''10'', promisinglist=''1'', randomwalk=''4'', s='0.02535233248744993', tabu='2', adaptiveprom=''1'', decreasingvariable=''7'', novnoise='0.5', performalternatenovelty=''0'', rfp='0.12012172717631044', updateschemepromlist=''2'', adaptpromwalkprob=''0'', promphi='6', promtheta='8'
522.524000, 0.000571, 1007.296008, 95, 484.772008, adaptive=''0'', clausepen=''0'', performrandomwalk=''1'', singleclause=''1'', tabusearch=''1'', CONadaptwalkprob=''0'', CONselectclause=''1'', c='0.051133594711502424', heuristic=''10'', promisinglist=''1'', randomwalk=''4'', s='0.02535233248744993', tabu='2', adaptiveprom=''1'', decreasingvariable=''7'', novnoise='0.5', performalternatenovelty=''0'', rfp='0.12012172717631044', updateschemepromlist=''2'', adaptpromwalkprob=''0'', promphi='6', promtheta='8'
547.460000, 0.000561, 1044.216066, 115, 496.756066, adaptive=''0'', clausepen=''0'', performrandomwalk=''1'', singleclause=''1'', tabusearch=''1'', CONadaptwalkprob=''0'', CONselectclause=''1'', c='0.051133594711502424', heuristic=''10'', promisinglist=''1'', randomwalk=''4'', s='0.02535233248744993', tabu='2', adaptiveprom=''1'', decreasingvariable=''7'', novnoise='0.5', performalternatenovelty=''0'', rfp='0.12012172717631044', updateschemepromlist=''2'', adaptpromwalkprob=''0'', promphi='4', promtheta='8'
580.472000, 0.000552, 1082.119004, 95, 501.647004, adaptive=''0'', clausepen=''0'', performrandomwalk=''1'', singleclause=''1'', tabusearch=''1'', CONadaptwalkprob=''0'', CONselectclause=''1'', c='0.051133594711502424', heuristic=''10'', promisinglist=''1'', randomwalk=''4'', s='0.02535233248744993', tabu='2', adaptiveprom=''1'', decreasingvariable=''7'', novnoise='0.5', performalternatenovelty=''0'', rfp='0.12012172717631044', updateschemepromlist=''2'', adaptpromwalkprob=''0'', promphi='6', promtheta='8'
987.192000, 0.000432, 1780.854433, 139, 793.662433, adaptive=''0'', clausepen=''0'', performrandomwalk=''1'', singleclause=''1'', tabusearch=''1'', CONadaptwalkprob=''0'', CONselectclause=''1'', c='0.04778221938178793', heuristic=''10'', promisinglist=''1'', randomwalk=''4'', s='0.02535233248744993', tabu='2', adaptiveprom=''1'', decreasingvariable=''7'', novnoise='0.5', performalternatenovelty=''0'', rfp='0.12012172717631044', updateschemepromlist=''2'', adaptpromwalkprob=''0'', promphi='6', promtheta='8'
1019.600000, 0.000427, 1829.440968, 140, 809.840968, adaptive=''0'', clausepen=''0'', performrandomwalk=''1'', singleclause=''1'', tabusearch=''1'', CONadaptwalkprob=''0'', CONselectclause=''1'', c='0.013187452163311098', heuristic=''10'', promisinglist=''1'', randomwalk=''4'', s='0.02535233248744993', tabu='2', adaptiveprom=''1'', decreasingvariable=''7'', novnoise='0.5', performalternatenovelty=''0'', rfp='0.12012172717631044', updateschemepromlist=''2'', adaptpromwalkprob=''0'', promphi='6', promtheta='8'
1038.948000, 0.000421, 1878.909585, 95, 839.961585, adaptive=''0'', clausepen=''0'', performrandomwalk=''1'', singleclause=''1'', tabusearch=''1'', CONadaptwalkprob=''0'', CONselectclause=''1'', c='0.051133594711502424', heuristic=''10'', promisinglist=''1'', randomwalk=''4'', s='0.02535233248744993', tabu='2', adaptiveprom=''1'', decreasingvariable=''7'', novnoise='0.5', performalternatenovelty=''0'', rfp='0.12012172717631044', updateschemepromlist=''2'', adaptpromwalkprob=''0'', promphi='6', promtheta='8'
1056.724000, 0.000416, 1931.369184, 102, 874.645184, adaptive=''0'', clausepen=''0'', performrandomwalk=''1'', singleclause=''1'', tabusearch=''1'', CONadaptwalkprob=''0'', CONselectclause=''1'', c='0.051133594711502424', heuristic=''10'', promisinglist=''1'', randomwalk=''4'', s='0.02535233248744993', tabu='2', adaptiveprom=''1'', decreasingvariable=''7'', novnoise='0.5', performalternatenovelty=''1'', rfp='0.12012172717631044', updateschemepromlist=''2'', adaptpromwalkprob=''0'', promphi='6', promtheta='8'
1066.888000, 0.000410, 1982.488689, 144, 915.600689, adaptive=''0'', clausepen=''0'', performrandomwalk=''1'', singleclause=''1'', tabusearch=''1'', CONadaptwalkprob=''0'', CONselectclause=''1'', c='0.051133594711502424', heuristic=''10'', promisinglist=''1'', randomwalk=''4'', s='0.02535233248744993', tabu='2', adaptiveprom=''1'', decreasingvariable=''7'', novnoise='0.5', performalternatenovelty=''0'', rfp='0.12012172717631044', updateschemepromlist=''2'', adaptpromwalkprob=''0'', promphi='5', promtheta='8'
1119.748000, 0.000405, 2034.382205, 95, 914.634205, adaptive=''0'', clausepen=''0'', performrandomwalk=''1'', singleclause=''1'', tabusearch=''1'', CONadaptwalkprob=''0'', CONselectclause=''1'', c='0.051133594711502424', heuristic=''10'', promisinglist=''1'', randomwalk=''4'', s='0.02535233248744993', tabu='2', adaptiveprom=''1'', decreasingvariable=''7'', novnoise='0.5', performalternatenovelty=''0'', rfp='0.12012172717631044', updateschemepromlist=''2'', adaptpromwalkprob=''0'', promphi='6', promtheta='8'
1257.404000, 0.000395, 2138.126266, 146, 880.722266, adaptive=''0'', clausepen=''0'', performrandomwalk=''1'', singleclause=''1'', tabusearch=''1'', CONadaptwalkprob=''0'', CONselectclause=''1'', c='0.06922323922918533', heuristic=''10'', promisinglist=''1'', randomwalk=''4'', s='0.02535233248744993', tabu='2', adaptiveprom=''1'', decreasingvariable=''7'', novnoise='0.5', performalternatenovelty=''0'', rfp='0.12012172717631044', updateschemepromlist=''2'', adaptpromwalkprob=''0'', promphi='6', promtheta='8'
1342.660000, 0.000381, 2301.071296, 147, 958.411296, adaptive=''0'', clausepen=''0'', performrandomwalk=''1'', singleclause=''1'', tabusearch=''1'', CONadaptwalkprob=''0'', CONselectclause=''1'', c='0.06922323922918533', heuristic=''10'', promisinglist=''1'', randomwalk=''4'', s='0.02535233248744993', tabu='2', adaptiveprom=''1'', decreasingvariable=''7'', novnoise='0.5', performalternatenovelty=''1'', rfp='0.12012172717631044', updateschemepromlist=''2'', adaptpromwalkprob=''0'', promphi='6', promtheta='8'
1372.184000, 0.000372, 2415.536807, 156, 1043.352807, adaptive=''0'', clausepen=''0'', performrandomwalk=''1'', singleclause=''1'', tabusearch=''1'', CONadaptwalkprob=''0'', CONselectclause=''1'', c='0.08677234763930071', heuristic=''10'', promisinglist=''1'', randomwalk=''4'', s='0.02535233248744993', tabu='2', adaptiveprom=''1'', decreasingvariable=''7'', novnoise='0.5', performalternatenovelty=''1'', rfp='0.12012172717631044', updateschemepromlist=''2'', adaptpromwalkprob=''0'', promphi='6', promtheta='8'
1390.736000, 0.000368, 2472.967918, 161, 1082.231918, adaptive=''0'', clausepen=''0'', performrandomwalk=''1'', singleclause=''1'', tabusearch=''1'', CONadaptwalkprob=''0'', CONselectclause=''1'', c='0.08677234763930071', heuristic=''10'', promisinglist=''1'', randomwalk=''4'', s='0.02535233248744993', tabu='2', adaptiveprom=''1'', decreasingvariable=''7'', novnoise='0.5', performalternatenovelty=''0'', rfp='0.12012172717631044', updateschemepromlist=''2'', adaptpromwalkprob=''1'', promphi='6', promtheta='8'
1436.076000, 0.000364, 2530.814649, 164, 1094.738649, adaptive=''0'', clausepen=''0'', performrandomwalk=''1'', singleclause=''1'', tabusearch=''1'', CONadaptwalkprob=''0'', CONselectclause=''1'', c='0.014498582990772054', heuristic=''10'', promisinglist=''1'', randomwalk=''4'', s='0.02535233248744993', tabu='2', adaptiveprom=''1'', decreasingvariable=''7'', novnoise='0.5', performalternatenovelty=''0'', rfp='0.12012172717631044', updateschemepromlist=''2'', adaptpromwalkprob=''0'', promphi='6', promtheta='8'
1498.644000, 0.000356, 2649.654568, 171, 1151.010568, adaptive=''0'', clausepen=''0'', performrandomwalk=''1'', singleclause=''1'', tabusearch=''1'', CONadaptwalkprob=''0'', CONselectclause=''1'', c='0.014498582990772054', heuristic=''10'', promisinglist=''1'', randomwalk=''4'', s='0.02535233248744993', tabu='2', adaptiveprom=''1'', decreasingvariable=''7'', novnoise='0.5', performalternatenovelty=''1'', rfp='0.12012172717631044', updateschemepromlist=''2'', adaptpromwalkprob=''0'', promphi='6', promtheta='8'
1539.252000, 0.000352, 2710.619877, 164, 1171.367877, adaptive=''0'', clausepen=''0'', performrandomwalk=''1'', singleclause=''1'', tabusearch=''1'', CONadaptwalkprob=''0'', CONselectclause=''1'', c='0.014498582990772054', heuristic=''10'', promisinglist=''1'', randomwalk=''4'', s='0.02535233248744993', tabu='2', adaptiveprom=''1'', decreasingvariable=''7'', novnoise='0.5', performalternatenovelty=''0'', rfp='0.12012172717631044', updateschemepromlist=''2'', adaptpromwalkprob=''0'', promphi='6', promtheta='8'
1564.688000, 0.000348, 2771.787178, 174, 1207.099178, adaptive=''0'', clausepen=''0'', performrandomwalk=''1'', singleclause=''1'', tabusearch=''1'', CONadaptwalkprob=''0'', CONselectclause=''1'', c='0.014498582990772054', heuristic=''10'', promisinglist=''1'', randomwalk=''4'', s='0.02535233248744993', tabu='2', adaptiveprom=''1'', decreasingvariable=''7'', novnoise='0.5', performalternatenovelty=''0'', rfp='0.12012172717631044', updateschemepromlist=''2'', adaptpromwalkprob=''0'', promphi='7', promtheta='8'
1597.056000, 0.000344, 2833.994402, 164, 1236.938402, adaptive=''0'', clausepen=''0'', performrandomwalk=''1'', singleclause=''1'', tabusearch=''1'', CONadaptwalkprob=''0'', CONselectclause=''1'', c='0.014498582990772054', heuristic=''10'', promisinglist=''1'', randomwalk=''4'', s='0.02535233248744993', tabu='2', adaptiveprom=''1'', decreasingvariable=''7'', novnoise='0.5', performalternatenovelty=''0'', rfp='0.12012172717631044', updateschemepromlist=''2'', adaptpromwalkprob=''0'', promphi='6', promtheta='8'
1655.204000, 0.000340, 2896.370692, 174, 1241.166692, adaptive=''0'', clausepen=''0'', performrandomwalk=''1'', singleclause=''1'', tabusearch=''1'', CONadaptwalkprob=''0'', CONselectclause=''1'', c='0.014498582990772054', heuristic=''10'', promisinglist=''1'', randomwalk=''4'', s='0.02535233248744993', tabu='2', adaptiveprom=''1'', decreasingvariable=''7'', novnoise='0.5', performalternatenovelty=''0'', rfp='0.12012172717631044', updateschemepromlist=''2'', adaptpromwalkprob=''0'', promphi='7', promtheta='8'
1690.884000, 0.000337, 2960.031416, 164, 1269.147416, adaptive=''0'', clausepen=''0'', performrandomwalk=''1'', singleclause=''1'', tabusearch=''1'', CONadaptwalkprob=''0'', CONselectclause=''1'', c='0.014498582990772054', heuristic=''10'', promisinglist=''1'', randomwalk=''4'', s='0.02535233248744993', tabu='2', adaptiveprom=''1'', decreasingvariable=''7'', novnoise='0.5', performalternatenovelty=''0'', rfp='0.12012172717631044', updateschemepromlist=''2'', adaptpromwalkprob=''0'', promphi='6', promtheta='8'
1746.100000, 0.000333, 3023.720677, 171, 1277.620677, adaptive=''0'', clausepen=''0'', performrandomwalk=''1'', singleclause=''1'', tabusearch=''1'', CONadaptwalkprob=''0'', CONselectclause=''1'', c='0.014498582990772054', heuristic=''10'', promisinglist=''1'', randomwalk=''4'', s='0.02535233248744993', tabu='2', adaptiveprom=''1'', decreasingvariable=''7'', novnoise='0.5', performalternatenovelty=''1'', rfp='0.12012172717631044', updateschemepromlist=''2'', adaptpromwalkprob=''0'', promphi='6', promtheta='8'
1774.532000, 0.000330, 3092.041820, 164, 1317.509820, adaptive=''0'', clausepen=''0'', performrandomwalk=''1'', singleclause=''1'', tabusearch=''1'', CONadaptwalkprob=''0'', CONselectclause=''1'', c='0.014498582990772054', heuristic=''10'', promisinglist=''1'', randomwalk=''4'', s='0.02535233248744993', tabu='2', adaptiveprom=''1'', decreasingvariable=''7'', novnoise='0.5', performalternatenovelty=''0'', rfp='0.12012172717631044', updateschemepromlist=''2'', adaptpromwalkprob=''0'', promphi='6', promtheta='8'
1841.552000, 0.000305, 3157.101188, 182, 1315.549188, adaptive=''0'', clausepen=''0'', performrandomwalk=''1'', singleclause=''1'', tabusearch=''1'', CONadaptwalkprob=''0'', CONselectclause=''1'', c='0.014498582990772054', heuristic=''10'', promisinglist=''1'', randomwalk=''4'', s='0.02535233248744993', tabu='2', adaptiveprom=''1'', decreasingvariable=''7'', novnoise='0.5', performalternatenovelty=''0'', rfp='0.11192133139367333', updateschemepromlist=''2'', adaptpromwalkprob=''0'', promphi='6', promtheta='8'
2035.908000, 0.000295, 3424.920224, 196, 1389.012224, adaptive=''0'', clausepen=''0'', performrandomwalk=''1'', singleclause=''1'', tabusearch=''1'', CONadaptwalkprob=''0'', CONselectclause=''1'', c='0.009972220852265169', heuristic=''10'', promisinglist=''1'', randomwalk=''4'', s='0.02535233248744993', tabu='2', adaptiveprom=''1'', decreasingvariable=''7'', novnoise='0.5', performalternatenovelty=''0'', rfp='0.11192133139367333', updateschemepromlist=''2'', adaptpromwalkprob=''0'', promphi='5', promtheta='8'
