{"total_cpu_time": null, "wallclock_time": 0.0015368461608886719, "cpu_time": 0, "cost": 2147483648, "evaluations": 0, "incumbent": ["adaptive=''1''", "clausepen=''1''", "performrandomwalk=''0''", "singleclause=''1''", "tabusearch=''0''", "adaptivenoisescheme=''1''", "adaptwalkprob=''0''", "heuristic=''2''", "promisinglist=''1''", "ps='0.4'", "selectclause=''1''", "smoothingscheme=''1''", "adaptiveprom=''0''", "decreasingvariable=''3''", "performalternatenovelty=''1''", "phi='5'", "theta='6'", "updateschemepromlist=''3''", "wp='0.01'", "CONadaptpromwalkprob=''0''"]}
{"total_cpu_time": null, "wallclock_time": 1.888211727142334, "cpu_time": 1.392, "cost": 1.392, "evaluations": 1, "incumbent": ["adaptive=''1''", "clausepen=''1''", "performrandomwalk=''0''", "singleclause=''1''", "tabusearch=''0''", "adaptivenoisescheme=''1''", "adaptwalkprob=''0''", "heuristic=''2''", "promisinglist=''1''", "ps='0.4'", "selectclause=''1''", "smoothingscheme=''1''", "adaptiveprom=''0''", "decreasingvariable=''3''", "performalternatenovelty=''1''", "phi='5'", "theta='6'", "updateschemepromlist=''3''", "wp='0.01'", "CONadaptpromwalkprob=''0''"]}
{"total_cpu_time": null, "wallclock_time": 9.293894529342651, "cpu_time": 4.5760000000000005, "cost": 0.010159999999999999, "evaluations": 14, "incumbent": ["adaptive=''1''", "clausepen=''0''", "performrandomwalk=''1''", "singleclause=''1''", "tabusearch=''1''", "CONselectclause=''1''", "adaptivenoisescheme=''2''", "adaptwalkprob=''0''", "heuristic=''8''", "promisinglist=''1''", "randomwalk=''4''", "tabu='2'", "adaptiveprom=''1''", "decreasingvariable=''7''", "rfp='0.12012172717631044'", "updateschemepromlist=''2''", "adaptpromwalkprob=''0''", "promphi='8'", "promtheta='8'"]}
{"total_cpu_time": null, "wallclock_time": 25.489842176437378, "cpu_time": 17.46399999999998, "cost": 0.0059999999999999975, "evaluations": 93, "incumbent": ["adaptive=''0''", "clausepen=''0''", "performrandomwalk=''1''", "singleclause=''1''", "tabusearch=''1''", "CONadaptwalkprob=''0''", "CONselectclause=''1''", "c='0.010000000000000014'", "heuristic=''8''", "promisinglist=''1''", "randomwalk=''4''", "s='0.010000000000000004'", "tabu='2'", "adaptiveprom=''1''", "decreasingvariable=''7''", "rfp='0.12012172717631044'", "updateschemepromlist=''2''", "wpwalk='0.5'", "adaptpromwalkprob=''0''", "promphi='8'", "promtheta='8'"]}
{"total_cpu_time": null, "wallclock_time": 42.67719292640686, "cpu_time": 32.775999999999954, "cost": 0.003714285714285715, "evaluations": 177, "incumbent": ["adaptive=''0''", "clausepen=''0''", "performrandomwalk=''1''", "singleclause=''1''", "tabusearch=''1''", "CONadaptwalkprob=''0''", "CONselectclause=''1''", "c='0.010000000000000014'", "heuristic=''8''", "promisinglist=''1''", "randomwalk=''4''", "s='0.010000000000000004'", "tabu='2'", "adaptiveprom=''1''", "decreasingvariable=''7''", "rfp='0.12012172717631044'", "updateschemepromlist=''2''", "wpwalk='0.5'", "adaptpromwalkprob=''0''", "promphi='7'", "promtheta='8'"]}
{"total_cpu_time": null, "wallclock_time": 63.75134515762329, "cpu_time": 45.103999999999715, "cost": 0.002000000000000001, "evaluations": 282, "incumbent": ["adaptive=''0''", "clausepen=''0''", "performrandomwalk=''1''", "singleclause=''1''", "tabusearch=''1''", "CONadaptwalkprob=''0''", "CONselectclause=''1''", "c='0.010000000000000014'", "heuristic=''12''", "promisinglist=''1''", "randomwalk=''4''", "s='0.005728293806866696'", "tabu='2'", "CONdp='0.05'", "adaptiveprom=''1''", "decreasingvariable=''7''", "novnoise='0.5'", "performalternatenovelty=''1''", "rfp='0.12012172717631044'", "updateschemepromlist=''2''", "adaptpromwalkprob=''0''", "promphi='7'", "promtheta='8'"]}
{"total_cpu_time": null, "wallclock_time": 86.47302079200745, "cpu_time": 52.35599999999957, "cost": 0.0017777777777777785, "evaluations": 414, "incumbent": ["adaptive=''0''", "clausepen=''0''", "performrandomwalk=''1''", "singleclause=''1''", "tabusearch=''1''", "CONadaptwalkprob=''0''", "CONselectclause=''1''", "c='0.010000000000000014'", "heuristic=''12''", "promisinglist=''1''", "randomwalk=''4''", "s='0.010000000000000004'", "tabu='2'", "CONdp='0.05'", "adaptiveprom=''1''", "decreasingvariable=''7''", "novnoise='0.5'", "performalternatenovelty=''1''", "rfp='0.12012172717631044'", "updateschemepromlist=''2''", "adaptpromwalkprob=''0''", "promphi='7'", "promtheta='8'"]}
{"total_cpu_time": null, "wallclock_time": 111.31042385101318, "cpu_time": 62.22399999999916, "cost": 0.0016000000000000007, "evaluations": 559, "incumbent": ["adaptive=''0''", "clausepen=''0''", "performrandomwalk=''1''", "singleclause=''1''", "tabusearch=''1''", "CONadaptwalkprob=''0''", "CONselectclause=''1''", "c='0.051133594711502424'", "heuristic=''12''", "promisinglist=''1''", "randomwalk=''4''", "s='0.010000000000000004'", "tabu='2'", "CONdp='0.05'", "adaptiveprom=''1''", "decreasingvariable=''7''", "novnoise='0.5'", "performalternatenovelty=''1''", "rfp='0.12012172717631044'", "updateschemepromlist=''2''", "adaptpromwalkprob=''1''", "promphi='7'", "promtheta='8'"]}
{"total_cpu_time": null, "wallclock_time": 124.59458613395691, "cpu_time": 74.16399999999909, "cost": 0.0015238095238095245, "evaluations": 623, "incumbent": ["adaptive=''0''", "clausepen=''0''", "performrandomwalk=''1''", "singleclause=''1''", "tabusearch=''1''", "CONadaptwalkprob=''0''", "CONselectclause=''1''", "c='0.051133594711502424'", "heuristic=''12''", "promisinglist=''1''", "randomwalk=''4''", "s='0.010000000000000004'", "tabu='2'", "CONdp='0.05'", "adaptiveprom=''1''", "decreasingvariable=''7''", "novnoise='0.5'", "performalternatenovelty=''1''", "rfp='0.12012172717631044'", "updateschemepromlist=''2''", "adaptpromwalkprob=''0''", "promphi='7'", "promtheta='8'"]}
{"total_cpu_time": null, "wallclock_time": 153.5033233165741, "cpu_time": 82.831999999999, "cost": 0.0013913043478260875, "evaluations": 795, "incumbent": ["adaptive=''0''", "clausepen=''0''", "performrandomwalk=''1''", "singleclause=''1''", "tabusearch=''1''", "CONadaptwalkprob=''0''", "CONselectclause=''1''", "c='0.051133594711502424'", "heuristic=''10''", "promisinglist=''1''", "randomwalk=''4''", "s='0.010000000000000004'", "tabu='2'", "adaptiveprom=''1''", "decreasingvariable=''7''", "novnoise='0.5'", "performalternatenovelty=''1''", "rfp='0.12012172717631044'", "updateschemepromlist=''2''", "adaptpromwalkprob=''0''", "promphi='7'", "promtheta='8'"]}
{"total_cpu_time": null, "wallclock_time": 184.6674976348877, "cpu_time": 111.17999999999891, "cost": 0.0012800000000000005, "evaluations": 951, "incumbent": ["adaptive=''0''", "clausepen=''0''", "performrandomwalk=''1''", "singleclause=''1''", "tabusearch=''1''", "CONadaptwalkprob=''0''", "CONselectclause=''1''", "c='0.051133594711502424'", "heuristic=''10''", "promisinglist=''1''", "randomwalk=''4''", "s='0.010000000000000004'", "tabu='2'", "adaptiveprom=''1''", "decreasingvariable=''7''", "novnoise='0.5'", "performalternatenovelty=''0''", "rfp='0.12012172717631044'", "updateschemepromlist=''2''", "adaptpromwalkprob=''0''", "promphi='7'", "promtheta='8'"]}
{"total_cpu_time": null, "wallclock_time": 201.24862813949585, "cpu_time": 115.2439999999986, "cost": 0.0012307692307692312, "evaluations": 1051, "incumbent": ["adaptive=''0''", "clausepen=''0''", "performrandomwalk=''1''", "singleclause=''1''", "tabusearch=''1''", "CONadaptwalkprob=''0''", "CONselectclause=''1''", "c='0.003910907189346604'", "heuristic=''10''", "promisinglist=''1''", "randomwalk=''4''", "s='0.010000000000000004'", "tabu='2'", "adaptiveprom=''1''", "decreasingvariable=''7''", "novnoise='0.5'", "performalternatenovelty=''1''", "rfp='0.12012172717631044'", "updateschemepromlist=''2''", "adaptpromwalkprob=''0''", "promphi='7'", "promtheta='8'"]}
{"total_cpu_time": null, "wallclock_time": 218.40012335777283, "cpu_time": 118.63599999999822, "cost": 0.0011851851851851858, "evaluations": 1157, "incumbent": ["adaptive=''0''", "clausepen=''0''", "performrandomwalk=''1''", "singleclause=''1''", "tabusearch=''1''", "CONadaptwalkprob=''0''", "CONselectclause=''1''", "c='0.051133594711502424'", "heuristic=''10''", "promisinglist=''1''", "randomwalk=''4''", "s='0.010000000000000004'", "tabu='2'", "adaptiveprom=''1''", "decreasingvariable=''7''", "novnoise='0.5'", "performalternatenovelty=''1''", "rfp='0.12012172717631044'", "updateschemepromlist=''2''", "adaptpromwalkprob=''0''", "promphi='7'", "promtheta='8'"]}
{"total_cpu_time": null, "wallclock_time": 274.2424051761627, "cpu_time": 163.34799999999944, "cost": 0.0010666666666666672, "evaluations": 1440, "incumbent": ["adaptive=''0''", "clausepen=''0''", "performrandomwalk=''1''", "singleclause=''1''", "tabusearch=''1''", "CONadaptwalkprob=''0''", "CONselectclause=''1''", "c='0.051133594711502424'", "heuristic=''10''", "promisinglist=''1''", "randomwalk=''4''", "s='0.010000000000000004'", "tabu='2'", "adaptiveprom=''1''", "decreasingvariable=''7''", "novnoise='0.5'", "performalternatenovelty=''1''", "rfp='0.12012172717631044'", "updateschemepromlist=''2''", "adaptpromwalkprob=''1''", "promphi='7'", "promtheta='8'"]}
{"total_cpu_time": null, "wallclock_time": 294.06321811676025, "cpu_time": 168.25200000000004, "cost": 0.0010322580645161295, "evaluations": 1561, "incumbent": ["adaptive=''0''", "clausepen=''0''", "performrandomwalk=''1''", "singleclause=''1''", "tabusearch=''1''", "CONadaptwalkprob=''0''", "CONselectclause=''1''", "c='0.051133594711502424'", "heuristic=''10''", "promisinglist=''1''", "randomwalk=''4''", "s='0.005423610877760575'", "tabu='2'", "adaptiveprom=''1''", "decreasingvariable=''7''", "novnoise='0.5'", "performalternatenovelty=''1''", "rfp='0.12012172717631044'", "updateschemepromlist=''2''", "adaptpromwalkprob=''0''", "promphi='7'", "promtheta='8'"]}
{"total_cpu_time": null, "wallclock_time": 314.9062485694885, "cpu_time": 177.90800000000058, "cost": 0.0010000000000000005, "evaluations": 1679, "incumbent": ["adaptive=''0''", "clausepen=''0''", "performrandomwalk=''1''", "singleclause=''1''", "tabusearch=''1''", "CONadaptwalkprob=''0''", "CONselectclause=''1''", "c='0.051133594711502424'", "heuristic=''10''", "promisinglist=''1''", "randomwalk=''4''", "s='0.010000000000000004'", "tabu='2'", "adaptiveprom=''1''", "decreasingvariable=''7''", "novnoise='0.5'", "performalternatenovelty=''1''", "rfp='0.12012172717631044'", "updateschemepromlist=''2''", "adaptpromwalkprob=''0''", "promphi='7'", "promtheta='8'"]}
{"total_cpu_time": null, "wallclock_time": 335.67060256004333, "cpu_time": 190.69600000000165, "cost": 0.0009696969696969701, "evaluations": 1793, "incumbent": ["adaptive=''0''", "clausepen=''0''", "performrandomwalk=''1''", "singleclause=''1''", "tabusearch=''1''", "CONadaptwalkprob=''0''", "CONselectclause=''1''", "c='0.051133594711502424'", "heuristic=''10''", "promisinglist=''1''", "randomwalk=''4''", "s='0.010000000000000004'", "tabu='2'", "adaptiveprom=''1''", "decreasingvariable=''7''", "novnoise='0.5'", "performalternatenovelty=''1''", "rfp='0.12012172717631044'", "updateschemepromlist=''2''", "adaptpromwalkprob=''1''", "promphi='7'", "promtheta='8'"]}
{"total_cpu_time": null, "wallclock_time": 357.53573632240295, "cpu_time": 195.93600000000265, "cost": 0.0009411764705882358, "evaluations": 1926, "incumbent": ["adaptive=''0''", "clausepen=''0''", "performrandomwalk=''1''", "singleclause=''1''", "tabusearch=''1''", "CONadaptwalkprob=''0''", "CONselectclause=''1''", "c='0.023868723851490758'", "heuristic=''10''", "promisinglist=''1''", "randomwalk=''4''", "s='0.010000000000000004'", "tabu='2'", "adaptiveprom=''1''", "decreasingvariable=''7''", "novnoise='0.5'", "performalternatenovelty=''1''", "rfp='0.12012172717631044'", "updateschemepromlist=''2''", "adaptpromwalkprob=''0''", "promphi='7'", "promtheta='8'"]}
{"total_cpu_time": null, "wallclock_time": 379.7309663295746, "cpu_time": 217.34000000000316, "cost": 0.0009142857142857147, "evaluations": 2034, "incumbent": ["adaptive=''0''", "clausepen=''0''", "performrandomwalk=''1''", "singleclause=''1''", "tabusearch=''1''", "CONadaptwalkprob=''0''", "CONselectclause=''1''", "c='0.051133594711502424'", "heuristic=''10''", "promisinglist=''1''", "randomwalk=''4''", "s='0.010000000000000004'", "tabu='2'", "adaptiveprom=''1''", "decreasingvariable=''7''", "novnoise='0.5'", "performalternatenovelty=''1''", "rfp='0.12012172717631044'", "updateschemepromlist=''2''", "adaptpromwalkprob=''0''", "promphi='7'", "promtheta='8'"]}
{"total_cpu_time": null, "wallclock_time": 451.2486741542816, "cpu_time": 274.25200000000365, "cost": 0.0008421052631578951, "evaluations": 2390, "incumbent": ["adaptive=''0''", "clausepen=''0''", "performrandomwalk=''1''", "singleclause=''1''", "tabusearch=''1''", "CONadaptwalkprob=''0''", "CONselectclause=''1''", "c='0.004383214219853005'", "heuristic=''10''", "promisinglist=''1''", "randomwalk=''4''", "s='0.016372270564530635'", "tabu='2'", "adaptiveprom=''1''", "decreasingvariable=''7''", "novnoise='0.5'", "performalternatenovelty=''1''", "rfp='0.12012172717631044'", "updateschemepromlist=''2''", "adaptpromwalkprob=''0''", "promphi='7'", "promtheta='8'"]}
{"total_cpu_time": null, "wallclock_time": 476.2188308238983, "cpu_time": 284.31600000000185, "cost": 0.0008205128205128209, "evaluations": 2533, "incumbent": ["adaptive=''0''", "clausepen=''0''", "performrandomwalk=''1''", "singleclause=''1''", "tabusearch=''1''", "CONadaptwalkprob=''0''", "CONselectclause=''1''", "c='0.051133594711502424'", "heuristic=''10''", "promisinglist=''1''", "randomwalk=''4''", "s='0.016372270564530635'", "tabu='2'", "adaptiveprom=''1''", "decreasingvariable=''7''", "novnoise='0.5'", "performalternatenovelty=''1''", "rfp='0.12012172717631044'", "updateschemepromlist=''2''", "adaptpromwalkprob=''0''", "promphi='7'", "promtheta='8'"]}
{"total_cpu_time": null, "wallclock_time": 502.00027203559875, "cpu_time": 290.1480000000003, "cost": 0.0008000000000000004, "evaluations": 2690, "incumbent": ["adaptive=''0''", "clausepen=''0''", "performrandomwalk=''1''", "singleclause=''1''", "tabusearch=''1''", "CONadaptwalkprob=''0''", "CONselectclause=''1''", "c='0.051133594711502424'", "heuristic=''10''", "promisinglist=''1''", "randomwalk=''4''", "s='0.016372270564530635'", "tabu='2'", "adaptiveprom=''1''", "decreasingvariable=''7''", "novnoise='0.5'", "performalternatenovelty=''0''", "rfp='0.12012172717631044'", "updateschemepromlist=''2''", "adaptpromwalkprob=''0''", "promphi='6'", "promtheta='8'"]}
{"total_cpu_time": null, "wallclock_time": 528.5483231544495, "cpu_time": 295.2359999999975, "cost": 0.0007804878048780491, "evaluations": 2849, "incumbent": ["adaptive=''0''", "clausepen=''0''", "performrandomwalk=''1''", "singleclause=''1''", "tabusearch=''1''", "CONadaptwalkprob=''0''", "CONselectclause=''1''", "c='0.051133594711502424'", "heuristic=''10''", "promisinglist=''1''", "randomwalk=''4''", "s='0.016372270564530635'", "tabu='2'", "adaptiveprom=''1''", "decreasingvariable=''7''", "novnoise='0.5'", "performalternatenovelty=''1''", "rfp='0.12012172717631044'", "updateschemepromlist=''2''", "adaptpromwalkprob=''0''", "promphi='6'", "promtheta='8'"]}
{"total_cpu_time": null, "wallclock_time": 555.7316281795502, "cpu_time": 307.20799999999593, "cost": 0.0007619047619047623, "evaluations": 3002, "incumbent": ["adaptive=''0''", "clausepen=''0''", "performrandomwalk=''1''", "singleclause=''1''", "tabusearch=''1''", "CONadaptwalkprob=''0''", "CONselectclause=''1''", "c='0.051133594711502424'", "heuristic=''10''", "promisinglist=''1''", "randomwalk=''4''", "s='0.016372270564530635'", "tabu='2'", "adaptiveprom=''1''", "decreasingvariable=''7''", "novnoise='0.5'", "performalternatenovelty=''0''", "rfp='0.12012172717631044'", "updateschemepromlist=''2''", "adaptpromwalkprob=''1''", "promphi='6'", "promtheta='8'"]}
{"total_cpu_time": null, "wallclock_time": 583.252687215805, "cpu_time": 331.47999999999456, "cost": 0.0007441860465116283, "evaluations": 3138, "incumbent": ["adaptive=''0''", "clausepen=''0''", "performrandomwalk=''1''", "singleclause=''1''", "tabusearch=''1''", "CONadaptwalkprob=''0''", "CONselectclause=''1''", "c='0.051133594711502424'", "heuristic=''12''", "promisinglist=''1''", "randomwalk=''4''", "s='0.016372270564530635'", "tabu='2'", "CONdp='0.05'", "adaptiveprom=''1''", "decreasingvariable=''7''", "novnoise='0.5'", "performalternatenovelty=''0''", "rfp='0.12012172717631044'", "updateschemepromlist=''2''", "adaptpromwalkprob=''0''", "promphi='6'", "promtheta='8'"]}
{"total_cpu_time": null, "wallclock_time": 611.7987513542175, "cpu_time": 340.623999999992, "cost": 0.0007272727272727276, "evaluations": 3310, "incumbent": ["adaptive=''0''", "clausepen=''0''", "performrandomwalk=''1''", "singleclause=''1''", "tabusearch=''1''", "CONadaptwalkprob=''0''", "CONselectclause=''1''", "c='0.051133594711502424'", "heuristic=''10''", "promisinglist=''1''", "randomwalk=''4''", "s='0.016372270564530635'", "tabu='2'", "adaptiveprom=''1''", "decreasingvariable=''7''", "novnoise='0.5'", "performalternatenovelty=''0''", "rfp='0.12012172717631044'", "updateschemepromlist=''2''", "adaptpromwalkprob=''0''", "promphi='5'", "promtheta='8'"]}
{"total_cpu_time": null, "wallclock_time": 641.2247376441956, "cpu_time": 355.4839999999922, "cost": 0.0007111111111111115, "evaluations": 3470, "incumbent": ["adaptive=''0''", "clausepen=''0''", "performrandomwalk=''1''", "singleclause=''1''", "tabusearch=''1''", "CONadaptwalkprob=''0''", "CONselectclause=''1''", "c='0.051133594711502424'", "heuristic=''10''", "promisinglist=''1''", "randomwalk=''4''", "s='0.016372270564530635'", "tabu='2'", "adaptiveprom=''1''", "decreasingvariable=''7''", "novnoise='0.5'", "performalternatenovelty=''0''", "rfp='0.12012172717631044'", "updateschemepromlist=''2''", "adaptpromwalkprob=''0''", "promphi='6'", "promtheta='8'"]}
{"total_cpu_time": null, "wallclock_time": 732.5863919258118, "cpu_time": 406.77199999999124, "cost": 0.000666666666666667, "evaluations": 3968, "incumbent": ["adaptive=''0''", "clausepen=''0''", "performrandomwalk=''1''", "singleclause=''1''", "tabusearch=''1''", "CONadaptwalkprob=''0''", "CONselectclause=''1''", "c='0.051133594711502424'", "heuristic=''10''", "promisinglist=''1''", "randomwalk=''4''", "s='0.02535233248744993'", "tabu='2'", "adaptiveprom=''1''", "decreasingvariable=''7''", "novnoise='0.5'", "performalternatenovelty=''0''", "rfp='0.12012172717631044'", "updateschemepromlist=''2''", "adaptpromwalkprob=''0''", "promphi='6'", "promtheta='8'"]}
{"total_cpu_time": null, "wallclock_time": 797.5851907730103, "cpu_time": 432.66799999998835, "cost": 0.0006400000000000003, "evaluations": 4336, "incumbent": ["adaptive=''0''", "clausepen=''0''", "performrandomwalk=''1''", "singleclause=''1''", "tabusearch=''1''", "CONadaptwalkprob=''0''", "CONselectclause=''1''", "c='0.051133594711502424'", "heuristic=''10''", "promisinglist=''1''", "randomwalk=''4''", "s='0.02535233248744993'", "tabu='2'", "adaptiveprom=''1''", "decreasingvariable=''7''", "novnoise='0.5'", "performalternatenovelty=''0''", "rfp='0.12012172717631044'", "updateschemepromlist=''2''", "adaptpromwalkprob=''1''", "promphi='6'", "promtheta='8'"]}
{"total_cpu_time": null, "wallclock_time": 830.7668998241425, "cpu_time": 441.03599999998585, "cost": 0.0006274509803921571, "evaluations": 4536, "incumbent": ["adaptive=''0''", "clausepen=''0''", "performrandomwalk=''1''", "singleclause=''1''", "tabusearch=''1''", "CONadaptwalkprob=''0''", "CONselectclause=''1''", "c='0.051133594711502424'", "heuristic=''10''", "promisinglist=''1''", "randomwalk=''4''", "s='0.02535233248744993'", "tabu='2'", "adaptiveprom=''1''", "decreasingvariable=''7''", "novnoise='0.5'", "performalternatenovelty=''0''", "rfp='0.12012172717631044'", "updateschemepromlist=''2''", "adaptpromwalkprob=''0''", "promphi='7'", "promtheta='8'"]}
{"total_cpu_time": null, "wallclock_time": 899.1661880016327, "cpu_time": 459.3479999999818, "cost": 0.0006037735849056606, "evaluations": 4947, "incumbent": ["adaptive=''0''", "clausepen=''0''", "performrandomwalk=''1''", "singleclause=''1''", "tabusearch=''1''", "CONadaptwalkprob=''0''", "CONselectclause=''1''", "c='0.051133594711502424'", "heuristic=''10''", "promisinglist=''1''", "randomwalk=''4''", "s='0.02535233248744993'", "tabu='2'", "adaptiveprom=''1''", "decreasingvariable=''7''", "novnoise='0.5'", "performalternatenovelty=''0''", "rfp='0.12012172717631044'", "updateschemepromlist=''2''", "adaptpromwalkprob=''0''", "promphi='6'", "promtheta='8'"]}
{"total_cpu_time": null, "wallclock_time": 970.1962552070618, "cpu_time": 481.0879999999767, "cost": 0.0005831404958677692, "evaluations": 5367, "incumbent": ["adaptive=''0''", "clausepen=''0''", "performrandomwalk=''1''", "singleclause=''1''", "tabusearch=''1''", "CONadaptwalkprob=''0''", "CONselectclause=''1''", "c='0.001442400316447692'", "heuristic=''10''", "promisinglist=''1''", "randomwalk=''4''", "s='0.02535233248744993'", "tabu='2'", "adaptiveprom=''1''", "decreasingvariable=''7''", "novnoise='0.5'", "performalternatenovelty=''0''", "rfp='0.12012172717631044'", "updateschemepromlist=''2''", "adaptpromwalkprob=''0''", "promphi='6'", "promtheta='8'"]}
{"total_cpu_time": null, "wallclock_time": 1007.2960078716278, "cpu_time": 522.5239999999759, "cost": 0.0005714285714285717, "evaluations": 5526, "incumbent": ["adaptive=''0''", "clausepen=''0''", "performrandomwalk=''1''", "singleclause=''1''", "tabusearch=''1''", "CONadaptwalkprob=''0''", "CONselectclause=''1''", "c='0.051133594711502424'", "heuristic=''10''", "promisinglist=''1''", "randomwalk=''4''", "s='0.02535233248744993'", "tabu='2'", "adaptiveprom=''1''", "decreasingvariable=''7''", "novnoise='0.5'", "performalternatenovelty=''0''", "rfp='0.12012172717631044'", "updateschemepromlist=''2''", "adaptpromwalkprob=''0''", "promphi='6'", "promtheta='8'"]}
{"total_cpu_time": null, "wallclock_time": 1044.2160658836365, "cpu_time": 547.4599999999814, "cost": 0.0005614035087719301, "evaluations": 5724, "incumbent": ["adaptive=''0''", "clausepen=''0''", "performrandomwalk=''1''", "singleclause=''1''", "tabusearch=''1''", "CONadaptwalkprob=''0''", "CONselectclause=''1''", "c='0.051133594711502424'", "heuristic=''10''", "promisinglist=''1''", "randomwalk=''4''", "s='0.02535233248744993'", "tabu='2'", "adaptiveprom=''1''", "decreasingvariable=''7''", "novnoise='0.5'", "performalternatenovelty=''0''", "rfp='0.12012172717631044'", "updateschemepromlist=''2''", "adaptpromwalkprob=''0''", "promphi='4'", "promtheta='8'"]}
{"total_cpu_time": null, "wallclock_time": 1082.1190042495728, "cpu_time": 580.4719999999808, "cost": 0.0005517241379310347, "evaluations": 5910, "incumbent": ["adaptive=''0''", "clausepen=''0''", "performrandomwalk=''1''", "singleclause=''1''", "tabusearch=''1''", "CONadaptwalkprob=''0''", "CONselectclause=''1''", "c='0.051133594711502424'", "heuristic=''10''", "promisinglist=''1''", "randomwalk=''4''", "s='0.02535233248744993'", "tabu='2'", "adaptiveprom=''1''", "decreasingvariable=''7''", "novnoise='0.5'", "performalternatenovelty=''0''", "rfp='0.12012172717631044'", "updateschemepromlist=''2''", "adaptpromwalkprob=''0''", "promphi='6'", "promtheta='8'"]}
{"total_cpu_time": null, "wallclock_time": 1780.8544328212738, "cpu_time": 987.1920000000603, "cost": 0.00043243243243243265, "evaluations": 9650, "incumbent": ["adaptive=''0''", "clausepen=''0''", "performrandomwalk=''1''", "singleclause=''1''", "tabusearch=''1''", "CONadaptwalkprob=''0''", "CONselectclause=''1''", "c='0.04778221938178793'", "heuristic=''10''", "promisinglist=''1''", "randomwalk=''4''", "s='0.02535233248744993'", "tabu='2'", "adaptiveprom=''1''", "decreasingvariable=''7''", "novnoise='0.5'", "performalternatenovelty=''0''", "rfp='0.12012172717631044'", "updateschemepromlist=''2''", "adaptpromwalkprob=''0''", "promphi='6'", "promtheta='8'"]}
{"total_cpu_time": null, "wallclock_time": 1829.4409682750702, "cpu_time": 1019.600000000067, "cost": 0.0004266666666666669, "evaluations": 9910, "incumbent": ["adaptive=''0''", "clausepen=''0''", "performrandomwalk=''1''", "singleclause=''1''", "tabusearch=''1''", "CONadaptwalkprob=''0''", "CONselectclause=''1''", "c='0.013187452163311098'", "heuristic=''10''", "promisinglist=''1''", "randomwalk=''4''", "s='0.02535233248744993'", "tabu='2'", "adaptiveprom=''1''", "decreasingvariable=''7''", "novnoise='0.5'", "performalternatenovelty=''0''", "rfp='0.12012172717631044'", "updateschemepromlist=''2''", "adaptpromwalkprob=''0''", "promphi='6'", "promtheta='8'"]}
{"total_cpu_time": null, "wallclock_time": 1878.9095845222473, "cpu_time": 1038.9480000000558, "cost": 0.00042105263157894755, "evaluations": 10192, "incumbent": ["adaptive=''0''", "clausepen=''0''", "performrandomwalk=''1''", "singleclause=''1''", "tabusearch=''1''", "CONadaptwalkprob=''0''", "CONselectclause=''1''", "c='0.051133594711502424'", "heuristic=''10''", "promisinglist=''1''", "randomwalk=''4''", "s='0.02535233248744993'", "tabu='2'", "adaptiveprom=''1''", "decreasingvariable=''7''", "novnoise='0.5'", "performalternatenovelty=''0''", "rfp='0.12012172717631044'", "updateschemepromlist=''2''", "adaptpromwalkprob=''0''", "promphi='6'", "promtheta='8'"]}
{"total_cpu_time": null, "wallclock_time": 1931.3691842556, "cpu_time": 1056.7240000000445, "cost": 0.00041558441558441577, "evaluations": 10485, "incumbent": ["adaptive=''0''", "clausepen=''0''", "performrandomwalk=''1''", "singleclause=''1''", "tabusearch=''1''", "CONadaptwalkprob=''0''", "CONselectclause=''1''", "c='0.051133594711502424'", "heuristic=''10''", "promisinglist=''1''", "randomwalk=''4''", "s='0.02535233248744993'", "tabu='2'", "adaptiveprom=''1''", "decreasingvariable=''7''", "novnoise='0.5'", "performalternatenovelty=''1''", "rfp='0.12012172717631044'", "updateschemepromlist=''2''", "adaptpromwalkprob=''0''", "promphi='6'", "promtheta='8'"]}
{"total_cpu_time": null, "wallclock_time": 1982.4886889457703, "cpu_time": 1066.8880000000318, "cost": 0.00041025641025641045, "evaluations": 10793, "incumbent": ["adaptive=''0''", "clausepen=''0''", "performrandomwalk=''1''", "singleclause=''1''", "tabusearch=''1''", "CONadaptwalkprob=''0''", "CONselectclause=''1''", "c='0.051133594711502424'", "heuristic=''10''", "promisinglist=''1''", "randomwalk=''4''", "s='0.02535233248744993'", "tabu='2'", "adaptiveprom=''1''", "decreasingvariable=''7''", "novnoise='0.5'", "performalternatenovelty=''0''", "rfp='0.12012172717631044'", "updateschemepromlist=''2''", "adaptpromwalkprob=''0''", "promphi='5'", "promtheta='8'"]}
{"total_cpu_time": null, "wallclock_time": 2034.3822045326233, "cpu_time": 1119.7480000000207, "cost": 0.0004050632911392407, "evaluations": 11036, "incumbent": ["adaptive=''0''", "clausepen=''0''", "performrandomwalk=''1''", "singleclause=''1''", "tabusearch=''1''", "CONadaptwalkprob=''0''", "CONselectclause=''1''", "c='0.051133594711502424'", "heuristic=''10''", "promisinglist=''1''", "randomwalk=''4''", "s='0.02535233248744993'", "tabu='2'", "adaptiveprom=''1''", "decreasingvariable=''7''", "novnoise='0.5'", "performalternatenovelty=''0''", "rfp='0.12012172717631044'", "updateschemepromlist=''2''", "adaptpromwalkprob=''0''", "promphi='6'", "promtheta='8'"]}
{"total_cpu_time": null, "wallclock_time": 2138.1262662410736, "cpu_time": 1257.4039999999984, "cost": 0.0003950617283950619, "evaluations": 11458, "incumbent": ["adaptive=''0''", "clausepen=''0''", "performrandomwalk=''1''", "singleclause=''1''", "tabusearch=''1''", "CONadaptwalkprob=''0''", "CONselectclause=''1''", "c='0.06922323922918533'", "heuristic=''10''", "promisinglist=''1''", "randomwalk=''4''", "s='0.02535233248744993'", "tabu='2'", "adaptiveprom=''1''", "decreasingvariable=''7''", "novnoise='0.5'", "performalternatenovelty=''0''", "rfp='0.12012172717631044'", "updateschemepromlist=''2''", "adaptpromwalkprob=''0''", "promphi='6'", "promtheta='8'"]}
{"total_cpu_time": null, "wallclock_time": 2301.0712962150574, "cpu_time": 1342.6599999999721, "cost": 0.0003809523809523811, "evaluations": 12342, "incumbent": ["adaptive=''0''", "clausepen=''0''", "performrandomwalk=''1''", "singleclause=''1''", "tabusearch=''1''", "CONadaptwalkprob=''0''", "CONselectclause=''1''", "c='0.06922323922918533'", "heuristic=''10''", "promisinglist=''1''", "randomwalk=''4''", "s='0.02535233248744993'", "tabu='2'", "adaptiveprom=''1''", "decreasingvariable=''7''", "novnoise='0.5'", "performalternatenovelty=''1''", "rfp='0.12012172717631044'", "updateschemepromlist=''2''", "adaptpromwalkprob=''0''", "promphi='6'", "promtheta='8'"]}
{"total_cpu_time": null, "wallclock_time": 2415.5368072986603, "cpu_time": 1372.1839999999372, "cost": 0.00037209302325581415, "evaluations": 13002, "incumbent": ["adaptive=''0''", "clausepen=''0''", "performrandomwalk=''1''", "singleclause=''1''", "tabusearch=''1''", "CONadaptwalkprob=''0''", "CONselectclause=''1''", "c='0.08677234763930071'", "heuristic=''10''", "promisinglist=''1''", "randomwalk=''4''", "s='0.02535233248744993'", "tabu='2'", "adaptiveprom=''1''", "decreasingvariable=''7''", "novnoise='0.5'", "performalternatenovelty=''1''", "rfp='0.12012172717631044'", "updateschemepromlist=''2''", "adaptpromwalkprob=''0''", "promphi='6'", "promtheta='8'"]}
{"total_cpu_time": null, "wallclock_time": 2472.9679181575775, "cpu_time": 1390.735999999918, "cost": 0.00036781609195402315, "evaluations": 13334, "incumbent": ["adaptive=''0''", "clausepen=''0''", "performrandomwalk=''1''", "singleclause=''1''", "tabusearch=''1''", "CONadaptwalkprob=''0''", "CONselectclause=''1''", "c='0.08677234763930071'", "heuristic=''10''", "promisinglist=''1''", "randomwalk=''4''", "s='0.02535233248744993'", "tabu='2'", "adaptiveprom=''1''", "decreasingvariable=''7''", "novnoise='0.5'", "performalternatenovelty=''0''", "rfp='0.12012172717631044'", "updateschemepromlist=''2''", "adaptpromwalkprob=''1''", "promphi='6'", "promtheta='8'"]}
{"total_cpu_time": null, "wallclock_time": 2530.814648628235, "cpu_time": 1436.075999999899, "cost": 0.0003636363636363638, "evaluations": 13621, "incumbent": ["adaptive=''0''", "clausepen=''0''", "performrandomwalk=''1''", "singleclause=''1''", "tabusearch=''1''", "CONadaptwalkprob=''0''", "CONselectclause=''1''", "c='0.014498582990772054'", "heuristic=''10''", "promisinglist=''1''", "randomwalk=''4''", "s='0.02535233248744993'", "tabu='2'", "adaptiveprom=''1''", "decreasingvariable=''7''", "novnoise='0.5'", "performalternatenovelty=''0''", "rfp='0.12012172717631044'", "updateschemepromlist=''2''", "adaptpromwalkprob=''0''", "promphi='6'", "promtheta='8'"]}
{"total_cpu_time": null, "wallclock_time": 2649.6545679569244, "cpu_time": 1498.6439999998713, "cost": 0.00035555555555555574, "evaluations": 14258, "incumbent": ["adaptive=''0''", "clausepen=''0''", "performrandomwalk=''1''", "singleclause=''1''", "tabusearch=''1''", "CONadaptwalkprob=''0''", "CONselectclause=''1''", "c='0.014498582990772054'", "heuristic=''10''", "promisinglist=''1''", "randomwalk=''4''", "s='0.02535233248744993'", "tabu='2'", "adaptiveprom=''1''", "decreasingvariable=''7''", "novnoise='0.5'", "performalternatenovelty=''1''", "rfp='0.12012172717631044'", "updateschemepromlist=''2''", "adaptpromwalkprob=''0''", "promphi='6'", "promtheta='8'"]}
{"total_cpu_time": null, "wallclock_time": 2710.6198766231537, "cpu_time": 1539.2519999998742, "cost": 0.0003516483516483518, "evaluations": 14567, "incumbent": ["adaptive=''0''", "clausepen=''0''", "performrandomwalk=''1''", "singleclause=''1''", "tabusearch=''1''", "CONadaptwalkprob=''0''", "CONselectclause=''1''", "c='0.014498582990772054'", "heuristic=''10''", "promisinglist=''1''", "randomwalk=''4''", "s='0.02535233248744993'", "tabu='2'", "adaptiveprom=''1''", "decreasingvariable=''7''", "novnoise='0.5'", "performalternatenovelty=''0''", "rfp='0.12012172717631044'", "updateschemepromlist=''2''", "adaptpromwalkprob=''0''", "promphi='6'", "promtheta='8'"]}
{"total_cpu_time": null, "wallclock_time": 2771.787178039551, "cpu_time": 1564.6879999998635, "cost": 0.00034782608695652187, "evaluations": 14907, "incumbent": ["adaptive=''0''", "clausepen=''0''", "performrandomwalk=''1''", "singleclause=''1''", "tabusearch=''1''", "CONadaptwalkprob=''0''", "CONselectclause=''1''", "c='0.014498582990772054'", "heuristic=''10''", "promisinglist=''1''", "randomwalk=''4''", "s='0.02535233248744993'", "tabu='2'", "adaptiveprom=''1''", "decreasingvariable=''7''", "novnoise='0.5'", "performalternatenovelty=''0''", "rfp='0.12012172717631044'", "updateschemepromlist=''2''", "adaptpromwalkprob=''0''", "promphi='7'", "promtheta='8'"]}
{"total_cpu_time": null, "wallclock_time": 2833.9944024086, "cpu_time": 1597.0559999998648, "cost": 0.0003440860215053765, "evaluations": 15234, "incumbent": ["adaptive=''0''", "clausepen=''0''", "performrandomwalk=''1''", "singleclause=''1''", "tabusearch=''1''", "CONadaptwalkprob=''0''", "CONselectclause=''1''", "c='0.014498582990772054'", "heuristic=''10''", "promisinglist=''1''", "randomwalk=''4''", "s='0.02535233248744993'", "tabu='2'", "adaptiveprom=''1''", "decreasingvariable=''7''", "novnoise='0.5'", "performalternatenovelty=''0''", "rfp='0.12012172717631044'", "updateschemepromlist=''2''", "adaptpromwalkprob=''0''", "promphi='6'", "promtheta='8'"]}
{"total_cpu_time": null, "wallclock_time": 2896.370691537857, "cpu_time": 1655.203999999844, "cost": 0.0003404255319148938, "evaluations": 15525, "incumbent": ["adaptive=''0''", "clausepen=''0''", "performrandomwalk=''1''", "singleclause=''1''", "tabusearch=''1''", "CONadaptwalkprob=''0''", "CONselectclause=''1''", "c='0.014498582990772054'", "heuristic=''10''", "promisinglist=''1''", "randomwalk=''4''", "s='0.02535233248744993'", "tabu='2'", "adaptiveprom=''1''", "decreasingvariable=''7''", "novnoise='0.5'", "performalternatenovelty=''0''", "rfp='0.12012172717631044'", "updateschemepromlist=''2''", "adaptpromwalkprob=''0''", "promphi='7'", "promtheta='8'"]}
{"total_cpu_time": null, "wallclock_time": 2960.0314161777496, "cpu_time": 1690.8839999998527, "cost": 0.00033684210526315806, "evaluations": 15860, "incumbent": ["adaptive=''0''", "clausepen=''0''", "performrandomwalk=''1''", "singleclause=''1''", "tabusearch=''1''", "CONadaptwalkprob=''0''", "CONselectclause=''1''", "c='0.014498582990772054'", "heuristic=''10''", "promisinglist=''1''", "randomwalk=''4''", "s='0.02535233248744993'", "tabu='2'", "adaptiveprom=''1''", "decreasingvariable=''7''", "novnoise='0.5'", "performalternatenovelty=''0''", "rfp='0.12012172717631044'", "updateschemepromlist=''2''", "adaptpromwalkprob=''0''", "promphi='6'", "promtheta='8'"]}
{"total_cpu_time": null, "wallclock_time": 3023.7206766605377, "cpu_time": 1746.0999999998367, "cost": 0.0003333333333333335, "evaluations": 16167, "incumbent": ["adaptive=''0''", "clausepen=''0''", "performrandomwalk=''1''", "singleclause=''1''", "tabusearch=''1''", "CONadaptwalkprob=''0''", "CONselectclause=''1''", "c='0.014498582990772054'", "heuristic=''10''", "promisinglist=''1''", "randomwalk=''4''", "s='0.02535233248744993'", "tabu='2'", "adaptiveprom=''1''", "decreasingvariable=''7''", "novnoise='0.5'", "performalternatenovelty=''1''", "rfp='0.12012172717631044'", "updateschemepromlist=''2''", "adaptpromwalkprob=''0''", "promphi='6'", "promtheta='8'"]}
{"total_cpu_time": null, "wallclock_time": 3092.0418198108673, "cpu_time": 1774.5319999998153, "cost": 0.000329896907216495, "evaluations": 16514, "incumbent": ["adaptive=''0''", "clausepen=''0''", "performrandomwalk=''1''", "singleclause=''1''", "tabusearch=''1''", "CONadaptwalkprob=''0''", "CONselectclause=''1''", "c='0.014498582990772054'", "heuristic=''10''", "promisinglist=''1''", "randomwalk=''4''", "s='0.02535233248744993'", "tabu='2'", "adaptiveprom=''1''", "decreasingvariable=''7''", "novnoise='0.5'", "performalternatenovelty=''0''", "rfp='0.12012172717631044'", "updateschemepromlist=''2''", "adaptpromwalkprob=''0''", "promphi='6'", "promtheta='8'"]}
{"total_cpu_time": null, "wallclock_time": 3157.1011879444122, "cpu_time": 1841.5519999998187, "cost": 0.0003048729695960019, "evaluations": 16803, "incumbent": ["adaptive=''0''", "clausepen=''0''", "performrandomwalk=''1''", "singleclause=''1''", "tabusearch=''1''", "CONadaptwalkprob=''0''", "CONselectclause=''1''", "c='0.014498582990772054'", "heuristic=''10''", "promisinglist=''1''", "randomwalk=''4''", "s='0.02535233248744993'", "tabu='2'", "adaptiveprom=''1''", "decreasingvariable=''7''", "novnoise='0.5'", "performalternatenovelty=''0''", "rfp='0.11192133139367333'", "updateschemepromlist=''2''", "adaptpromwalkprob=''0''", "promphi='6'", "promtheta='8'"]}
{"total_cpu_time": null, "wallclock_time": 3424.920224428177, "cpu_time": 2035.9079999998141, "cost": 0.00029450211457131894, "evaluations": 18153, "incumbent": ["adaptive=''0''", "clausepen=''0''", "performrandomwalk=''1''", "singleclause=''1''", "tabusearch=''1''", "CONadaptwalkprob=''0''", "CONselectclause=''1''", "c='0.009972220852265169'", "heuristic=''10''", "promisinglist=''1''", "randomwalk=''4''", "s='0.02535233248744993'", "tabu='2'", "adaptiveprom=''1''", "decreasingvariable=''7''", "novnoise='0.5'", "performalternatenovelty=''0''", "rfp='0.11192133139367333'", "updateschemepromlist=''2''", "adaptpromwalkprob=''0''", "promphi='5'", "promtheta='8'"]}
{"total_cpu_time": null, "wallclock_time": 3633.8209829330444, "cpu_time": 2183.7159999997875, "cost": 0.000286621315192744, "evaluations": 19200, "incumbent": ["adaptive=''0''", "clausepen=''0''", "performrandomwalk=''1''", "singleclause=''1''", "tabusearch=''1''", "CONadaptwalkprob=''0''", "CONselectclause=''1''", "c='0.009972220852265169'", "heuristic=''10''", "promisinglist=''1''", "randomwalk=''4''", "s='0.02535233248744993'", "tabu='2'", "adaptiveprom=''1''", "decreasingvariable=''7''", "novnoise='0.5'", "performalternatenovelty=''0''", "rfp='0.11192133139367333'", "updateschemepromlist=''2''", "adaptpromwalkprob=''1''", "promphi='5'", "promtheta='8'"]}
