"CPU Time Used","Estimated Training Performance","Wallclock Time","Incumbent ID","Automatic Configurator (CPU) Time","Configuration..."
0.000000, 2147483648.000000, 0.001560, 1, 0.001560, adaptive=''1'', clausepen=''1'', performrandomwalk=''0'', singleclause=''1'', tabusearch=''0'', adaptivenoisescheme=''1'', adaptwalkprob=''0'', heuristic=''2'', promisinglist=''1'', ps='0.4', selectclause=''1'', smoothingscheme=''1'', adaptiveprom=''0'', decreasingvariable=''3'', performalternatenovelty=''1'', phi='5', theta='6', updateschemepromlist=''3'', wp='0.01', CONadaptpromwalkprob=''0''
1.996000, 1.996000, 2.496266, 1, 0.500266, adaptive=''1'', clausepen=''1'', performrandomwalk=''0'', singleclause=''1'', tabusearch=''0'', adaptivenoisescheme=''1'', adaptwalkprob=''0'', heuristic=''2'', promisinglist=''1'', ps='0.4', selectclause=''1'', smoothingscheme=''1'', adaptiveprom=''0'', decreasingvariable=''3'', performalternatenovelty=''1'', phi='5', theta='6', updateschemepromlist=''3'', wp='0.01', CONadaptpromwalkprob=''0''
4.012000, 0.005160, 8.907466, 2, 4.895466, adaptive=''1'', clausepen=''1'', performrandomwalk=''1'', singleclause=''1'', tabusearch=''0'', adaptivenoisescheme=''1'', adaptwalkprob=''1'', heuristic=''1'', promisinglist=''1'', ps='0.9921097018940638', randomwalk=''3'', selectclause=''1'', smoothingscheme=''2'', adaptiveprom=''0'', decreasingvariable=''7'', performalternatenovelty=''1'', phi='5', rdp='0.10835552886930397', theta='5', updateschemepromlist=''2'', CONadaptpromwalkprob=''0'', promnovnoise='0.6546602626982001'
6.468000, 0.004727, 16.547728, 3, 10.079728, adaptive=''1'', clausepen=''1'', performrandomwalk=''1'', singleclause=''1'', tabusearch=''0'', adaptivenoisescheme=''1'', adaptwalkprob=''1'', heuristic=''1'', promisinglist=''1'', ps='0.9921097018940638', randomwalk=''3'', selectclause=''1'', smoothingscheme=''2'', adaptiveprom=''1'', decreasingvariable=''7'', performalternatenovelty=''1'', phi='5', rdp='0.10835552886930397', theta='5', updateschemepromlist=''2'', adaptpromwalkprob=''0'', promphi='5', promtheta='6'
26.220000, 0.003449, 51.329267, 13, 25.109267, adaptive=''1'', clausepen=''1'', performrandomwalk=''1'', singleclause=''1'', tabusearch=''0'', adaptivenoisescheme=''1'', adaptwalkprob=''1'', heuristic=''1'', promisinglist=''1'', ps='0.9921097018940638', randomwalk=''3'', selectclause=''1'', smoothingscheme=''2'', adaptiveprom=''1'', decreasingvariable=''7'', performalternatenovelty=''1'', phi='5', rdp='0.10835552886930397', theta='5', updateschemepromlist=''2'', adaptpromwalkprob=''1'', promphi='5', promtheta='6'
35.940000, 0.003031, 72.304536, 21, 36.364536, adaptive=''1'', clausepen=''1'', performrandomwalk=''1'', singleclause=''1'', tabusearch=''0'', adaptivenoisescheme=''1'', adaptwalkprob=''0'', heuristic=''1'', promisinglist=''1'', ps='0.9921097018940638', randomwalk=''3'', selectclause=''1'', smoothingscheme=''2'', adaptiveprom=''1'', decreasingvariable=''7'', performalternatenovelty=''1'', phi='5', rdp='0.10835552886930397', theta='5', updateschemepromlist=''2'', adaptpromwalkprob=''1'', promphi='5', promtheta='6'
42.572000, 0.001778, 83.636648, 24, 41.064648, adaptive=''1'', clausepen=''1'', performrandomwalk=''1'', singleclause=''1'', tabusearch=''0'', adaptivenoisescheme=''1'', adaptwalkprob=''1'', heuristic=''1'', promisinglist=''1'', ps='0.9921097018940638', randomwalk=''3'', selectclause=''1'', smoothingscheme=''2'', adaptiveprom=''1'', decreasingvariable=''7'', performalternatenovelty=''1'', phi='5', rdp='0.1152547151784253', theta='5', updateschemepromlist=''2'', adaptpromwalkprob=''1'', promphi='5', promtheta='6'
63.932000, 0.001455, 135.013177, 31, 71.081177, adaptive=''1'', clausepen=''1'', performrandomwalk=''1'', singleclause=''1'', tabusearch=''0'', adaptivenoisescheme=''1'', adaptwalkprob=''0'', heuristic=''1'', promisinglist=''1'', ps='0.9921097018940638', randomwalk=''3'', selectclause=''1'', smoothingscheme=''2'', adaptiveprom=''1'', decreasingvariable=''7'', performalternatenovelty=''1'', phi='5', rdp='0.1152547151784253', theta='5', updateschemepromlist=''2'', adaptpromwalkprob=''1'', promphi='5', promtheta='6'
71.076000, 0.001391, 149.125254, 37, 78.049254, adaptive=''1'', clausepen=''1'', performrandomwalk=''1'', singleclause=''1'', tabusearch=''0'', adaptivenoisescheme=''1'', adaptwalkprob=''0'', heuristic=''1'', promisinglist=''1'', ps='0.9921097018940638', randomwalk=''3'', selectclause=''1'', smoothingscheme=''2'', adaptiveprom=''1'', decreasingvariable=''7'', performalternatenovelty=''1'', phi='5', rdp='0.1152547151784253', theta='5', updateschemepromlist=''2'', adaptpromwalkprob=''0'', promphi='5', promtheta='6'
81.624000, 0.001333, 164.319557, 39, 82.695557, adaptive=''1'', clausepen=''1'', performrandomwalk=''1'', singleclause=''1'', tabusearch=''0'', adaptivenoisescheme=''1'', adaptwalkprob=''0'', heuristic=''1'', promisinglist=''1'', ps='0.9750098189240594', randomwalk=''3'', selectclause=''1'', smoothingscheme=''2'', adaptiveprom=''1'', decreasingvariable=''7'', performalternatenovelty=''1'', phi='5', rdp='0.1152547151784253', theta='5', updateschemepromlist=''2'', adaptpromwalkprob=''0'', promphi='5', promtheta='6'
92.856000, 0.001280, 180.049687, 36, 87.193687, adaptive=''1'', clausepen=''1'', performrandomwalk=''1'', singleclause=''1'', tabusearch=''0'', adaptivenoisescheme=''1'', adaptwalkprob=''0'', heuristic=''1'', promisinglist=''1'', ps='0.9750098189240594', randomwalk=''3'', selectclause=''1'', smoothingscheme=''2'', adaptiveprom=''1'', decreasingvariable=''7'', performalternatenovelty=''1'', phi='5', rdp='0.1152547151784253', theta='5', updateschemepromlist=''2'', adaptpromwalkprob=''1'', promphi='5', promtheta='6'
122.488000, 0.001000, 231.745900, 49, 109.257900, adaptive=''1'', clausepen=''1'', performrandomwalk=''1'', singleclause=''1'', tabusearch=''0'', adaptivenoisescheme=''1'', adaptwalkprob=''0'', heuristic=''1'', promisinglist=''1'', ps='0.9750098189240594', randomwalk=''3'', selectclause=''1'', smoothingscheme=''2'', adaptiveprom=''1'', decreasingvariable=''7'', performalternatenovelty=''1'', phi='5', rdp='0.1152547151784253', theta='6', updateschemepromlist=''2'', adaptpromwalkprob=''1'', promphi='5', promtheta='6'
251.532000, 0.000703, 497.245399, 76, 245.713399, adaptive=''1'', clausepen=''1'', performrandomwalk=''1'', singleclause=''1'', tabusearch=''0'', adaptivenoisescheme=''1'', adaptwalkprob=''1'', heuristic=''1'', promisinglist=''1'', ps='0.9750098189240594', randomwalk=''3'', selectclause=''1'', smoothingscheme=''2'', adaptiveprom=''1'', decreasingvariable=''7'', performalternatenovelty=''1'', phi='5', rdp='0.1152547151784253', theta='6', updateschemepromlist=''2'', adaptpromwalkprob=''1'', promphi='5', promtheta='6'
286.836000, 0.000667, 550.917676, 49, 264.081676, adaptive=''1'', clausepen=''1'', performrandomwalk=''1'', singleclause=''1'', tabusearch=''0'', adaptivenoisescheme=''1'', adaptwalkprob=''0'', heuristic=''1'', promisinglist=''1'', ps='0.9750098189240594', randomwalk=''3'', selectclause=''1'', smoothingscheme=''2'', adaptiveprom=''1'', decreasingvariable=''7'', performalternatenovelty=''1'', phi='5', rdp='0.1152547151784253', theta='6', updateschemepromlist=''2'', adaptpromwalkprob=''1'', promphi='5', promtheta='6'
294.708000, 0.000653, 578.465385, 66, 283.757385, adaptive=''1'', clausepen=''1'', performrandomwalk=''1'', singleclause=''1'', tabusearch=''0'', adaptivenoisescheme=''1'', adaptwalkprob=''0'', heuristic=''1'', promisinglist=''1'', ps='0.9750098189240594', randomwalk=''3'', selectclause=''1'', smoothingscheme=''2'', adaptiveprom=''1'', decreasingvariable=''7'', performalternatenovelty=''1'', phi='5', rdp='0.1152547151784253', theta='6', updateschemepromlist=''2'', adaptpromwalkprob=''0'', promphi='5', promtheta='6'
300.868000, 0.000636, 606.687772, 49, 305.819772, adaptive=''1'', clausepen=''1'', performrandomwalk=''1'', singleclause=''1'', tabusearch=''0'', adaptivenoisescheme=''1'', adaptwalkprob=''0'', heuristic=''1'', promisinglist=''1'', ps='0.9750098189240594', randomwalk=''3'', selectclause=''1'', smoothingscheme=''2'', adaptiveprom=''1'', decreasingvariable=''7'', performalternatenovelty=''1'', phi='5', rdp='0.1152547151784253', theta='6', updateschemepromlist=''2'', adaptpromwalkprob=''1'', promphi='5', promtheta='6'
352.584000, 0.000596, 694.878390, 82, 342.294390, adaptive=''1'', clausepen=''1'', performrandomwalk=''1'', singleclause=''1'', tabusearch=''0'', adaptivenoisescheme=''1'', adaptwalkprob=''0'', heuristic=''1'', promisinglist=''1'', ps='0.723217962533374', randomwalk=''3'', selectclause=''1'', smoothingscheme=''2'', adaptiveprom=''1'', decreasingvariable=''7'', performalternatenovelty=''1'', phi='5', rdp='0.1152547151784253', theta='6', updateschemepromlist=''2'', adaptpromwalkprob=''1'', promphi='5', promtheta='6'
412.636000, 0.000549, 822.513102, 95, 409.877102, adaptive=''1'', clausepen=''1'', performrandomwalk=''1'', singleclause=''1'', tabusearch=''0'', adaptivenoisescheme=''1'', adaptwalkprob=''1'', heuristic=''1'', promisinglist=''1'', ps='0.723217962533374', randomwalk=''3'', selectclause=''1'', smoothingscheme=''2'', adaptiveprom=''1'', decreasingvariable=''7'', performalternatenovelty=''1'', phi='5', rdp='0.1152547151784253', theta='6', updateschemepromlist=''2'', adaptpromwalkprob=''1'', promphi='5', promtheta='6'
445.828000, 0.000519, 924.406756, 103, 478.578756, adaptive=''1'', clausepen=''0'', performrandomwalk=''1'', singleclause=''1'', tabusearch=''0'', CONselectclause=''1'', adaptivenoisescheme=''1'', adaptwalkprob=''1'', heuristic=''1'', promisinglist=''1'', randomwalk=''3'', adaptiveprom=''1'', decreasingvariable=''7'', performalternatenovelty=''1'', phi='5', rdp='0.1152547151784253', theta='6', updateschemepromlist=''2'', adaptpromwalkprob=''1'', promphi='5', promtheta='6'
467.524000, 0.000509, 959.360822, 95, 491.836822, adaptive=''1'', clausepen=''1'', performrandomwalk=''1'', singleclause=''1'', tabusearch=''0'', adaptivenoisescheme=''1'', adaptwalkprob=''1'', heuristic=''1'', promisinglist=''1'', ps='0.723217962533374', randomwalk=''3'', selectclause=''1'', smoothingscheme=''2'', adaptiveprom=''1'', decreasingvariable=''7'', performalternatenovelty=''1'', phi='5', rdp='0.1152547151784253', theta='6', updateschemepromlist=''2'', adaptpromwalkprob=''1'', promphi='5', promtheta='6'
474.156000, 0.000500, 996.218245, 82, 522.062245, adaptive=''1'', clausepen=''1'', performrandomwalk=''1'', singleclause=''1'', tabusearch=''0'', adaptivenoisescheme=''1'', adaptwalkprob=''0'', heuristic=''1'', promisinglist=''1'', ps='0.723217962533374', randomwalk=''3'', selectclause=''1'', smoothingscheme=''2'', adaptiveprom=''1'', decreasingvariable=''7'', performalternatenovelty=''1'', phi='5', rdp='0.1152547151784253', theta='6', updateschemepromlist=''2'', adaptpromwalkprob=''1'', promphi='5', promtheta='6'
629.324000, 0.000438, 1310.265099, 125, 680.941099, adaptive=''1'', clausepen=''1'', performrandomwalk=''1'', singleclause=''1'', tabusearch=''0'', adaptivenoisescheme=''1'', adaptwalkprob=''0'', heuristic=''1'', promisinglist=''1'', ps='0.6852524309849659', randomwalk=''3'', selectclause=''1'', smoothingscheme=''2'', adaptiveprom=''1'', decreasingvariable=''7'', performalternatenovelty=''1'', phi='5', rdp='0.1152547151784253', theta='6', updateschemepromlist=''2'', adaptpromwalkprob=''0'', promphi='5', promtheta='6'
692.032000, 0.000412, 1481.832207, 127, 789.800207, adaptive=''1'', clausepen=''1'', performrandomwalk=''1'', singleclause=''1'', tabusearch=''0'', adaptivenoisescheme=''1'', adaptwalkprob=''0'', heuristic=''1'', promisinglist=''1'', ps='0.6852524309849659', randomwalk=''3'', selectclause=''1'', smoothingscheme=''2'', adaptiveprom=''1'', decreasingvariable=''7'', performalternatenovelty=''1'', phi='5', rdp='0.1152547151784253', theta='6', updateschemepromlist=''2'', adaptpromwalkprob=''1'', promphi='5', promtheta='6'
708.324000, 0.000406, 1528.312201, 125, 819.988201, adaptive=''1'', clausepen=''1'', performrandomwalk=''1'', singleclause=''1'', tabusearch=''0'', adaptivenoisescheme=''1'', adaptwalkprob=''0'', heuristic=''1'', promisinglist=''1'', ps='0.6852524309849659', randomwalk=''3'', selectclause=''1'', smoothingscheme=''2'', adaptiveprom=''1'', decreasingvariable=''7'', performalternatenovelty=''1'', phi='5', rdp='0.1152547151784253', theta='6', updateschemepromlist=''2'', adaptpromwalkprob=''0'', promphi='5', promtheta='6'
852.020000, 0.000373, 1808.401293, 145, 956.381293, adaptive=''1'', clausepen=''0'', performrandomwalk=''1'', singleclause=''1'', tabusearch=''0'', CONselectclause=''1'', adaptivenoisescheme=''1'', adaptwalkprob=''0'', heuristic=''1'', promisinglist=''1'', randomwalk=''3'', adaptiveprom=''1'', decreasingvariable=''7'', performalternatenovelty=''1'', phi='5', rdp='0.1152547151784253', theta='6', updateschemepromlist=''2'', adaptpromwalkprob=''0'', promphi='5', promtheta='6'
902.244000, 0.000364, 1911.915915, 125, 1009.671915, adaptive=''1'', clausepen=''1'', performrandomwalk=''1'', singleclause=''1'', tabusearch=''0'', adaptivenoisescheme=''1'', adaptwalkprob=''0'', heuristic=''1'', promisinglist=''1'', ps='0.6852524309849659', randomwalk=''3'', selectclause=''1'', smoothingscheme=''2'', adaptiveprom=''1'', decreasingvariable=''7'', performalternatenovelty=''1'', phi='5', rdp='0.1152547151784253', theta='6', updateschemepromlist=''2'', adaptpromwalkprob=''0'', promphi='5', promtheta='6'
1202.252000, 0.000315, 2570.393881, 165, 1368.141881, adaptive=''1'', clausepen=''1'', performrandomwalk=''1'', singleclause=''1'', tabusearch=''0'', adaptivenoisescheme=''1'', adaptwalkprob=''0'', heuristic=''1'', promisinglist=''1'', ps='0.602880685641066', randomwalk=''3'', selectclause=''1'', smoothingscheme=''2'', adaptiveprom=''1'', decreasingvariable=''7'', performalternatenovelty=''1'', phi='5', rdp='0.1152547151784253', theta='6', updateschemepromlist=''2'', adaptpromwalkprob=''0'', promphi='5', promtheta='6'
1219.436000, 0.000311, 2630.002047, 125, 1410.566047, adaptive=''1'', clausepen=''1'', performrandomwalk=''1'', singleclause=''1'', tabusearch=''0'', adaptivenoisescheme=''1'', adaptwalkprob=''0'', heuristic=''1'', promisinglist=''1'', ps='0.6852524309849659', randomwalk=''3'', selectclause=''1'', smoothingscheme=''2'', adaptiveprom=''1'', decreasingvariable=''7'', performalternatenovelty=''1'', phi='5', rdp='0.1152547151784253', theta='6', updateschemepromlist=''2'', adaptpromwalkprob=''0'', promphi='5', promtheta='6'
1467.676000, 0.000291, 3066.276976, 171, 1598.600976, adaptive=''1'', clausepen=''1'', performrandomwalk=''1'', singleclause=''1'', tabusearch=''0'', adaptivenoisescheme=''1'', adaptwalkprob=''0'', heuristic=''1'', promisinglist=''1'', ps='0.6645678679028423', randomwalk=''3'', selectclause=''1'', smoothingscheme=''2'', adaptiveprom=''1'', decreasingvariable=''7'', performalternatenovelty=''1'', phi='5', rdp='0.1152547151784253', theta='6', updateschemepromlist=''2'', adaptpromwalkprob=''0'', promphi='5', promtheta='6'
1489.192000, 0.000287, 3130.783649, 172, 1641.591649, adaptive=''1'', clausepen=''1'', performrandomwalk=''1'', singleclause=''1'', tabusearch=''0'', adaptivenoisescheme=''1'', adaptwalkprob=''0'', heuristic=''1'', promisinglist=''1'', ps='0.6027575606959112', randomwalk=''3'', selectclause=''1'', smoothingscheme=''2'', adaptiveprom=''1'', decreasingvariable=''7'', performalternatenovelty=''1'', phi='5', rdp='0.1152547151784253', theta='6', updateschemepromlist=''2'', adaptpromwalkprob=''0'', promphi='5', promtheta='6'
1535.540000, 0.000283, 3195.885134, 125, 1660.345134, adaptive=''1'', clausepen=''1'', performrandomwalk=''1'', singleclause=''1'', tabusearch=''0'', adaptivenoisescheme=''1'', adaptwalkprob=''0'', heuristic=''1'', promisinglist=''1'', ps='0.6852524309849659', randomwalk=''3'', selectclause=''1'', smoothingscheme=''2'', adaptiveprom=''1'', decreasingvariable=''7'', performalternatenovelty=''1'', phi='5', rdp='0.1152547151784253', theta='6', updateschemepromlist=''2'', adaptpromwalkprob=''0'', promphi='5', promtheta='6'
