{"total_cpu_time": null, "evaluations": 0, "incumbent": ["adaptive=''1''", "clausepen=''1''", "performrandomwalk=''0''", "singleclause=''1''", "tabusearch=''0''", "adaptivenoisescheme=''1''", "adaptwalkprob=''0''", "heuristic=''2''", "promisinglist=''1''", "ps='0.4'", "selectclause=''1''", "smoothingscheme=''1''", "adaptiveprom=''0''", "decreasingvariable=''3''", "performalternatenovelty=''1''", "phi='5'", "theta='6'", "updateschemepromlist=''3''", "wp='0.01'", "CONadaptpromwalkprob=''0''"], "cost": 2147483648, "cpu_time": 0, "wallclock_time": 0.0015599727630615234}
{"total_cpu_time": null, "evaluations": 1, "incumbent": ["adaptive=''1''", "clausepen=''1''", "performrandomwalk=''0''", "singleclause=''1''", "tabusearch=''0''", "adaptivenoisescheme=''1''", "adaptwalkprob=''0''", "heuristic=''2''", "promisinglist=''1''", "ps='0.4'", "selectclause=''1''", "smoothingscheme=''1''", "adaptiveprom=''0''", "decreasingvariable=''3''", "performalternatenovelty=''1''", "phi='5'", "theta='6'", "updateschemepromlist=''3''", "wp='0.01'", "CONadaptpromwalkprob=''0''"], "cost": 1.996, "cpu_time": 1.996, "wallclock_time": 2.4962663650512695}
{"total_cpu_time": null, "evaluations": 14, "incumbent": ["adaptive=''1''", "clausepen=''1''", "performrandomwalk=''1''", "singleclause=''1''", "tabusearch=''0''", "adaptivenoisescheme=''1''", "adaptwalkprob=''1''", "heuristic=''1''", "promisinglist=''1''", "ps='0.9921097018940638'", "randomwalk=''3''", "selectclause=''1''", "smoothingscheme=''2''", "adaptiveprom=''0''", "decreasingvariable=''7''", "performalternatenovelty=''1''", "phi='5'", "rdp='0.10835552886930397'", "theta='5'", "updateschemepromlist=''2''", "CONadaptpromwalkprob=''0''", "promnovnoise='0.6546602626982001'"], "cost": 0.00516, "cpu_time": 4.012, "wallclock_time": 8.907466173171997}
{"total_cpu_time": null, "evaluations": 55, "incumbent": ["adaptive=''1''", "clausepen=''1''", "performrandomwalk=''1''", "singleclause=''1''", "tabusearch=''0''", "adaptivenoisescheme=''1''", "adaptwalkprob=''1''", "heuristic=''1''", "promisinglist=''1''", "ps='0.9921097018940638'", "randomwalk=''3''", "selectclause=''1''", "smoothingscheme=''2''", "adaptiveprom=''1''", "decreasingvariable=''7''", "performalternatenovelty=''1''", "phi='5'", "rdp='0.10835552886930397'", "theta='5'", "updateschemepromlist=''2''", "adaptpromwalkprob=''0''", "promphi='5'", "promtheta='6'"], "cost": 0.0047272727272727275, "cpu_time": 6.467999999999995, "wallclock_time": 16.547727584838867}
{"total_cpu_time": null, "evaluations": 249, "incumbent": ["adaptive=''1''", "clausepen=''1''", "performrandomwalk=''1''", "singleclause=''1''", "tabusearch=''0''", "adaptivenoisescheme=''1''", "adaptwalkprob=''1''", "heuristic=''1''", "promisinglist=''1''", "ps='0.9921097018940638'", "randomwalk=''3''", "selectclause=''1''", "smoothingscheme=''2''", "adaptiveprom=''1''", "decreasingvariable=''7''", "performalternatenovelty=''1''", "phi='5'", "rdp='0.10835552886930397'", "theta='5'", "updateschemepromlist=''2''", "adaptpromwalkprob=''1''", "promphi='5'", "promtheta='6'"], "cost": 0.00344888888888889, "cpu_time": 26.219999999999896, "wallclock_time": 51.32926678657532}
{"total_cpu_time": null, "evaluations": 370, "incumbent": ["adaptive=''1''", "clausepen=''1''", "performrandomwalk=''1''", "singleclause=''1''", "tabusearch=''0''", "adaptivenoisescheme=''1''", "adaptwalkprob=''0''", "heuristic=''1''", "promisinglist=''1''", "ps='0.9921097018940638'", "randomwalk=''3''", "selectclause=''1''", "smoothingscheme=''2''", "adaptiveprom=''1''", "decreasingvariable=''7''", "performalternatenovelty=''1''", "phi='5'", "rdp='0.10835552886930397'", "theta='5'", "updateschemepromlist=''2''", "adaptpromwalkprob=''1''", "promphi='5'", "promtheta='6'"], "cost": 0.003031141868512112, "cpu_time": 35.939999999999884, "wallclock_time": 72.30453634262085}
{"total_cpu_time": null, "evaluations": 432, "incumbent": ["adaptive=''1''", "clausepen=''1''", "performrandomwalk=''1''", "singleclause=''1''", "tabusearch=''0''", "adaptivenoisescheme=''1''", "adaptwalkprob=''1''", "heuristic=''1''", "promisinglist=''1''", "ps='0.9921097018940638'", "randomwalk=''3''", "selectclause=''1''", "smoothingscheme=''2''", "adaptiveprom=''1''", "decreasingvariable=''7''", "performalternatenovelty=''1''", "phi='5'", "rdp='0.1152547151784253'", "theta='5'", "updateschemepromlist=''2''", "adaptpromwalkprob=''1''", "promphi='5'", "promtheta='6'"], "cost": 0.0017777777777777785, "cpu_time": 42.57199999999979, "wallclock_time": 83.636647939682}
{"total_cpu_time": null, "evaluations": 730, "incumbent": ["adaptive=''1''", "clausepen=''1''", "performrandomwalk=''1''", "singleclause=''1''", "tabusearch=''0''", "adaptivenoisescheme=''1''", "adaptwalkprob=''0''", "heuristic=''1''", "promisinglist=''1''", "ps='0.9921097018940638'", "randomwalk=''3''", "selectclause=''1''", "smoothingscheme=''2''", "adaptiveprom=''1''", "decreasingvariable=''7''", "performalternatenovelty=''1''", "phi='5'", "rdp='0.1152547151784253'", "theta='5'", "updateschemepromlist=''2''", "adaptpromwalkprob=''1''", "promphi='5'", "promtheta='6'"], "cost": 0.001454545454545455, "cpu_time": 63.93199999999949, "wallclock_time": 135.01317691802979}
{"total_cpu_time": null, "evaluations": 798, "incumbent": ["adaptive=''1''", "clausepen=''1''", "performrandomwalk=''1''", "singleclause=''1''", "tabusearch=''0''", "adaptivenoisescheme=''1''", "adaptwalkprob=''0''", "heuristic=''1''", "promisinglist=''1''", "ps='0.9921097018940638'", "randomwalk=''3''", "selectclause=''1''", "smoothingscheme=''2''", "adaptiveprom=''1''", "decreasingvariable=''7''", "performalternatenovelty=''1''", "phi='5'", "rdp='0.1152547151784253'", "theta='5'", "updateschemepromlist=''2''", "adaptpromwalkprob=''0''", "promphi='5'", "promtheta='6'"], "cost": 0.0013913043478260875, "cpu_time": 71.07599999999925, "wallclock_time": 149.12525415420532}
{"total_cpu_time": null, "evaluations": 881, "incumbent": ["adaptive=''1''", "clausepen=''1''", "performrandomwalk=''1''", "singleclause=''1''", "tabusearch=''0''", "adaptivenoisescheme=''1''", "adaptwalkprob=''0''", "heuristic=''1''", "promisinglist=''1''", "ps='0.9750098189240594'", "randomwalk=''3''", "selectclause=''1''", "smoothingscheme=''2''", "adaptiveprom=''1''", "decreasingvariable=''7''", "performalternatenovelty=''1''", "phi='5'", "rdp='0.1152547151784253'", "theta='5'", "updateschemepromlist=''2''", "adaptpromwalkprob=''0''", "promphi='5'", "promtheta='6'"], "cost": 0.001333333333333334, "cpu_time": 81.62399999999907, "wallclock_time": 164.31955671310425}
{"total_cpu_time": null, "evaluations": 963, "incumbent": ["adaptive=''1''", "clausepen=''1''", "performrandomwalk=''1''", "singleclause=''1''", "tabusearch=''0''", "adaptivenoisescheme=''1''", "adaptwalkprob=''0''", "heuristic=''1''", "promisinglist=''1''", "ps='0.9750098189240594'", "randomwalk=''3''", "selectclause=''1''", "smoothingscheme=''2''", "adaptiveprom=''1''", "decreasingvariable=''7''", "performalternatenovelty=''1''", "phi='5'", "rdp='0.1152547151784253'", "theta='5'", "updateschemepromlist=''2''", "adaptpromwalkprob=''1''", "promphi='5'", "promtheta='6'"], "cost": 0.0012800000000000005, "cpu_time": 92.85599999999894, "wallclock_time": 180.04968738555908}
{"total_cpu_time": null, "evaluations": 1251, "incumbent": ["adaptive=''1''", "clausepen=''1''", "performrandomwalk=''1''", "singleclause=''1''", "tabusearch=''0''", "adaptivenoisescheme=''1''", "adaptwalkprob=''0''", "heuristic=''1''", "promisinglist=''1''", "ps='0.9750098189240594'", "randomwalk=''3''", "selectclause=''1''", "smoothingscheme=''2''", "adaptiveprom=''1''", "decreasingvariable=''7''", "performalternatenovelty=''1''", "phi='5'", "rdp='0.1152547151784253'", "theta='6'", "updateschemepromlist=''2''", "adaptpromwalkprob=''1''", "promphi='5'", "promtheta='6'"], "cost": 0.0010000000000000007, "cpu_time": 122.48799999999883, "wallclock_time": 231.74590015411377}
{"total_cpu_time": null, "evaluations": 2747, "incumbent": ["adaptive=''1''", "clausepen=''1''", "performrandomwalk=''1''", "singleclause=''1''", "tabusearch=''0''", "adaptivenoisescheme=''1''", "adaptwalkprob=''1''", "heuristic=''1''", "promisinglist=''1''", "ps='0.9750098189240594'", "randomwalk=''3''", "selectclause=''1''", "smoothingscheme=''2''", "adaptiveprom=''1''", "decreasingvariable=''7''", "performalternatenovelty=''1''", "phi='5'", "rdp='0.1152547151784253'", "theta='6'", "updateschemepromlist=''2''", "adaptpromwalkprob=''1''", "promphi='5'", "promtheta='6'"], "cost": 0.0007025000000000005, "cpu_time": 251.53199999999694, "wallclock_time": 497.24539852142334}
{"total_cpu_time": null, "evaluations": 3033, "incumbent": ["adaptive=''1''", "clausepen=''1''", "performrandomwalk=''1''", "singleclause=''1''", "tabusearch=''0''", "adaptivenoisescheme=''1''", "adaptwalkprob=''0''", "heuristic=''1''", "promisinglist=''1''", "ps='0.9750098189240594'", "randomwalk=''3''", "selectclause=''1''", "smoothingscheme=''2''", "adaptiveprom=''1''", "decreasingvariable=''7''", "performalternatenovelty=''1''", "phi='5'", "rdp='0.1152547151784253'", "theta='6'", "updateschemepromlist=''2''", "adaptpromwalkprob=''1''", "promphi='5'", "promtheta='6'"], "cost": 0.0006666666666666671, "cpu_time": 286.8359999999976, "wallclock_time": 550.917676448822}
{"total_cpu_time": null, "evaluations": 3199, "incumbent": ["adaptive=''1''", "clausepen=''1''", "performrandomwalk=''1''", "singleclause=''1''", "tabusearch=''0''", "adaptivenoisescheme=''1''", "adaptwalkprob=''0''", "heuristic=''1''", "promisinglist=''1''", "ps='0.9750098189240594'", "randomwalk=''3''", "selectclause=''1''", "smoothingscheme=''2''", "adaptiveprom=''1''", "decreasingvariable=''7''", "performalternatenovelty=''1''", "phi='5'", "rdp='0.1152547151784253'", "theta='6'", "updateschemepromlist=''2''", "adaptpromwalkprob=''0''", "promphi='5'", "promtheta='6'"], "cost": 0.000653326122228232, "cpu_time": 294.7080000000003, "wallclock_time": 578.4653854370117}
{"total_cpu_time": null, "evaluations": 3372, "incumbent": ["adaptive=''1''", "clausepen=''1''", "performrandomwalk=''1''", "singleclause=''1''", "tabusearch=''0''", "adaptivenoisescheme=''1''", "adaptwalkprob=''0''", "heuristic=''1''", "promisinglist=''1''", "ps='0.9750098189240594'", "randomwalk=''3''", "selectclause=''1''", "smoothingscheme=''2''", "adaptiveprom=''1''", "decreasingvariable=''7''", "performalternatenovelty=''1''", "phi='5'", "rdp='0.1152547151784253'", "theta='6'", "updateschemepromlist=''2''", "adaptpromwalkprob=''1''", "promphi='5'", "promtheta='6'"], "cost": 0.0006363636363636368, "cpu_time": 300.868000000003, "wallclock_time": 606.6877717971802}
{"total_cpu_time": null, "evaluations": 3851, "incumbent": ["adaptive=''1''", "clausepen=''1''", "performrandomwalk=''1''", "singleclause=''1''", "tabusearch=''0''", "adaptivenoisescheme=''1''", "adaptwalkprob=''0''", "heuristic=''1''", "promisinglist=''1''", "ps='0.723217962533374'", "randomwalk=''3''", "selectclause=''1''", "smoothingscheme=''2''", "adaptiveprom=''1''", "decreasingvariable=''7''", "performalternatenovelty=''1''", "phi='5'", "rdp='0.1152547151784253'", "theta='6'", "updateschemepromlist=''2''", "adaptpromwalkprob=''1''", "promphi='5'", "promtheta='6'"], "cost": 0.0005957446808510643, "cpu_time": 352.5840000000087, "wallclock_time": 694.8783903121948}
{"total_cpu_time": null, "evaluations": 4567, "incumbent": ["adaptive=''1''", "clausepen=''1''", "performrandomwalk=''1''", "singleclause=''1''", "tabusearch=''0''", "adaptivenoisescheme=''1''", "adaptwalkprob=''1''", "heuristic=''1''", "promisinglist=''1''", "ps='0.723217962533374'", "randomwalk=''3''", "selectclause=''1''", "smoothingscheme=''2''", "adaptiveprom=''1''", "decreasingvariable=''7''", "performalternatenovelty=''1''", "phi='5'", "rdp='0.1152547151784253'", "theta='6'", "updateschemepromlist=''2''", "adaptpromwalkprob=''1''", "promphi='5'", "promtheta='6'"], "cost": 0.0005490196078431377, "cpu_time": 412.6360000000153, "wallclock_time": 822.5131022930145}
{"total_cpu_time": null, "evaluations": 5169, "incumbent": ["adaptive=''1''", "clausepen=''0''", "performrandomwalk=''1''", "singleclause=''1''", "tabusearch=''0''", "CONselectclause=''1''", "adaptivenoisescheme=''1''", "adaptwalkprob=''1''", "heuristic=''1''", "promisinglist=''1''", "randomwalk=''3''", "adaptiveprom=''1''", "decreasingvariable=''7''", "performalternatenovelty=''1''", "phi='5'", "rdp='0.1152547151784253'", "theta='6'", "updateschemepromlist=''2''", "adaptpromwalkprob=''1''", "promphi='5'", "promtheta='6'"], "cost": 0.000518518518518519, "cpu_time": 445.8280000000233, "wallclock_time": 924.4067561626434}
{"total_cpu_time": null, "evaluations": 5358, "incumbent": ["adaptive=''1''", "clausepen=''1''", "performrandomwalk=''1''", "singleclause=''1''", "tabusearch=''0''", "adaptivenoisescheme=''1''", "adaptwalkprob=''1''", "heuristic=''1''", "promisinglist=''1''", "ps='0.723217962533374'", "randomwalk=''3''", "selectclause=''1''", "smoothingscheme=''2''", "adaptiveprom=''1''", "decreasingvariable=''7''", "performalternatenovelty=''1''", "phi='5'", "rdp='0.1152547151784253'", "theta='6'", "updateschemepromlist=''2''", "adaptpromwalkprob=''1''", "promphi='5'", "promtheta='6'"], "cost": 0.0005090909090909095, "cpu_time": 467.5240000000233, "wallclock_time": 959.3608224391937}
{"total_cpu_time": null, "evaluations": 5579, "incumbent": ["adaptive=''1''", "clausepen=''1''", "performrandomwalk=''1''", "singleclause=''1''", "tabusearch=''0''", "adaptivenoisescheme=''1''", "adaptwalkprob=''0''", "heuristic=''1''", "promisinglist=''1''", "ps='0.723217962533374'", "randomwalk=''3''", "selectclause=''1''", "smoothingscheme=''2''", "adaptiveprom=''1''", "decreasingvariable=''7''", "performalternatenovelty=''1''", "phi='5'", "rdp='0.1152547151784253'", "theta='6'", "updateschemepromlist=''2''", "adaptpromwalkprob=''1''", "promphi='5'", "promtheta='6'"], "cost": 0.0005000000000000003, "cpu_time": 474.15600000002667, "wallclock_time": 996.2182450294495}
{"total_cpu_time": null, "evaluations": 7325, "incumbent": ["adaptive=''1''", "clausepen=''1''", "performrandomwalk=''1''", "singleclause=''1''", "tabusearch=''0''", "adaptivenoisescheme=''1''", "adaptwalkprob=''0''", "heuristic=''1''", "promisinglist=''1''", "ps='0.6852524309849659'", "randomwalk=''3''", "selectclause=''1''", "smoothingscheme=''2''", "adaptiveprom=''1''", "decreasingvariable=''7''", "performalternatenovelty=''1''", "phi='5'", "rdp='0.1152547151784253'", "theta='6'", "updateschemepromlist=''2''", "adaptpromwalkprob=''0''", "promphi='5'", "promtheta='6'"], "cost": 0.00043750000000000033, "cpu_time": 629.3240000000429, "wallclock_time": 1310.265099287033}
{"total_cpu_time": null, "evaluations": 8317, "incumbent": ["adaptive=''1''", "clausepen=''1''", "performrandomwalk=''1''", "singleclause=''1''", "tabusearch=''0''", "adaptivenoisescheme=''1''", "adaptwalkprob=''0''", "heuristic=''1''", "promisinglist=''1''", "ps='0.6852524309849659'", "randomwalk=''3''", "selectclause=''1''", "smoothingscheme=''2''", "adaptiveprom=''1''", "decreasingvariable=''7''", "performalternatenovelty=''1''", "phi='5'", "rdp='0.1152547151784253'", "theta='6'", "updateschemepromlist=''2''", "adaptpromwalkprob=''1''", "promphi='5'", "promtheta='6'"], "cost": 0.00041176470588235323, "cpu_time": 692.0320000000543, "wallclock_time": 1481.83220744133}
{"total_cpu_time": null, "evaluations": 8580, "incumbent": ["adaptive=''1''", "clausepen=''1''", "performrandomwalk=''1''", "singleclause=''1''", "tabusearch=''0''", "adaptivenoisescheme=''1''", "adaptwalkprob=''0''", "heuristic=''1''", "promisinglist=''1''", "ps='0.6852524309849659'", "randomwalk=''3''", "selectclause=''1''", "smoothingscheme=''2''", "adaptiveprom=''1''", "decreasingvariable=''7''", "performalternatenovelty=''1''", "phi='5'", "rdp='0.1152547151784253'", "theta='6'", "updateschemepromlist=''2''", "adaptpromwalkprob=''0''", "promphi='5'", "promtheta='6'"], "cost": 0.0004057971014492757, "cpu_time": 708.3240000000527, "wallclock_time": 1528.3122010231018}
{"total_cpu_time": null, "evaluations": 10138, "incumbent": ["adaptive=''1''", "clausepen=''0''", "performrandomwalk=''1''", "singleclause=''1''", "tabusearch=''0''", "CONselectclause=''1''", "adaptivenoisescheme=''1''", "adaptwalkprob=''0''", "heuristic=''1''", "promisinglist=''1''", "randomwalk=''3''", "adaptiveprom=''1''", "decreasingvariable=''7''", "performalternatenovelty=''1''", "phi='5'", "rdp='0.1152547151784253'", "theta='6'", "updateschemepromlist=''2''", "adaptpromwalkprob=''0''", "promphi='5'", "promtheta='6'"], "cost": 0.0003733333333333336, "cpu_time": 852.020000000053, "wallclock_time": 1808.4012925624847}
{"total_cpu_time": null, "evaluations": 10693, "incumbent": ["adaptive=''1''", "clausepen=''1''", "performrandomwalk=''1''", "singleclause=''1''", "tabusearch=''0''", "adaptivenoisescheme=''1''", "adaptwalkprob=''0''", "heuristic=''1''", "promisinglist=''1''", "ps='0.6852524309849659'", "randomwalk=''3''", "selectclause=''1''", "smoothingscheme=''2''", "adaptiveprom=''1''", "decreasingvariable=''7''", "performalternatenovelty=''1''", "phi='5'", "rdp='0.1152547151784253'", "theta='6'", "updateschemepromlist=''2''", "adaptpromwalkprob=''0''", "promphi='5'", "promtheta='6'"], "cost": 0.0003636363636363639, "cpu_time": 902.2440000000487, "wallclock_time": 1911.9159145355225}
{"total_cpu_time": null, "evaluations": 14367, "incumbent": ["adaptive=''1''", "clausepen=''1''", "performrandomwalk=''1''", "singleclause=''1''", "tabusearch=''0''", "adaptivenoisescheme=''1''", "adaptwalkprob=''0''", "heuristic=''1''", "promisinglist=''1''", "ps='0.602880685641066'", "randomwalk=''3''", "selectclause=''1''", "smoothingscheme=''2''", "adaptiveprom=''1''", "decreasingvariable=''7''", "performalternatenovelty=''1''", "phi='5'", "rdp='0.1152547151784253'", "theta='6'", "updateschemepromlist=''2''", "adaptpromwalkprob=''0''", "promphi='5'", "promtheta='6'"], "cost": 0.0003146067415730339, "cpu_time": 1202.2520000000693, "wallclock_time": 2570.3938806056976}
{"total_cpu_time": null, "evaluations": 14716, "incumbent": ["adaptive=''1''", "clausepen=''1''", "performrandomwalk=''1''", "singleclause=''1''", "tabusearch=''0''", "adaptivenoisescheme=''1''", "adaptwalkprob=''0''", "heuristic=''1''", "promisinglist=''1''", "ps='0.6852524309849659'", "randomwalk=''3''", "selectclause=''1''", "smoothingscheme=''2''", "adaptiveprom=''1''", "decreasingvariable=''7''", "performalternatenovelty=''1''", "phi='5'", "rdp='0.1152547151784253'", "theta='6'", "updateschemepromlist=''2''", "adaptpromwalkprob=''0''", "promphi='5'", "promtheta='6'"], "cost": 0.00031111111111111134, "cpu_time": 1219.4360000000715, "wallclock_time": 2630.0020473003387}
{"total_cpu_time": null, "evaluations": 17025, "incumbent": ["adaptive=''1''", "clausepen=''1''", "performrandomwalk=''1''", "singleclause=''1''", "tabusearch=''0''", "adaptivenoisescheme=''1''", "adaptwalkprob=''0''", "heuristic=''1''", "promisinglist=''1''", "ps='0.6645678679028423'", "randomwalk=''3''", "selectclause=''1''", "smoothingscheme=''2''", "adaptiveprom=''1''", "decreasingvariable=''7''", "performalternatenovelty=''1''", "phi='5'", "rdp='0.1152547151784253'", "theta='6'", "updateschemepromlist=''2''", "adaptpromwalkprob=''0''", "promphi='5'", "promtheta='6'"], "cost": 0.0002907854182166013, "cpu_time": 1467.6760000000963, "wallclock_time": 3066.2769763469696}
{"total_cpu_time": null, "evaluations": 17402, "incumbent": ["adaptive=''1''", "clausepen=''1''", "performrandomwalk=''1''", "singleclause=''1''", "tabusearch=''0''", "adaptivenoisescheme=''1''", "adaptwalkprob=''0''", "heuristic=''1''", "promisinglist=''1''", "ps='0.6027575606959112'", "randomwalk=''3''", "selectclause=''1''", "smoothingscheme=''2''", "adaptiveprom=''1''", "decreasingvariable=''7''", "performalternatenovelty=''1''", "phi='5'", "rdp='0.1152547151784253'", "theta='6'", "updateschemepromlist=''2''", "adaptpromwalkprob=''0''", "promphi='5'", "promtheta='6'"], "cost": 0.00028654727197001276, "cpu_time": 1489.1920000001128, "wallclock_time": 3130.7836487293243}
{"total_cpu_time": null, "evaluations": 17730, "incumbent": ["adaptive=''1''", "clausepen=''1''", "performrandomwalk=''1''", "singleclause=''1''", "tabusearch=''0''", "adaptivenoisescheme=''1''", "adaptwalkprob=''0''", "heuristic=''1''", "promisinglist=''1''", "ps='0.6852524309849659'", "randomwalk=''3''", "selectclause=''1''", "smoothingscheme=''2''", "adaptiveprom=''1''", "decreasingvariable=''7''", "performalternatenovelty=''1''", "phi='5'", "rdp='0.1152547151784253'", "theta='6'", "updateschemepromlist=''2''", "adaptpromwalkprob=''0''", "promphi='5'", "promtheta='6'"], "cost": 0.00028282828282828303, "cpu_time": 1535.5400000001155, "wallclock_time": 3195.8851335048676}
