{"wallclock_time": 0.0009434223175048828, "cost": 2147483648, "incumbent": ["sp-clause-activity-inc='1.0'", "sp-clause-decay='1.4'", "sp-clause-del-heur=''2''", "sp-first-restart='100'", "sp-learned-clause-sort-heur=''0''", "sp-learned-clauses-inc='1.3'", "sp-learned-size-factor='0.4'", "sp-orig-clause-sort-heur=''0''", "sp-phase-dec-heur=''5''", "sp-rand-var-dec-freq=''0.001''", "sp-resolution=''1''", "sp-restart-inc='1.5'", "sp-update-dec-queue=''1''", "sp-use-pure-literal-rule=''1''", "sp-var-activity-inc='1.0'", "sp-var-dec-heur=''0''", "sp-variable-decay='1.4'", "sp-max-res-lit-inc='1.0'", "sp-max-res-runs='4'", "sp-rand-phase-dec-freq=''0.001''", "sp-rand-var-dec-scaling='1.0'", "sp-res-cutoff-cls='8'", "sp-res-cutoff-lits='400'", "sp-res-order-heur=''0''", "sp-rand-phase-scaling='1.0'"], "cpu_time": 0, "evaluations": 0, "total_cpu_time": null}
{"wallclock_time": 0.20831704139709473, "cost": 0.056, "incumbent": ["sp-clause-activity-inc='1.0'", "sp-clause-decay='1.4'", "sp-clause-del-heur=''2''", "sp-first-restart='100'", "sp-learned-clause-sort-heur=''0''", "sp-learned-clauses-inc='1.3'", "sp-learned-size-factor='0.4'", "sp-orig-clause-sort-heur=''0''", "sp-phase-dec-heur=''5''", "sp-rand-var-dec-freq=''0.001''", "sp-resolution=''1''", "sp-restart-inc='1.5'", "sp-update-dec-queue=''1''", "sp-use-pure-literal-rule=''1''", "sp-var-activity-inc='1.0'", "sp-var-dec-heur=''0''", "sp-variable-decay='1.4'", "sp-max-res-lit-inc='1.0'", "sp-max-res-runs='4'", "sp-rand-phase-dec-freq=''0.001''", "sp-rand-var-dec-scaling='1.0'", "sp-res-cutoff-cls='8'", "sp-res-cutoff-lits='400'", "sp-res-order-heur=''0''", "sp-rand-phase-scaling='1.0'"], "cpu_time": 0.056, "evaluations": 1, "total_cpu_time": null}
{"wallclock_time": 141.5874207019806, "cost": 0.11084000000000001, "incumbent": ["sp-clause-activity-inc='1.0553760718132068'", "sp-clause-decay='1.626866991246379'", "sp-clause-del-heur=''1''", "sp-first-restart='25'", "sp-learned-clause-sort-heur=''10''", "sp-learned-clauses-inc='1.135228000371437'", "sp-learned-size-factor='1.217316169313022'", "sp-orig-clause-sort-heur=''2''", "sp-phase-dec-heur=''5''", "sp-rand-var-dec-freq=''0''", "sp-resolution=''2''", "sp-restart-inc='1.2016621957786136'", "sp-update-dec-queue=''0''", "sp-use-pure-literal-rule=''0''", "sp-var-activity-inc='0.589355132522172'", "sp-var-dec-heur=''2''", "sp-variable-decay='1.266440252424305'", "sp-max-res-lit-inc='0.27855269336509547'", "sp-max-res-runs='7'", "sp-rand-phase-dec-freq=''0.0001''", "sp-res-cutoff-cls='11'", "sp-res-cutoff-lits='111'", "sp-res-order-heur=''19''", "sp-rand-phase-scaling='0.4703216351491841'"], "cpu_time": 106.68399999999995, "evaluations": 65, "total_cpu_time": null}
{"wallclock_time": 244.04004573822021, "cost": 0.11036000000000001, "incumbent": ["sp-clause-activity-inc='1.0553760718132068'", "sp-clause-decay='1.626866991246379'", "sp-clause-del-heur=''1''", "sp-first-restart='25'", "sp-learned-clause-sort-heur=''12''", "sp-learned-clauses-inc='1.135228000371437'", "sp-learned-size-factor='1.217316169313022'", "sp-orig-clause-sort-heur=''2''", "sp-phase-dec-heur=''5''", "sp-rand-var-dec-freq=''0''", "sp-resolution=''2''", "sp-restart-inc='1.2016621957786136'", "sp-update-dec-queue=''0''", "sp-use-pure-literal-rule=''0''", "sp-var-activity-inc='0.589355132522172'", "sp-var-dec-heur=''2''", "sp-variable-decay='1.266440252424305'", "sp-max-res-lit-inc='0.27855269336509547'", "sp-max-res-runs='7'", "sp-rand-phase-dec-freq=''0.0001''", "sp-res-cutoff-cls='11'", "sp-res-cutoff-lits='111'", "sp-res-order-heur=''19''", "sp-rand-phase-scaling='0.4703216351491841'"], "cpu_time": 183.508, "evaluations": 130, "total_cpu_time": null}
{"wallclock_time": 1189.8842170238495, "cost": 0.11023999999999998, "incumbent": ["sp-clause-activity-inc='1.0553760718132068'", "sp-clause-decay='1.626866991246379'", "sp-clause-del-heur=''1''", "sp-first-restart='25'", "sp-learned-clause-sort-heur=''12''", "sp-learned-clauses-inc='1.135228000371437'", "sp-learned-size-factor='1.217316169313022'", "sp-orig-clause-sort-heur=''2''", "sp-phase-dec-heur=''5''", "sp-rand-var-dec-freq=''0''", "sp-resolution=''0''", "sp-restart-inc='1.2016621957786136'", "sp-update-dec-queue=''0''", "sp-use-pure-literal-rule=''0''", "sp-var-activity-inc='0.589355132522172'", "sp-var-dec-heur=''2''", "sp-variable-decay='1.266440252424305'", "sp-rand-phase-dec-freq=''0.0001''", "sp-rand-phase-scaling='0.4703216351491841'"], "cpu_time": 896.248, "evaluations": 715, "total_cpu_time": null}
{"wallclock_time": 1295.2830815315247, "cost": 0.10915999999999997, "incumbent": ["sp-clause-activity-inc='1.0553760718132068'", "sp-clause-decay='1.3632985138078573'", "sp-clause-del-heur=''1''", "sp-first-restart='25'", "sp-learned-clause-sort-heur=''12''", "sp-learned-clauses-inc='1.135228000371437'", "sp-learned-size-factor='1.217316169313022'", "sp-orig-clause-sort-heur=''2''", "sp-phase-dec-heur=''5''", "sp-rand-var-dec-freq=''0''", "sp-resolution=''0''", "sp-restart-inc='1.2016621957786136'", "sp-update-dec-queue=''0''", "sp-use-pure-literal-rule=''0''", "sp-var-activity-inc='0.589355132522172'", "sp-var-dec-heur=''2''", "sp-variable-decay='1.266440252424305'", "sp-rand-phase-dec-freq=''0.0001''", "sp-rand-phase-scaling='0.4703216351491841'"], "cpu_time": 975.7759999999995, "evaluations": 780, "total_cpu_time": null}
{"wallclock_time": 2350.8298814296722, "cost": 0.10791999999999999, "incumbent": ["sp-clause-activity-inc='1.0553760718132068'", "sp-clause-decay='1.0720318655137433'", "sp-clause-del-heur=''1''", "sp-first-restart='25'", "sp-learned-clause-sort-heur=''12''", "sp-learned-clauses-inc='1.135228000371437'", "sp-learned-size-factor='1.217316169313022'", "sp-orig-clause-sort-heur=''2''", "sp-phase-dec-heur=''5''", "sp-rand-var-dec-freq=''0''", "sp-resolution=''0''", "sp-restart-inc='1.2016621957786136'", "sp-update-dec-queue=''0''", "sp-use-pure-literal-rule=''0''", "sp-var-activity-inc='0.589355132522172'", "sp-var-dec-heur=''2''", "sp-variable-decay='1.266440252424305'", "sp-rand-phase-dec-freq=''0.0001''", "sp-rand-phase-scaling='0.47489690724612926'"], "cpu_time": 1761.8479999999975, "evaluations": 1430, "total_cpu_time": null}
{"wallclock_time": 2459.8287496566772, "cost": 0.10756000000000002, "incumbent": ["sp-clause-activity-inc='1.0553760718132068'", "sp-clause-decay='1.0720318655137433'", "sp-clause-del-heur=''1''", "sp-first-restart='25'", "sp-learned-clause-sort-heur=''12''", "sp-learned-clauses-inc='1.135228000371437'", "sp-learned-size-factor='1.217316169313022'", "sp-orig-clause-sort-heur=''2''", "sp-phase-dec-heur=''5''", "sp-rand-var-dec-freq=''0''", "sp-resolution=''0''", "sp-restart-inc='1.2016621957786136'", "sp-update-dec-queue=''0''", "sp-use-pure-literal-rule=''0''", "sp-var-activity-inc='0.589355132522172'", "sp-var-dec-heur=''4''", "sp-variable-decay='1.266440252424305'", "sp-rand-phase-dec-freq=''0.0001''", "sp-rand-phase-scaling='0.47489690724612926'"], "cpu_time": 1842.3999999999978, "evaluations": 1495, "total_cpu_time": null}
{"wallclock_time": 3180.7285001277924, "cost": 0.10751999999999999, "incumbent": ["sp-clause-activity-inc='1.0193641928331667'", "sp-clause-decay='1.0720318655137433'", "sp-clause-del-heur=''1''", "sp-first-restart='25'", "sp-learned-clause-sort-heur=''12''", "sp-learned-clauses-inc='1.135228000371437'", "sp-learned-size-factor='1.217316169313022'", "sp-orig-clause-sort-heur=''2''", "sp-phase-dec-heur=''5''", "sp-rand-var-dec-freq=''0''", "sp-resolution=''0''", "sp-restart-inc='1.2016621957786136'", "sp-update-dec-queue=''0''", "sp-use-pure-literal-rule=''0''", "sp-var-activity-inc='0.589355132522172'", "sp-var-dec-heur=''4''", "sp-variable-decay='1.266440252424305'", "sp-rand-phase-dec-freq=''0.0001''", "sp-rand-phase-scaling='0.47489690724612926'"], "cpu_time": 2376.8519999999985, "evaluations": 1950, "total_cpu_time": null}
{"wallclock_time": 4665.092591524124, "cost": 0.10747999999999999, "incumbent": ["sp-clause-activity-inc='1.0193641928331667'", "sp-clause-decay='1.0720318655137433'", "sp-clause-del-heur=''1''", "sp-first-restart='25'", "sp-learned-clause-sort-heur=''12''", "sp-learned-clauses-inc='1.135228000371437'", "sp-learned-size-factor='1.217316169313022'", "sp-orig-clause-sort-heur=''2''", "sp-phase-dec-heur=''5''", "sp-rand-var-dec-freq=''0''", "sp-resolution=''0''", "sp-restart-inc='1.2016621957786136'", "sp-update-dec-queue=''0''", "sp-use-pure-literal-rule=''0''", "sp-var-activity-inc='0.589355132522172'", "sp-var-dec-heur=''7''", "sp-variable-decay='1.266440252424305'", "sp-rand-phase-dec-freq=''0.0001''", "sp-rand-phase-scaling='0.47489690724612926'"], "cpu_time": 3471.940000000006, "evaluations": 2860, "total_cpu_time": null}
{"wallclock_time": 5306.319712877274, "cost": 0.10744000000000001, "incumbent": ["sp-clause-activity-inc='1.0193641928331667'", "sp-clause-decay='1.0720318655137433'", "sp-clause-del-heur=''1''", "sp-first-restart='25'", "sp-learned-clause-sort-heur=''12''", "sp-learned-clauses-inc='1.135228000371437'", "sp-learned-size-factor='1.5133712517479014'", "sp-orig-clause-sort-heur=''2''", "sp-phase-dec-heur=''5''", "sp-rand-var-dec-freq=''0''", "sp-resolution=''0''", "sp-restart-inc='1.2016621957786136'", "sp-update-dec-queue=''0''", "sp-use-pure-literal-rule=''0''", "sp-var-activity-inc='0.589355132522172'", "sp-var-dec-heur=''7''", "sp-variable-decay='1.266440252424305'", "sp-rand-phase-dec-freq=''0.0001''", "sp-rand-phase-scaling='0.47489690724612926'"], "cpu_time": 3947.37600000001, "evaluations": 3250, "total_cpu_time": null}
{"wallclock_time": 7203.7891182899475, "cost": 0.08691999999999998, "incumbent": ["sp-clause-activity-inc='1.0193641928331667'", "sp-clause-decay='1.0720318655137433'", "sp-clause-del-heur=''1''", "sp-first-restart='25'", "sp-learned-clause-sort-heur=''12''", "sp-learned-clauses-inc='1.135228000371437'", "sp-learned-size-factor='1.5133712517479014'", "sp-orig-clause-sort-heur=''2''", "sp-phase-dec-heur=''5''", "sp-rand-var-dec-freq=''0''", "sp-resolution=''0''", "sp-restart-inc='1.2016621957786136'", "sp-update-dec-queue=''0''", "sp-use-pure-literal-rule=''0''", "sp-var-activity-inc='0.5545820002232902'", "sp-var-dec-heur=''7''", "sp-variable-decay='1.266440252424305'", "sp-rand-phase-dec-freq=''0.0001''", "sp-rand-phase-scaling='0.47489690724612926'"], "cpu_time": 5349.223999999991, "evaluations": 4420, "total_cpu_time": null}
{"wallclock_time": 7294.093514442444, "cost": 0.08683999999999997, "incumbent": ["sp-clause-activity-inc='1.0193641928331667'", "sp-clause-decay='1.0720318655137433'", "sp-clause-del-heur=''1''", "sp-first-restart='25'", "sp-learned-clause-sort-heur=''12''", "sp-learned-clauses-inc='1.135228000371437'", "sp-learned-size-factor='0.6870886224494043'", "sp-orig-clause-sort-heur=''2''", "sp-phase-dec-heur=''5''", "sp-rand-var-dec-freq=''0''", "sp-resolution=''0''", "sp-restart-inc='1.2016621957786136'", "sp-update-dec-queue=''0''", "sp-use-pure-literal-rule=''0''", "sp-var-activity-inc='0.5545820002232902'", "sp-var-dec-heur=''7''", "sp-variable-decay='1.266440252424305'", "sp-rand-phase-dec-freq=''0.0001''", "sp-rand-phase-scaling='0.47489690724612926'"], "cpu_time": 5412.01599999999, "evaluations": 4485, "total_cpu_time": null}
{"wallclock_time": 10835.151020765305, "cost": 0.06251999999999999, "incumbent": ["sp-clause-activity-inc='1.0193641928331667'", "sp-clause-decay='1.0720318655137433'", "sp-clause-del-heur=''1''", "sp-first-restart='25'", "sp-learned-clause-sort-heur=''12''", "sp-learned-clauses-inc='1.135228000371437'", "sp-learned-size-factor='0.6870886224494043'", "sp-orig-clause-sort-heur=''2''", "sp-phase-dec-heur=''1''", "sp-rand-var-dec-freq=''0''", "sp-resolution=''0''", "sp-restart-inc='1.2016621957786136'", "sp-update-dec-queue=''0''", "sp-use-pure-literal-rule=''0''", "sp-var-activity-inc='0.5545820002232902'", "sp-var-dec-heur=''7''", "sp-variable-decay='1.266440252424305'", "sp-rand-phase-dec-freq=''0.0001''", "sp-rand-phase-scaling='0.47489690724612926'"], "cpu_time": 7883.815999999902, "evaluations": 6955, "total_cpu_time": null}
