"CPU Time Used","Estimated Training Performance","Wallclock Time","Incumbent ID","Automatic Configurator (CPU) Time","Configuration..."
0.000000, 2147483648.000000, 0.000943, 1, 0.000943, sp-clause-activity-inc='1.0', sp-clause-decay='1.4', sp-clause-del-heur=''2'', sp-first-restart='100', sp-learned-clause-sort-heur=''0'', sp-learned-clauses-inc='1.3', sp-learned-size-factor='0.4', sp-orig-clause-sort-heur=''0'', sp-phase-dec-heur=''5'', sp-rand-var-dec-freq=''0.001'', sp-resolution=''1'', sp-restart-inc='1.5', sp-update-dec-queue=''1'', sp-use-pure-literal-rule=''1'', sp-var-activity-inc='1.0', sp-var-dec-heur=''0'', sp-variable-decay='1.4', sp-max-res-lit-inc='1.0', sp-max-res-runs='4', sp-rand-phase-dec-freq=''0.001'', sp-rand-var-dec-scaling='1.0', sp-res-cutoff-cls='8', sp-res-cutoff-lits='400', sp-res-order-heur=''0'', sp-rand-phase-scaling='1.0'
0.056000, 0.056000, 0.208317, 1, 0.152317, sp-clause-activity-inc='1.0', sp-clause-decay='1.4', sp-clause-del-heur=''2'', sp-first-restart='100', sp-learned-clause-sort-heur=''0'', sp-learned-clauses-inc='1.3', sp-learned-size-factor='0.4', sp-orig-clause-sort-heur=''0'', sp-phase-dec-heur=''5'', sp-rand-var-dec-freq=''0.001'', sp-resolution=''1'', sp-restart-inc='1.5', sp-update-dec-queue=''1'', sp-use-pure-literal-rule=''1'', sp-var-activity-inc='1.0', sp-var-dec-heur=''0'', sp-variable-decay='1.4', sp-max-res-lit-inc='1.0', sp-max-res-runs='4', sp-rand-phase-dec-freq=''0.001'', sp-rand-var-dec-scaling='1.0', sp-res-cutoff-cls='8', sp-res-cutoff-lits='400', sp-res-order-heur=''0'', sp-rand-phase-scaling='1.0'
106.684000, 0.110840, 141.587421, 5, 34.903421, sp-clause-activity-inc='1.0553760718132068', sp-clause-decay='1.626866991246379', sp-clause-del-heur=''1'', sp-first-restart='25', sp-learned-clause-sort-heur=''10'', sp-learned-clauses-inc='1.135228000371437', sp-learned-size-factor='1.217316169313022', sp-orig-clause-sort-heur=''2'', sp-phase-dec-heur=''5'', sp-rand-var-dec-freq=''0'', sp-resolution=''2'', sp-restart-inc='1.2016621957786136', sp-update-dec-queue=''0'', sp-use-pure-literal-rule=''0'', sp-var-activity-inc='0.589355132522172', sp-var-dec-heur=''2'', sp-variable-decay='1.266440252424305', sp-max-res-lit-inc='0.27855269336509547', sp-max-res-runs='7', sp-rand-phase-dec-freq=''0.0001'', sp-res-cutoff-cls='11', sp-res-cutoff-lits='111', sp-res-order-heur=''19'', sp-rand-phase-scaling='0.4703216351491841'
183.508000, 0.110360, 244.040046, 19, 60.532046, sp-clause-activity-inc='1.0553760718132068', sp-clause-decay='1.626866991246379', sp-clause-del-heur=''1'', sp-first-restart='25', sp-learned-clause-sort-heur=''12'', sp-learned-clauses-inc='1.135228000371437', sp-learned-size-factor='1.217316169313022', sp-orig-clause-sort-heur=''2'', sp-phase-dec-heur=''5'', sp-rand-var-dec-freq=''0'', sp-resolution=''2'', sp-restart-inc='1.2016621957786136', sp-update-dec-queue=''0'', sp-use-pure-literal-rule=''0'', sp-var-activity-inc='0.589355132522172', sp-var-dec-heur=''2'', sp-variable-decay='1.266440252424305', sp-max-res-lit-inc='0.27855269336509547', sp-max-res-runs='7', sp-rand-phase-dec-freq=''0.0001'', sp-res-cutoff-cls='11', sp-res-cutoff-lits='111', sp-res-order-heur=''19'', sp-rand-phase-scaling='0.4703216351491841'
896.248000, 0.110240, 1189.884217, 88, 293.636217, sp-clause-activity-inc='1.0553760718132068', sp-clause-decay='1.626866991246379', sp-clause-del-heur=''1'', sp-first-restart='25', sp-learned-clause-sort-heur=''12'', sp-learned-clauses-inc='1.135228000371437', sp-learned-size-factor='1.217316169313022', sp-orig-clause-sort-heur=''2'', sp-phase-dec-heur=''5'', sp-rand-var-dec-freq=''0'', sp-resolution=''0'', sp-restart-inc='1.2016621957786136', sp-update-dec-queue=''0'', sp-use-pure-literal-rule=''0'', sp-var-activity-inc='0.589355132522172', sp-var-dec-heur=''2'', sp-variable-decay='1.266440252424305', sp-rand-phase-dec-freq=''0.0001'', sp-rand-phase-scaling='0.4703216351491841'
975.776000, 0.109160, 1295.283082, 99, 319.507082, sp-clause-activity-inc='1.0553760718132068', sp-clause-decay='1.3632985138078573', sp-clause-del-heur=''1'', sp-first-restart='25', sp-learned-clause-sort-heur=''12'', sp-learned-clauses-inc='1.135228000371437', sp-learned-size-factor='1.217316169313022', sp-orig-clause-sort-heur=''2'', sp-phase-dec-heur=''5'', sp-rand-var-dec-freq=''0'', sp-resolution=''0'', sp-restart-inc='1.2016621957786136', sp-update-dec-queue=''0'', sp-use-pure-literal-rule=''0'', sp-var-activity-inc='0.589355132522172', sp-var-dec-heur=''2'', sp-variable-decay='1.266440252424305', sp-rand-phase-dec-freq=''0.0001'', sp-rand-phase-scaling='0.4703216351491841'
1761.848000, 0.107920, 2350.829881, 182, 588.981881, sp-clause-activity-inc='1.0553760718132068', sp-clause-decay='1.0720318655137433', sp-clause-del-heur=''1'', sp-first-restart='25', sp-learned-clause-sort-heur=''12'', sp-learned-clauses-inc='1.135228000371437', sp-learned-size-factor='1.217316169313022', sp-orig-clause-sort-heur=''2'', sp-phase-dec-heur=''5'', sp-rand-var-dec-freq=''0'', sp-resolution=''0'', sp-restart-inc='1.2016621957786136', sp-update-dec-queue=''0'', sp-use-pure-literal-rule=''0'', sp-var-activity-inc='0.589355132522172', sp-var-dec-heur=''2'', sp-variable-decay='1.266440252424305', sp-rand-phase-dec-freq=''0.0001'', sp-rand-phase-scaling='0.47489690724612926'
1842.400000, 0.107560, 2459.828750, 188, 617.428750, sp-clause-activity-inc='1.0553760718132068', sp-clause-decay='1.0720318655137433', sp-clause-del-heur=''1'', sp-first-restart='25', sp-learned-clause-sort-heur=''12'', sp-learned-clauses-inc='1.135228000371437', sp-learned-size-factor='1.217316169313022', sp-orig-clause-sort-heur=''2'', sp-phase-dec-heur=''5'', sp-rand-var-dec-freq=''0'', sp-resolution=''0'', sp-restart-inc='1.2016621957786136', sp-update-dec-queue=''0'', sp-use-pure-literal-rule=''0'', sp-var-activity-inc='0.589355132522172', sp-var-dec-heur=''4'', sp-variable-decay='1.266440252424305', sp-rand-phase-dec-freq=''0.0001'', sp-rand-phase-scaling='0.47489690724612926'
2376.852000, 0.107520, 3180.728500, 242, 803.876500, sp-clause-activity-inc='1.0193641928331667', sp-clause-decay='1.0720318655137433', sp-clause-del-heur=''1'', sp-first-restart='25', sp-learned-clause-sort-heur=''12'', sp-learned-clauses-inc='1.135228000371437', sp-learned-size-factor='1.217316169313022', sp-orig-clause-sort-heur=''2'', sp-phase-dec-heur=''5'', sp-rand-var-dec-freq=''0'', sp-resolution=''0'', sp-restart-inc='1.2016621957786136', sp-update-dec-queue=''0'', sp-use-pure-literal-rule=''0'', sp-var-activity-inc='0.589355132522172', sp-var-dec-heur=''4'', sp-variable-decay='1.266440252424305', sp-rand-phase-dec-freq=''0.0001'', sp-rand-phase-scaling='0.47489690724612926'
3471.940000, 0.107480, 4665.092592, 355, 1193.152592, sp-clause-activity-inc='1.0193641928331667', sp-clause-decay='1.0720318655137433', sp-clause-del-heur=''1'', sp-first-restart='25', sp-learned-clause-sort-heur=''12'', sp-learned-clauses-inc='1.135228000371437', sp-learned-size-factor='1.217316169313022', sp-orig-clause-sort-heur=''2'', sp-phase-dec-heur=''5'', sp-rand-var-dec-freq=''0'', sp-resolution=''0'', sp-restart-inc='1.2016621957786136', sp-update-dec-queue=''0'', sp-use-pure-literal-rule=''0'', sp-var-activity-inc='0.589355132522172', sp-var-dec-heur=''7'', sp-variable-decay='1.266440252424305', sp-rand-phase-dec-freq=''0.0001'', sp-rand-phase-scaling='0.47489690724612926'
3947.376000, 0.107440, 5306.319713, 400, 1358.943713, sp-clause-activity-inc='1.0193641928331667', sp-clause-decay='1.0720318655137433', sp-clause-del-heur=''1'', sp-first-restart='25', sp-learned-clause-sort-heur=''12'', sp-learned-clauses-inc='1.135228000371437', sp-learned-size-factor='1.5133712517479014', sp-orig-clause-sort-heur=''2'', sp-phase-dec-heur=''5'', sp-rand-var-dec-freq=''0'', sp-resolution=''0'', sp-restart-inc='1.2016621957786136', sp-update-dec-queue=''0'', sp-use-pure-literal-rule=''0'', sp-var-activity-inc='0.589355132522172', sp-var-dec-heur=''7'', sp-variable-decay='1.266440252424305', sp-rand-phase-dec-freq=''0.0001'', sp-rand-phase-scaling='0.47489690724612926'
5349.224000, 0.086920, 7203.789118, 540, 1854.565118, sp-clause-activity-inc='1.0193641928331667', sp-clause-decay='1.0720318655137433', sp-clause-del-heur=''1'', sp-first-restart='25', sp-learned-clause-sort-heur=''12'', sp-learned-clauses-inc='1.135228000371437', sp-learned-size-factor='1.5133712517479014', sp-orig-clause-sort-heur=''2'', sp-phase-dec-heur=''5'', sp-rand-var-dec-freq=''0'', sp-resolution=''0'', sp-restart-inc='1.2016621957786136', sp-update-dec-queue=''0'', sp-use-pure-literal-rule=''0'', sp-var-activity-inc='0.5545820002232902', sp-var-dec-heur=''7'', sp-variable-decay='1.266440252424305', sp-rand-phase-dec-freq=''0.0001'', sp-rand-phase-scaling='0.47489690724612926'
5412.016000, 0.086840, 7294.093514, 549, 1882.077514, sp-clause-activity-inc='1.0193641928331667', sp-clause-decay='1.0720318655137433', sp-clause-del-heur=''1'', sp-first-restart='25', sp-learned-clause-sort-heur=''12'', sp-learned-clauses-inc='1.135228000371437', sp-learned-size-factor='0.6870886224494043', sp-orig-clause-sort-heur=''2'', sp-phase-dec-heur=''5'', sp-rand-var-dec-freq=''0'', sp-resolution=''0'', sp-restart-inc='1.2016621957786136', sp-update-dec-queue=''0'', sp-use-pure-literal-rule=''0'', sp-var-activity-inc='0.5545820002232902', sp-var-dec-heur=''7'', sp-variable-decay='1.266440252424305', sp-rand-phase-dec-freq=''0.0001'', sp-rand-phase-scaling='0.47489690724612926'
7883.816000, 0.062520, 10835.151021, 551, 2951.335021, sp-clause-activity-inc='1.0193641928331667', sp-clause-decay='1.0720318655137433', sp-clause-del-heur=''1'', sp-first-restart='25', sp-learned-clause-sort-heur=''12'', sp-learned-clauses-inc='1.135228000371437', sp-learned-size-factor='0.6870886224494043', sp-orig-clause-sort-heur=''2'', sp-phase-dec-heur=''1'', sp-rand-var-dec-freq=''0'', sp-resolution=''0'', sp-restart-inc='1.2016621957786136', sp-update-dec-queue=''0'', sp-use-pure-literal-rule=''0'', sp-var-activity-inc='0.5545820002232902', sp-var-dec-heur=''7'', sp-variable-decay='1.266440252424305', sp-rand-phase-dec-freq=''0.0001'', sp-rand-phase-scaling='0.47489690724612926'
