{"cpu_time": 0, "evaluations": 0, "cost": 2147483648, "wallclock_time": 0.0009257793426513672, "total_cpu_time": null, "incumbent": ["sp-clause-activity-inc='1.0'", "sp-clause-decay='1.4'", "sp-clause-del-heur=''2''", "sp-first-restart='100'", "sp-learned-clause-sort-heur=''0''", "sp-learned-clauses-inc='1.3'", "sp-learned-size-factor='0.4'", "sp-orig-clause-sort-heur=''0''", "sp-phase-dec-heur=''5''", "sp-rand-var-dec-freq=''0.001''", "sp-resolution=''1''", "sp-restart-inc='1.5'", "sp-update-dec-queue=''1''", "sp-use-pure-literal-rule=''1''", "sp-var-activity-inc='1.0'", "sp-var-dec-heur=''0''", "sp-variable-decay='1.4'", "sp-max-res-lit-inc='1.0'", "sp-max-res-runs='4'", "sp-rand-phase-dec-freq=''0.001''", "sp-rand-var-dec-scaling='1.0'", "sp-res-cutoff-cls='8'", "sp-res-cutoff-lits='400'", "sp-res-order-heur=''0''", "sp-rand-phase-scaling='1.0'"]}
{"cpu_time": 0.056, "evaluations": 1, "cost": 0.056, "wallclock_time": 0.1690981388092041, "total_cpu_time": null, "incumbent": ["sp-clause-activity-inc='1.0'", "sp-clause-decay='1.4'", "sp-clause-del-heur=''2''", "sp-first-restart='100'", "sp-learned-clause-sort-heur=''0''", "sp-learned-clauses-inc='1.3'", "sp-learned-size-factor='0.4'", "sp-orig-clause-sort-heur=''0''", "sp-phase-dec-heur=''5''", "sp-rand-var-dec-freq=''0.001''", "sp-resolution=''1''", "sp-restart-inc='1.5'", "sp-update-dec-queue=''1''", "sp-use-pure-literal-rule=''1''", "sp-var-activity-inc='1.0'", "sp-var-dec-heur=''0''", "sp-variable-decay='1.4'", "sp-max-res-lit-inc='1.0'", "sp-max-res-runs='4'", "sp-rand-phase-dec-freq=''0.001''", "sp-rand-var-dec-scaling='1.0'", "sp-res-cutoff-cls='8'", "sp-res-cutoff-lits='400'", "sp-res-order-heur=''0''", "sp-rand-phase-scaling='1.0'"]}
{"cpu_time": 104.61199999999998, "evaluations": 65, "cost": 0.11036000000000001, "wallclock_time": 141.42422652244568, "total_cpu_time": null, "incumbent": ["sp-clause-activity-inc='1.0553760718132068'", "sp-clause-decay='1.626866991246379'", "sp-clause-del-heur=''1''", "sp-first-restart='25'", "sp-learned-clause-sort-heur=''10''", "sp-learned-clauses-inc='1.135228000371437'", "sp-learned-size-factor='1.217316169313022'", "sp-orig-clause-sort-heur=''2''", "sp-phase-dec-heur=''5''", "sp-rand-var-dec-freq=''0''", "sp-resolution=''2''", "sp-restart-inc='1.2016621957786136'", "sp-update-dec-queue=''0''", "sp-use-pure-literal-rule=''0''", "sp-var-activity-inc='0.589355132522172'", "sp-var-dec-heur=''2''", "sp-variable-decay='1.266440252424305'", "sp-max-res-lit-inc='0.27855269336509547'", "sp-max-res-runs='7'", "sp-rand-phase-dec-freq=''0.0001''", "sp-res-cutoff-cls='11'", "sp-res-cutoff-lits='111'", "sp-res-order-heur=''19''", "sp-rand-phase-scaling='0.4703216351491841'"]}
{"cpu_time": 437.4759999999997, "evaluations": 260, "cost": 0.09792000000000002, "wallclock_time": 827.0775489807129, "total_cpu_time": null, "incumbent": ["sp-clause-activity-inc='0.8355667976091175'", "sp-clause-decay='1.5570028354331373'", "sp-clause-del-heur=''2''", "sp-first-restart='50'", "sp-learned-clause-sort-heur=''5''", "sp-learned-clauses-inc='1.440112034170229'", "sp-learned-size-factor='0.23506033766322595'", "sp-orig-clause-sort-heur=''14''", "sp-phase-dec-heur=''2''", "sp-rand-var-dec-freq=''0''", "sp-resolution=''1''", "sp-restart-inc='1.5297814587430054'", "sp-update-dec-queue=''1''", "sp-use-pure-literal-rule=''1''", "sp-var-activity-inc='0.5352750178878661'", "sp-var-dec-heur=''4''", "sp-variable-decay='1.935300814539817'", "sp-max-res-lit-inc='0.9721803585091755'", "sp-max-res-runs='4'", "sp-res-cutoff-cls='5'", "sp-res-cutoff-lits='1358'", "sp-res-order-heur=''16''"]}
{"cpu_time": 6061.815999999867, "evaluations": 4355, "cost": 0.08589999999999995, "wallclock_time": 11588.752840518951, "total_cpu_time": null, "incumbent": ["sp-clause-activity-inc='0.9879379988002066'", "sp-clause-decay='1.5334018595700025'", "sp-clause-del-heur=''2''", "sp-first-restart='47'", "sp-learned-clause-sort-heur=''19''", "sp-learned-clauses-inc='1.3933396724335836'", "sp-learned-size-factor='0.1832864483223524'", "sp-orig-clause-sort-heur=''9''", "sp-phase-dec-heur=''2''", "sp-rand-var-dec-freq=''0.0001''", "sp-resolution=''0''", "sp-restart-inc='1.6282089167391898'", "sp-update-dec-queue=''1''", "sp-use-pure-literal-rule=''1''", "sp-var-activity-inc='0.6260856817699944'", "sp-var-dec-heur=''16''", "sp-variable-decay='1.7295927293502205'", "sp-clause-inversion=''1''", "sp-rand-var-dec-scaling='0.9805026314381255'"]}
