{"incumbent": ["adaptive=''1''", "clausepen=''1''", "performrandomwalk=''0''", "singleclause=''1''", "tabusearch=''0''", "adaptivenoisescheme=''1''", "adaptwalkprob=''0''", "heuristic=''2''", "promisinglist=''1''", "ps='0.4'", "selectclause=''1''", "smoothingscheme=''1''", "adaptiveprom=''0''", "decreasingvariable=''3''", "performalternatenovelty=''1''", "phi='5'", "theta='6'", "updateschemepromlist=''3''", "wp='0.01'", "CONadaptpromwalkprob=''0''"], "evaluations": 0, "cpu_time": 0, "wallclock_time": 0.0014460086822509766, "cost": 2147483648, "total_cpu_time": null}
{"incumbent": ["adaptive=''1''", "clausepen=''1''", "performrandomwalk=''0''", "singleclause=''1''", "tabusearch=''0''", "adaptivenoisescheme=''1''", "adaptwalkprob=''0''", "heuristic=''2''", "promisinglist=''1''", "ps='0.4'", "selectclause=''1''", "smoothingscheme=''1''", "adaptiveprom=''0''", "decreasingvariable=''3''", "performalternatenovelty=''1''", "phi='5'", "theta='6'", "updateschemepromlist=''3''", "wp='0.01'", "CONadaptpromwalkprob=''0''"], "evaluations": 1, "cpu_time": 1.968, "wallclock_time": 2.4293997287750244, "cost": 1.968, "total_cpu_time": null}
{"incumbent": ["adaptive=''1''", "clausepen=''1''", "performrandomwalk=''0''", "singleclause=''0''", "tabusearch=''0''", "DLSscoringmeasure=''3''", "DLStiebreaking=''1''", "adaptivenoisescheme=''2''", "smoothingscheme=''2''", "DLSmaxinc='5'", "DLSpflat='0.13483083794686498'"], "evaluations": 33, "cpu_time": 48.30800000000001, "wallclock_time": 67.65337824821472, "cost": 0.06450000000000002, "total_cpu_time": null}
{"incumbent": ["adaptive=''0''", "clausepen=''0''", "performrandomwalk=''0''", "singleclause=''1''", "tabusearch=''1''", "CONadaptwalkprob=''0''", "CONselectclause=''1''", "c='1.2198955614873874e-05'", "heuristic=''7''", "promisinglist=''1''", "s='0.03322990373921229'", "tabu='10'", "adaptiveprom=''1''", "decreasingvariable=''5''", "updateschemepromlist=''1''", "wpwalk='0.698526907541179'", "adaptpromwalkprob=''1''", "tiebreaking='1'"], "evaluations": 46, "cpu_time": 52.015999999999984, "wallclock_time": 78.55396056175232, "cost": 0.02194082840236686, "total_cpu_time": null}
{"incumbent": ["adaptive=''1''", "clausepen=''1''", "performrandomwalk=''0''", "singleclause=''0''", "tabusearch=''1''", "DLSscoringmeasure=''3''", "DLStiebreaking=''4''", "adaptivenoisescheme=''1''", "smoothingscheme=''2''", "tabu='1'", "DLSmaxinc='20'", "DLSpflat='0.08660042341423338'"], "evaluations": 108, "cpu_time": 218.3659999999999, "wallclock_time": 309.5892844200134, "cost": 0.0016470588235294125, "total_cpu_time": null}
