"CPU Time Used","Estimated Training Performance","Wallclock Time","Incumbent ID","Automatic Configurator (CPU) Time","Configuration..."
0.000000, 2147483648.000000, 0.001446, 1, 0.001446, adaptive=''1'', clausepen=''1'', performrandomwalk=''0'', singleclause=''1'', tabusearch=''0'', adaptivenoisescheme=''1'', adaptwalkprob=''0'', heuristic=''2'', promisinglist=''1'', ps='0.4', selectclause=''1'', smoothingscheme=''1'', adaptiveprom=''0'', decreasingvariable=''3'', performalternatenovelty=''1'', phi='5', theta='6', updateschemepromlist=''3'', wp='0.01', CONadaptpromwalkprob=''0''
1.968000, 1.968000, 2.429400, 1, 0.461400, adaptive=''1'', clausepen=''1'', performrandomwalk=''0'', singleclause=''1'', tabusearch=''0'', adaptivenoisescheme=''1'', adaptwalkprob=''0'', heuristic=''2'', promisinglist=''1'', ps='0.4', selectclause=''1'', smoothingscheme=''1'', adaptiveprom=''0'', decreasingvariable=''3'', performalternatenovelty=''1'', phi='5', theta='6', updateschemepromlist=''3'', wp='0.01', CONadaptpromwalkprob=''0''
48.308000, 0.064500, 67.653378, 3, 19.345378, adaptive=''1'', clausepen=''1'', performrandomwalk=''0'', singleclause=''0'', tabusearch=''0'', DLSscoringmeasure=''3'', DLStiebreaking=''1'', adaptivenoisescheme=''2'', smoothingscheme=''2'', DLSmaxinc='5', DLSpflat='0.13483083794686498'
52.016000, 0.021941, 78.553961, 4, 26.537961, adaptive=''0'', clausepen=''0'', performrandomwalk=''0'', singleclause=''1'', tabusearch=''1'', CONadaptwalkprob=''0'', CONselectclause=''1'', c='1.2198955614873874e-05', heuristic=''7'', promisinglist=''1'', s='0.03322990373921229', tabu='10', adaptiveprom=''1'', decreasingvariable=''5'', updateschemepromlist=''1'', wpwalk='0.698526907541179', adaptpromwalkprob=''1'', tiebreaking='1'
218.366000, 0.001647, 309.589284, 8, 91.223284, adaptive=''1'', clausepen=''1'', performrandomwalk=''0'', singleclause=''0'', tabusearch=''1'', DLSscoringmeasure=''3'', DLStiebreaking=''4'', adaptivenoisescheme=''1'', smoothingscheme=''2'', tabu='1', DLSmaxinc='20', DLSpflat='0.08660042341423338'
