"CPU Time Used","Estimated Training Performance","Wallclock Time","Incumbent ID","Automatic Configurator (CPU) Time","Configuration..."
0.000000, 2147483648.000000, 0.000943, 1, 0.000943, sp-clause-activity-inc='1.0', sp-clause-decay='1.4', sp-clause-del-heur=''2'', sp-first-restart='100', sp-learned-clause-sort-heur=''0'', sp-learned-clauses-inc='1.3', sp-learned-size-factor='0.4', sp-orig-clause-sort-heur=''0'', sp-phase-dec-heur=''5'', sp-rand-var-dec-freq=''0.001'', sp-resolution=''1'', sp-restart-inc='1.5', sp-update-dec-queue=''1'', sp-use-pure-literal-rule=''1'', sp-var-activity-inc='1.0', sp-var-dec-heur=''0'', sp-variable-decay='1.4', sp-max-res-lit-inc='1.0', sp-max-res-runs='4', sp-rand-phase-dec-freq=''0.001'', sp-rand-var-dec-scaling='1.0', sp-res-cutoff-cls='8', sp-res-cutoff-lits='400', sp-res-order-heur=''0'', sp-rand-phase-scaling='1.0'
0.064000, 0.064000, 0.212434, 1, 0.148434, sp-clause-activity-inc='1.0', sp-clause-decay='1.4', sp-clause-del-heur=''2'', sp-first-restart='100', sp-learned-clause-sort-heur=''0'', sp-learned-clauses-inc='1.3', sp-learned-size-factor='0.4', sp-orig-clause-sort-heur=''0'', sp-phase-dec-heur=''5'', sp-rand-var-dec-freq=''0.001'', sp-resolution=''1'', sp-restart-inc='1.5', sp-update-dec-queue=''1'', sp-use-pure-literal-rule=''1'', sp-var-activity-inc='1.0', sp-var-dec-heur=''0'', sp-variable-decay='1.4', sp-max-res-lit-inc='1.0', sp-max-res-runs='4', sp-rand-phase-dec-freq=''0.001'', sp-rand-var-dec-scaling='1.0', sp-res-cutoff-cls='8', sp-res-cutoff-lits='400', sp-res-order-heur=''0'', sp-rand-phase-scaling='1.0'
102.850000, 0.114880, 145.055620, 5, 42.205620, sp-clause-activity-inc='0.810774540875304', sp-clause-decay='1.37248652390427', sp-clause-del-heur=''0'', sp-first-restart='1264', sp-learned-clause-sort-heur=''7'', sp-learned-clauses-inc='1.1981352019753795', sp-learned-size-factor='1.0330041993068666', sp-orig-clause-sort-heur=''4'', sp-phase-dec-heur=''2'', sp-rand-var-dec-freq=''0.005'', sp-resolution=''0'', sp-restart-inc='1.636623266636022', sp-update-dec-queue=''1'', sp-use-pure-literal-rule=''1'', sp-var-activity-inc='0.510153835828418', sp-var-dec-heur=''5'', sp-variable-decay='1.9352754623407449', sp-rand-var-dec-scaling='0.9305510588689139'
344.178000, 0.103600, 469.781539, 33, 125.603539, sp-clause-activity-inc='0.810774540875304', sp-clause-decay='1.37248652390427', sp-clause-del-heur=''0'', sp-first-restart='1264', sp-learned-clause-sort-heur=''7'', sp-learned-clauses-inc='1.1981352019753795', sp-learned-size-factor='1.0330041993068666', sp-orig-clause-sort-heur=''4'', sp-phase-dec-heur=''2'', sp-rand-var-dec-freq=''0.005'', sp-resolution=''0'', sp-restart-inc='1.636623266636022', sp-update-dec-queue=''1'', sp-use-pure-literal-rule=''1'', sp-var-activity-inc='0.510153835828418', sp-var-dec-heur=''5'', sp-variable-decay='1.9352754623407449', sp-rand-var-dec-scaling='0.911876602232643'
1160.314000, 0.085880, 1566.675189, 108, 406.361189, sp-clause-activity-inc='0.810774540875304', sp-clause-decay='1.37248652390427', sp-clause-del-heur=''0'', sp-first-restart='1264', sp-learned-clause-sort-heur=''7'', sp-learned-clauses-inc='1.1981352019753795', sp-learned-size-factor='0.35734947342561346', sp-orig-clause-sort-heur=''4'', sp-phase-dec-heur=''2'', sp-rand-var-dec-freq=''0.005'', sp-resolution=''0'', sp-restart-inc='1.636623266636022', sp-update-dec-queue=''1'', sp-use-pure-literal-rule=''1'', sp-var-activity-inc='0.510153835828418', sp-var-dec-heur=''5'', sp-variable-decay='1.9352754623407449', sp-rand-var-dec-scaling='0.911876602232643'
1445.754000, 0.085800, 1954.237192, 143, 508.483192, sp-clause-activity-inc='0.810774540875304', sp-clause-decay='1.37248652390427', sp-clause-del-heur=''0'', sp-first-restart='1264', sp-learned-clause-sort-heur=''7'', sp-learned-clauses-inc='1.1981352019753795', sp-learned-size-factor='0.35734947342561346', sp-orig-clause-sort-heur=''4'', sp-phase-dec-heur=''2'', sp-rand-var-dec-freq=''0.005'', sp-resolution=''0'', sp-restart-inc='1.636623266636022', sp-update-dec-queue=''1'', sp-use-pure-literal-rule=''0'', sp-var-activity-inc='0.510153835828418', sp-var-dec-heur=''5'', sp-variable-decay='1.9352754623407449', sp-rand-var-dec-scaling='0.911876602232643'
1743.874000, 0.085760, 2361.265036, 171, 617.391036, sp-clause-activity-inc='0.6294662502209372', sp-clause-decay='1.37248652390427', sp-clause-del-heur=''0'', sp-first-restart='1264', sp-learned-clause-sort-heur=''7'', sp-learned-clauses-inc='1.1981352019753795', sp-learned-size-factor='0.35734947342561346', sp-orig-clause-sort-heur=''4'', sp-phase-dec-heur=''2'', sp-rand-var-dec-freq=''0.005'', sp-resolution=''0'', sp-restart-inc='1.636623266636022', sp-update-dec-queue=''1'', sp-use-pure-literal-rule=''1'', sp-var-activity-inc='0.510153835828418', sp-var-dec-heur=''5'', sp-variable-decay='1.9352754623407449', sp-rand-var-dec-scaling='0.911876602232643'
3428.290000, 0.085640, 4686.987656, 348, 1258.697656, sp-clause-activity-inc='0.6294662502209372', sp-clause-decay='1.37248652390427', sp-clause-del-heur=''0'', sp-first-restart='1264', sp-learned-clause-sort-heur=''7'', sp-learned-clauses-inc='1.1981352019753795', sp-learned-size-factor='0.35734947342561346', sp-orig-clause-sort-heur=''4'', sp-phase-dec-heur=''2'', sp-rand-var-dec-freq=''0.005'', sp-resolution=''0'', sp-restart-inc='1.636623266636022', sp-update-dec-queue=''0'', sp-use-pure-literal-rule=''1'', sp-var-activity-inc='0.510153835828418', sp-var-dec-heur=''3'', sp-variable-decay='1.9352754623407449', sp-rand-var-dec-scaling='0.8169995850549294'
6331.678000, 0.083000, 8697.167871, 361, 2365.489871, sp-clause-activity-inc='0.6294662502209372', sp-clause-decay='1.37248652390427', sp-clause-del-heur=''0'', sp-first-restart='1264', sp-learned-clause-sort-heur=''7'', sp-learned-clauses-inc='1.1981352019753795', sp-learned-size-factor='0.35734947342561346', sp-orig-clause-sort-heur=''4'', sp-phase-dec-heur=''2'', sp-rand-var-dec-freq=''0.005'', sp-resolution=''0'', sp-restart-inc='1.636623266636022', sp-update-dec-queue=''0'', sp-use-pure-literal-rule=''1'', sp-var-activity-inc='0.510153835828418', sp-var-dec-heur=''0'', sp-variable-decay='1.9352754623407449', sp-rand-var-dec-scaling='0.8169995850549294'
7282.280000, 0.081760, 10039.591181, 755, 2757.311181, sp-clause-activity-inc='0.6294662502209372', sp-clause-decay='1.37248652390427', sp-clause-del-heur=''0'', sp-first-restart='1264', sp-learned-clause-sort-heur=''7'', sp-learned-clauses-inc='1.1981352019753795', sp-learned-size-factor='0.35734947342561346', sp-orig-clause-sort-heur=''5'', sp-phase-dec-heur=''2'', sp-rand-var-dec-freq=''0.005'', sp-resolution=''0'', sp-restart-inc='1.636623266636022', sp-update-dec-queue=''0'', sp-use-pure-literal-rule=''1'', sp-var-activity-inc='0.510153835828418', sp-var-dec-heur=''0'', sp-variable-decay='1.9352754623407449', sp-rand-var-dec-scaling='0.8169995850549294'
8066.622000, 0.080640, 11138.469038, 756, 3071.847038, sp-clause-activity-inc='0.6294662502209372', sp-clause-decay='1.37248652390427', sp-clause-del-heur=''1'', sp-first-restart='1264', sp-learned-clause-sort-heur=''7'', sp-learned-clauses-inc='1.1981352019753795', sp-learned-size-factor='0.35734947342561346', sp-orig-clause-sort-heur=''5'', sp-phase-dec-heur=''2'', sp-rand-var-dec-freq=''0.005'', sp-resolution=''0'', sp-restart-inc='1.636623266636022', sp-update-dec-queue=''0'', sp-use-pure-literal-rule=''1'', sp-var-activity-inc='0.510153835828418', sp-var-dec-heur=''0'', sp-variable-decay='1.9352754623407449', sp-rand-var-dec-scaling='0.8169995850549294'
8341.450000, 0.080600, 11536.242849, 866, 3194.792849, sp-clause-activity-inc='0.6877941675171181', sp-clause-decay='1.37248652390427', sp-clause-del-heur=''1'', sp-first-restart='1264', sp-learned-clause-sort-heur=''7'', sp-learned-clauses-inc='1.1981352019753795', sp-learned-size-factor='0.35734947342561346', sp-orig-clause-sort-heur=''5'', sp-phase-dec-heur=''2'', sp-rand-var-dec-freq=''0.005'', sp-resolution=''0'', sp-restart-inc='1.636623266636022', sp-update-dec-queue=''0'', sp-use-pure-literal-rule=''1'', sp-var-activity-inc='0.510153835828418', sp-var-dec-heur=''0'', sp-variable-decay='1.9352754623407449', sp-rand-var-dec-scaling='0.8169995850549294'
9018.570000, 0.077200, 12500.487719, 930, 3481.917719, sp-clause-activity-inc='0.6877941675171181', sp-clause-decay='1.37248652390427', sp-clause-del-heur=''1'', sp-first-restart='1264', sp-learned-clause-sort-heur=''2'', sp-learned-clauses-inc='1.1981352019753795', sp-learned-size-factor='0.35734947342561346', sp-orig-clause-sort-heur=''5'', sp-phase-dec-heur=''2'', sp-rand-var-dec-freq=''0.005'', sp-resolution=''0'', sp-restart-inc='1.636623266636022', sp-update-dec-queue=''0'', sp-use-pure-literal-rule=''1'', sp-var-activity-inc='0.510153835828418', sp-var-dec-heur=''0'', sp-variable-decay='1.9352754623407449', sp-rand-var-dec-scaling='0.8169995850549294'
10058.482000, 0.077160, 13995.397538, 1066, 3936.915538, sp-clause-activity-inc='0.7343506441713679', sp-clause-decay='1.37248652390427', sp-clause-del-heur=''1'', sp-first-restart='1264', sp-learned-clause-sort-heur=''2'', sp-learned-clauses-inc='1.1981352019753795', sp-learned-size-factor='0.35734947342561346', sp-orig-clause-sort-heur=''5'', sp-phase-dec-heur=''2'', sp-rand-var-dec-freq=''0.005'', sp-resolution=''0'', sp-restart-inc='1.636623266636022', sp-update-dec-queue=''0'', sp-use-pure-literal-rule=''1'', sp-var-activity-inc='0.510153835828418', sp-var-dec-heur=''0'', sp-variable-decay='1.9352754623407449', sp-rand-var-dec-scaling='0.8169995850549294'
