{"cpu_time": 0, "wallclock_time": 0.0009434223175048828, "evaluations": 0, "incumbent": ["sp-clause-activity-inc='1.0'", "sp-clause-decay='1.4'", "sp-clause-del-heur=''2''", "sp-first-restart='100'", "sp-learned-clause-sort-heur=''0''", "sp-learned-clauses-inc='1.3'", "sp-learned-size-factor='0.4'", "sp-orig-clause-sort-heur=''0''", "sp-phase-dec-heur=''5''", "sp-rand-var-dec-freq=''0.001''", "sp-resolution=''1''", "sp-restart-inc='1.5'", "sp-update-dec-queue=''1''", "sp-use-pure-literal-rule=''1''", "sp-var-activity-inc='1.0'", "sp-var-dec-heur=''0''", "sp-variable-decay='1.4'", "sp-max-res-lit-inc='1.0'", "sp-max-res-runs='4'", "sp-rand-phase-dec-freq=''0.001''", "sp-rand-var-dec-scaling='1.0'", "sp-res-cutoff-cls='8'", "sp-res-cutoff-lits='400'", "sp-res-order-heur=''0''", "sp-rand-phase-scaling='1.0'"], "total_cpu_time": null, "cost": 2147483648}
{"cpu_time": 0.064, "wallclock_time": 0.2124342918395996, "evaluations": 1, "incumbent": ["sp-clause-activity-inc='1.0'", "sp-clause-decay='1.4'", "sp-clause-del-heur=''2''", "sp-first-restart='100'", "sp-learned-clause-sort-heur=''0''", "sp-learned-clauses-inc='1.3'", "sp-learned-size-factor='0.4'", "sp-orig-clause-sort-heur=''0''", "sp-phase-dec-heur=''5''", "sp-rand-var-dec-freq=''0.001''", "sp-resolution=''1''", "sp-restart-inc='1.5'", "sp-update-dec-queue=''1''", "sp-use-pure-literal-rule=''1''", "sp-var-activity-inc='1.0'", "sp-var-dec-heur=''0''", "sp-variable-decay='1.4'", "sp-max-res-lit-inc='1.0'", "sp-max-res-runs='4'", "sp-rand-phase-dec-freq=''0.001''", "sp-rand-var-dec-scaling='1.0'", "sp-res-cutoff-cls='8'", "sp-res-cutoff-lits='400'", "sp-res-order-heur=''0''", "sp-rand-phase-scaling='1.0'"], "total_cpu_time": null, "cost": 0.064}
{"cpu_time": 102.85000000000002, "wallclock_time": 145.0556197166443, "evaluations": 65, "incumbent": ["sp-clause-activity-inc='0.810774540875304'", "sp-clause-decay='1.37248652390427'", "sp-clause-del-heur=''0''", "sp-first-restart='1264'", "sp-learned-clause-sort-heur=''7''", "sp-learned-clauses-inc='1.1981352019753795'", "sp-learned-size-factor='1.0330041993068666'", "sp-orig-clause-sort-heur=''4''", "sp-phase-dec-heur=''2''", "sp-rand-var-dec-freq=''0.005''", "sp-resolution=''0''", "sp-restart-inc='1.636623266636022'", "sp-update-dec-queue=''1''", "sp-use-pure-literal-rule=''1''", "sp-var-activity-inc='0.510153835828418'", "sp-var-dec-heur=''5''", "sp-variable-decay='1.9352754623407449'", "sp-rand-var-dec-scaling='0.9305510588689139'"], "total_cpu_time": null, "cost": 0.11488000000000001}
{"cpu_time": 344.1780000000001, "wallclock_time": 469.78153896331787, "evaluations": 260, "incumbent": ["sp-clause-activity-inc='0.810774540875304'", "sp-clause-decay='1.37248652390427'", "sp-clause-del-heur=''0''", "sp-first-restart='1264'", "sp-learned-clause-sort-heur=''7''", "sp-learned-clauses-inc='1.1981352019753795'", "sp-learned-size-factor='1.0330041993068666'", "sp-orig-clause-sort-heur=''4''", "sp-phase-dec-heur=''2''", "sp-rand-var-dec-freq=''0.005''", "sp-resolution=''0''", "sp-restart-inc='1.636623266636022'", "sp-update-dec-queue=''1''", "sp-use-pure-literal-rule=''1''", "sp-var-activity-inc='0.510153835828418'", "sp-var-dec-heur=''5''", "sp-variable-decay='1.9352754623407449'", "sp-rand-var-dec-scaling='0.911876602232643'"], "total_cpu_time": null, "cost": 0.1036}
{"cpu_time": 1160.3140000000005, "wallclock_time": 1566.675188779831, "evaluations": 910, "incumbent": ["sp-clause-activity-inc='0.810774540875304'", "sp-clause-decay='1.37248652390427'", "sp-clause-del-heur=''0''", "sp-first-restart='1264'", "sp-learned-clause-sort-heur=''7''", "sp-learned-clauses-inc='1.1981352019753795'", "sp-learned-size-factor='0.35734947342561346'", "sp-orig-clause-sort-heur=''4''", "sp-phase-dec-heur=''2''", "sp-rand-var-dec-freq=''0.005''", "sp-resolution=''0''", "sp-restart-inc='1.636623266636022'", "sp-update-dec-queue=''1''", "sp-use-pure-literal-rule=''1''", "sp-var-activity-inc='0.510153835828418'", "sp-var-dec-heur=''5''", "sp-variable-decay='1.9352754623407449'", "sp-rand-var-dec-scaling='0.911876602232643'"], "total_cpu_time": null, "cost": 0.08588000000000001}
{"cpu_time": 1445.7539999999976, "wallclock_time": 1954.237191915512, "evaluations": 1170, "incumbent": ["sp-clause-activity-inc='0.810774540875304'", "sp-clause-decay='1.37248652390427'", "sp-clause-del-heur=''0''", "sp-first-restart='1264'", "sp-learned-clause-sort-heur=''7''", "sp-learned-clauses-inc='1.1981352019753795'", "sp-learned-size-factor='0.35734947342561346'", "sp-orig-clause-sort-heur=''4''", "sp-phase-dec-heur=''2''", "sp-rand-var-dec-freq=''0.005''", "sp-resolution=''0''", "sp-restart-inc='1.636623266636022'", "sp-update-dec-queue=''1''", "sp-use-pure-literal-rule=''0''", "sp-var-activity-inc='0.510153835828418'", "sp-var-dec-heur=''5''", "sp-variable-decay='1.9352754623407449'", "sp-rand-var-dec-scaling='0.911876602232643'"], "total_cpu_time": null, "cost": 0.08579999999999996}
{"cpu_time": 1743.8739999999957, "wallclock_time": 2361.2650356292725, "evaluations": 1430, "incumbent": ["sp-clause-activity-inc='0.6294662502209372'", "sp-clause-decay='1.37248652390427'", "sp-clause-del-heur=''0''", "sp-first-restart='1264'", "sp-learned-clause-sort-heur=''7''", "sp-learned-clauses-inc='1.1981352019753795'", "sp-learned-size-factor='0.35734947342561346'", "sp-orig-clause-sort-heur=''4''", "sp-phase-dec-heur=''2''", "sp-rand-var-dec-freq=''0.005''", "sp-resolution=''0''", "sp-restart-inc='1.636623266636022'", "sp-update-dec-queue=''1''", "sp-use-pure-literal-rule=''1''", "sp-var-activity-inc='0.510153835828418'", "sp-var-dec-heur=''5''", "sp-variable-decay='1.9352754623407449'", "sp-rand-var-dec-scaling='0.911876602232643'"], "total_cpu_time": null, "cost": 0.08575999999999999}
{"cpu_time": 3428.2899999999763, "wallclock_time": 4686.987655639648, "evaluations": 2990, "incumbent": ["sp-clause-activity-inc='0.6294662502209372'", "sp-clause-decay='1.37248652390427'", "sp-clause-del-heur=''0''", "sp-first-restart='1264'", "sp-learned-clause-sort-heur=''7''", "sp-learned-clauses-inc='1.1981352019753795'", "sp-learned-size-factor='0.35734947342561346'", "sp-orig-clause-sort-heur=''4''", "sp-phase-dec-heur=''2''", "sp-rand-var-dec-freq=''0.005''", "sp-resolution=''0''", "sp-restart-inc='1.636623266636022'", "sp-update-dec-queue=''0''", "sp-use-pure-literal-rule=''1''", "sp-var-activity-inc='0.510153835828418'", "sp-var-dec-heur=''3''", "sp-variable-decay='1.9352754623407449'", "sp-rand-var-dec-scaling='0.8169995850549294'"], "total_cpu_time": null, "cost": 0.08564000000000001}
{"cpu_time": 6331.677999999887, "wallclock_time": 8697.167870521545, "evaluations": 5590, "incumbent": ["sp-clause-activity-inc='0.6294662502209372'", "sp-clause-decay='1.37248652390427'", "sp-clause-del-heur=''0''", "sp-first-restart='1264'", "sp-learned-clause-sort-heur=''7''", "sp-learned-clauses-inc='1.1981352019753795'", "sp-learned-size-factor='0.35734947342561346'", "sp-orig-clause-sort-heur=''4''", "sp-phase-dec-heur=''2''", "sp-rand-var-dec-freq=''0.005''", "sp-resolution=''0''", "sp-restart-inc='1.636623266636022'", "sp-update-dec-queue=''0''", "sp-use-pure-literal-rule=''1''", "sp-var-activity-inc='0.510153835828418'", "sp-var-dec-heur=''0''", "sp-variable-decay='1.9352754623407449'", "sp-rand-var-dec-scaling='0.8169995850549294'"], "total_cpu_time": null, "cost": 0.08299999999999999}
{"cpu_time": 7282.279999999841, "wallclock_time": 10039.591181278229, "evaluations": 6500, "incumbent": ["sp-clause-activity-inc='0.6294662502209372'", "sp-clause-decay='1.37248652390427'", "sp-clause-del-heur=''0''", "sp-first-restart='1264'", "sp-learned-clause-sort-heur=''7''", "sp-learned-clauses-inc='1.1981352019753795'", "sp-learned-size-factor='0.35734947342561346'", "sp-orig-clause-sort-heur=''5''", "sp-phase-dec-heur=''2''", "sp-rand-var-dec-freq=''0.005''", "sp-resolution=''0''", "sp-restart-inc='1.636623266636022'", "sp-update-dec-queue=''0''", "sp-use-pure-literal-rule=''1''", "sp-var-activity-inc='0.510153835828418'", "sp-var-dec-heur=''0''", "sp-variable-decay='1.9352754623407449'", "sp-rand-var-dec-scaling='0.8169995850549294'"], "total_cpu_time": null, "cost": 0.08175999999999999}
{"cpu_time": 8066.6219999997975, "wallclock_time": 11138.469037771225, "evaluations": 7215, "incumbent": ["sp-clause-activity-inc='0.6294662502209372'", "sp-clause-decay='1.37248652390427'", "sp-clause-del-heur=''1''", "sp-first-restart='1264'", "sp-learned-clause-sort-heur=''7''", "sp-learned-clauses-inc='1.1981352019753795'", "sp-learned-size-factor='0.35734947342561346'", "sp-orig-clause-sort-heur=''5''", "sp-phase-dec-heur=''2''", "sp-rand-var-dec-freq=''0.005''", "sp-resolution=''0''", "sp-restart-inc='1.636623266636022'", "sp-update-dec-queue=''0''", "sp-use-pure-literal-rule=''1''", "sp-var-activity-inc='0.510153835828418'", "sp-var-dec-heur=''0''", "sp-variable-decay='1.9352754623407449'", "sp-rand-var-dec-scaling='0.8169995850549294'"], "total_cpu_time": null, "cost": 0.08063999999999998}
{"cpu_time": 8341.4499999998, "wallclock_time": 11536.242849349976, "evaluations": 7475, "incumbent": ["sp-clause-activity-inc='0.6877941675171181'", "sp-clause-decay='1.37248652390427'", "sp-clause-del-heur=''1''", "sp-first-restart='1264'", "sp-learned-clause-sort-heur=''7''", "sp-learned-clauses-inc='1.1981352019753795'", "sp-learned-size-factor='0.35734947342561346'", "sp-orig-clause-sort-heur=''5''", "sp-phase-dec-heur=''2''", "sp-rand-var-dec-freq=''0.005''", "sp-resolution=''0''", "sp-restart-inc='1.636623266636022'", "sp-update-dec-queue=''0''", "sp-use-pure-literal-rule=''1''", "sp-var-activity-inc='0.510153835828418'", "sp-var-dec-heur=''0''", "sp-variable-decay='1.9352754623407449'", "sp-rand-var-dec-scaling='0.8169995850549294'"], "total_cpu_time": null, "cost": 0.08059999999999998}
{"cpu_time": 9018.56999999985, "wallclock_time": 12500.48771905899, "evaluations": 8125, "incumbent": ["sp-clause-activity-inc='0.6877941675171181'", "sp-clause-decay='1.37248652390427'", "sp-clause-del-heur=''1''", "sp-first-restart='1264'", "sp-learned-clause-sort-heur=''2''", "sp-learned-clauses-inc='1.1981352019753795'", "sp-learned-size-factor='0.35734947342561346'", "sp-orig-clause-sort-heur=''5''", "sp-phase-dec-heur=''2''", "sp-rand-var-dec-freq=''0.005''", "sp-resolution=''0''", "sp-restart-inc='1.636623266636022'", "sp-update-dec-queue=''0''", "sp-use-pure-literal-rule=''1''", "sp-var-activity-inc='0.510153835828418'", "sp-var-dec-heur=''0''", "sp-variable-decay='1.9352754623407449'", "sp-rand-var-dec-scaling='0.8169995850549294'"], "total_cpu_time": null, "cost": 0.0772}
{"cpu_time": 10058.481999999956, "wallclock_time": 13995.39753818512, "evaluations": 9165, "incumbent": ["sp-clause-activity-inc='0.7343506441713679'", "sp-clause-decay='1.37248652390427'", "sp-clause-del-heur=''1''", "sp-first-restart='1264'", "sp-learned-clause-sort-heur=''2''", "sp-learned-clauses-inc='1.1981352019753795'", "sp-learned-size-factor='0.35734947342561346'", "sp-orig-clause-sort-heur=''5''", "sp-phase-dec-heur=''2''", "sp-rand-var-dec-freq=''0.005''", "sp-resolution=''0''", "sp-restart-inc='1.636623266636022'", "sp-update-dec-queue=''0''", "sp-use-pure-literal-rule=''1''", "sp-var-activity-inc='0.510153835828418'", "sp-var-dec-heur=''0''", "sp-variable-decay='1.9352754623407449'", "sp-rand-var-dec-scaling='0.8169995850549294'"], "total_cpu_time": null, "cost": 0.07716}
