{"wallclock_time": 0.0008597373962402344, "incumbent": ["sp-clause-activity-inc='1.0'", "sp-clause-decay='1.4'", "sp-clause-del-heur=''2''", "sp-first-restart='100'", "sp-learned-clause-sort-heur=''0''", "sp-learned-clauses-inc='1.3'", "sp-learned-size-factor='0.4'", "sp-orig-clause-sort-heur=''0''", "sp-phase-dec-heur=''5''", "sp-rand-var-dec-freq=''0.001''", "sp-resolution=''1''", "sp-restart-inc='1.5'", "sp-update-dec-queue=''1''", "sp-use-pure-literal-rule=''1''", "sp-var-activity-inc='1.0'", "sp-var-dec-heur=''0''", "sp-variable-decay='1.4'", "sp-max-res-lit-inc='1.0'", "sp-max-res-runs='4'", "sp-rand-phase-dec-freq=''0.001''", "sp-rand-var-dec-scaling='1.0'", "sp-res-cutoff-cls='8'", "sp-res-cutoff-lits='400'", "sp-res-order-heur=''0''", "sp-rand-phase-scaling='1.0'"], "cpu_time": 0, "evaluations": 0, "cost": 2147483648, "total_cpu_time": null}
{"wallclock_time": 7.316206216812134, "incumbent": ["sp-clause-activity-inc='1.0'", "sp-clause-decay='1.4'", "sp-clause-del-heur=''2''", "sp-first-restart='100'", "sp-learned-clause-sort-heur=''0''", "sp-learned-clauses-inc='1.3'", "sp-learned-size-factor='0.4'", "sp-orig-clause-sort-heur=''0''", "sp-phase-dec-heur=''5''", "sp-rand-var-dec-freq=''0.001''", "sp-resolution=''1''", "sp-restart-inc='1.5'", "sp-update-dec-queue=''1''", "sp-use-pure-literal-rule=''1''", "sp-var-activity-inc='1.0'", "sp-var-dec-heur=''0''", "sp-variable-decay='1.4'", "sp-max-res-lit-inc='1.0'", "sp-max-res-runs='4'", "sp-rand-phase-dec-freq=''0.001''", "sp-rand-var-dec-scaling='1.0'", "sp-res-cutoff-cls='8'", "sp-res-cutoff-lits='400'", "sp-res-order-heur=''0''", "sp-rand-phase-scaling='1.0'"], "cpu_time": 5.0, "evaluations": 1, "cost": 50, "total_cpu_time": null}
{"wallclock_time": 615.9746985435486, "incumbent": ["sp-clause-activity-inc='1.0'", "sp-clause-decay='1.4'", "sp-clause-del-heur=''2''", "sp-first-restart='100'", "sp-learned-clause-sort-heur=''16''", "sp-learned-clauses-inc='1.3'", "sp-learned-size-factor='0.39999999999999997'", "sp-orig-clause-sort-heur=''0''", "sp-phase-dec-heur=''5''", "sp-rand-var-dec-freq=''0.001''", "sp-resolution=''1''", "sp-restart-inc='1.5'", "sp-update-dec-queue=''1''", "sp-use-pure-literal-rule=''1''", "sp-var-activity-inc='1.0'", "sp-var-dec-heur=''0''", "sp-variable-decay='1.4'", "sp-max-res-lit-inc='1.0'", "sp-max-res-runs='4'", "sp-rand-phase-dec-freq=''0.001''", "sp-rand-var-dec-scaling='1.0'", "sp-res-cutoff-cls='8'", "sp-res-cutoff-lits='400'", "sp-res-order-heur=''0''", "sp-rand-phase-scaling='1.0'"], "cpu_time": 439.14200000000056, "evaluations": 325, "cost": 0.07612000000000002, "total_cpu_time": null}
{"wallclock_time": 701.1297862529755, "incumbent": ["sp-clause-activity-inc='1.0'", "sp-clause-decay='1.4'", "sp-clause-del-heur=''2''", "sp-first-restart='100'", "sp-learned-clause-sort-heur=''16''", "sp-learned-clauses-inc='1.3'", "sp-learned-size-factor='0.39999999999999997'", "sp-orig-clause-sort-heur=''0''", "sp-phase-dec-heur=''5''", "sp-rand-var-dec-freq=''0.001''", "sp-resolution=''1''", "sp-restart-inc='1.5'", "sp-update-dec-queue=''1''", "sp-use-pure-literal-rule=''0''", "sp-var-activity-inc='1.0'", "sp-var-dec-heur=''0''", "sp-variable-decay='1.4'", "sp-max-res-lit-inc='1.0'", "sp-max-res-runs='4'", "sp-rand-phase-dec-freq=''0.001''", "sp-rand-var-dec-scaling='1.0'", "sp-res-cutoff-cls='8'", "sp-res-cutoff-lits='400'", "sp-res-order-heur=''0''", "sp-rand-phase-scaling='1.0'"], "cpu_time": 497.7460000000005, "evaluations": 390, "cost": 0.07608, "total_cpu_time": null}
{"wallclock_time": 1836.9226863384247, "incumbent": ["sp-clause-activity-inc='1.0'", "sp-clause-decay='1.2408057082489012'", "sp-clause-del-heur=''2''", "sp-first-restart='100'", "sp-learned-clause-sort-heur=''16''", "sp-learned-clauses-inc='1.3'", "sp-learned-size-factor='0.39999999999999997'", "sp-orig-clause-sort-heur=''0''", "sp-phase-dec-heur=''5''", "sp-rand-var-dec-freq=''0.001''", "sp-resolution=''1''", "sp-restart-inc='1.5'", "sp-update-dec-queue=''1''", "sp-use-pure-literal-rule=''0''", "sp-var-activity-inc='1.0'", "sp-var-dec-heur=''0''", "sp-variable-decay='1.4'", "sp-max-res-lit-inc='1.0'", "sp-max-res-runs='4'", "sp-rand-phase-dec-freq=''0.001''", "sp-rand-var-dec-scaling='1.0'", "sp-res-cutoff-cls='8'", "sp-res-cutoff-lits='400'", "sp-res-order-heur=''0''", "sp-rand-phase-scaling='1.0'"], "cpu_time": 1283.3619999999958, "evaluations": 1235, "cost": 0.07596, "total_cpu_time": null}
{"wallclock_time": 2184.6318197250366, "incumbent": ["sp-clause-activity-inc='1.0'", "sp-clause-decay='1.2408057082489012'", "sp-clause-del-heur=''2''", "sp-first-restart='100'", "sp-learned-clause-sort-heur=''16''", "sp-learned-clauses-inc='1.3'", "sp-learned-size-factor='0.39999999999999997'", "sp-orig-clause-sort-heur=''0''", "sp-phase-dec-heur=''5''", "sp-rand-var-dec-freq=''0.001''", "sp-resolution=''1''", "sp-restart-inc='1.5'", "sp-update-dec-queue=''1''", "sp-use-pure-literal-rule=''0''", "sp-var-activity-inc='1.0'", "sp-var-dec-heur=''0''", "sp-variable-decay='1.4'", "sp-max-res-lit-inc='1.0'", "sp-max-res-runs='4'", "sp-rand-phase-dec-freq=''0.001''", "sp-rand-var-dec-scaling='1.0'", "sp-res-cutoff-cls='5'", "sp-res-cutoff-lits='400'", "sp-res-order-heur=''0''", "sp-rand-phase-scaling='1.0'"], "cpu_time": 1522.5419999999974, "evaluations": 1495, "cost": 0.07588, "total_cpu_time": null}
{"wallclock_time": 2995.4886503219604, "incumbent": ["sp-clause-activity-inc='1.0'", "sp-clause-decay='1.1380464802054526'", "sp-clause-del-heur=''2''", "sp-first-restart='100'", "sp-learned-clause-sort-heur=''16''", "sp-learned-clauses-inc='1.3'", "sp-learned-size-factor='0.39999999999999997'", "sp-orig-clause-sort-heur=''0''", "sp-phase-dec-heur=''5''", "sp-rand-var-dec-freq=''0.001''", "sp-resolution=''1''", "sp-restart-inc='1.5'", "sp-update-dec-queue=''1''", "sp-use-pure-literal-rule=''0''", "sp-var-activity-inc='1.0'", "sp-var-dec-heur=''0''", "sp-variable-decay='1.4'", "sp-max-res-lit-inc='1.0'", "sp-max-res-runs='4'", "sp-rand-phase-dec-freq=''0.001''", "sp-rand-var-dec-scaling='1.0'", "sp-res-cutoff-cls='5'", "sp-res-cutoff-lits='400'", "sp-res-order-heur=''0''", "sp-rand-phase-scaling='1.0'"], "cpu_time": 2084.006, "evaluations": 2080, "cost": 0.07584000000000002, "total_cpu_time": null}
{"wallclock_time": 3083.181840658188, "incumbent": ["sp-clause-activity-inc='1.0'", "sp-clause-decay='1.1175323808796322'", "sp-clause-del-heur=''2''", "sp-first-restart='100'", "sp-learned-clause-sort-heur=''16''", "sp-learned-clauses-inc='1.3'", "sp-learned-size-factor='0.39999999999999997'", "sp-orig-clause-sort-heur=''0''", "sp-phase-dec-heur=''5''", "sp-rand-var-dec-freq=''0.001''", "sp-resolution=''1''", "sp-restart-inc='1.5'", "sp-update-dec-queue=''1''", "sp-use-pure-literal-rule=''0''", "sp-var-activity-inc='1.0'", "sp-var-dec-heur=''0''", "sp-variable-decay='1.4'", "sp-max-res-lit-inc='1.0'", "sp-max-res-runs='4'", "sp-rand-phase-dec-freq=''0.001''", "sp-rand-var-dec-scaling='1.0'", "sp-res-cutoff-cls='5'", "sp-res-cutoff-lits='400'", "sp-res-order-heur=''0''", "sp-rand-phase-scaling='1.0'"], "cpu_time": 2144.9259999999967, "evaluations": 2145, "cost": 0.0758, "total_cpu_time": null}
{"wallclock_time": 4320.475522994995, "incumbent": ["sp-clause-activity-inc='1.0'", "sp-clause-decay='1.1175323808796322'", "sp-clause-del-heur=''1''", "sp-first-restart='100'", "sp-learned-clause-sort-heur=''16''", "sp-learned-clauses-inc='1.3'", "sp-learned-size-factor='0.39999999999999997'", "sp-orig-clause-sort-heur=''0''", "sp-phase-dec-heur=''5''", "sp-rand-var-dec-freq=''0.001''", "sp-resolution=''1''", "sp-restart-inc='1.5'", "sp-update-dec-queue=''1''", "sp-use-pure-literal-rule=''0''", "sp-var-activity-inc='1.0'", "sp-var-dec-heur=''0''", "sp-variable-decay='1.4'", "sp-max-res-lit-inc='1.0'", "sp-max-res-runs='4'", "sp-rand-phase-dec-freq=''0.001''", "sp-rand-var-dec-scaling='1.0'", "sp-res-cutoff-cls='5'", "sp-res-cutoff-lits='400'", "sp-res-order-heur=''0''", "sp-rand-phase-scaling='1.0'"], "cpu_time": 2994.045999999967, "evaluations": 3055, "cost": 0.07576, "total_cpu_time": null}
{"wallclock_time": 8974.291365385056, "incumbent": ["sp-clause-activity-inc='1.0'", "sp-clause-decay='1.1175323808796322'", "sp-clause-del-heur=''1''", "sp-first-restart='100'", "sp-learned-clause-sort-heur=''16''", "sp-learned-clauses-inc='1.3'", "sp-learned-size-factor='0.43260093196393534'", "sp-orig-clause-sort-heur=''0''", "sp-phase-dec-heur=''5''", "sp-rand-var-dec-freq=''0.001''", "sp-resolution=''1''", "sp-restart-inc='1.5'", "sp-update-dec-queue=''1''", "sp-use-pure-literal-rule=''0''", "sp-var-activity-inc='1.0'", "sp-var-dec-heur=''0''", "sp-variable-decay='1.4'", "sp-max-res-lit-inc='1.0'", "sp-max-res-runs='4'", "sp-rand-phase-dec-freq=''0.001''", "sp-rand-var-dec-scaling='1.0'", "sp-res-cutoff-cls='5'", "sp-res-cutoff-lits='400'", "sp-res-order-heur=''0''", "sp-rand-phase-scaling='1.0'"], "cpu_time": 6182.144000000122, "evaluations": 6435, "cost": 0.07572000000000001, "total_cpu_time": null}
{"wallclock_time": 11075.320323705673, "incumbent": ["sp-clause-activity-inc='1.0'", "sp-clause-decay='1.1175323808796322'", "sp-clause-del-heur=''0''", "sp-first-restart='100'", "sp-learned-clause-sort-heur=''17''", "sp-learned-clauses-inc='1.3'", "sp-learned-size-factor='0.8222759694604174'", "sp-orig-clause-sort-heur=''1''", "sp-phase-dec-heur=''5''", "sp-rand-var-dec-freq=''0.001''", "sp-resolution=''2''", "sp-restart-inc='1.5'", "sp-update-dec-queue=''0''", "sp-use-pure-literal-rule=''0''", "sp-var-activity-inc='1.0'", "sp-var-dec-heur=''0''", "sp-variable-decay='1.4'", "sp-max-res-lit-inc='0.8404153822666651'", "sp-max-res-runs='4'", "sp-rand-phase-dec-freq=''0.001''", "sp-rand-var-dec-scaling='1.0'", "sp-res-cutoff-cls='5'", "sp-res-cutoff-lits='288'", "sp-res-order-heur=''0''", "sp-rand-phase-scaling='1.0'"], "cpu_time": 7622.272000000174, "evaluations": 7930, "cost": 0.07463999999999998, "total_cpu_time": null}
