{"evaluations": 0, "incumbent": ["adaptive=''1''", "clausepen=''1''", "performrandomwalk=''0''", "singleclause=''1''", "tabusearch=''0''", "adaptivenoisescheme=''1''", "adaptwalkprob=''0''", "heuristic=''2''", "promisinglist=''1''", "ps='0.4'", "selectclause=''1''", "smoothingscheme=''1''", "adaptiveprom=''0''", "decreasingvariable=''3''", "performalternatenovelty=''1''", "phi='5'", "theta='6'", "updateschemepromlist=''3''", "wp='0.01'", "CONadaptpromwalkprob=''0''"], "cpu_time": 0, "total_cpu_time": null, "cost": 2147483648, "wallclock_time": 0.0014445781707763672}
{"evaluations": 1, "incumbent": ["adaptive=''1''", "clausepen=''1''", "performrandomwalk=''0''", "singleclause=''1''", "tabusearch=''0''", "adaptivenoisescheme=''1''", "adaptwalkprob=''0''", "heuristic=''2''", "promisinglist=''1''", "ps='0.4'", "selectclause=''1''", "smoothingscheme=''1''", "adaptiveprom=''0''", "decreasingvariable=''3''", "performalternatenovelty=''1''", "phi='5'", "theta='6'", "updateschemepromlist=''3''", "wp='0.01'", "CONadaptpromwalkprob=''0''"], "cpu_time": 5.0, "total_cpu_time": null, "cost": 50, "wallclock_time": 7.649917364120483}
{"evaluations": 65, "incumbent": ["adaptive=''0''", "clausepen=''0''", "performrandomwalk=''0''", "singleclause=''1''", "tabusearch=''0''", "CONadaptwalkprob=''0''", "CONselectclause=''1''", "c='0.0011870168597208689'", "heuristic=''13''", "promisinglist=''1''", "s='0.001375893581866807'", "CONdp='0.19821387337153568'", "adaptiveprom=''0''", "decreasingvariable=''9''", "novnoise='0.14861100208422362'", "performalternatenovelty=''0''", "updateschemepromlist=''3''", "CONadaptpromwalkprob=''0''", "promnovnoise='0.6497147606237637'", "CONpromwp='0.12471696852503102'"], "cpu_time": 118.35200000000005, "total_cpu_time": null, "cost": 0.003599999999999999, "wallclock_time": 204.46377086639404}
{"evaluations": 325, "incumbent": ["adaptive=''1''", "clausepen=''2''", "performrandomwalk=''0''", "singleclause=''0''", "tabusearch=''0''", "DLSscoringmeasure=''1''", "DLStiebreaking=''1''", "adaptivenoisescheme=''2''"], "cpu_time": 712.1279999999987, "total_cpu_time": null, "cost": 0.0032000000000000006, "wallclock_time": 1167.355417251587}
{"evaluations": 1040, "incumbent": ["adaptive=''1''", "clausepen=''2''", "performrandomwalk=''0''", "singleclause=''0''", "tabusearch=''0''", "DLSscoringmeasure=''1''", "DLStiebreaking=''2''", "adaptivenoisescheme=''2''"], "cpu_time": 1376.7599999999932, "total_cpu_time": null, "cost": 0.0029200000000000003, "wallclock_time": 2421.029730319977}
