"CPU Time Used","Estimated Training Performance","Wallclock Time","Incumbent ID","Automatic Configurator (CPU) Time","Configuration..."
0.000000, 2147483648.000000, 0.001546, 1, 0.001546, adaptive=''1'', clausepen=''1'', performrandomwalk=''0'', singleclause=''1'', tabusearch=''0'', adaptivenoisescheme=''1'', adaptwalkprob=''0'', heuristic=''2'', promisinglist=''1'', ps='0.4', selectclause=''1'', smoothingscheme=''1'', adaptiveprom=''0'', decreasingvariable=''3'', performalternatenovelty=''1'', phi='5', theta='6', updateschemepromlist=''3'', wp='0.01', CONadaptpromwalkprob=''0''
5.000000, 50.000000, 7.677289, 1, 2.677289, adaptive=''1'', clausepen=''1'', performrandomwalk=''0'', singleclause=''1'', tabusearch=''0'', adaptivenoisescheme=''1'', adaptwalkprob=''0'', heuristic=''2'', promisinglist=''1'', ps='0.4', selectclause=''1'', smoothingscheme=''1'', adaptiveprom=''0'', decreasingvariable=''3'', performalternatenovelty=''1'', phi='5', theta='6', updateschemepromlist=''3'', wp='0.01', CONadaptpromwalkprob=''0''
16.540000, 0.021480, 15.899810, 2, -0.640190, adaptive=''0'', clausepen=''2'', performrandomwalk=''1'', singleclause=''1'', tabusearch=''0'', CONadaptwalkprob=''0'', c='1.4077503807392722e-06', heuristic=''6'', promisinglist=''1'', randomwalk=''3'', s='0.012133478200897682', CONwp='0.10830871832002271', adaptiveprom=''0'', decreasingvariable=''5'', novnoise='0.43373225487513034', rdp='0.014938502504301258', updateschemepromlist=''1'', CONadaptpromwalkprob=''0'', tiebreaking='3'
41.532000, 0.003694, 34.255535, 8, -7.276465, adaptive=''0'', clausepen=''2'', performrandomwalk=''1'', singleclause=''1'', tabusearch=''0'', CONadaptwalkprob=''0'', c='1.4077503807392722e-06', heuristic=''9'', promisinglist=''1'', randomwalk=''3'', s='0.012133478200897682', adaptiveprom=''0'', decreasingvariable=''5'', rdp='0.014938502504301258', updateschemepromlist=''1'', wpwalk='0.5', CONadaptpromwalkprob=''0'', tiebreaking='3'
65.280000, 0.002951, 64.434193, 11, -0.845807, adaptive=''0'', clausepen=''2'', performrandomwalk=''1'', singleclause=''1'', tabusearch=''0'', CONadaptwalkprob=''0'', c='1.4077503807392722e-06', heuristic=''9'', promisinglist=''1'', randomwalk=''3'', s='0.021556697666433422', adaptiveprom=''0'', decreasingvariable=''5'', rdp='0.014938502504301258', updateschemepromlist=''1'', wpwalk='0.5', CONadaptpromwalkprob=''0'', tiebreaking='3'
77.972000, 0.002588, 85.444380, 19, 7.472380, adaptive=''0'', clausepen=''2'', performrandomwalk=''1'', singleclause=''1'', tabusearch=''0'', CONadaptwalkprob=''0'', c='2.8404565051757308e-05', heuristic=''9'', promisinglist=''1'', randomwalk=''3'', s='0.021556697666433422', adaptiveprom=''0'', decreasingvariable=''5'', rdp='0.014938502504301258', updateschemepromlist=''1'', wpwalk='0.5', CONadaptpromwalkprob=''0'', tiebreaking='3'
108.028000, 0.002200, 123.013458, 29, 14.985458, adaptive=''0'', clausepen=''2'', performrandomwalk=''1'', singleclause=''1'', tabusearch=''0'', CONadaptwalkprob=''0'', c='0.00018835483856635503', heuristic=''9'', promisinglist=''1'', randomwalk=''3'', s='0.021556697666433422', adaptiveprom=''0'', decreasingvariable=''5'', rdp='0.014938502504301258', updateschemepromlist=''1'', wpwalk='0.5', CONadaptpromwalkprob=''0'', tiebreaking='3'
159.440000, 0.001630, 230.739059, 44, 71.299059, adaptive=''0'', clausepen=''2'', performrandomwalk=''1'', singleclause=''1'', tabusearch=''0'', CONadaptwalkprob=''0'', c='0.00018835483856635503', heuristic=''9'', promisinglist=''1'', randomwalk=''3'', s='0.021556697666433422', adaptiveprom=''1'', decreasingvariable=''5'', rdp='0.014938502504301258', updateschemepromlist=''1'', wpwalk='0.5', adaptpromwalkprob=''1'', tiebreaking='3'
174.556000, 0.001517, 267.488694, 40, 92.932694, adaptive=''0'', clausepen=''2'', performrandomwalk=''1'', singleclause=''1'', tabusearch=''0'', CONadaptwalkprob=''0'', c='0.00018835483856635503', heuristic=''9'', promisinglist=''1'', randomwalk=''3'', s='0.021556697666433422', adaptiveprom=''1'', decreasingvariable=''5'', rdp='0.014938502504301258', updateschemepromlist=''1'', wpwalk='0.5', adaptpromwalkprob=''0'', tiebreaking='3'
188.212000, 0.001419, 309.306897, 52, 121.094897, adaptive=''0'', clausepen=''1'', performrandomwalk=''1'', singleclause=''1'', tabusearch=''0'', CONadaptwalkprob=''0'', c='0.00018835483856635503', heuristic=''9'', promisinglist=''1'', ps='0.4', randomwalk=''3'', s='0.021556697666433422', selectclause=''1'', smoothingscheme=''1'', adaptiveprom=''1'', decreasingvariable=''5'', rdp='0.014938502504301258', updateschemepromlist=''1'', wpwalk='0.5', adaptpromwalkprob=''1'', tiebreaking='3'
209.584000, 0.001341, 351.286192, 55, 141.702192, adaptive=''0'', clausepen=''2'', performrandomwalk=''1'', singleclause=''1'', tabusearch=''0'', CONadaptwalkprob=''0'', c='0.003737607308701206', heuristic=''9'', promisinglist=''1'', randomwalk=''3'', s='0.021556697666433422', adaptiveprom=''1'', decreasingvariable=''5'', rdp='0.014938502504301258', updateschemepromlist=''1'', wpwalk='0.5', adaptpromwalkprob=''1'', tiebreaking='3'
234.212000, 0.001294, 372.559895, 44, 138.347895, adaptive=''0'', clausepen=''2'', performrandomwalk=''1'', singleclause=''1'', tabusearch=''0'', CONadaptwalkprob=''0'', c='0.00018835483856635503', heuristic=''9'', promisinglist=''1'', randomwalk=''3'', s='0.021556697666433422', adaptiveprom=''1'', decreasingvariable=''5'', rdp='0.014938502504301258', updateschemepromlist=''1'', wpwalk='0.5', adaptpromwalkprob=''1'', tiebreaking='3'
258.244000, 0.001222, 421.529494, 29, 163.285494, adaptive=''0'', clausepen=''2'', performrandomwalk=''1'', singleclause=''1'', tabusearch=''0'', CONadaptwalkprob=''0'', c='0.00018835483856635503', heuristic=''9'', promisinglist=''1'', randomwalk=''3'', s='0.021556697666433422', adaptiveprom=''0'', decreasingvariable=''5'', rdp='0.014938502504301258', updateschemepromlist=''1'', wpwalk='0.5', CONadaptpromwalkprob=''0'', tiebreaking='3'
293.044000, 0.001158, 472.416288, 64, 179.372288, adaptive=''0'', clausepen=''2'', performrandomwalk=''1'', singleclause=''1'', tabusearch=''0'', CONadaptwalkprob=''0'', c='0.00018835483856635503', heuristic=''9'', promisinglist=''1'', randomwalk=''3'', s='0.027999121629162852', adaptiveprom=''0'', decreasingvariable=''5'', rdp='0.014938502504301258', updateschemepromlist=''1'', wpwalk='0.5', CONadaptpromwalkprob=''0'', tiebreaking='3'
442.172000, 0.000978, 673.045204, 78, 230.873204, adaptive=''0'', clausepen=''1'', performrandomwalk=''1'', singleclause=''1'', tabusearch=''0'', CONadaptwalkprob=''0'', c='0.00018835483856635503', heuristic=''9'', promisinglist=''1'', ps='0.4', randomwalk=''3'', s='0.027999121629162852', selectclause=''1'', smoothingscheme=''1'', adaptiveprom=''0'', decreasingvariable=''5'', rdp='0.014938502504301258', updateschemepromlist=''1'', wpwalk='0.5', CONadaptpromwalkprob=''0'', tiebreaking='3'
738.260000, 0.000747, 1176.989965, 64, 438.729965, adaptive=''0'', clausepen=''2'', performrandomwalk=''1'', singleclause=''1'', tabusearch=''0'', CONadaptwalkprob=''0'', c='0.00018835483856635503', heuristic=''9'', promisinglist=''1'', randomwalk=''3'', s='0.027999121629162852', adaptiveprom=''0'', decreasingvariable=''5'', rdp='0.014938502504301258', updateschemepromlist=''1'', wpwalk='0.5', CONadaptpromwalkprob=''0'', tiebreaking='3'
765.060000, 0.000723, 1256.288913, 107, 491.228913, adaptive=''0'', clausepen=''2'', performrandomwalk=''1'', singleclause=''1'', tabusearch=''0'', CONadaptwalkprob=''0'', c='0.00018835483856635503', heuristic=''9'', promisinglist=''1'', randomwalk=''3'', s='0.027999121629162852', adaptiveprom=''1'', decreasingvariable=''5'', rdp='0.014938502504301258', updateschemepromlist=''1'', wpwalk='0.5', adaptpromwalkprob=''0'', tiebreaking='3'
1578.908000, 0.000529, 2372.174948, 148, 793.266948, adaptive=''0'', clausepen=''2'', performrandomwalk=''1'', singleclause=''1'', tabusearch=''0'', CONadaptwalkprob=''0'', c='0.0004312569198767805', heuristic=''9'', promisinglist=''1'', randomwalk=''3'', s='0.027999121629162852', adaptiveprom=''1'', decreasingvariable=''5'', rdp='0.014938502504301258', updateschemepromlist=''1'', wpwalk='0.5', adaptpromwalkprob=''0'', tiebreaking='3'
1629.492000, 0.000514, 2485.409639, 153, 855.917639, adaptive=''0'', clausepen=''2'', performrandomwalk=''1'', singleclause=''1'', tabusearch=''0'', CONadaptwalkprob=''0'', c='0.0004312569198767805', heuristic=''9'', promisinglist=''1'', randomwalk=''3'', s='0.027999121629162852', adaptiveprom=''0'', decreasingvariable=''5'', rdp='0.014938502504301258', updateschemepromlist=''1'', wpwalk='0.5', CONadaptpromwalkprob=''0'', tiebreaking='3'
1772.224000, 0.000495, 2663.490828, 160, 891.266828, adaptive=''0'', clausepen=''2'', performrandomwalk=''1'', singleclause=''1'', tabusearch=''0'', CONadaptwalkprob=''0'', c='0.0008208784328756551', heuristic=''9'', promisinglist=''1'', randomwalk=''3'', s='0.027999121629162852', adaptiveprom=''0'', decreasingvariable=''5'', rdp='0.014938502504301258', updateschemepromlist=''1'', wpwalk='0.5', CONadaptpromwalkprob=''0'', tiebreaking='3'
1822.024000, 0.000491, 2723.600795, 153, 901.576795, adaptive=''0'', clausepen=''2'', performrandomwalk=''1'', singleclause=''1'', tabusearch=''0'', CONadaptwalkprob=''0'', c='0.0004312569198767805', heuristic=''9'', promisinglist=''1'', randomwalk=''3'', s='0.027999121629162852', adaptiveprom=''0'', decreasingvariable=''5'', rdp='0.014938502504301258', updateschemepromlist=''1'', wpwalk='0.5', CONadaptpromwalkprob=''0'', tiebreaking='3'
2161.876000, 0.000454, 3158.889719, 176, 997.013719, adaptive=''0'', clausepen=''2'', performrandomwalk=''1'', singleclause=''1'', tabusearch=''0'', CONadaptwalkprob=''0'', c='0.0004312569198767805', heuristic=''9'', promisinglist=''1'', randomwalk=''3'', s='0.05126718042969957', adaptiveprom=''0'', decreasingvariable=''5'', rdp='0.014938502504301258', updateschemepromlist=''1'', wpwalk='0.5', CONadaptpromwalkprob=''0'', tiebreaking='3'
2257.028000, 0.000445, 3295.860125, 181, 1038.832125, adaptive=''0'', clausepen=''2'', performrandomwalk=''1'', singleclause=''1'', tabusearch=''0'', CONadaptwalkprob=''0'', c='0.0004312569198767805', heuristic=''9'', promisinglist=''1'', randomwalk=''3'', s='0.08437638066157246', adaptiveprom=''0'', decreasingvariable=''5'', rdp='0.014938502504301258', updateschemepromlist=''1'', wpwalk='0.5', CONadaptpromwalkprob=''0'', tiebreaking='3'
2285.412000, 0.000440, 3362.762036, 176, 1077.350036, adaptive=''0'', clausepen=''2'', performrandomwalk=''1'', singleclause=''1'', tabusearch=''0'', CONadaptwalkprob=''0'', c='0.0004312569198767805', heuristic=''9'', promisinglist=''1'', randomwalk=''3'', s='0.05126718042969957', adaptiveprom=''0'', decreasingvariable=''5'', rdp='0.014938502504301258', updateschemepromlist=''1'', wpwalk='0.5', CONadaptpromwalkprob=''0'', tiebreaking='3'
2376.132000, 0.000432, 3501.187521, 187, 1125.055521, adaptive=''0'', clausepen=''2'', performrandomwalk=''1'', singleclause=''1'', tabusearch=''0'', CONadaptwalkprob=''0'', c='5.694415842763569e-05', heuristic=''9'', promisinglist=''1'', randomwalk=''3'', s='0.05126718042969957', adaptiveprom=''0'', decreasingvariable=''5'', rdp='0.014938502504301258', updateschemepromlist=''1'', wpwalk='0.5', CONadaptpromwalkprob=''0'', tiebreaking='3'
2437.452000, 0.000427, 3572.209809, 192, 1134.757809, adaptive=''0'', clausepen=''2'', performrandomwalk=''1'', singleclause=''1'', tabusearch=''0'', CONadaptwalkprob=''0'', c='5.694415842763569e-05', heuristic=''1'', promisinglist=''1'', randomwalk=''3'', s='0.05126718042969957', adaptiveprom=''0'', decreasingvariable=''5'', novnoise='0.5', performalternatenovelty=''1'', rdp='0.014938502504301258', updateschemepromlist=''1'', CONadaptpromwalkprob=''0'', tiebreaking='4'
