{"incumbent": ["adaptive=''1''", "clausepen=''1''", "performrandomwalk=''0''", "singleclause=''1''", "tabusearch=''0''", "adaptivenoisescheme=''1''", "adaptwalkprob=''0''", "heuristic=''2''", "promisinglist=''1''", "ps='0.4'", "selectclause=''1''", "smoothingscheme=''1''", "adaptiveprom=''0''", "decreasingvariable=''3''", "performalternatenovelty=''1''", "phi='5'", "theta='6'", "updateschemepromlist=''3''", "wp='0.01'", "CONadaptpromwalkprob=''0''"], "evaluations": 0, "cost": 2147483648, "wallclock_time": 0.0015459060668945312, "total_cpu_time": null, "cpu_time": 0}
{"incumbent": ["adaptive=''1''", "clausepen=''1''", "performrandomwalk=''0''", "singleclause=''1''", "tabusearch=''0''", "adaptivenoisescheme=''1''", "adaptwalkprob=''0''", "heuristic=''2''", "promisinglist=''1''", "ps='0.4'", "selectclause=''1''", "smoothingscheme=''1''", "adaptiveprom=''0''", "decreasingvariable=''3''", "performalternatenovelty=''1''", "phi='5'", "theta='6'", "updateschemepromlist=''3''", "wp='0.01'", "CONadaptpromwalkprob=''0''"], "evaluations": 1, "cost": 50, "wallclock_time": 7.677289009094238, "total_cpu_time": null, "cpu_time": 5.0}
{"incumbent": ["adaptive=''0''", "clausepen=''2''", "performrandomwalk=''1''", "singleclause=''1''", "tabusearch=''0''", "CONadaptwalkprob=''0''", "c='1.4077503807392722e-06'", "heuristic=''6''", "promisinglist=''1''", "randomwalk=''3''", "s='0.012133478200897682'", "CONwp='0.10830871832002271'", "adaptiveprom=''0''", "decreasingvariable=''5''", "novnoise='0.43373225487513034'", "rdp='0.014938502504301258'", "updateschemepromlist=''1''", "CONadaptpromwalkprob=''0''", "tiebreaking='3'"], "evaluations": 17, "cost": 0.021480000000000003, "wallclock_time": 15.89980959892273, "total_cpu_time": null, "cpu_time": 16.540000000000003}
{"incumbent": ["adaptive=''0''", "clausepen=''2''", "performrandomwalk=''1''", "singleclause=''1''", "tabusearch=''0''", "CONadaptwalkprob=''0''", "c='1.4077503807392722e-06'", "heuristic=''9''", "promisinglist=''1''", "randomwalk=''3''", "s='0.012133478200897682'", "adaptiveprom=''0''", "decreasingvariable=''5''", "rdp='0.014938502504301258'", "updateschemepromlist=''1''", "wpwalk='0.5'", "CONadaptpromwalkprob=''0''", "tiebreaking='3'"], "evaluations": 61, "cost": 0.003694444444444444, "wallclock_time": 34.25553512573242, "total_cpu_time": null, "cpu_time": 41.53199999999998}
{"incumbent": ["adaptive=''0''", "clausepen=''2''", "performrandomwalk=''1''", "singleclause=''1''", "tabusearch=''0''", "CONadaptwalkprob=''0''", "c='1.4077503807392722e-06'", "heuristic=''9''", "promisinglist=''1''", "randomwalk=''3''", "s='0.021556697666433422'", "adaptiveprom=''0''", "decreasingvariable=''5''", "rdp='0.014938502504301258'", "updateschemepromlist=''1''", "wpwalk='0.5'", "CONadaptpromwalkprob=''0''", "tiebreaking='3'"], "evaluations": 186, "cost": 0.0029511111111111114, "wallclock_time": 64.43419337272644, "total_cpu_time": null, "cpu_time": 65.27999999999977}
{"incumbent": ["adaptive=''0''", "clausepen=''2''", "performrandomwalk=''1''", "singleclause=''1''", "tabusearch=''0''", "CONadaptwalkprob=''0''", "c='2.8404565051757308e-05'", "heuristic=''9''", "promisinglist=''1''", "randomwalk=''3''", "s='0.021556697666433422'", "adaptiveprom=''0''", "decreasingvariable=''5''", "rdp='0.014938502504301258'", "updateschemepromlist=''1''", "wpwalk='0.5'", "CONadaptpromwalkprob=''0''", "tiebreaking='3'"], "evaluations": 302, "cost": 0.0025882352941176473, "wallclock_time": 85.44437956809998, "total_cpu_time": null, "cpu_time": 77.97199999999988}
{"incumbent": ["adaptive=''0''", "clausepen=''2''", "performrandomwalk=''1''", "singleclause=''1''", "tabusearch=''0''", "CONadaptwalkprob=''0''", "c='0.00018835483856635503'", "heuristic=''9''", "promisinglist=''1''", "randomwalk=''3''", "s='0.021556697666433422'", "adaptiveprom=''0''", "decreasingvariable=''5''", "rdp='0.014938502504301258'", "updateschemepromlist=''1''", "wpwalk='0.5'", "CONadaptpromwalkprob=''0''", "tiebreaking='3'"], "evaluations": 469, "cost": 0.002200000000000001, "wallclock_time": 123.01345801353455, "total_cpu_time": null, "cpu_time": 108.02799999999965}
{"incumbent": ["adaptive=''0''", "clausepen=''2''", "performrandomwalk=''1''", "singleclause=''1''", "tabusearch=''0''", "CONadaptwalkprob=''0''", "c='0.00018835483856635503'", "heuristic=''9''", "promisinglist=''1''", "randomwalk=''3''", "s='0.021556697666433422'", "adaptiveprom=''1''", "decreasingvariable=''5''", "rdp='0.014938502504301258'", "updateschemepromlist=''1''", "wpwalk='0.5'", "adaptpromwalkprob=''1''", "tiebreaking='3'"], "evaluations": 1085, "cost": 0.0016296296296296306, "wallclock_time": 230.73905873298645, "total_cpu_time": null, "cpu_time": 159.4400000000023}
{"incumbent": ["adaptive=''0''", "clausepen=''2''", "performrandomwalk=''1''", "singleclause=''1''", "tabusearch=''0''", "CONadaptwalkprob=''0''", "c='0.00018835483856635503'", "heuristic=''9''", "promisinglist=''1''", "randomwalk=''3''", "s='0.021556697666433422'", "adaptiveprom=''1''", "decreasingvariable=''5''", "rdp='0.014938502504301258'", "updateschemepromlist=''1''", "wpwalk='0.5'", "adaptpromwalkprob=''0''", "tiebreaking='3'"], "evaluations": 1300, "cost": 0.0015172413793103456, "wallclock_time": 267.4886944293976, "total_cpu_time": null, "cpu_time": 174.55600000000396}
{"incumbent": ["adaptive=''0''", "clausepen=''1''", "performrandomwalk=''1''", "singleclause=''1''", "tabusearch=''0''", "CONadaptwalkprob=''0''", "c='0.00018835483856635503'", "heuristic=''9''", "promisinglist=''1''", "ps='0.4'", "randomwalk=''3''", "s='0.021556697666433422'", "selectclause=''1''", "smoothingscheme=''1''", "adaptiveprom=''1''", "decreasingvariable=''5''", "rdp='0.014938502504301258'", "updateschemepromlist=''1''", "wpwalk='0.5'", "adaptpromwalkprob=''1''", "tiebreaking='3'"], "evaluations": 1531, "cost": 0.0014193548387096782, "wallclock_time": 309.30689668655396, "total_cpu_time": null, "cpu_time": 188.2120000000061}
{"incumbent": ["adaptive=''0''", "clausepen=''2''", "performrandomwalk=''1''", "singleclause=''1''", "tabusearch=''0''", "CONadaptwalkprob=''0''", "c='0.003737607308701206'", "heuristic=''9''", "promisinglist=''1''", "randomwalk=''3''", "s='0.021556697666433422'", "adaptiveprom=''1''", "decreasingvariable=''5''", "rdp='0.014938502504301258'", "updateschemepromlist=''1''", "wpwalk='0.5'", "adaptpromwalkprob=''1''", "tiebreaking='3'"], "evaluations": 1768, "cost": 0.001340679522497705, "wallclock_time": 351.28619170188904, "total_cpu_time": null, "cpu_time": 209.5840000000075}
{"incumbent": ["adaptive=''0''", "clausepen=''2''", "performrandomwalk=''1''", "singleclause=''1''", "tabusearch=''0''", "CONadaptwalkprob=''0''", "c='0.00018835483856635503'", "heuristic=''9''", "promisinglist=''1''", "randomwalk=''3''", "s='0.021556697666433422'", "adaptiveprom=''1''", "decreasingvariable=''5''", "rdp='0.014938502504301258'", "updateschemepromlist=''1''", "wpwalk='0.5'", "adaptpromwalkprob=''1''", "tiebreaking='3'"], "evaluations": 1835, "cost": 0.0012941176470588243, "wallclock_time": 372.5598952770233, "total_cpu_time": null, "cpu_time": 234.212000000008}
{"incumbent": ["adaptive=''0''", "clausepen=''2''", "performrandomwalk=''1''", "singleclause=''1''", "tabusearch=''0''", "CONadaptwalkprob=''0''", "c='0.00018835483856635503'", "heuristic=''9''", "promisinglist=''1''", "randomwalk=''3''", "s='0.021556697666433422'", "adaptiveprom=''0''", "decreasingvariable=''5''", "rdp='0.014938502504301258'", "updateschemepromlist=''1''", "wpwalk='0.5'", "CONadaptpromwalkprob=''0''", "tiebreaking='3'"], "evaluations": 2093, "cost": 0.0012222222222222228, "wallclock_time": 421.5294942855835, "total_cpu_time": null, "cpu_time": 258.24400000000935}
{"incumbent": ["adaptive=''0''", "clausepen=''2''", "performrandomwalk=''1''", "singleclause=''1''", "tabusearch=''0''", "CONadaptwalkprob=''0''", "c='0.00018835483856635503'", "heuristic=''9''", "promisinglist=''1''", "randomwalk=''3''", "s='0.027999121629162852'", "adaptiveprom=''0''", "decreasingvariable=''5''", "rdp='0.014938502504301258'", "updateschemepromlist=''1''", "wpwalk='0.5'", "CONadaptpromwalkprob=''0''", "tiebreaking='3'"], "evaluations": 2340, "cost": 0.001157894736842106, "wallclock_time": 472.4162881374359, "total_cpu_time": null, "cpu_time": 293.044000000007}
{"incumbent": ["adaptive=''0''", "clausepen=''1''", "performrandomwalk=''1''", "singleclause=''1''", "tabusearch=''0''", "CONadaptwalkprob=''0''", "c='0.00018835483856635503'", "heuristic=''9''", "promisinglist=''1''", "ps='0.4'", "randomwalk=''3''", "s='0.027999121629162852'", "selectclause=''1''", "smoothingscheme=''1''", "adaptiveprom=''0''", "decreasingvariable=''5''", "rdp='0.014938502504301258'", "updateschemepromlist=''1''", "wpwalk='0.5'", "CONadaptpromwalkprob=''0''", "tiebreaking='3'"], "evaluations": 3275, "cost": 0.0009777777777777784, "wallclock_time": 673.0452041625977, "total_cpu_time": null, "cpu_time": 442.17200000000446}
{"incumbent": ["adaptive=''0''", "clausepen=''2''", "performrandomwalk=''1''", "singleclause=''1''", "tabusearch=''0''", "CONadaptwalkprob=''0''", "c='0.00018835483856635503'", "heuristic=''9''", "promisinglist=''1''", "randomwalk=''3''", "s='0.027999121629162852'", "adaptiveprom=''0''", "decreasingvariable=''5''", "rdp='0.014938502504301258'", "updateschemepromlist=''1''", "wpwalk='0.5'", "CONadaptpromwalkprob=''0''", "tiebreaking='3'"], "evaluations": 5819, "cost": 0.0007469118069520259, "wallclock_time": 1176.989964723587, "total_cpu_time": null, "cpu_time": 738.2599999999858}
{"incumbent": ["adaptive=''0''", "clausepen=''2''", "performrandomwalk=''1''", "singleclause=''1''", "tabusearch=''0''", "CONadaptwalkprob=''0''", "c='0.00018835483856635503'", "heuristic=''9''", "promisinglist=''1''", "randomwalk=''3''", "s='0.027999121629162852'", "adaptiveprom=''1''", "decreasingvariable=''5''", "rdp='0.014938502504301258'", "updateschemepromlist=''1''", "wpwalk='0.5'", "adaptpromwalkprob=''0''", "tiebreaking='3'"], "evaluations": 6287, "cost": 0.0007234614350980922, "wallclock_time": 1256.288913011551, "total_cpu_time": null, "cpu_time": 765.0599999999837}
{"incumbent": ["adaptive=''0''", "clausepen=''2''", "performrandomwalk=''1''", "singleclause=''1''", "tabusearch=''0''", "CONadaptwalkprob=''0''", "c='0.0004312569198767805'", "heuristic=''9''", "promisinglist=''1''", "randomwalk=''3''", "s='0.027999121629162852'", "adaptiveprom=''1''", "decreasingvariable=''5''", "rdp='0.014938502504301258'", "updateschemepromlist=''1''", "wpwalk='0.5'", "adaptpromwalkprob=''0''", "tiebreaking='3'"], "evaluations": 11841, "cost": 0.0005289115646258508, "wallclock_time": 2372.174947977066, "total_cpu_time": null, "cpu_time": 1578.9080000000379}
{"incumbent": ["adaptive=''0''", "clausepen=''2''", "performrandomwalk=''1''", "singleclause=''1''", "tabusearch=''0''", "CONadaptwalkprob=''0''", "c='0.0004312569198767805'", "heuristic=''9''", "promisinglist=''1''", "randomwalk=''3''", "s='0.027999121629162852'", "adaptiveprom=''0''", "decreasingvariable=''5''", "rdp='0.014938502504301258'", "updateschemepromlist=''1''", "wpwalk='0.5'", "CONadaptpromwalkprob=''0''", "tiebreaking='3'"], "evaluations": 12479, "cost": 0.0005137912385073015, "wallclock_time": 2485.4096388816833, "total_cpu_time": null, "cpu_time": 1629.4920000000525}
{"incumbent": ["adaptive=''0''", "clausepen=''2''", "performrandomwalk=''1''", "singleclause=''1''", "tabusearch=''0''", "CONadaptwalkprob=''0''", "c='0.0008208784328756551'", "heuristic=''9''", "promisinglist=''1''", "randomwalk=''3''", "s='0.027999121629162852'", "adaptiveprom=''0''", "decreasingvariable=''5''", "rdp='0.014938502504301258'", "updateschemepromlist=''1''", "wpwalk='0.5'", "CONadaptpromwalkprob=''0''", "tiebreaking='3'"], "evaluations": 13300, "cost": 0.0004953919959601065, "wallclock_time": 2663.490828037262, "total_cpu_time": null, "cpu_time": 1772.2240000000854}
{"incumbent": ["adaptive=''0''", "clausepen=''2''", "performrandomwalk=''1''", "singleclause=''1''", "tabusearch=''0''", "CONadaptwalkprob=''0''", "c='0.0004312569198767805'", "heuristic=''9''", "promisinglist=''1''", "randomwalk=''3''", "s='0.027999121629162852'", "adaptiveprom=''0''", "decreasingvariable=''5''", "rdp='0.014938502504301258'", "updateschemepromlist=''1''", "wpwalk='0.5'", "CONadaptpromwalkprob=''0''", "tiebreaking='3'"], "evaluations": 13595, "cost": 0.0004908641975308644, "wallclock_time": 2723.600795030594, "total_cpu_time": null, "cpu_time": 1822.0240000000902}
{"incumbent": ["adaptive=''0''", "clausepen=''2''", "performrandomwalk=''1''", "singleclause=''1''", "tabusearch=''0''", "CONadaptwalkprob=''0''", "c='0.0004312569198767805'", "heuristic=''9''", "promisinglist=''1''", "randomwalk=''3''", "s='0.05126718042969957'", "adaptiveprom=''0''", "decreasingvariable=''5''", "rdp='0.014938502504301258'", "updateschemepromlist=''1''", "wpwalk='0.5'", "CONadaptpromwalkprob=''0''", "tiebreaking='3'"], "evaluations": 15682, "cost": 0.0004540333723031141, "wallclock_time": 3158.8897185325623, "total_cpu_time": null, "cpu_time": 2161.8760000000966}
{"incumbent": ["adaptive=''0''", "clausepen=''2''", "performrandomwalk=''1''", "singleclause=''1''", "tabusearch=''0''", "CONadaptwalkprob=''0''", "c='0.0004312569198767805'", "heuristic=''9''", "promisinglist=''1''", "randomwalk=''3''", "s='0.08437638066157246'", "adaptiveprom=''0''", "decreasingvariable=''5''", "rdp='0.014938502504301258'", "updateschemepromlist=''1''", "wpwalk='0.5'", "CONadaptpromwalkprob=''0''", "tiebreaking='3'"], "evaluations": 16334, "cost": 0.0004448525660646872, "wallclock_time": 3295.86012506485, "total_cpu_time": null, "cpu_time": 2257.028000000076}
{"incumbent": ["adaptive=''0''", "clausepen=''2''", "performrandomwalk=''1''", "singleclause=''1''", "tabusearch=''0''", "CONadaptwalkprob=''0''", "c='0.0004312569198767805'", "heuristic=''9''", "promisinglist=''1''", "randomwalk=''3''", "s='0.05126718042969957'", "adaptiveprom=''0''", "decreasingvariable=''5''", "rdp='0.014938502504301258'", "updateschemepromlist=''1''", "wpwalk='0.5'", "CONadaptpromwalkprob=''0''", "tiebreaking='3'"], "evaluations": 16712, "cost": 0.00044039999999999986, "wallclock_time": 3362.76203584671, "total_cpu_time": null, "cpu_time": 2285.4120000000253}
{"incumbent": ["adaptive=''0''", "clausepen=''2''", "performrandomwalk=''1''", "singleclause=''1''", "tabusearch=''0''", "CONadaptwalkprob=''0''", "c='5.694415842763569e-05'", "heuristic=''9''", "promisinglist=''1''", "randomwalk=''3''", "s='0.05126718042969957'", "adaptiveprom=''0''", "decreasingvariable=''5''", "rdp='0.014938502504301258'", "updateschemepromlist=''1''", "wpwalk='0.5'", "CONadaptpromwalkprob=''0''", "tiebreaking='3'"], "evaluations": 17394, "cost": 0.0004317570165321027, "wallclock_time": 3501.187520503998, "total_cpu_time": null, "cpu_time": 2376.13199999998}
{"incumbent": ["adaptive=''0''", "clausepen=''2''", "performrandomwalk=''1''", "singleclause=''1''", "tabusearch=''0''", "CONadaptwalkprob=''0''", "c='5.694415842763569e-05'", "heuristic=''1''", "promisinglist=''1''", "randomwalk=''3''", "s='0.05126718042969957'", "adaptiveprom=''0''", "decreasingvariable=''5''", "novnoise='0.5'", "performalternatenovelty=''1''", "rdp='0.014938502504301258'", "updateschemepromlist=''1''", "CONadaptpromwalkprob=''0''", "tiebreaking='4'"], "evaluations": 17694, "cost": 0.0004271844660194172, "wallclock_time": 3572.2098088264465, "total_cpu_time": null, "cpu_time": 2437.4519999999725}
{"incumbent": ["adaptive=''0''", "clausepen=''2''", "performrandomwalk=''1''", "singleclause=''1''", "tabusearch=''0''", "CONadaptwalkprob=''0''", "c='5.694415842763569e-05'", "heuristic=''9''", "promisinglist=''1''", "randomwalk=''3''", "s='0.05126718042969957'", "adaptiveprom=''0''", "decreasingvariable=''5''", "rdp='0.014938502504301258'", "updateschemepromlist=''1''", "wpwalk='0.5'", "CONadaptpromwalkprob=''0''", "tiebreaking='4'"], "evaluations": 17995, "cost": 0.0003746301775147931, "wallclock_time": 3642.5037474632263, "total_cpu_time": null, "cpu_time": 2500.1159999999836}
