{"total_cpu_time": null, "incumbent": ["sp-clause-activity-inc='1.0'", "sp-clause-decay='1.4'", "sp-clause-del-heur=''2''", "sp-first-restart='100'", "sp-learned-clause-sort-heur=''0''", "sp-learned-clauses-inc='1.3'", "sp-learned-size-factor='0.4'", "sp-orig-clause-sort-heur=''0''", "sp-phase-dec-heur=''5''", "sp-rand-var-dec-freq=''0.001''", "sp-resolution=''1''", "sp-restart-inc='1.5'", "sp-update-dec-queue=''1''", "sp-use-pure-literal-rule=''1''", "sp-var-activity-inc='1.0'", "sp-var-dec-heur=''0''", "sp-variable-decay='1.4'", "sp-max-res-lit-inc='1.0'", "sp-max-res-runs='4'", "sp-rand-phase-dec-freq=''0.001''", "sp-rand-var-dec-scaling='1.0'", "sp-res-cutoff-cls='8'", "sp-res-cutoff-lits='400'", "sp-res-order-heur=''0''", "sp-rand-phase-scaling='1.0'"], "evaluations": 0, "cost": 2147483648, "cpu_time": 0, "wallclock_time": 0.0008697509765625}
{"total_cpu_time": null, "incumbent": ["sp-clause-activity-inc='1.0'", "sp-clause-decay='1.4'", "sp-clause-del-heur=''2''", "sp-first-restart='100'", "sp-learned-clause-sort-heur=''0''", "sp-learned-clauses-inc='1.3'", "sp-learned-size-factor='0.4'", "sp-orig-clause-sort-heur=''0''", "sp-phase-dec-heur=''5''", "sp-rand-var-dec-freq=''0.001''", "sp-resolution=''1''", "sp-restart-inc='1.5'", "sp-update-dec-queue=''1''", "sp-use-pure-literal-rule=''1''", "sp-var-activity-inc='1.0'", "sp-var-dec-heur=''0''", "sp-variable-decay='1.4'", "sp-max-res-lit-inc='1.0'", "sp-max-res-runs='4'", "sp-rand-phase-dec-freq=''0.001''", "sp-rand-var-dec-scaling='1.0'", "sp-res-cutoff-cls='8'", "sp-res-cutoff-lits='400'", "sp-res-order-heur=''0''", "sp-rand-phase-scaling='1.0'"], "evaluations": 1, "cost": 0.012, "cpu_time": 0.012, "wallclock_time": 0.15468788146972656}
{"total_cpu_time": null, "incumbent": ["sp-clause-activity-inc='0.6938518980582867'", "sp-clause-decay='1.1454422572032261'", "sp-clause-del-heur=''2''", "sp-first-restart='26'", "sp-learned-clause-sort-heur=''1''", "sp-learned-clauses-inc='1.1690388526597364'", "sp-learned-size-factor='0.27454848698472717'", "sp-orig-clause-sort-heur=''0''", "sp-phase-dec-heur=''5''", "sp-rand-var-dec-freq=''0''", "sp-resolution=''1''", "sp-restart-inc='1.1436777270052905'", "sp-update-dec-queue=''0''", "sp-use-pure-literal-rule=''0''", "sp-var-activity-inc='1.4330539785269365'", "sp-var-dec-heur=''0''", "sp-variable-decay='1.630601486660358'", "sp-max-res-lit-inc='0.5307910704015997'", "sp-max-res-runs='4'", "sp-rand-phase-dec-freq=''0.05''", "sp-res-cutoff-cls='2'", "sp-res-cutoff-lits='1036'", "sp-res-order-heur=''12''", "sp-rand-phase-scaling='0.36098851342474714'"], "evaluations": 168, "cost": 0.07321799307958476, "cpu_time": 383.39599999999996, "wallclock_time": 313.53571009635925}
{"total_cpu_time": null, "incumbent": ["sp-clause-activity-inc='0.8657145146603616'", "sp-clause-decay='1.37971582101723'", "sp-clause-del-heur=''2''", "sp-first-restart='346'", "sp-learned-clause-sort-heur=''11''", "sp-learned-clauses-inc='1.1644560071047967'", "sp-learned-size-factor='0.8168793899771587'", "sp-orig-clause-sort-heur=''4''", "sp-phase-dec-heur=''3''", "sp-rand-var-dec-freq=''0.0001''", "sp-resolution=''2''", "sp-restart-inc='1.2946555965044448'", "sp-update-dec-queue=''0''", "sp-use-pure-literal-rule=''0''", "sp-var-activity-inc='1.2145494949223203'", "sp-var-dec-heur=''16''", "sp-variable-decay='1.9170494421813815'", "sp-max-res-lit-inc='1.3675813708221003'", "sp-max-res-runs='1'", "sp-rand-phase-dec-freq=''0.05''", "sp-rand-var-dec-scaling='0.30776162056195744'", "sp-res-cutoff-cls='2'", "sp-res-cutoff-lits='392'", "sp-res-order-heur=''4''", "sp-rand-phase-scaling='0.3536306796711596'"], "evaluations": 231, "cost": 0.04733518005540166, "cpu_time": 525.7039999999996, "wallclock_time": 424.61374044418335}
{"total_cpu_time": null, "incumbent": ["sp-clause-activity-inc='0.5547633168865836'", "sp-clause-decay='1.2415538521016052'", "sp-clause-del-heur=''0''", "sp-first-restart='35'", "sp-learned-clause-sort-heur=''5''", "sp-learned-clauses-inc='1.4486407705569595'", "sp-learned-size-factor='1.4767697525717787'", "sp-orig-clause-sort-heur=''15''", "sp-phase-dec-heur=''1''", "sp-rand-var-dec-freq=''0.005''", "sp-resolution=''2''", "sp-restart-inc='1.5844562342184885'", "sp-update-dec-queue=''1''", "sp-use-pure-literal-rule=''0''", "sp-var-activity-inc='1.4731238315320576'", "sp-var-dec-heur=''4''", "sp-variable-decay='1.6446111051271495'", "sp-max-res-lit-inc='1.2683629183320897'", "sp-max-res-runs='1'", "sp-rand-phase-dec-freq=''0.01''", "sp-rand-var-dec-scaling='1.0466105008085798'", "sp-res-cutoff-cls='4'", "sp-res-cutoff-lits='101'", "sp-res-order-heur=''8''", "sp-rand-phase-scaling='1.0600102516386454'"], "evaluations": 351, "cost": 0.035206049149338364, "cpu_time": 692.5239999999994, "wallclock_time": 564.5056397914886}
{"total_cpu_time": null, "incumbent": ["sp-clause-activity-inc='1.4129196637449333'", "sp-clause-decay='1.2695267761688622'", "sp-clause-del-heur=''0''", "sp-first-restart='112'", "sp-learned-clause-sort-heur=''0''", "sp-learned-clauses-inc='1.1160739007660392'", "sp-learned-size-factor='0.491809250643478'", "sp-orig-clause-sort-heur=''1''", "sp-phase-dec-heur=''6''", "sp-rand-var-dec-freq=''0.001''", "sp-resolution=''0''", "sp-restart-inc='1.5825023031119454'", "sp-update-dec-queue=''0''", "sp-use-pure-literal-rule=''1''", "sp-var-activity-inc='1.4235640819876751'", "sp-var-dec-heur=''16''", "sp-variable-decay='1.4840483861928115'", "sp-rand-phase-dec-freq=''0.05''", "sp-rand-var-dec-scaling='1.047067998363837'", "sp-rand-phase-scaling='0.6751120464471245'"], "evaluations": 428, "cost": 0.028313599999999984, "cpu_time": 774.0279999999989, "wallclock_time": 631.1333091259003}
{"total_cpu_time": null, "incumbent": ["sp-clause-activity-inc='0.894371918655371'", "sp-clause-decay='1.689342803723448'", "sp-clause-del-heur=''1''", "sp-first-restart='546'", "sp-learned-clause-sort-heur=''4''", "sp-learned-clauses-inc='1.1761771572146862'", "sp-learned-size-factor='1.4023485829273623'", "sp-orig-clause-sort-heur=''4''", "sp-phase-dec-heur=''4''", "sp-rand-var-dec-freq=''0.005''", "sp-resolution=''1''", "sp-restart-inc='1.6637564514087493'", "sp-update-dec-queue=''1''", "sp-use-pure-literal-rule=''1''", "sp-var-activity-inc='1.283003282364422'", "sp-var-dec-heur=''7''", "sp-variable-decay='1.3079148890425356'", "sp-max-res-lit-inc='3.9104373950205575'", "sp-max-res-runs='1'", "sp-rand-phase-dec-freq=''0.005''", "sp-rand-var-dec-scaling='0.31009449084853574'", "sp-res-cutoff-cls='8'", "sp-res-cutoff-lits='977'", "sp-res-order-heur=''11''", "sp-rand-phase-scaling='0.3136331456733104'"], "evaluations": 760, "cost": 0.027191919191919194, "cpu_time": 1411.899999999997, "wallclock_time": 1128.5813212394714}
{"total_cpu_time": null, "incumbent": ["sp-clause-activity-inc='1.2486373600770357'", "sp-clause-decay='1.474817561858063'", "sp-clause-del-heur=''2''", "sp-first-restart='101'", "sp-learned-clause-sort-heur=''5''", "sp-learned-clauses-inc='1.298187405719976'", "sp-learned-size-factor='0.328572030874264'", "sp-orig-clause-sort-heur=''9''", "sp-phase-dec-heur=''0''", "sp-rand-var-dec-freq=''0.01''", "sp-resolution=''2''", "sp-restart-inc='1.3702057954396925'", "sp-update-dec-queue=''0''", "sp-use-pure-literal-rule=''0''", "sp-var-activity-inc='1.292925301393559'", "sp-var-dec-heur=''16''", "sp-variable-decay='1.616905750144569'", "sp-max-res-lit-inc='0.9317994099664685'", "sp-max-res-runs='7'", "sp-rand-phase-dec-freq=''0.01''", "sp-rand-var-dec-scaling='0.6680645063967715'", "sp-res-cutoff-cls='11'", "sp-res-cutoff-lits='416'", "sp-res-order-heur=''15''", "sp-rand-phase-scaling='0.37266246402569536'"], "evaluations": 1090, "cost": 0.026516765285996044, "cpu_time": 1865.9319999999939, "wallclock_time": 1501.343863248825}
{"total_cpu_time": null, "incumbent": ["sp-clause-activity-inc='1.0'", "sp-clause-decay='1.4'", "sp-clause-del-heur=''2''", "sp-first-restart='100'", "sp-learned-clause-sort-heur=''0''", "sp-learned-clauses-inc='1.3'", "sp-learned-size-factor='0.4'", "sp-orig-clause-sort-heur=''0''", "sp-phase-dec-heur=''5''", "sp-rand-var-dec-freq=''0.001''", "sp-resolution=''1''", "sp-restart-inc='1.5'", "sp-update-dec-queue=''1''", "sp-use-pure-literal-rule=''1''", "sp-var-activity-inc='1.0'", "sp-var-dec-heur=''0''", "sp-variable-decay='1.4'", "sp-max-res-lit-inc='1.0'", "sp-max-res-runs='4'", "sp-rand-phase-dec-freq=''0.001''", "sp-rand-var-dec-scaling='1.0'", "sp-res-cutoff-cls='8'", "sp-res-cutoff-lits='400'", "sp-res-order-heur=''0''", "sp-rand-phase-scaling='1.0'"], "evaluations": 1165, "cost": 0.023688280785246874, "cpu_time": 1945.0279999999934, "wallclock_time": 1564.0933752059937}
{"total_cpu_time": null, "incumbent": ["sp-clause-activity-inc='1.4129196637449333'", "sp-clause-decay='1.2695267761688622'", "sp-clause-del-heur=''0''", "sp-first-restart='112'", "sp-learned-clause-sort-heur=''0''", "sp-learned-clauses-inc='1.1160739007660392'", "sp-learned-size-factor='0.491809250643478'", "sp-orig-clause-sort-heur=''1''", "sp-phase-dec-heur=''6''", "sp-rand-var-dec-freq=''0.001''", "sp-resolution=''0''", "sp-restart-inc='1.5825023031119454'", "sp-update-dec-queue=''0''", "sp-use-pure-literal-rule=''1''", "sp-var-activity-inc='1.4235640819876751'", "sp-var-dec-heur=''16''", "sp-variable-decay='1.4840483861928115'", "sp-rand-phase-dec-freq=''0.05''", "sp-rand-var-dec-scaling='1.047067998363837'", "sp-rand-phase-scaling='0.6751120464471245'"], "evaluations": 1244, "cost": 0.022957763236168945, "cpu_time": 2024.4479999999924, "wallclock_time": 1626.1766531467438}
{"total_cpu_time": null, "incumbent": ["sp-clause-activity-inc='1.0'", "sp-clause-decay='1.4'", "sp-clause-del-heur=''2''", "sp-first-restart='100'", "sp-learned-clause-sort-heur=''0''", "sp-learned-clauses-inc='1.3'", "sp-learned-size-factor='0.4'", "sp-orig-clause-sort-heur=''0''", "sp-phase-dec-heur=''5''", "sp-rand-var-dec-freq=''0.001''", "sp-resolution=''1''", "sp-restart-inc='1.5'", "sp-update-dec-queue=''1''", "sp-use-pure-literal-rule=''1''", "sp-var-activity-inc='1.0'", "sp-var-dec-heur=''0''", "sp-variable-decay='1.4'", "sp-max-res-lit-inc='1.0'", "sp-max-res-runs='4'", "sp-rand-phase-dec-freq=''0.001''", "sp-rand-var-dec-scaling='1.0'", "sp-res-cutoff-cls='8'", "sp-res-cutoff-lits='400'", "sp-res-order-heur=''0''", "sp-rand-phase-scaling='1.0'"], "evaluations": 1665, "cost": 0.020159722222222214, "cpu_time": 2539.139999999985, "wallclock_time": 2030.2068266868591}
{"total_cpu_time": null, "incumbent": ["sp-clause-activity-inc='1.0523670985400222'", "sp-clause-decay='1.9860465044268378'", "sp-clause-del-heur=''2''", "sp-first-restart='166'", "sp-learned-clause-sort-heur=''11''", "sp-learned-clauses-inc='1.2999433881776097'", "sp-learned-size-factor='0.8860481883602817'", "sp-orig-clause-sort-heur=''8''", "sp-phase-dec-heur=''0''", "sp-rand-var-dec-freq=''0.001''", "sp-resolution=''1''", "sp-restart-inc='1.6927415038313818'", "sp-update-dec-queue=''1''", "sp-use-pure-literal-rule=''0''", "sp-var-activity-inc='1.2344235412739455'", "sp-var-dec-heur=''7''", "sp-variable-decay='1.0917451411401782'", "sp-max-res-lit-inc='0.4732331577248188'", "sp-max-res-runs='8'", "sp-rand-phase-dec-freq=''0.005''", "sp-rand-var-dec-scaling='0.9350707899120534'", "sp-res-cutoff-cls='7'", "sp-res-cutoff-lits='194'", "sp-res-order-heur=''0''", "sp-rand-phase-scaling='0.34258725532864187'"], "evaluations": 1751, "cost": 0.01958333333333333, "cpu_time": 2628.0359999999837, "wallclock_time": 2098.4871027469635}
{"total_cpu_time": null, "incumbent": ["sp-clause-activity-inc='1.0'", "sp-clause-decay='1.4'", "sp-clause-del-heur=''2''", "sp-first-restart='100'", "sp-learned-clause-sort-heur=''0''", "sp-learned-clauses-inc='1.3'", "sp-learned-size-factor='0.4'", "sp-orig-clause-sort-heur=''0''", "sp-phase-dec-heur=''5''", "sp-rand-var-dec-freq=''0.001''", "sp-resolution=''1''", "sp-restart-inc='1.5'", "sp-update-dec-queue=''1''", "sp-use-pure-literal-rule=''1''", "sp-var-activity-inc='1.0'", "sp-var-dec-heur=''0''", "sp-variable-decay='1.4'", "sp-max-res-lit-inc='1.0'", "sp-max-res-runs='4'", "sp-rand-phase-dec-freq=''0.001''", "sp-rand-var-dec-scaling='1.0'", "sp-res-cutoff-cls='8'", "sp-res-cutoff-lits='400'", "sp-res-order-heur=''0''", "sp-rand-phase-scaling='1.0'"], "evaluations": 1844, "cost": 0.019281599999999996, "cpu_time": 2724.583999999981, "wallclock_time": 2169.483033657074}
{"total_cpu_time": null, "incumbent": ["sp-clause-activity-inc='1.0523670985400222'", "sp-clause-decay='1.9860465044268378'", "sp-clause-del-heur=''2''", "sp-first-restart='166'", "sp-learned-clause-sort-heur=''11''", "sp-learned-clauses-inc='1.2999433881776097'", "sp-learned-size-factor='0.8860481883602817'", "sp-orig-clause-sort-heur=''8''", "sp-phase-dec-heur=''0''", "sp-rand-var-dec-freq=''0.001''", "sp-resolution=''1''", "sp-restart-inc='1.6927415038313818'", "sp-update-dec-queue=''1''", "sp-use-pure-literal-rule=''0''", "sp-var-activity-inc='1.2344235412739455'", "sp-var-dec-heur=''7''", "sp-variable-decay='1.0917451411401782'", "sp-max-res-lit-inc='0.4732331577248188'", "sp-max-res-runs='8'", "sp-rand-phase-dec-freq=''0.005''", "sp-rand-var-dec-scaling='0.9350707899120534'", "sp-res-cutoff-cls='7'", "sp-res-cutoff-lits='194'", "sp-res-order-heur=''0''", "sp-rand-phase-scaling='0.34258725532864187'"], "evaluations": 1932, "cost": 0.018488, "cpu_time": 2814.575999999979, "wallclock_time": 2239.4620518684387}
{"total_cpu_time": null, "incumbent": ["sp-clause-activity-inc='1.0'", "sp-clause-decay='1.4'", "sp-clause-del-heur=''2''", "sp-first-restart='100'", "sp-learned-clause-sort-heur=''0''", "sp-learned-clauses-inc='1.3'", "sp-learned-size-factor='0.4'", "sp-orig-clause-sort-heur=''0''", "sp-phase-dec-heur=''5''", "sp-rand-var-dec-freq=''0.001''", "sp-resolution=''1''", "sp-restart-inc='1.5'", "sp-update-dec-queue=''1''", "sp-use-pure-literal-rule=''1''", "sp-var-activity-inc='1.0'", "sp-var-dec-heur=''0''", "sp-variable-decay='1.4'", "sp-max-res-lit-inc='1.0'", "sp-max-res-runs='4'", "sp-rand-phase-dec-freq=''0.001''", "sp-rand-var-dec-scaling='1.0'", "sp-res-cutoff-cls='8'", "sp-res-cutoff-lits='400'", "sp-res-order-heur=''0''", "sp-rand-phase-scaling='1.0'"], "evaluations": 2023, "cost": 0.01787278106508875, "cpu_time": 2908.5599999999763, "wallclock_time": 2311.281541109085}
{"total_cpu_time": null, "incumbent": ["sp-clause-activity-inc='1.4129196637449333'", "sp-clause-decay='1.2695267761688622'", "sp-clause-del-heur=''0''", "sp-first-restart='112'", "sp-learned-clause-sort-heur=''0''", "sp-learned-clauses-inc='1.1160739007660392'", "sp-learned-size-factor='0.491809250643478'", "sp-orig-clause-sort-heur=''1''", "sp-phase-dec-heur=''6''", "sp-rand-var-dec-freq=''0.001''", "sp-resolution=''0''", "sp-restart-inc='1.5825023031119454'", "sp-update-dec-queue=''0''", "sp-use-pure-literal-rule=''1''", "sp-var-activity-inc='1.4235640819876751'", "sp-var-dec-heur=''16''", "sp-variable-decay='1.4840483861928115'", "sp-rand-phase-dec-freq=''0.05''", "sp-rand-var-dec-scaling='1.047067998363837'", "sp-rand-phase-scaling='0.6751120464471245'"], "evaluations": 2088, "cost": 0.016263313609467454, "cpu_time": 2993.9119999999753, "wallclock_time": 2381.7193331718445}
{"total_cpu_time": null, "incumbent": ["sp-clause-activity-inc='1.0765046912205503'", "sp-clause-decay='1.5387682489581571'", "sp-clause-del-heur=''0''", "sp-first-restart='548'", "sp-learned-clause-sort-heur=''6''", "sp-learned-clauses-inc='1.4787801827929359'", "sp-learned-size-factor='1.45360341053086'", "sp-orig-clause-sort-heur=''3''", "sp-phase-dec-heur=''6''", "sp-rand-var-dec-freq=''0.05''", "sp-resolution=''0''", "sp-restart-inc='1.444105734329281'", "sp-update-dec-queue=''1''", "sp-use-pure-literal-rule=''1''", "sp-var-activity-inc='1.0513502695535013'", "sp-var-dec-heur=''16''", "sp-variable-decay='1.6466642813770098'", "sp-rand-phase-dec-freq=''0.01''", "sp-rand-var-dec-scaling='0.8665056066500063'", "sp-rand-phase-scaling='0.9691165082691213'"], "evaluations": 2606, "cost": 0.01596195005945303, "cpu_time": 3722.907999999971, "wallclock_time": 2932.22096824646}
{"total_cpu_time": null, "incumbent": ["sp-clause-activity-inc='1.4593819732216307'", "sp-clause-decay='1.2310349977414847'", "sp-clause-del-heur=''1''", "sp-first-restart='608'", "sp-learned-clause-sort-heur=''11''", "sp-learned-clauses-inc='1.2720971407829467'", "sp-learned-size-factor='0.3315205218205537'", "sp-orig-clause-sort-heur=''19''", "sp-phase-dec-heur=''5''", "sp-rand-var-dec-freq=''0.005''", "sp-resolution=''2''", "sp-restart-inc='1.6567989325766037'", "sp-update-dec-queue=''1''", "sp-use-pure-literal-rule=''1''", "sp-var-activity-inc='1.3993313026310328'", "sp-var-dec-heur=''4''", "sp-variable-decay='1.058886294205597'", "sp-max-res-lit-inc='3.345202710269238'", "sp-max-res-runs='14'", "sp-rand-phase-dec-freq=''0.001''", "sp-rand-var-dec-scaling='0.6036212042812985'", "sp-res-cutoff-cls='2'", "sp-res-cutoff-lits='361'", "sp-res-order-heur=''17''", "sp-rand-phase-scaling='0.3036506794177863'"], "evaluations": 3109, "cost": 0.015798437893675982, "cpu_time": 4370.7079999999705, "wallclock_time": 3429.031285047531}
{"total_cpu_time": null, "incumbent": ["sp-clause-activity-inc='1.0765046912205503'", "sp-clause-decay='1.5387682489581571'", "sp-clause-del-heur=''0''", "sp-first-restart='548'", "sp-learned-clause-sort-heur=''6''", "sp-learned-clauses-inc='1.4787801827929359'", "sp-learned-size-factor='1.45360341053086'", "sp-orig-clause-sort-heur=''3''", "sp-phase-dec-heur=''6''", "sp-rand-var-dec-freq=''0''", "sp-resolution=''0''", "sp-restart-inc='1.444105734329281'", "sp-update-dec-queue=''1''", "sp-use-pure-literal-rule=''1''", "sp-var-activity-inc='1.0513502695535013'", "sp-var-dec-heur=''16''", "sp-variable-decay='1.6466642813770098'", "sp-rand-phase-dec-freq=''0.01''", "sp-rand-phase-scaling='1.0438993411914195'"], "evaluations": 3419, "cost": 0.013660238751147842, "cpu_time": 4759.53199999997, "wallclock_time": 3734.575137615204}
{"total_cpu_time": null, "incumbent": ["sp-clause-activity-inc='1.0765046912205503'", "sp-clause-decay='1.5387682489581571'", "sp-clause-del-heur=''0''", "sp-first-restart='548'", "sp-learned-clause-sort-heur=''6''", "sp-learned-clauses-inc='1.4787801827929359'", "sp-learned-size-factor='1.45360341053086'", "sp-orig-clause-sort-heur=''3''", "sp-phase-dec-heur=''6''", "sp-rand-var-dec-freq=''0.05''", "sp-resolution=''0''", "sp-restart-inc='1.444105734329281'", "sp-update-dec-queue=''1''", "sp-use-pure-literal-rule=''1''", "sp-var-activity-inc='1.0513502695535013'", "sp-var-dec-heur=''16''", "sp-variable-decay='1.6466642813770098'", "sp-rand-phase-dec-freq=''0.01''", "sp-rand-var-dec-scaling='0.8665056066500063'", "sp-rand-phase-scaling='0.9691165082691213'"], "evaluations": 3540, "cost": 0.013262642013811535, "cpu_time": 4878.195999999964, "wallclock_time": 3830.3835196495056}
{"total_cpu_time": null, "incumbent": ["sp-clause-activity-inc='1.0402955762538175'", "sp-clause-decay='1.1534336403341934'", "sp-clause-del-heur=''2''", "sp-first-restart='1451'", "sp-learned-clause-sort-heur=''18''", "sp-learned-clauses-inc='1.4591959897926094'", "sp-learned-size-factor='0.35862089154097226'", "sp-orig-clause-sort-heur=''4''", "sp-phase-dec-heur=''6''", "sp-rand-var-dec-freq=''0''", "sp-resolution=''1''", "sp-restart-inc='1.2348362732212712'", "sp-update-dec-queue=''1''", "sp-use-pure-literal-rule=''0''", "sp-var-activity-inc='0.8846944443025515'", "sp-var-dec-heur=''0''", "sp-variable-decay='1.1623178938490681'", "sp-max-res-lit-inc='0.9313813903684706'", "sp-max-res-runs='16'", "sp-rand-phase-dec-freq=''0.01''", "sp-res-cutoff-cls='2'", "sp-res-cutoff-lits='253'", "sp-res-order-heur=''17''", "sp-rand-phase-scaling='0.36399527986433167'"], "evaluations": 5053, "cost": 0.01200625, "cpu_time": 7016.719999999964, "wallclock_time": 5460.516216039658}
{"total_cpu_time": null, "incumbent": ["sp-clause-activity-inc='1.0502228488278589'", "sp-clause-decay='1.0798543570141677'", "sp-clause-del-heur=''1''", "sp-first-restart='147'", "sp-learned-clause-sort-heur=''9''", "sp-learned-clauses-inc='1.177020982637074'", "sp-learned-size-factor='1.5236968491983407'", "sp-orig-clause-sort-heur=''6''", "sp-phase-dec-heur=''6''", "sp-rand-var-dec-freq=''0''", "sp-resolution=''1''", "sp-restart-inc='1.733170761392377'", "sp-update-dec-queue=''1''", "sp-use-pure-literal-rule=''1''", "sp-var-activity-inc='1.067532838629384'", "sp-var-dec-heur=''6''", "sp-variable-decay='1.1802185870858954'", "sp-max-res-lit-inc='0.42780268951589573'", "sp-max-res-runs='10'", "sp-rand-phase-dec-freq=''0.01''", "sp-res-cutoff-cls='3'", "sp-res-cutoff-lits='580'", "sp-res-order-heur=''0''", "sp-rand-phase-scaling='1.0959926299838458'"], "evaluations": 5508, "cost": 0.010476757369614512, "cpu_time": 7752.687999999967, "wallclock_time": 6011.885853052139}
{"total_cpu_time": null, "incumbent": ["sp-clause-activity-inc='1.4171017975396163'", "sp-clause-decay='1.3485323862865468'", "sp-clause-del-heur=''2''", "sp-first-restart='688'", "sp-learned-clause-sort-heur=''2''", "sp-learned-clauses-inc='1.28837753370045'", "sp-learned-size-factor='0.45924229829847074'", "sp-orig-clause-sort-heur=''0''", "sp-phase-dec-heur=''1''", "sp-rand-var-dec-freq=''0.01''", "sp-resolution=''1''", "sp-restart-inc='1.7952300689484717'", "sp-update-dec-queue=''1''", "sp-use-pure-literal-rule=''0''", "sp-var-activity-inc='0.6302512490300088'", "sp-var-dec-heur=''5''", "sp-variable-decay='1.8763235389755473'", "sp-max-res-lit-inc='0.6479887832951857'", "sp-max-res-runs='4'", "sp-rand-phase-dec-freq=''0.05''", "sp-rand-var-dec-scaling='0.6747893531132105'", "sp-res-cutoff-cls='2'", "sp-res-cutoff-lits='110'", "sp-res-order-heur=''10''", "sp-rand-phase-scaling='0.3898683419965535'"], "evaluations": 6811, "cost": 0.009639033414267546, "cpu_time": 9371.371999999985, "wallclock_time": 7236.599974393845}
{"total_cpu_time": null, "incumbent": ["sp-clause-activity-inc='1.0992578092262795'", "sp-clause-decay='1.348114587783072'", "sp-clause-del-heur=''1''", "sp-first-restart='55'", "sp-learned-clause-sort-heur=''13''", "sp-learned-clauses-inc='1.3238834448348038'", "sp-learned-size-factor='0.5389921568823071'", "sp-orig-clause-sort-heur=''5''", "sp-phase-dec-heur=''6''", "sp-rand-var-dec-freq=''0.001''", "sp-resolution=''2''", "sp-restart-inc='1.621635967136784'", "sp-update-dec-queue=''1''", "sp-use-pure-literal-rule=''1''", "sp-var-activity-inc='1.3926940425422725'", "sp-var-dec-heur=''6''", "sp-variable-decay='1.0243229772879718'", "sp-max-res-lit-inc='0.3608839590683704'", "sp-max-res-runs='3'", "sp-rand-phase-dec-freq=''0.0001''", "sp-rand-var-dec-scaling='0.6813571768379308'", "sp-res-cutoff-cls='3'", "sp-res-cutoff-lits='222'", "sp-res-order-heur=''10''", "sp-rand-phase-scaling='0.5004870807932497'"], "evaluations": 7638, "cost": 0.009568929612661389, "cpu_time": 10405.123999999987, "wallclock_time": 8008.273584842682}
{"total_cpu_time": null, "incumbent": ["sp-clause-activity-inc='1.0765046912205503'", "sp-clause-decay='1.5387682489581571'", "sp-clause-del-heur=''0''", "sp-first-restart='548'", "sp-learned-clause-sort-heur=''6''", "sp-learned-clauses-inc='1.4787801827929359'", "sp-learned-size-factor='1.45360341053086'", "sp-orig-clause-sort-heur=''3''", "sp-phase-dec-heur=''6''", "sp-rand-var-dec-freq=''0''", "sp-resolution=''0''", "sp-restart-inc='1.444105734329281'", "sp-update-dec-queue=''1''", "sp-use-pure-literal-rule=''1''", "sp-var-activity-inc='1.0513502695535013'", "sp-var-dec-heur=''16''", "sp-variable-decay='1.6466642813770098'", "sp-rand-phase-dec-freq=''0.01''", "sp-rand-phase-scaling='1.0438993411914195'"], "evaluations": 10513, "cost": 0.008284087411511232, "cpu_time": 14407.292000000016, "wallclock_time": 10986.688392400742}
{"total_cpu_time": null, "incumbent": ["sp-clause-activity-inc='1.0992578092262795'", "sp-clause-decay='1.348114587783072'", "sp-clause-del-heur=''1''", "sp-first-restart='55'", "sp-learned-clause-sort-heur=''13''", "sp-learned-clauses-inc='1.3238834448348038'", "sp-learned-size-factor='0.5389921568823071'", "sp-orig-clause-sort-heur=''5''", "sp-phase-dec-heur=''6''", "sp-rand-var-dec-freq=''0.001''", "sp-resolution=''2''", "sp-restart-inc='1.621635967136784'", "sp-update-dec-queue=''1''", "sp-use-pure-literal-rule=''1''", "sp-var-activity-inc='1.3926940425422725'", "sp-var-dec-heur=''6''", "sp-variable-decay='1.0243229772879718'", "sp-max-res-lit-inc='0.3608839590683704'", "sp-max-res-runs='3'", "sp-rand-phase-dec-freq=''0.0001''", "sp-rand-var-dec-scaling='0.6813571768379308'", "sp-res-cutoff-cls='3'", "sp-res-cutoff-lits='222'", "sp-res-order-heur=''10''", "sp-rand-phase-scaling='0.5004870807932497'"], "evaluations": 10905, "cost": 0.008098989298454219, "cpu_time": 15138.684000000017, "wallclock_time": 11527.676025390625}
{"total_cpu_time": null, "incumbent": ["sp-clause-activity-inc='1.0'", "sp-clause-decay='1.4'", "sp-clause-del-heur=''2''", "sp-first-restart='100'", "sp-learned-clause-sort-heur=''0''", "sp-learned-clauses-inc='1.3'", "sp-learned-size-factor='0.4'", "sp-orig-clause-sort-heur=''0''", "sp-phase-dec-heur=''5''", "sp-rand-var-dec-freq=''0.001''", "sp-resolution=''1''", "sp-restart-inc='1.5'", "sp-update-dec-queue=''1''", "sp-use-pure-literal-rule=''1''", "sp-var-activity-inc='1.0'", "sp-var-dec-heur=''0''", "sp-variable-decay='1.4'", "sp-max-res-lit-inc='1.0'", "sp-max-res-runs='4'", "sp-rand-phase-dec-freq=''0.001''", "sp-rand-var-dec-scaling='1.0'", "sp-res-cutoff-cls='8'", "sp-res-cutoff-lits='400'", "sp-res-order-heur=''0''", "sp-rand-phase-scaling='1.0'"], "evaluations": 12250, "cost": 0.007550988553590008, "cpu_time": 16965.59600000005, "wallclock_time": 12874.21393275261}
{"total_cpu_time": null, "incumbent": ["sp-clause-activity-inc='1.0765046912205503'", "sp-clause-decay='1.5387682489581571'", "sp-clause-del-heur=''0''", "sp-first-restart='548'", "sp-learned-clause-sort-heur=''6''", "sp-learned-clauses-inc='1.4787801827929359'", "sp-learned-size-factor='1.45360341053086'", "sp-orig-clause-sort-heur=''3''", "sp-phase-dec-heur=''6''", "sp-rand-var-dec-freq=''0.05''", "sp-resolution=''0''", "sp-restart-inc='1.444105734329281'", "sp-update-dec-queue=''1''", "sp-use-pure-literal-rule=''1''", "sp-var-activity-inc='1.0513502695535013'", "sp-var-dec-heur=''16''", "sp-variable-decay='1.6466642813770098'", "sp-rand-phase-dec-freq=''0.01''", "sp-rand-var-dec-scaling='0.8665056066500063'", "sp-rand-phase-scaling='0.9691165082691213'"], "evaluations": 13985, "cost": 0.006845500459136819, "cpu_time": 19962.83600000015, "wallclock_time": 15079.94835472107}
{"total_cpu_time": null, "incumbent": ["sp-clause-activity-inc='1.0765046912205503'", "sp-clause-decay='1.5387682489581571'", "sp-clause-del-heur=''0''", "sp-first-restart='548'", "sp-learned-clause-sort-heur=''6''", "sp-learned-clauses-inc='1.4787801827929359'", "sp-learned-size-factor='1.45360341053086'", "sp-orig-clause-sort-heur=''3''", "sp-phase-dec-heur=''6''", "sp-rand-var-dec-freq=''0''", "sp-resolution=''0''", "sp-restart-inc='1.444105734329281'", "sp-update-dec-queue=''1''", "sp-use-pure-literal-rule=''1''", "sp-var-activity-inc='1.0513502695535013'", "sp-var-dec-heur=''16''", "sp-variable-decay='1.6466642813770098'", "sp-rand-phase-dec-freq=''0.01''", "sp-rand-phase-scaling='1.0438993411914195'"], "evaluations": 15123, "cost": 0.006518621130587669, "cpu_time": 21463.162000000233, "wallclock_time": 16196.41423869133}
{"total_cpu_time": null, "incumbent": ["sp-clause-activity-inc='1.0'", "sp-clause-decay='1.4'", "sp-clause-del-heur=''2''", "sp-first-restart='100'", "sp-learned-clause-sort-heur=''0''", "sp-learned-clauses-inc='1.3'", "sp-learned-size-factor='0.4'", "sp-orig-clause-sort-heur=''0''", "sp-phase-dec-heur=''5''", "sp-rand-var-dec-freq=''0.001''", "sp-resolution=''1''", "sp-restart-inc='1.5'", "sp-update-dec-queue=''1''", "sp-use-pure-literal-rule=''1''", "sp-var-activity-inc='1.0'", "sp-var-dec-heur=''0''", "sp-variable-decay='1.4'", "sp-max-res-lit-inc='1.0'", "sp-max-res-runs='4'", "sp-rand-phase-dec-freq=''0.001''", "sp-rand-var-dec-scaling='1.0'", "sp-res-cutoff-cls='8'", "sp-res-cutoff-lits='400'", "sp-res-order-heur=''0''", "sp-rand-phase-scaling='1.0'"], "evaluations": 16702, "cost": 0.006767554012345679, "cpu_time": 23184.36600000039, "wallclock_time": 17497.133181333542}
{"total_cpu_time": null, "incumbent": ["sp-clause-activity-inc='1.0765046912205503'", "sp-clause-decay='1.5387682489581571'", "sp-clause-del-heur=''0''", "sp-first-restart='548'", "sp-learned-clause-sort-heur=''6''", "sp-learned-clauses-inc='1.4787801827929359'", "sp-learned-size-factor='1.45360341053086'", "sp-orig-clause-sort-heur=''3''", "sp-phase-dec-heur=''6''", "sp-rand-var-dec-freq=''0.05''", "sp-resolution=''0''", "sp-restart-inc='1.444105734329281'", "sp-update-dec-queue=''1''", "sp-use-pure-literal-rule=''1''", "sp-var-activity-inc='1.0513502695535013'", "sp-var-dec-heur=''16''", "sp-variable-decay='1.6466642813770098'", "sp-rand-phase-dec-freq=''0.01''", "sp-rand-var-dec-scaling='0.8665056066500063'", "sp-rand-phase-scaling='0.9691165082691213'"], "evaluations": 16973, "cost": 0.006757137345679009, "cpu_time": 23474.65800000041, "wallclock_time": 17715.342509031296}
{"total_cpu_time": null, "incumbent": ["sp-clause-activity-inc='1.0'", "sp-clause-decay='1.4'", "sp-clause-del-heur=''2''", "sp-first-restart='100'", "sp-learned-clause-sort-heur=''0''", "sp-learned-clauses-inc='1.3'", "sp-learned-size-factor='0.4'", "sp-orig-clause-sort-heur=''0''", "sp-phase-dec-heur=''5''", "sp-rand-var-dec-freq=''0.001''", "sp-resolution=''1''", "sp-restart-inc='1.5'", "sp-update-dec-queue=''1''", "sp-use-pure-literal-rule=''1''", "sp-var-activity-inc='1.0'", "sp-var-dec-heur=''0''", "sp-variable-decay='1.4'", "sp-max-res-lit-inc='1.0'", "sp-max-res-runs='4'", "sp-rand-phase-dec-freq=''0.001''", "sp-rand-var-dec-scaling='1.0'", "sp-res-cutoff-cls='8'", "sp-res-cutoff-lits='400'", "sp-res-order-heur=''0''", "sp-rand-phase-scaling='1.0'"], "evaluations": 17256, "cost": 0.006636892475136047, "cpu_time": 23744.22200000043, "wallclock_time": 17921.474724769592}
