"CPU Time Used","Estimated Training Performance","Wallclock Time","Incumbent ID","Automatic Configurator (CPU) Time","Configuration..."
0.000000, 2147483648.000000, 0.000870, 1, 0.000870, sp-clause-activity-inc='1.0', sp-clause-decay='1.4', sp-clause-del-heur=''2'', sp-first-restart='100', sp-learned-clause-sort-heur=''0'', sp-learned-clauses-inc='1.3', sp-learned-size-factor='0.4', sp-orig-clause-sort-heur=''0'', sp-phase-dec-heur=''5'', sp-rand-var-dec-freq=''0.001'', sp-resolution=''1'', sp-restart-inc='1.5', sp-update-dec-queue=''1'', sp-use-pure-literal-rule=''1'', sp-var-activity-inc='1.0', sp-var-dec-heur=''0'', sp-variable-decay='1.4', sp-max-res-lit-inc='1.0', sp-max-res-runs='4', sp-rand-phase-dec-freq=''0.001'', sp-rand-var-dec-scaling='1.0', sp-res-cutoff-cls='8', sp-res-cutoff-lits='400', sp-res-order-heur=''0'', sp-rand-phase-scaling='1.0'
0.012000, 0.012000, 0.154688, 1, 0.142688, sp-clause-activity-inc='1.0', sp-clause-decay='1.4', sp-clause-del-heur=''2'', sp-first-restart='100', sp-learned-clause-sort-heur=''0'', sp-learned-clauses-inc='1.3', sp-learned-size-factor='0.4', sp-orig-clause-sort-heur=''0'', sp-phase-dec-heur=''5'', sp-rand-var-dec-freq=''0.001'', sp-resolution=''1'', sp-restart-inc='1.5', sp-update-dec-queue=''1'', sp-use-pure-literal-rule=''1'', sp-var-activity-inc='1.0', sp-var-dec-heur=''0'', sp-variable-decay='1.4', sp-max-res-lit-inc='1.0', sp-max-res-runs='4', sp-rand-phase-dec-freq=''0.001'', sp-rand-var-dec-scaling='1.0', sp-res-cutoff-cls='8', sp-res-cutoff-lits='400', sp-res-order-heur=''0'', sp-rand-phase-scaling='1.0'
383.396000, 0.073218, 313.535710, 5, -69.860290, sp-clause-activity-inc='0.6938518980582867', sp-clause-decay='1.1454422572032261', sp-clause-del-heur=''2'', sp-first-restart='26', sp-learned-clause-sort-heur=''1'', sp-learned-clauses-inc='1.1690388526597364', sp-learned-size-factor='0.27454848698472717', sp-orig-clause-sort-heur=''0'', sp-phase-dec-heur=''5'', sp-rand-var-dec-freq=''0'', sp-resolution=''1'', sp-restart-inc='1.1436777270052905', sp-update-dec-queue=''0'', sp-use-pure-literal-rule=''0'', sp-var-activity-inc='1.4330539785269365', sp-var-dec-heur=''0'', sp-variable-decay='1.630601486660358', sp-max-res-lit-inc='0.5307910704015997', sp-max-res-runs='4', sp-rand-phase-dec-freq=''0.05'', sp-res-cutoff-cls='2', sp-res-cutoff-lits='1036', sp-res-order-heur=''12'', sp-rand-phase-scaling='0.36098851342474714'
525.704000, 0.047335, 424.613740, 6, -101.090260, sp-clause-activity-inc='0.8657145146603616', sp-clause-decay='1.37971582101723', sp-clause-del-heur=''2'', sp-first-restart='346', sp-learned-clause-sort-heur=''11'', sp-learned-clauses-inc='1.1644560071047967', sp-learned-size-factor='0.8168793899771587', sp-orig-clause-sort-heur=''4'', sp-phase-dec-heur=''3'', sp-rand-var-dec-freq=''0.0001'', sp-resolution=''2'', sp-restart-inc='1.2946555965044448', sp-update-dec-queue=''0'', sp-use-pure-literal-rule=''0'', sp-var-activity-inc='1.2145494949223203', sp-var-dec-heur=''16'', sp-variable-decay='1.9170494421813815', sp-max-res-lit-inc='1.3675813708221003', sp-max-res-runs='1', sp-rand-phase-dec-freq=''0.05'', sp-rand-var-dec-scaling='0.30776162056195744', sp-res-cutoff-cls='2', sp-res-cutoff-lits='392', sp-res-order-heur=''4'', sp-rand-phase-scaling='0.3536306796711596'
692.524000, 0.035206, 564.505640, 15, -128.018360, sp-clause-activity-inc='0.5547633168865836', sp-clause-decay='1.2415538521016052', sp-clause-del-heur=''0'', sp-first-restart='35', sp-learned-clause-sort-heur=''5'', sp-learned-clauses-inc='1.4486407705569595', sp-learned-size-factor='1.4767697525717787', sp-orig-clause-sort-heur=''15'', sp-phase-dec-heur=''1'', sp-rand-var-dec-freq=''0.005'', sp-resolution=''2'', sp-restart-inc='1.5844562342184885', sp-update-dec-queue=''1'', sp-use-pure-literal-rule=''0'', sp-var-activity-inc='1.4731238315320576', sp-var-dec-heur=''4'', sp-variable-decay='1.6446111051271495', sp-max-res-lit-inc='1.2683629183320897', sp-max-res-runs='1', sp-rand-phase-dec-freq=''0.01'', sp-rand-var-dec-scaling='1.0466105008085798', sp-res-cutoff-cls='4', sp-res-cutoff-lits='101', sp-res-order-heur=''8'', sp-rand-phase-scaling='1.0600102516386454'
774.028000, 0.028314, 631.133309, 18, -142.894691, sp-clause-activity-inc='1.4129196637449333', sp-clause-decay='1.2695267761688622', sp-clause-del-heur=''0'', sp-first-restart='112', sp-learned-clause-sort-heur=''0'', sp-learned-clauses-inc='1.1160739007660392', sp-learned-size-factor='0.491809250643478', sp-orig-clause-sort-heur=''1'', sp-phase-dec-heur=''6'', sp-rand-var-dec-freq=''0.001'', sp-resolution=''0'', sp-restart-inc='1.5825023031119454', sp-update-dec-queue=''0'', sp-use-pure-literal-rule=''1'', sp-var-activity-inc='1.4235640819876751', sp-var-dec-heur=''16'', sp-variable-decay='1.4840483861928115', sp-rand-phase-dec-freq=''0.05'', sp-rand-var-dec-scaling='1.047067998363837', sp-rand-phase-scaling='0.6751120464471245'
1411.900000, 0.027192, 1128.581321, 35, -283.318679, sp-clause-activity-inc='0.894371918655371', sp-clause-decay='1.689342803723448', sp-clause-del-heur=''1'', sp-first-restart='546', sp-learned-clause-sort-heur=''4'', sp-learned-clauses-inc='1.1761771572146862', sp-learned-size-factor='1.4023485829273623', sp-orig-clause-sort-heur=''4'', sp-phase-dec-heur=''4'', sp-rand-var-dec-freq=''0.005'', sp-resolution=''1'', sp-restart-inc='1.6637564514087493', sp-update-dec-queue=''1'', sp-use-pure-literal-rule=''1'', sp-var-activity-inc='1.283003282364422', sp-var-dec-heur=''7'', sp-variable-decay='1.3079148890425356', sp-max-res-lit-inc='3.9104373950205575', sp-max-res-runs='1', sp-rand-phase-dec-freq=''0.005'', sp-rand-var-dec-scaling='0.31009449084853574', sp-res-cutoff-cls='8', sp-res-cutoff-lits='977', sp-res-order-heur=''11'', sp-rand-phase-scaling='0.3136331456733104'
1865.932000, 0.026517, 1501.343863, 32, -364.588137, sp-clause-activity-inc='1.2486373600770357', sp-clause-decay='1.474817561858063', sp-clause-del-heur=''2'', sp-first-restart='101', sp-learned-clause-sort-heur=''5'', sp-learned-clauses-inc='1.298187405719976', sp-learned-size-factor='0.328572030874264', sp-orig-clause-sort-heur=''9'', sp-phase-dec-heur=''0'', sp-rand-var-dec-freq=''0.01'', sp-resolution=''2'', sp-restart-inc='1.3702057954396925', sp-update-dec-queue=''0'', sp-use-pure-literal-rule=''0'', sp-var-activity-inc='1.292925301393559', sp-var-dec-heur=''16'', sp-variable-decay='1.616905750144569', sp-max-res-lit-inc='0.9317994099664685', sp-max-res-runs='7', sp-rand-phase-dec-freq=''0.01'', sp-rand-var-dec-scaling='0.6680645063967715', sp-res-cutoff-cls='11', sp-res-cutoff-lits='416', sp-res-order-heur=''15'', sp-rand-phase-scaling='0.37266246402569536'
1945.028000, 0.023688, 1564.093375, 1, -380.934625, sp-clause-activity-inc='1.0', sp-clause-decay='1.4', sp-clause-del-heur=''2'', sp-first-restart='100', sp-learned-clause-sort-heur=''0'', sp-learned-clauses-inc='1.3', sp-learned-size-factor='0.4', sp-orig-clause-sort-heur=''0'', sp-phase-dec-heur=''5'', sp-rand-var-dec-freq=''0.001'', sp-resolution=''1'', sp-restart-inc='1.5', sp-update-dec-queue=''1'', sp-use-pure-literal-rule=''1'', sp-var-activity-inc='1.0', sp-var-dec-heur=''0'', sp-variable-decay='1.4', sp-max-res-lit-inc='1.0', sp-max-res-runs='4', sp-rand-phase-dec-freq=''0.001'', sp-rand-var-dec-scaling='1.0', sp-res-cutoff-cls='8', sp-res-cutoff-lits='400', sp-res-order-heur=''0'', sp-rand-phase-scaling='1.0'
2024.448000, 0.022958, 1626.176653, 18, -398.271347, sp-clause-activity-inc='1.4129196637449333', sp-clause-decay='1.2695267761688622', sp-clause-del-heur=''0'', sp-first-restart='112', sp-learned-clause-sort-heur=''0'', sp-learned-clauses-inc='1.1160739007660392', sp-learned-size-factor='0.491809250643478', sp-orig-clause-sort-heur=''1'', sp-phase-dec-heur=''6'', sp-rand-var-dec-freq=''0.001'', sp-resolution=''0'', sp-restart-inc='1.5825023031119454', sp-update-dec-queue=''0'', sp-use-pure-literal-rule=''1'', sp-var-activity-inc='1.4235640819876751', sp-var-dec-heur=''16'', sp-variable-decay='1.4840483861928115', sp-rand-phase-dec-freq=''0.05'', sp-rand-var-dec-scaling='1.047067998363837', sp-rand-phase-scaling='0.6751120464471245'
2539.140000, 0.020160, 2030.206827, 1, -508.933173, sp-clause-activity-inc='1.0', sp-clause-decay='1.4', sp-clause-del-heur=''2'', sp-first-restart='100', sp-learned-clause-sort-heur=''0'', sp-learned-clauses-inc='1.3', sp-learned-size-factor='0.4', sp-orig-clause-sort-heur=''0'', sp-phase-dec-heur=''5'', sp-rand-var-dec-freq=''0.001'', sp-resolution=''1'', sp-restart-inc='1.5', sp-update-dec-queue=''1'', sp-use-pure-literal-rule=''1'', sp-var-activity-inc='1.0', sp-var-dec-heur=''0'', sp-variable-decay='1.4', sp-max-res-lit-inc='1.0', sp-max-res-runs='4', sp-rand-phase-dec-freq=''0.001'', sp-rand-var-dec-scaling='1.0', sp-res-cutoff-cls='8', sp-res-cutoff-lits='400', sp-res-order-heur=''0'', sp-rand-phase-scaling='1.0'
2628.036000, 0.019583, 2098.487103, 22, -529.548897, sp-clause-activity-inc='1.0523670985400222', sp-clause-decay='1.9860465044268378', sp-clause-del-heur=''2'', sp-first-restart='166', sp-learned-clause-sort-heur=''11'', sp-learned-clauses-inc='1.2999433881776097', sp-learned-size-factor='0.8860481883602817', sp-orig-clause-sort-heur=''8'', sp-phase-dec-heur=''0'', sp-rand-var-dec-freq=''0.001'', sp-resolution=''1'', sp-restart-inc='1.6927415038313818', sp-update-dec-queue=''1'', sp-use-pure-literal-rule=''0'', sp-var-activity-inc='1.2344235412739455', sp-var-dec-heur=''7'', sp-variable-decay='1.0917451411401782', sp-max-res-lit-inc='0.4732331577248188', sp-max-res-runs='8', sp-rand-phase-dec-freq=''0.005'', sp-rand-var-dec-scaling='0.9350707899120534', sp-res-cutoff-cls='7', sp-res-cutoff-lits='194', sp-res-order-heur=''0'', sp-rand-phase-scaling='0.34258725532864187'
2724.584000, 0.019282, 2169.483034, 1, -555.100966, sp-clause-activity-inc='1.0', sp-clause-decay='1.4', sp-clause-del-heur=''2'', sp-first-restart='100', sp-learned-clause-sort-heur=''0'', sp-learned-clauses-inc='1.3', sp-learned-size-factor='0.4', sp-orig-clause-sort-heur=''0'', sp-phase-dec-heur=''5'', sp-rand-var-dec-freq=''0.001'', sp-resolution=''1'', sp-restart-inc='1.5', sp-update-dec-queue=''1'', sp-use-pure-literal-rule=''1'', sp-var-activity-inc='1.0', sp-var-dec-heur=''0'', sp-variable-decay='1.4', sp-max-res-lit-inc='1.0', sp-max-res-runs='4', sp-rand-phase-dec-freq=''0.001'', sp-rand-var-dec-scaling='1.0', sp-res-cutoff-cls='8', sp-res-cutoff-lits='400', sp-res-order-heur=''0'', sp-rand-phase-scaling='1.0'
2814.576000, 0.018488, 2239.462052, 22, -575.113948, sp-clause-activity-inc='1.0523670985400222', sp-clause-decay='1.9860465044268378', sp-clause-del-heur=''2'', sp-first-restart='166', sp-learned-clause-sort-heur=''11'', sp-learned-clauses-inc='1.2999433881776097', sp-learned-size-factor='0.8860481883602817', sp-orig-clause-sort-heur=''8'', sp-phase-dec-heur=''0'', sp-rand-var-dec-freq=''0.001'', sp-resolution=''1'', sp-restart-inc='1.6927415038313818', sp-update-dec-queue=''1'', sp-use-pure-literal-rule=''0'', sp-var-activity-inc='1.2344235412739455', sp-var-dec-heur=''7'', sp-variable-decay='1.0917451411401782', sp-max-res-lit-inc='0.4732331577248188', sp-max-res-runs='8', sp-rand-phase-dec-freq=''0.005'', sp-rand-var-dec-scaling='0.9350707899120534', sp-res-cutoff-cls='7', sp-res-cutoff-lits='194', sp-res-order-heur=''0'', sp-rand-phase-scaling='0.34258725532864187'
2908.560000, 0.017873, 2311.281541, 1, -597.278459, sp-clause-activity-inc='1.0', sp-clause-decay='1.4', sp-clause-del-heur=''2'', sp-first-restart='100', sp-learned-clause-sort-heur=''0'', sp-learned-clauses-inc='1.3', sp-learned-size-factor='0.4', sp-orig-clause-sort-heur=''0'', sp-phase-dec-heur=''5'', sp-rand-var-dec-freq=''0.001'', sp-resolution=''1'', sp-restart-inc='1.5', sp-update-dec-queue=''1'', sp-use-pure-literal-rule=''1'', sp-var-activity-inc='1.0', sp-var-dec-heur=''0'', sp-variable-decay='1.4', sp-max-res-lit-inc='1.0', sp-max-res-runs='4', sp-rand-phase-dec-freq=''0.001'', sp-rand-var-dec-scaling='1.0', sp-res-cutoff-cls='8', sp-res-cutoff-lits='400', sp-res-order-heur=''0'', sp-rand-phase-scaling='1.0'
2993.912000, 0.016263, 2381.719333, 18, -612.192667, sp-clause-activity-inc='1.4129196637449333', sp-clause-decay='1.2695267761688622', sp-clause-del-heur=''0'', sp-first-restart='112', sp-learned-clause-sort-heur=''0'', sp-learned-clauses-inc='1.1160739007660392', sp-learned-size-factor='0.491809250643478', sp-orig-clause-sort-heur=''1'', sp-phase-dec-heur=''6'', sp-rand-var-dec-freq=''0.001'', sp-resolution=''0'', sp-restart-inc='1.5825023031119454', sp-update-dec-queue=''0'', sp-use-pure-literal-rule=''1'', sp-var-activity-inc='1.4235640819876751', sp-var-dec-heur=''16'', sp-variable-decay='1.4840483861928115', sp-rand-phase-dec-freq=''0.05'', sp-rand-var-dec-scaling='1.047067998363837', sp-rand-phase-scaling='0.6751120464471245'
3722.908000, 0.015962, 2932.220968, 50, -790.687032, sp-clause-activity-inc='1.0765046912205503', sp-clause-decay='1.5387682489581571', sp-clause-del-heur=''0'', sp-first-restart='548', sp-learned-clause-sort-heur=''6'', sp-learned-clauses-inc='1.4787801827929359', sp-learned-size-factor='1.45360341053086', sp-orig-clause-sort-heur=''3'', sp-phase-dec-heur=''6'', sp-rand-var-dec-freq=''0.05'', sp-resolution=''0'', sp-restart-inc='1.444105734329281', sp-update-dec-queue=''1'', sp-use-pure-literal-rule=''1'', sp-var-activity-inc='1.0513502695535013', sp-var-dec-heur=''16'', sp-variable-decay='1.6466642813770098', sp-rand-phase-dec-freq=''0.01'', sp-rand-var-dec-scaling='0.8665056066500063', sp-rand-phase-scaling='0.9691165082691213'
4370.708000, 0.015798, 3429.031285, 42, -941.676715, sp-clause-activity-inc='1.4593819732216307', sp-clause-decay='1.2310349977414847', sp-clause-del-heur=''1'', sp-first-restart='608', sp-learned-clause-sort-heur=''11'', sp-learned-clauses-inc='1.2720971407829467', sp-learned-size-factor='0.3315205218205537', sp-orig-clause-sort-heur=''19'', sp-phase-dec-heur=''5'', sp-rand-var-dec-freq=''0.005'', sp-resolution=''2'', sp-restart-inc='1.6567989325766037', sp-update-dec-queue=''1'', sp-use-pure-literal-rule=''1'', sp-var-activity-inc='1.3993313026310328', sp-var-dec-heur=''4'', sp-variable-decay='1.058886294205597', sp-max-res-lit-inc='3.345202710269238', sp-max-res-runs='14', sp-rand-phase-dec-freq=''0.001'', sp-rand-var-dec-scaling='0.6036212042812985', sp-res-cutoff-cls='2', sp-res-cutoff-lits='361', sp-res-order-heur=''17'', sp-rand-phase-scaling='0.3036506794177863'
4759.532000, 0.013660, 3734.575138, 52, -1024.956862, sp-clause-activity-inc='1.0765046912205503', sp-clause-decay='1.5387682489581571', sp-clause-del-heur=''0'', sp-first-restart='548', sp-learned-clause-sort-heur=''6'', sp-learned-clauses-inc='1.4787801827929359', sp-learned-size-factor='1.45360341053086', sp-orig-clause-sort-heur=''3'', sp-phase-dec-heur=''6'', sp-rand-var-dec-freq=''0'', sp-resolution=''0'', sp-restart-inc='1.444105734329281', sp-update-dec-queue=''1'', sp-use-pure-literal-rule=''1'', sp-var-activity-inc='1.0513502695535013', sp-var-dec-heur=''16'', sp-variable-decay='1.6466642813770098', sp-rand-phase-dec-freq=''0.01'', sp-rand-phase-scaling='1.0438993411914195'
4878.196000, 0.013263, 3830.383520, 50, -1047.812480, sp-clause-activity-inc='1.0765046912205503', sp-clause-decay='1.5387682489581571', sp-clause-del-heur=''0'', sp-first-restart='548', sp-learned-clause-sort-heur=''6'', sp-learned-clauses-inc='1.4787801827929359', sp-learned-size-factor='1.45360341053086', sp-orig-clause-sort-heur=''3'', sp-phase-dec-heur=''6'', sp-rand-var-dec-freq=''0.05'', sp-resolution=''0'', sp-restart-inc='1.444105734329281', sp-update-dec-queue=''1'', sp-use-pure-literal-rule=''1'', sp-var-activity-inc='1.0513502695535013', sp-var-dec-heur=''16'', sp-variable-decay='1.6466642813770098', sp-rand-phase-dec-freq=''0.01'', sp-rand-var-dec-scaling='0.8665056066500063', sp-rand-phase-scaling='0.9691165082691213'
7016.720000, 0.012006, 5460.516216, 65, -1556.203784, sp-clause-activity-inc='1.0402955762538175', sp-clause-decay='1.1534336403341934', sp-clause-del-heur=''2'', sp-first-restart='1451', sp-learned-clause-sort-heur=''18'', sp-learned-clauses-inc='1.4591959897926094', sp-learned-size-factor='0.35862089154097226', sp-orig-clause-sort-heur=''4'', sp-phase-dec-heur=''6'', sp-rand-var-dec-freq=''0'', sp-resolution=''1'', sp-restart-inc='1.2348362732212712', sp-update-dec-queue=''1'', sp-use-pure-literal-rule=''0'', sp-var-activity-inc='0.8846944443025515', sp-var-dec-heur=''0'', sp-variable-decay='1.1623178938490681', sp-max-res-lit-inc='0.9313813903684706', sp-max-res-runs='16', sp-rand-phase-dec-freq=''0.01'', sp-res-cutoff-cls='2', sp-res-cutoff-lits='253', sp-res-order-heur=''17'', sp-rand-phase-scaling='0.36399527986433167'
7752.688000, 0.010477, 6011.885853, 12, -1740.802147, sp-clause-activity-inc='1.0502228488278589', sp-clause-decay='1.0798543570141677', sp-clause-del-heur=''1'', sp-first-restart='147', sp-learned-clause-sort-heur=''9'', sp-learned-clauses-inc='1.177020982637074', sp-learned-size-factor='1.5236968491983407', sp-orig-clause-sort-heur=''6'', sp-phase-dec-heur=''6'', sp-rand-var-dec-freq=''0'', sp-resolution=''1'', sp-restart-inc='1.733170761392377', sp-update-dec-queue=''1'', sp-use-pure-literal-rule=''1'', sp-var-activity-inc='1.067532838629384', sp-var-dec-heur=''6'', sp-variable-decay='1.1802185870858954', sp-max-res-lit-inc='0.42780268951589573', sp-max-res-runs='10', sp-rand-phase-dec-freq=''0.01'', sp-res-cutoff-cls='3', sp-res-cutoff-lits='580', sp-res-order-heur=''0'', sp-rand-phase-scaling='1.0959926299838458'
9371.372000, 0.009639, 7236.599974, 83, -2134.772026, sp-clause-activity-inc='1.4171017975396163', sp-clause-decay='1.3485323862865468', sp-clause-del-heur=''2'', sp-first-restart='688', sp-learned-clause-sort-heur=''2'', sp-learned-clauses-inc='1.28837753370045', sp-learned-size-factor='0.45924229829847074', sp-orig-clause-sort-heur=''0'', sp-phase-dec-heur=''1'', sp-rand-var-dec-freq=''0.01'', sp-resolution=''1'', sp-restart-inc='1.7952300689484717', sp-update-dec-queue=''1'', sp-use-pure-literal-rule=''0'', sp-var-activity-inc='0.6302512490300088', sp-var-dec-heur=''5'', sp-variable-decay='1.8763235389755473', sp-max-res-lit-inc='0.6479887832951857', sp-max-res-runs='4', sp-rand-phase-dec-freq=''0.05'', sp-rand-var-dec-scaling='0.6747893531132105', sp-res-cutoff-cls='2', sp-res-cutoff-lits='110', sp-res-order-heur=''10'', sp-rand-phase-scaling='0.3898683419965535'
10405.124000, 0.009569, 8008.273585, 73, -2396.850415, sp-clause-activity-inc='1.0992578092262795', sp-clause-decay='1.348114587783072', sp-clause-del-heur=''1'', sp-first-restart='55', sp-learned-clause-sort-heur=''13'', sp-learned-clauses-inc='1.3238834448348038', sp-learned-size-factor='0.5389921568823071', sp-orig-clause-sort-heur=''5'', sp-phase-dec-heur=''6'', sp-rand-var-dec-freq=''0.001'', sp-resolution=''2'', sp-restart-inc='1.621635967136784', sp-update-dec-queue=''1'', sp-use-pure-literal-rule=''1'', sp-var-activity-inc='1.3926940425422725', sp-var-dec-heur=''6'', sp-variable-decay='1.0243229772879718', sp-max-res-lit-inc='0.3608839590683704', sp-max-res-runs='3', sp-rand-phase-dec-freq=''0.0001'', sp-rand-var-dec-scaling='0.6813571768379308', sp-res-cutoff-cls='3', sp-res-cutoff-lits='222', sp-res-order-heur=''10'', sp-rand-phase-scaling='0.5004870807932497'
14407.292000, 0.008284, 10986.688392, 52, -3420.603608, sp-clause-activity-inc='1.0765046912205503', sp-clause-decay='1.5387682489581571', sp-clause-del-heur=''0'', sp-first-restart='548', sp-learned-clause-sort-heur=''6'', sp-learned-clauses-inc='1.4787801827929359', sp-learned-size-factor='1.45360341053086', sp-orig-clause-sort-heur=''3'', sp-phase-dec-heur=''6'', sp-rand-var-dec-freq=''0'', sp-resolution=''0'', sp-restart-inc='1.444105734329281', sp-update-dec-queue=''1'', sp-use-pure-literal-rule=''1'', sp-var-activity-inc='1.0513502695535013', sp-var-dec-heur=''16'', sp-variable-decay='1.6466642813770098', sp-rand-phase-dec-freq=''0.01'', sp-rand-phase-scaling='1.0438993411914195'
15138.684000, 0.008099, 11527.676025, 73, -3611.007975, sp-clause-activity-inc='1.0992578092262795', sp-clause-decay='1.348114587783072', sp-clause-del-heur=''1'', sp-first-restart='55', sp-learned-clause-sort-heur=''13'', sp-learned-clauses-inc='1.3238834448348038', sp-learned-size-factor='0.5389921568823071', sp-orig-clause-sort-heur=''5'', sp-phase-dec-heur=''6'', sp-rand-var-dec-freq=''0.001'', sp-resolution=''2'', sp-restart-inc='1.621635967136784', sp-update-dec-queue=''1'', sp-use-pure-literal-rule=''1'', sp-var-activity-inc='1.3926940425422725', sp-var-dec-heur=''6'', sp-variable-decay='1.0243229772879718', sp-max-res-lit-inc='0.3608839590683704', sp-max-res-runs='3', sp-rand-phase-dec-freq=''0.0001'', sp-rand-var-dec-scaling='0.6813571768379308', sp-res-cutoff-cls='3', sp-res-cutoff-lits='222', sp-res-order-heur=''10'', sp-rand-phase-scaling='0.5004870807932497'
16965.596000, 0.007551, 12874.213933, 1, -4091.382067, sp-clause-activity-inc='1.0', sp-clause-decay='1.4', sp-clause-del-heur=''2'', sp-first-restart='100', sp-learned-clause-sort-heur=''0'', sp-learned-clauses-inc='1.3', sp-learned-size-factor='0.4', sp-orig-clause-sort-heur=''0'', sp-phase-dec-heur=''5'', sp-rand-var-dec-freq=''0.001'', sp-resolution=''1'', sp-restart-inc='1.5', sp-update-dec-queue=''1'', sp-use-pure-literal-rule=''1'', sp-var-activity-inc='1.0', sp-var-dec-heur=''0'', sp-variable-decay='1.4', sp-max-res-lit-inc='1.0', sp-max-res-runs='4', sp-rand-phase-dec-freq=''0.001'', sp-rand-var-dec-scaling='1.0', sp-res-cutoff-cls='8', sp-res-cutoff-lits='400', sp-res-order-heur=''0'', sp-rand-phase-scaling='1.0'
19962.836000, 0.006846, 15079.948355, 50, -4882.887645, sp-clause-activity-inc='1.0765046912205503', sp-clause-decay='1.5387682489581571', sp-clause-del-heur=''0'', sp-first-restart='548', sp-learned-clause-sort-heur=''6'', sp-learned-clauses-inc='1.4787801827929359', sp-learned-size-factor='1.45360341053086', sp-orig-clause-sort-heur=''3'', sp-phase-dec-heur=''6'', sp-rand-var-dec-freq=''0.05'', sp-resolution=''0'', sp-restart-inc='1.444105734329281', sp-update-dec-queue=''1'', sp-use-pure-literal-rule=''1'', sp-var-activity-inc='1.0513502695535013', sp-var-dec-heur=''16'', sp-variable-decay='1.6466642813770098', sp-rand-phase-dec-freq=''0.01'', sp-rand-var-dec-scaling='0.8665056066500063', sp-rand-phase-scaling='0.9691165082691213'
21463.162000, 0.006519, 16196.414239, 52, -5266.747761, sp-clause-activity-inc='1.0765046912205503', sp-clause-decay='1.5387682489581571', sp-clause-del-heur=''0'', sp-first-restart='548', sp-learned-clause-sort-heur=''6'', sp-learned-clauses-inc='1.4787801827929359', sp-learned-size-factor='1.45360341053086', sp-orig-clause-sort-heur=''3'', sp-phase-dec-heur=''6'', sp-rand-var-dec-freq=''0'', sp-resolution=''0'', sp-restart-inc='1.444105734329281', sp-update-dec-queue=''1'', sp-use-pure-literal-rule=''1'', sp-var-activity-inc='1.0513502695535013', sp-var-dec-heur=''16'', sp-variable-decay='1.6466642813770098', sp-rand-phase-dec-freq=''0.01'', sp-rand-phase-scaling='1.0438993411914195'
23184.366000, 0.006768, 17497.133181, 1, -5687.232819, sp-clause-activity-inc='1.0', sp-clause-decay='1.4', sp-clause-del-heur=''2'', sp-first-restart='100', sp-learned-clause-sort-heur=''0'', sp-learned-clauses-inc='1.3', sp-learned-size-factor='0.4', sp-orig-clause-sort-heur=''0'', sp-phase-dec-heur=''5'', sp-rand-var-dec-freq=''0.001'', sp-resolution=''1'', sp-restart-inc='1.5', sp-update-dec-queue=''1'', sp-use-pure-literal-rule=''1'', sp-var-activity-inc='1.0', sp-var-dec-heur=''0'', sp-variable-decay='1.4', sp-max-res-lit-inc='1.0', sp-max-res-runs='4', sp-rand-phase-dec-freq=''0.001'', sp-rand-var-dec-scaling='1.0', sp-res-cutoff-cls='8', sp-res-cutoff-lits='400', sp-res-order-heur=''0'', sp-rand-phase-scaling='1.0'
23474.658000, 0.006757, 17715.342509, 50, -5759.315491, sp-clause-activity-inc='1.0765046912205503', sp-clause-decay='1.5387682489581571', sp-clause-del-heur=''0'', sp-first-restart='548', sp-learned-clause-sort-heur=''6'', sp-learned-clauses-inc='1.4787801827929359', sp-learned-size-factor='1.45360341053086', sp-orig-clause-sort-heur=''3'', sp-phase-dec-heur=''6'', sp-rand-var-dec-freq=''0.05'', sp-resolution=''0'', sp-restart-inc='1.444105734329281', sp-update-dec-queue=''1'', sp-use-pure-literal-rule=''1'', sp-var-activity-inc='1.0513502695535013', sp-var-dec-heur=''16'', sp-variable-decay='1.6466642813770098', sp-rand-phase-dec-freq=''0.01'', sp-rand-var-dec-scaling='0.8665056066500063', sp-rand-phase-scaling='0.9691165082691213'
23744.222000, 0.006637, 17921.474725, 1, -5822.747275, sp-clause-activity-inc='1.0', sp-clause-decay='1.4', sp-clause-del-heur=''2'', sp-first-restart='100', sp-learned-clause-sort-heur=''0'', sp-learned-clauses-inc='1.3', sp-learned-size-factor='0.4', sp-orig-clause-sort-heur=''0'', sp-phase-dec-heur=''5'', sp-rand-var-dec-freq=''0.001'', sp-resolution=''1'', sp-restart-inc='1.5', sp-update-dec-queue=''1'', sp-use-pure-literal-rule=''1'', sp-var-activity-inc='1.0', sp-var-dec-heur=''0'', sp-variable-decay='1.4', sp-max-res-lit-inc='1.0', sp-max-res-runs='4', sp-rand-phase-dec-freq=''0.001'', sp-rand-var-dec-scaling='1.0', sp-res-cutoff-cls='8', sp-res-cutoff-lits='400', sp-res-order-heur=''0'', sp-rand-phase-scaling='1.0'
