"CPU Time Used","Estimated Training Performance","Wallclock Time","Incumbent ID","Automatic Configurator (CPU) Time","Configuration..."
0.000000, 2147483648.000000, 0.000982, 1, 0.000982, sp-clause-activity-inc='1.0', sp-clause-decay='1.4', sp-clause-del-heur=''2'', sp-first-restart='100', sp-learned-clause-sort-heur=''0'', sp-learned-clauses-inc='1.3', sp-learned-size-factor='0.4', sp-orig-clause-sort-heur=''0'', sp-phase-dec-heur=''5'', sp-rand-var-dec-freq=''0.001'', sp-resolution=''1'', sp-restart-inc='1.5', sp-update-dec-queue=''1'', sp-use-pure-literal-rule=''1'', sp-var-activity-inc='1.0', sp-var-dec-heur=''0'', sp-variable-decay='1.4', sp-max-res-lit-inc='1.0', sp-max-res-runs='4', sp-rand-phase-dec-freq=''0.001'', sp-rand-var-dec-scaling='1.0', sp-res-cutoff-cls='8', sp-res-cutoff-lits='400', sp-res-order-heur=''0'', sp-rand-phase-scaling='1.0'
0.056000, 0.056000, 0.214583, 1, 0.158583, sp-clause-activity-inc='1.0', sp-clause-decay='1.4', sp-clause-del-heur=''2'', sp-first-restart='100', sp-learned-clause-sort-heur=''0'', sp-learned-clauses-inc='1.3', sp-learned-size-factor='0.4', sp-orig-clause-sort-heur=''0'', sp-phase-dec-heur=''5'', sp-rand-var-dec-freq=''0.001'', sp-resolution=''1'', sp-restart-inc='1.5', sp-update-dec-queue=''1'', sp-use-pure-literal-rule=''1'', sp-var-activity-inc='1.0', sp-var-dec-heur=''0'', sp-variable-decay='1.4', sp-max-res-lit-inc='1.0', sp-max-res-runs='4', sp-rand-phase-dec-freq=''0.001'', sp-rand-var-dec-scaling='1.0', sp-res-cutoff-cls='8', sp-res-cutoff-lits='400', sp-res-order-heur=''0'', sp-rand-phase-scaling='1.0'
109.888000, 0.123240, 92.881547, 3, -17.006453, sp-clause-activity-inc='1.2836674120610674', sp-clause-decay='1.4814477971908304', sp-clause-del-heur=''2'', sp-first-restart='34', sp-learned-clause-sort-heur=''18'', sp-learned-clauses-inc='1.2369479733451643', sp-learned-size-factor='0.3954502994543311', sp-orig-clause-sort-heur=''19'', sp-phase-dec-heur=''5'', sp-rand-var-dec-freq=''0'', sp-resolution=''1'', sp-restart-inc='1.7527703357816975', sp-update-dec-queue=''1'', sp-use-pure-literal-rule=''0'', sp-var-activity-inc='0.779460104322812', sp-var-dec-heur=''5'', sp-variable-decay='1.5805935239082898', sp-max-res-lit-inc='3.1786806563301804', sp-max-res-runs='3', sp-rand-phase-dec-freq=''0.001'', sp-res-cutoff-cls='4', sp-res-cutoff-lits='257', sp-res-order-heur=''14'', sp-rand-phase-scaling='0.6170586071627253'
586.432000, 0.105600, 492.583634, 26, -93.848366, sp-clause-activity-inc='1.2256599605406304', sp-clause-decay='1.0305966667497293', sp-clause-del-heur=''0'', sp-first-restart='318', sp-learned-clause-sort-heur=''3'', sp-learned-clauses-inc='1.1206669877313746', sp-learned-size-factor='0.11404848089781922', sp-orig-clause-sort-heur=''13'', sp-phase-dec-heur=''5'', sp-rand-var-dec-freq=''0.0001'', sp-resolution=''0'', sp-restart-inc='1.812085882289149', sp-update-dec-queue=''0'', sp-use-pure-literal-rule=''1'', sp-var-activity-inc='1.324118828985645', sp-var-dec-heur=''4'', sp-variable-decay='1.371986930803415', sp-rand-phase-dec-freq=''0.001'', sp-rand-var-dec-scaling='0.5791781938491509', sp-rand-phase-scaling='0.821185895986307'
958.048000, 0.093800, 809.113745, 69, -148.934255, sp-clause-activity-inc='1.4040647023631707', sp-clause-decay='1.3286346313843425', sp-clause-del-heur=''2'', sp-first-restart='433', sp-learned-clause-sort-heur=''18'', sp-learned-clauses-inc='1.2606336225702444', sp-learned-size-factor='0.2871283381304751', sp-orig-clause-sort-heur=''14'', sp-phase-dec-heur=''1'', sp-rand-var-dec-freq=''0'', sp-resolution=''2'', sp-restart-inc='1.860357619978719', sp-update-dec-queue=''0'', sp-use-pure-literal-rule=''0'', sp-var-activity-inc='0.8499545124641734', sp-var-dec-heur=''0'', sp-variable-decay='1.6328659042055684', sp-max-res-lit-inc='1.577918859563268', sp-max-res-runs='3', sp-rand-phase-dec-freq=''0.005'', sp-res-cutoff-cls='9', sp-res-cutoff-lits='785', sp-res-order-heur=''1'', sp-rand-phase-scaling='0.8108334495247795'
1231.280000, 0.084600, 1033.488893, 88, -197.791107, sp-clause-activity-inc='0.9059125841986271', sp-clause-decay='1.8688840334256718', sp-clause-del-heur=''1'', sp-first-restart='3139', sp-learned-clause-sort-heur=''15'', sp-learned-clauses-inc='1.2667025193500447', sp-learned-size-factor='0.12143835493206531', sp-orig-clause-sort-heur=''14'', sp-phase-dec-heur=''6'', sp-rand-var-dec-freq=''0.0001'', sp-resolution=''0'', sp-restart-inc='1.322697186652239', sp-update-dec-queue=''1'', sp-use-pure-literal-rule=''1'', sp-var-activity-inc='0.6666692194217', sp-var-dec-heur=''3'', sp-variable-decay='1.099855861951496', sp-rand-phase-dec-freq=''0.005'', sp-rand-var-dec-scaling='0.8187256319981959', sp-rand-phase-scaling='0.8858759222999348'
1850.974000, 0.074960, 1547.329836, 140, -303.644164, sp-clause-activity-inc='0.8974680373641657', sp-clause-decay='1.7302166684265048', sp-clause-del-heur=''2'', sp-first-restart='1734', sp-learned-clause-sort-heur=''0'', sp-learned-clauses-inc='1.3598411781530113', sp-learned-size-factor='0.13851062118183619', sp-orig-clause-sort-heur=''8'', sp-phase-dec-heur=''1'', sp-rand-var-dec-freq=''0.05'', sp-resolution=''1'', sp-restart-inc='1.3931786364023917', sp-update-dec-queue=''1'', sp-use-pure-literal-rule=''0'', sp-var-activity-inc='1.1332512228642053', sp-var-dec-heur=''3'', sp-variable-decay='1.8778410311673777', sp-max-res-lit-inc='0.6273774766419485', sp-max-res-runs='1', sp-rand-phase-dec-freq=''0.001'', sp-rand-var-dec-scaling='0.8727435168302997', sp-res-cutoff-cls='11', sp-res-cutoff-lits='1245', sp-res-order-heur=''5'', sp-rand-phase-scaling='0.46107236415849906'
7214.690000, 0.073080, 6121.284721, 555, -1093.405279, sp-clause-activity-inc='1.123267146183336', sp-clause-decay='1.3731904247095135', sp-clause-del-heur=''0'', sp-first-restart='624', sp-learned-clause-sort-heur=''7'', sp-learned-clauses-inc='1.266229949232289', sp-learned-size-factor='0.21996230728800328', sp-orig-clause-sort-heur=''9'', sp-phase-dec-heur=''1'', sp-rand-var-dec-freq=''0.005'', sp-resolution=''0'', sp-restart-inc='1.4770202607091225', sp-update-dec-queue=''1'', sp-use-pure-literal-rule=''0'', sp-var-activity-inc='1.3910020237058043', sp-var-dec-heur=''0'', sp-variable-decay='1.3844786291284055', sp-rand-phase-dec-freq=''0.05'', sp-rand-var-dec-scaling='0.553712664229295', sp-rand-phase-scaling='0.9973595573294516'
