{"total_cpu_time": null, "incumbent": ["sp-clause-activity-inc='1.0'", "sp-clause-decay='1.4'", "sp-clause-del-heur=''2''", "sp-first-restart='100'", "sp-learned-clause-sort-heur=''0''", "sp-learned-clauses-inc='1.3'", "sp-learned-size-factor='0.4'", "sp-orig-clause-sort-heur=''0''", "sp-phase-dec-heur=''5''", "sp-rand-var-dec-freq=''0.001''", "sp-resolution=''1''", "sp-restart-inc='1.5'", "sp-update-dec-queue=''1''", "sp-use-pure-literal-rule=''1''", "sp-var-activity-inc='1.0'", "sp-var-dec-heur=''0''", "sp-variable-decay='1.4'", "sp-max-res-lit-inc='1.0'", "sp-max-res-runs='4'", "sp-rand-phase-dec-freq=''0.001''", "sp-rand-var-dec-scaling='1.0'", "sp-res-cutoff-cls='8'", "sp-res-cutoff-lits='400'", "sp-res-order-heur=''0''", "sp-rand-phase-scaling='1.0'"], "evaluations": 0, "wallclock_time": 0.0009818077087402344, "cost": 2147483648, "cpu_time": 0}
{"total_cpu_time": null, "incumbent": ["sp-clause-activity-inc='1.0'", "sp-clause-decay='1.4'", "sp-clause-del-heur=''2''", "sp-first-restart='100'", "sp-learned-clause-sort-heur=''0''", "sp-learned-clauses-inc='1.3'", "sp-learned-size-factor='0.4'", "sp-orig-clause-sort-heur=''0''", "sp-phase-dec-heur=''5''", "sp-rand-var-dec-freq=''0.001''", "sp-resolution=''1''", "sp-restart-inc='1.5'", "sp-update-dec-queue=''1''", "sp-use-pure-literal-rule=''1''", "sp-var-activity-inc='1.0'", "sp-var-dec-heur=''0''", "sp-variable-decay='1.4'", "sp-max-res-lit-inc='1.0'", "sp-max-res-runs='4'", "sp-rand-phase-dec-freq=''0.001''", "sp-rand-var-dec-scaling='1.0'", "sp-res-cutoff-cls='8'", "sp-res-cutoff-lits='400'", "sp-res-order-heur=''0''", "sp-rand-phase-scaling='1.0'"], "evaluations": 1, "wallclock_time": 0.2145829200744629, "cost": 0.056, "cpu_time": 0.056}
{"total_cpu_time": null, "incumbent": ["sp-clause-activity-inc='1.2836674120610674'", "sp-clause-decay='1.4814477971908304'", "sp-clause-del-heur=''2''", "sp-first-restart='34'", "sp-learned-clause-sort-heur=''18''", "sp-learned-clauses-inc='1.2369479733451643'", "sp-learned-size-factor='0.3954502994543311'", "sp-orig-clause-sort-heur=''19''", "sp-phase-dec-heur=''5''", "sp-rand-var-dec-freq=''0''", "sp-resolution=''1''", "sp-restart-inc='1.7527703357816975'", "sp-update-dec-queue=''1''", "sp-use-pure-literal-rule=''0''", "sp-var-activity-inc='0.779460104322812'", "sp-var-dec-heur=''5''", "sp-variable-decay='1.5805935239082898'", "sp-max-res-lit-inc='3.1786806563301804'", "sp-max-res-runs='3'", "sp-rand-phase-dec-freq=''0.001''", "sp-res-cutoff-cls='4'", "sp-res-cutoff-lits='257'", "sp-res-order-heur=''14''", "sp-rand-phase-scaling='0.6170586071627253'"], "evaluations": 65, "wallclock_time": 92.88154745101929, "cost": 0.12323999999999999, "cpu_time": 109.88799999999998}
{"total_cpu_time": null, "incumbent": ["sp-clause-activity-inc='1.2256599605406304'", "sp-clause-decay='1.0305966667497293'", "sp-clause-del-heur=''0''", "sp-first-restart='318'", "sp-learned-clause-sort-heur=''3''", "sp-learned-clauses-inc='1.1206669877313746'", "sp-learned-size-factor='0.11404848089781922'", "sp-orig-clause-sort-heur=''13''", "sp-phase-dec-heur=''5''", "sp-rand-var-dec-freq=''0.0001''", "sp-resolution=''0''", "sp-restart-inc='1.812085882289149'", "sp-update-dec-queue=''0''", "sp-use-pure-literal-rule=''1''", "sp-var-activity-inc='1.324118828985645'", "sp-var-dec-heur=''4''", "sp-variable-decay='1.371986930803415'", "sp-rand-phase-dec-freq=''0.001''", "sp-rand-var-dec-scaling='0.5791781938491509'", "sp-rand-phase-scaling='0.821185895986307'"], "evaluations": 325, "wallclock_time": 492.58363366127014, "cost": 0.10559999999999999, "cpu_time": 586.4319999999992}
{"total_cpu_time": null, "incumbent": ["sp-clause-activity-inc='1.4040647023631707'", "sp-clause-decay='1.3286346313843425'", "sp-clause-del-heur=''2''", "sp-first-restart='433'", "sp-learned-clause-sort-heur=''18''", "sp-learned-clauses-inc='1.2606336225702444'", "sp-learned-size-factor='0.2871283381304751'", "sp-orig-clause-sort-heur=''14''", "sp-phase-dec-heur=''1''", "sp-rand-var-dec-freq=''0''", "sp-resolution=''2''", "sp-restart-inc='1.860357619978719'", "sp-update-dec-queue=''0''", "sp-use-pure-literal-rule=''0''", "sp-var-activity-inc='0.8499545124641734'", "sp-var-dec-heur=''0''", "sp-variable-decay='1.6328659042055684'", "sp-max-res-lit-inc='1.577918859563268'", "sp-max-res-runs='3'", "sp-rand-phase-dec-freq=''0.005''", "sp-res-cutoff-cls='9'", "sp-res-cutoff-lits='785'", "sp-res-order-heur=''1''", "sp-rand-phase-scaling='0.8108334495247795'"], "evaluations": 520, "wallclock_time": 809.1137452125549, "cost": 0.09379999999999997, "cpu_time": 958.0479999999989}
{"total_cpu_time": null, "incumbent": ["sp-clause-activity-inc='0.9059125841986271'", "sp-clause-decay='1.8688840334256718'", "sp-clause-del-heur=''1''", "sp-first-restart='3139'", "sp-learned-clause-sort-heur=''15''", "sp-learned-clauses-inc='1.2667025193500447'", "sp-learned-size-factor='0.12143835493206531'", "sp-orig-clause-sort-heur=''14''", "sp-phase-dec-heur=''6''", "sp-rand-var-dec-freq=''0.0001''", "sp-resolution=''0''", "sp-restart-inc='1.322697186652239'", "sp-update-dec-queue=''1''", "sp-use-pure-literal-rule=''1''", "sp-var-activity-inc='0.6666692194217'", "sp-var-dec-heur=''3''", "sp-variable-decay='1.099855861951496'", "sp-rand-phase-dec-freq=''0.005''", "sp-rand-var-dec-scaling='0.8187256319981959'", "sp-rand-phase-scaling='0.8858759222999348'"], "evaluations": 650, "wallclock_time": 1033.4888932704926, "cost": 0.08460000000000001, "cpu_time": 1231.279999999999}
{"total_cpu_time": null, "incumbent": ["sp-clause-activity-inc='0.8974680373641657'", "sp-clause-decay='1.7302166684265048'", "sp-clause-del-heur=''2''", "sp-first-restart='1734'", "sp-learned-clause-sort-heur=''0''", "sp-learned-clauses-inc='1.3598411781530113'", "sp-learned-size-factor='0.13851062118183619'", "sp-orig-clause-sort-heur=''8''", "sp-phase-dec-heur=''1''", "sp-rand-var-dec-freq=''0.05''", "sp-resolution=''1''", "sp-restart-inc='1.3931786364023917'", "sp-update-dec-queue=''1''", "sp-use-pure-literal-rule=''0''", "sp-var-activity-inc='1.1332512228642053'", "sp-var-dec-heur=''3''", "sp-variable-decay='1.8778410311673777'", "sp-max-res-lit-inc='0.6273774766419485'", "sp-max-res-runs='1'", "sp-rand-phase-dec-freq=''0.001''", "sp-rand-var-dec-scaling='0.8727435168302997'", "sp-res-cutoff-cls='11'", "sp-res-cutoff-lits='1245'", "sp-res-order-heur=''5''", "sp-rand-phase-scaling='0.46107236415849906'"], "evaluations": 975, "wallclock_time": 1547.329835653305, "cost": 0.07496, "cpu_time": 1850.973999999999}
{"total_cpu_time": null, "incumbent": ["sp-clause-activity-inc='1.123267146183336'", "sp-clause-decay='1.3731904247095135'", "sp-clause-del-heur=''0''", "sp-first-restart='624'", "sp-learned-clause-sort-heur=''7''", "sp-learned-clauses-inc='1.266229949232289'", "sp-learned-size-factor='0.21996230728800328'", "sp-orig-clause-sort-heur=''9''", "sp-phase-dec-heur=''1''", "sp-rand-var-dec-freq=''0.005''", "sp-resolution=''0''", "sp-restart-inc='1.4770202607091225'", "sp-update-dec-queue=''1''", "sp-use-pure-literal-rule=''0''", "sp-var-activity-inc='1.3910020237058043'", "sp-var-dec-heur=''0''", "sp-variable-decay='1.3844786291284055'", "sp-rand-phase-dec-freq=''0.05''", "sp-rand-var-dec-scaling='0.553712664229295'", "sp-rand-phase-scaling='0.9973595573294516'"], "evaluations": 3705, "wallclock_time": 6121.284721136093, "cost": 0.07308, "cpu_time": 7214.690000000002}
