{"wallclock_time": 0.0008790493011474609, "total_cpu_time": null, "cost": 2147483648, "evaluations": 0, "incumbent": ["sp-clause-activity-inc='1.0'", "sp-clause-decay='1.4'", "sp-clause-del-heur=''2''", "sp-first-restart='100'", "sp-learned-clause-sort-heur=''0''", "sp-learned-clauses-inc='1.3'", "sp-learned-size-factor='0.4'", "sp-orig-clause-sort-heur=''0''", "sp-phase-dec-heur=''5''", "sp-rand-var-dec-freq=''0.001''", "sp-resolution=''1''", "sp-restart-inc='1.5'", "sp-update-dec-queue=''1''", "sp-use-pure-literal-rule=''1''", "sp-var-activity-inc='1.0'", "sp-var-dec-heur=''0''", "sp-variable-decay='1.4'", "sp-max-res-lit-inc='1.0'", "sp-max-res-runs='4'", "sp-rand-phase-dec-freq=''0.001''", "sp-rand-var-dec-scaling='1.0'", "sp-res-cutoff-cls='8'", "sp-res-cutoff-lits='400'", "sp-res-order-heur=''0''", "sp-rand-phase-scaling='1.0'"], "cpu_time": 0}
{"wallclock_time": 0.2043781280517578, "total_cpu_time": null, "cost": 0.048, "evaluations": 1, "incumbent": ["sp-clause-activity-inc='1.0'", "sp-clause-decay='1.4'", "sp-clause-del-heur=''2''", "sp-first-restart='100'", "sp-learned-clause-sort-heur=''0''", "sp-learned-clauses-inc='1.3'", "sp-learned-size-factor='0.4'", "sp-orig-clause-sort-heur=''0''", "sp-phase-dec-heur=''5''", "sp-rand-var-dec-freq=''0.001''", "sp-resolution=''1''", "sp-restart-inc='1.5'", "sp-update-dec-queue=''1''", "sp-use-pure-literal-rule=''1''", "sp-var-activity-inc='1.0'", "sp-var-dec-heur=''0''", "sp-variable-decay='1.4'", "sp-max-res-lit-inc='1.0'", "sp-max-res-runs='4'", "sp-rand-phase-dec-freq=''0.001''", "sp-rand-var-dec-scaling='1.0'", "sp-res-cutoff-cls='8'", "sp-res-cutoff-lits='400'", "sp-res-order-heur=''0''", "sp-rand-phase-scaling='1.0'"], "cpu_time": 0.048}
{"wallclock_time": 661.139892578125, "total_cpu_time": null, "cost": 0.05093000000000001, "evaluations": 165, "incumbent": ["sp-clause-activity-inc='1.0'", "sp-clause-decay='1.4'", "sp-clause-del-heur=''2''", "sp-first-restart='100'", "sp-learned-clause-sort-heur=''0''", "sp-learned-clauses-inc='1.3'", "sp-learned-size-factor='0.39999999999999997'", "sp-orig-clause-sort-heur=''0''", "sp-phase-dec-heur=''5''", "sp-rand-var-dec-freq=''0.001''", "sp-resolution=''1''", "sp-restart-inc='1.5'", "sp-update-dec-queue=''1''", "sp-use-pure-literal-rule=''1''", "sp-var-activity-inc='1.0'", "sp-var-dec-heur=''0''", "sp-variable-decay='1.4690040583476094'", "sp-max-res-lit-inc='1.0'", "sp-max-res-runs='4'", "sp-rand-phase-dec-freq=''0.001''", "sp-rand-var-dec-scaling='1.0'", "sp-res-cutoff-cls='8'", "sp-res-cutoff-lits='400'", "sp-res-order-heur=''0''", "sp-rand-phase-scaling='0.7049376164122558'"], "cpu_time": 340.81200000000007}
{"wallclock_time": 912.8370649814606, "total_cpu_time": null, "cost": 0.04125519848771266, "evaluations": 231, "incumbent": ["sp-clause-activity-inc='1.0'", "sp-clause-decay='1.5042094196966607'", "sp-clause-del-heur=''0''", "sp-first-restart='100'", "sp-learned-clause-sort-heur=''0''", "sp-learned-clauses-inc='1.3'", "sp-learned-size-factor='0.39999999999999997'", "sp-orig-clause-sort-heur=''0''", "sp-phase-dec-heur=''5''", "sp-rand-var-dec-freq=''0.001''", "sp-resolution=''1''", "sp-restart-inc='1.5'", "sp-update-dec-queue=''1''", "sp-use-pure-literal-rule=''1''", "sp-var-activity-inc='1.2403708381379805'", "sp-var-dec-heur=''0''", "sp-variable-decay='1.4324778432621699'", "sp-max-res-lit-inc='1.0'", "sp-max-res-runs='4'", "sp-rand-phase-dec-freq=''0.001''", "sp-rand-var-dec-scaling='1.0'", "sp-res-cutoff-cls='8'", "sp-res-cutoff-lits='400'", "sp-res-order-heur=''0''", "sp-rand-phase-scaling='0.779241095899164'"], "cpu_time": 433.4280000000001}
{"wallclock_time": 1060.9571392536163, "total_cpu_time": null, "cost": 0.038732799999999984, "evaluations": 280, "incumbent": ["sp-clause-activity-inc='0.9499610009599535'", "sp-clause-decay='1.4150028094006368'", "sp-clause-del-heur=''2''", "sp-first-restart='100'", "sp-learned-clause-sort-heur=''0''", "sp-learned-clauses-inc='1.3'", "sp-learned-size-factor='0.39999999999999997'", "sp-orig-clause-sort-heur=''0''", "sp-phase-dec-heur=''5''", "sp-rand-var-dec-freq=''0.001''", "sp-resolution=''1''", "sp-restart-inc='1.5'", "sp-update-dec-queue=''1''", "sp-use-pure-literal-rule=''1''", "sp-var-activity-inc='1.3410676435425524'", "sp-var-dec-heur=''0''", "sp-variable-decay='1.5099804386716598'", "sp-max-res-lit-inc='1.0'", "sp-max-res-runs='4'", "sp-rand-phase-dec-freq=''0.001''", "sp-rand-var-dec-scaling='1.0'", "sp-res-cutoff-cls='8'", "sp-res-cutoff-lits='400'", "sp-res-order-heur=''0''", "sp-rand-phase-scaling='0.7509604924352337'"], "cpu_time": 481.00400000000013}
{"wallclock_time": 1133.426203250885, "total_cpu_time": null, "cost": 0.035467455621301755, "evaluations": 306, "incumbent": ["sp-clause-activity-inc='0.9487895228581686'", "sp-clause-decay='1.1592080149915953'", "sp-clause-del-heur=''2''", "sp-first-restart='100'", "sp-learned-clause-sort-heur=''0''", "sp-learned-clauses-inc='1.3'", "sp-learned-size-factor='0.39999999999999997'", "sp-orig-clause-sort-heur=''0''", "sp-phase-dec-heur=''5''", "sp-rand-var-dec-freq=''0.001''", "sp-resolution=''1''", "sp-restart-inc='1.5'", "sp-update-dec-queue=''1''", "sp-use-pure-literal-rule=''1''", "sp-var-activity-inc='1.2867205006081637'", "sp-var-dec-heur=''0''", "sp-variable-decay='1.4958415806988352'", "sp-max-res-lit-inc='1.0'", "sp-max-res-runs='4'", "sp-rand-phase-dec-freq=''0.001''", "sp-rand-var-dec-scaling='1.0'", "sp-res-cutoff-cls='8'", "sp-res-cutoff-lits='400'", "sp-res-order-heur=''0''", "sp-rand-phase-scaling='0.779241095899164'"], "cpu_time": 504.98000000000025}
{"wallclock_time": 1287.0743103027344, "total_cpu_time": null, "cost": 0.030295918367346932, "evaluations": 361, "incumbent": ["sp-clause-activity-inc='1.0229042189608597'", "sp-clause-decay='1.2795923078115314'", "sp-clause-del-heur=''2''", "sp-first-restart='100'", "sp-learned-clause-sort-heur=''0''", "sp-learned-clauses-inc='1.3'", "sp-learned-size-factor='0.39999999999999997'", "sp-orig-clause-sort-heur=''0''", "sp-phase-dec-heur=''2''", "sp-rand-var-dec-freq=''0.001''", "sp-resolution=''1''", "sp-restart-inc='1.5'", "sp-update-dec-queue=''1''", "sp-use-pure-literal-rule=''1''", "sp-var-activity-inc='1.0897050272794142'", "sp-var-dec-heur=''0''", "sp-variable-decay='1.4230426554323232'", "sp-max-res-lit-inc='1.0'", "sp-max-res-runs='4'", "sp-rand-var-dec-scaling='1.0'", "sp-res-cutoff-cls='8'", "sp-res-cutoff-lits='400'", "sp-res-order-heur=''0''"], "cpu_time": 553.8880000000001}
{"wallclock_time": 1653.6141452789307, "total_cpu_time": null, "cost": 0.025078124999999993, "evaluations": 483, "incumbent": ["sp-clause-activity-inc='0.9858665403550537'", "sp-clause-decay='1.3155050612904042'", "sp-clause-del-heur=''2''", "sp-first-restart='100'", "sp-learned-clause-sort-heur=''0''", "sp-learned-clauses-inc='1.3'", "sp-learned-size-factor='0.39999999999999997'", "sp-orig-clause-sort-heur=''0''", "sp-phase-dec-heur=''6''", "sp-rand-var-dec-freq=''0.001''", "sp-resolution=''1''", "sp-restart-inc='1.5'", "sp-update-dec-queue=''1''", "sp-use-pure-literal-rule=''0''", "sp-var-activity-inc='1.1545490247824746'", "sp-var-dec-heur=''0''", "sp-variable-decay='1.480453071558286'", "sp-max-res-lit-inc='1.0'", "sp-max-res-runs='4'", "sp-rand-phase-dec-freq=''0.001''", "sp-rand-var-dec-scaling='1.0'", "sp-res-cutoff-cls='8'", "sp-res-cutoff-lits='400'", "sp-res-order-heur=''0''", "sp-rand-phase-scaling='0.9277143241521568'"], "cpu_time": 672.892}
{"wallclock_time": 2853.55699801445, "total_cpu_time": null, "cost": 0.02289453758788534, "evaluations": 901, "incumbent": ["sp-clause-activity-inc='0.9933796535789625'", "sp-clause-decay='1.1576141566845985'", "sp-clause-del-heur=''2''", "sp-first-restart='100'", "sp-learned-clause-sort-heur=''0''", "sp-learned-clauses-inc='1.3'", "sp-learned-size-factor='0.39999999999999997'", "sp-orig-clause-sort-heur=''0''", "sp-phase-dec-heur=''1''", "sp-rand-var-dec-freq=''0.001''", "sp-resolution=''1''", "sp-restart-inc='1.5'", "sp-update-dec-queue=''1''", "sp-use-pure-literal-rule=''0''", "sp-var-activity-inc='1.0763276419663468'", "sp-var-dec-heur=''0''", "sp-variable-decay='1.433177942010986'", "sp-max-res-lit-inc='1.0'", "sp-max-res-runs='4'", "sp-rand-phase-dec-freq=''0.01''", "sp-rand-var-dec-scaling='1.0'", "sp-res-cutoff-cls='8'", "sp-res-cutoff-lits='400'", "sp-res-order-heur=''0''", "sp-rand-phase-scaling='0.7870143397176541'"], "cpu_time": 1110.727999999999}
{"wallclock_time": 3074.5609273910522, "total_cpu_time": null, "cost": 0.02061234567901234, "evaluations": 990, "incumbent": ["sp-clause-activity-inc='1.0'", "sp-clause-decay='1.1728799262581313'", "sp-clause-del-heur=''2''", "sp-first-restart='100'", "sp-learned-clause-sort-heur=''0''", "sp-learned-clauses-inc='1.3'", "sp-learned-size-factor='0.39999999999999997'", "sp-orig-clause-sort-heur=''0''", "sp-phase-dec-heur=''1''", "sp-rand-var-dec-freq=''0.001''", "sp-resolution=''1''", "sp-restart-inc='1.5'", "sp-update-dec-queue=''1''", "sp-use-pure-literal-rule=''0''", "sp-var-activity-inc='1.0640438859062231'", "sp-var-dec-heur=''0''", "sp-variable-decay='1.418605928592516'", "sp-max-res-lit-inc='1.0'", "sp-max-res-runs='4'", "sp-rand-phase-dec-freq=''0.05''", "sp-rand-var-dec-scaling='1.0'", "sp-res-cutoff-cls='8'", "sp-res-cutoff-lits='400'", "sp-res-order-heur=''0''", "sp-rand-phase-scaling='0.8861400535846073'"], "cpu_time": 1196.335999999998}
{"wallclock_time": 3568.1975462436676, "total_cpu_time": null, "cost": 0.019023740108288213, "evaluations": 1180, "incumbent": ["sp-clause-activity-inc='1.2849477454793048'", "sp-clause-decay='1.1561635833421924'", "sp-clause-del-heur=''0''", "sp-first-restart='100'", "sp-learned-clause-sort-heur=''0''", "sp-learned-clauses-inc='1.3'", "sp-learned-size-factor='0.39999999999999997'", "sp-orig-clause-sort-heur=''0''", "sp-phase-dec-heur=''1''", "sp-rand-var-dec-freq=''0.001''", "sp-resolution=''1''", "sp-restart-inc='1.5'", "sp-update-dec-queue=''1''", "sp-use-pure-literal-rule=''0''", "sp-var-activity-inc='0.91925820203472'", "sp-var-dec-heur=''0''", "sp-variable-decay='1.2453364344588411'", "sp-max-res-lit-inc='1.0'", "sp-max-res-runs='4'", "sp-rand-phase-dec-freq=''0.005''", "sp-rand-var-dec-scaling='1.0'", "sp-res-cutoff-cls='8'", "sp-res-cutoff-lits='400'", "sp-res-order-heur=''0''", "sp-rand-phase-scaling='0.9195355726128747'"], "cpu_time": 1400.2559999999976}
{"wallclock_time": 3674.891028881073, "total_cpu_time": null, "cost": 0.016619199999999987, "evaluations": 1230, "incumbent": ["sp-clause-activity-inc='0.9697317528516135'", "sp-clause-decay='1.2744376290228416'", "sp-clause-del-heur=''2''", "sp-first-restart='100'", "sp-learned-clause-sort-heur=''0''", "sp-learned-clauses-inc='1.3'", "sp-learned-size-factor='0.39999999999999997'", "sp-orig-clause-sort-heur=''0''", "sp-phase-dec-heur=''6''", "sp-rand-var-dec-freq=''0.001''", "sp-resolution=''1''", "sp-restart-inc='1.5'", "sp-update-dec-queue=''1''", "sp-use-pure-literal-rule=''0''", "sp-var-activity-inc='1.0823445617314418'", "sp-var-dec-heur=''0''", "sp-variable-decay='1.0920606707608909'", "sp-max-res-lit-inc='1.0'", "sp-max-res-runs='4'", "sp-rand-phase-dec-freq=''0.01''", "sp-rand-var-dec-scaling='1.0'", "sp-res-cutoff-cls='8'", "sp-res-cutoff-lits='400'", "sp-res-order-heur=''0''", "sp-rand-phase-scaling='0.8038255616190044'"], "cpu_time": 1441.8039999999976}
{"wallclock_time": 5412.804124832153, "total_cpu_time": null, "cost": 0.014788241415192508, "evaluations": 1908, "incumbent": ["sp-clause-activity-inc='1.459363732102148'", "sp-clause-decay='1.3884126559282872'", "sp-clause-del-heur=''2''", "sp-first-restart='100'", "sp-learned-clause-sort-heur=''14''", "sp-learned-clauses-inc='1.2959727769071516'", "sp-learned-size-factor='0.39999999999999997'", "sp-orig-clause-sort-heur=''0''", "sp-phase-dec-heur=''6''", "sp-rand-var-dec-freq=''0.001''", "sp-resolution=''1''", "sp-restart-inc='1.5'", "sp-update-dec-queue=''1''", "sp-use-pure-literal-rule=''0''", "sp-var-activity-inc='1.1324122190924966'", "sp-var-dec-heur=''0''", "sp-variable-decay='1.4688318358177608'", "sp-max-res-lit-inc='1.0'", "sp-max-res-runs='4'", "sp-rand-phase-dec-freq=''0.01''", "sp-rand-var-dec-scaling='1.0'", "sp-res-cutoff-cls='8'", "sp-res-cutoff-lits='400'", "sp-res-order-heur=''0''", "sp-rand-phase-scaling='0.7656707264585985'"], "cpu_time": 2137.6419999999944}
{"wallclock_time": 6519.453310966492, "total_cpu_time": null, "cost": 0.013217391304347818, "evaluations": 2370, "incumbent": ["sp-clause-activity-inc='1.0349529522575127'", "sp-clause-decay='1.3015534838330287'", "sp-clause-del-heur=''2''", "sp-first-restart='100'", "sp-learned-clause-sort-heur=''4''", "sp-learned-clauses-inc='1.3'", "sp-learned-size-factor='0.39999999999999997'", "sp-orig-clause-sort-heur=''0''", "sp-phase-dec-heur=''1''", "sp-rand-var-dec-freq=''0.0001''", "sp-resolution=''1''", "sp-restart-inc='1.5'", "sp-update-dec-queue=''1''", "sp-use-pure-literal-rule=''1''", "sp-var-activity-inc='1.0807956294571308'", "sp-var-dec-heur=''0''", "sp-variable-decay='1.4426961214220655'", "sp-max-res-lit-inc='1.0'", "sp-max-res-runs='4'", "sp-rand-phase-dec-freq=''0.01''", "sp-rand-var-dec-scaling='0.6399311627267545'", "sp-res-cutoff-cls='8'", "sp-res-cutoff-lits='400'", "sp-res-order-heur=''0''", "sp-rand-phase-scaling='0.8168691406762083'"], "cpu_time": 2592.109999999997}
{"wallclock_time": 6861.9649448394775, "total_cpu_time": null, "cost": 0.012769688553858361, "evaluations": 2511, "incumbent": ["sp-clause-activity-inc='0.9968497714881652'", "sp-clause-decay='1.3476466796070306'", "sp-clause-del-heur=''2''", "sp-first-restart='100'", "sp-learned-clause-sort-heur=''14''", "sp-learned-clauses-inc='1.3'", "sp-learned-size-factor='0.39999999999999997'", "sp-orig-clause-sort-heur=''0''", "sp-phase-dec-heur=''1''", "sp-rand-var-dec-freq=''0.0001''", "sp-resolution=''1''", "sp-restart-inc='1.5'", "sp-update-dec-queue=''1''", "sp-use-pure-literal-rule=''1''", "sp-var-activity-inc='1.0689720914706258'", "sp-var-dec-heur=''0''", "sp-variable-decay='1.49514785924598'", "sp-max-res-lit-inc='1.0'", "sp-max-res-runs='4'", "sp-rand-phase-dec-freq=''0.05''", "sp-rand-var-dec-scaling='0.7307174432679846'", "sp-res-cutoff-cls='8'", "sp-res-cutoff-lits='400'", "sp-res-order-heur=''0''", "sp-rand-phase-scaling='0.7870143397176541'"], "cpu_time": 2723.457999999996}
{"wallclock_time": 7388.9748339653015, "total_cpu_time": null, "cost": 0.011239590942293645, "evaluations": 2730, "incumbent": ["sp-clause-activity-inc='0.9835643465037149'", "sp-clause-decay='1.39361057918499'", "sp-clause-del-heur=''1''", "sp-first-restart='100'", "sp-learned-clause-sort-heur=''4''", "sp-learned-clauses-inc='1.3'", "sp-learned-size-factor='0.39999999999999997'", "sp-orig-clause-sort-heur=''0''", "sp-phase-dec-heur=''1''", "sp-rand-var-dec-freq=''0.001''", "sp-resolution=''1''", "sp-restart-inc='1.5'", "sp-update-dec-queue=''1''", "sp-use-pure-literal-rule=''0''", "sp-var-activity-inc='1.0807956294571308'", "sp-var-dec-heur=''0''", "sp-variable-decay='1.5788719059513372'", "sp-max-res-lit-inc='1.0'", "sp-max-res-runs='4'", "sp-rand-phase-dec-freq=''0.001''", "sp-rand-var-dec-scaling='0.6687442062574015'", "sp-res-cutoff-cls='8'", "sp-res-cutoff-lits='400'", "sp-res-order-heur=''0''", "sp-rand-phase-scaling='0.963241661641189'"], "cpu_time": 2934.033999999989}
{"wallclock_time": 7553.437203168869, "total_cpu_time": null, "cost": 0.010941866666666668, "evaluations": 2805, "incumbent": ["sp-clause-activity-inc='0.9835643465037149'", "sp-clause-decay='1.39361057918499'", "sp-clause-del-heur=''1''", "sp-first-restart='100'", "sp-learned-clause-sort-heur=''4''", "sp-learned-clauses-inc='1.3'", "sp-learned-size-factor='0.39999999999999997'", "sp-orig-clause-sort-heur=''0''", "sp-phase-dec-heur=''1''", "sp-rand-var-dec-freq=''0.001''", "sp-resolution=''1''", "sp-restart-inc='1.5'", "sp-update-dec-queue=''1''", "sp-use-pure-literal-rule=''0''", "sp-var-activity-inc='1.0807956294571308'", "sp-var-dec-heur=''0''", "sp-variable-decay='1.5788719059513372'", "sp-max-res-lit-inc='1.0'", "sp-max-res-runs='4'", "sp-rand-phase-dec-freq=''0.001''", "sp-rand-var-dec-scaling='0.6687442062574015'", "sp-res-cutoff-cls='8'", "sp-res-cutoff-lits='454'", "sp-res-order-heur=''0''", "sp-rand-phase-scaling='0.963241661641189'"], "cpu_time": 2995.5819999999867}
{"wallclock_time": 8443.522716760635, "total_cpu_time": null, "cost": 0.010527499999999997, "evaluations": 3195, "incumbent": ["sp-clause-activity-inc='0.9835643465037149'", "sp-clause-decay='1.39361057918499'", "sp-clause-del-heur=''1''", "sp-first-restart='100'", "sp-learned-clause-sort-heur=''4''", "sp-learned-clauses-inc='1.3'", "sp-learned-size-factor='0.39999999999999997'", "sp-orig-clause-sort-heur=''0''", "sp-phase-dec-heur=''1''", "sp-rand-var-dec-freq=''0.001''", "sp-resolution=''1''", "sp-restart-inc='1.5'", "sp-update-dec-queue=''1''", "sp-use-pure-literal-rule=''1''", "sp-var-activity-inc='1.0807956294571308'", "sp-var-dec-heur=''0''", "sp-variable-decay='1.839013760402419'", "sp-max-res-lit-inc='1.0'", "sp-max-res-runs='4'", "sp-rand-phase-dec-freq=''0.001''", "sp-rand-var-dec-scaling='0.6687442062574015'", "sp-res-cutoff-cls='8'", "sp-res-cutoff-lits='515'", "sp-res-order-heur=''0''", "sp-rand-phase-scaling='0.963241661641189'"], "cpu_time": 3363.56599999998}
{"wallclock_time": 8614.210295438766, "total_cpu_time": null, "cost": 0.010041152263374485, "evaluations": 3276, "incumbent": ["sp-clause-activity-inc='0.9891689486351741'", "sp-clause-decay='1.5142728125729272'", "sp-clause-del-heur=''2''", "sp-first-restart='100'", "sp-learned-clause-sort-heur=''4''", "sp-learned-clauses-inc='1.3000509828691673'", "sp-learned-size-factor='0.39999999999999997'", "sp-orig-clause-sort-heur=''0''", "sp-phase-dec-heur=''1''", "sp-rand-var-dec-freq=''0.001''", "sp-resolution=''1''", "sp-restart-inc='1.5'", "sp-update-dec-queue=''1''", "sp-use-pure-literal-rule=''0''", "sp-var-activity-inc='1.2500411072224835'", "sp-var-dec-heur=''0''", "sp-variable-decay='1.5787121590000428'", "sp-max-res-lit-inc='1.0'", "sp-max-res-runs='4'", "sp-rand-phase-dec-freq=''0.001''", "sp-rand-var-dec-scaling='0.3972871419185541'", "sp-res-cutoff-cls='8'", "sp-res-cutoff-lits='431'", "sp-res-order-heur=''0''", "sp-rand-phase-scaling='0.9634297088196864'"], "cpu_time": 3429.445999999977}
{"wallclock_time": 10608.185228586197, "total_cpu_time": null, "cost": 0.009812381852551986, "evaluations": 4233, "incumbent": ["sp-clause-activity-inc='0.9835643465037149'", "sp-clause-decay='1.3366116158266548'", "sp-clause-del-heur=''1''", "sp-first-restart='100'", "sp-learned-clause-sort-heur=''4''", "sp-learned-clauses-inc='1.3389239699274218'", "sp-learned-size-factor='0.39999999999999997'", "sp-orig-clause-sort-heur=''0''", "sp-phase-dec-heur=''1''", "sp-rand-var-dec-freq=''0.0001''", "sp-resolution=''1''", "sp-restart-inc='1.5'", "sp-update-dec-queue=''1''", "sp-use-pure-literal-rule=''0''", "sp-var-activity-inc='1.135101724371119'", "sp-var-dec-heur=''0''", "sp-variable-decay='1.5788719059513372'", "sp-max-res-lit-inc='1.0'", "sp-max-res-runs='4'", "sp-rand-phase-dec-freq=''0.001''", "sp-rand-var-dec-scaling='0.4012738952404972'", "sp-res-cutoff-cls='8'", "sp-res-cutoff-lits='400'", "sp-res-order-heur=''0''", "sp-rand-phase-scaling='0.8772259104202162'"], "cpu_time": 4342.017999999966}
{"wallclock_time": 11757.795320272446, "total_cpu_time": null, "cost": 0.00944231570179092, "evaluations": 4806, "incumbent": ["sp-clause-activity-inc='0.9835643465037149'", "sp-clause-decay='1.3875853894793133'", "sp-clause-del-heur=''1''", "sp-first-restart='100'", "sp-learned-clause-sort-heur=''17''", "sp-learned-clauses-inc='1.2749762446411983'", "sp-learned-size-factor='0.39999999999999997'", "sp-orig-clause-sort-heur=''0''", "sp-phase-dec-heur=''1''", "sp-rand-var-dec-freq=''0.001''", "sp-resolution=''0''", "sp-restart-inc='1.5'", "sp-update-dec-queue=''1''", "sp-use-pure-literal-rule=''0''", "sp-var-activity-inc='1.135101724371119'", "sp-var-dec-heur=''5''", "sp-variable-decay='1.5788719059513372'", "sp-rand-phase-dec-freq=''0.001''", "sp-rand-var-dec-scaling='0.3617328307173448'", "sp-rand-phase-scaling='0.7751262923004295'"], "cpu_time": 4898.189999999977}
{"wallclock_time": 12337.254821777344, "total_cpu_time": null, "cost": 0.009078717772767371, "evaluations": 5106, "incumbent": ["sp-clause-activity-inc='0.9775067451173582'", "sp-clause-decay='1.3042776134827867'", "sp-clause-del-heur=''1''", "sp-first-restart='100'", "sp-learned-clause-sort-heur=''2''", "sp-learned-clauses-inc='1.2985311229239003'", "sp-learned-size-factor='0.39999999999999997'", "sp-orig-clause-sort-heur=''0''", "sp-phase-dec-heur=''1''", "sp-rand-var-dec-freq=''0.001''", "sp-resolution=''0''", "sp-restart-inc='1.5'", "sp-update-dec-queue=''1''", "sp-use-pure-literal-rule=''0''", "sp-var-activity-inc='1.0807956294571308'", "sp-var-dec-heur=''0''", "sp-variable-decay='1.5788719059513372'", "sp-rand-phase-dec-freq=''0.001''", "sp-rand-var-dec-scaling='0.6687442062574015'", "sp-rand-phase-scaling='0.9692216238052747'"], "cpu_time": 5197.3619999999755}
{"wallclock_time": 13694.24928188324, "total_cpu_time": null, "cost": 0.008792181069958846, "evaluations": 5841, "incumbent": ["sp-clause-activity-inc='0.9861840617458092'", "sp-clause-decay='1.378174627867793'", "sp-clause-del-heur=''1''", "sp-first-restart='100'", "sp-learned-clause-sort-heur=''4''", "sp-learned-clauses-inc='1.3'", "sp-learned-size-factor='0.39999999999999997'", "sp-orig-clause-sort-heur=''0''", "sp-phase-dec-heur=''1''", "sp-rand-var-dec-freq=''0.001''", "sp-resolution=''0''", "sp-restart-inc='1.5'", "sp-update-dec-queue=''1''", "sp-use-pure-literal-rule=''0''", "sp-var-activity-inc='1.0807956294571308'", "sp-var-dec-heur=''0''", "sp-variable-decay='1.5788719059513372'", "sp-rand-phase-dec-freq=''0.001''", "sp-rand-var-dec-scaling='0.6687442062574015'", "sp-rand-phase-scaling='0.963241661641189'"], "cpu_time": 5908.033999999967}
{"wallclock_time": 13876.907911777496, "total_cpu_time": null, "cost": 0.008550795387593638, "evaluations": 5950, "incumbent": ["sp-clause-activity-inc='0.9861840617458092'", "sp-clause-decay='1.378174627867793'", "sp-clause-del-heur=''1''", "sp-first-restart='100'", "sp-learned-clause-sort-heur=''4''", "sp-learned-clauses-inc='1.3'", "sp-learned-size-factor='0.39999999999999997'", "sp-orig-clause-sort-heur=''0''", "sp-phase-dec-heur=''1''", "sp-rand-var-dec-freq=''0.001''", "sp-resolution=''0''", "sp-restart-inc='1.5'", "sp-update-dec-queue=''1''", "sp-use-pure-literal-rule=''0''", "sp-var-activity-inc='1.0807956294571308'", "sp-var-dec-heur=''0''", "sp-variable-decay='1.5788719059513372'", "sp-rand-phase-dec-freq=''0.0001''", "sp-rand-var-dec-scaling='0.6687442062574015'", "sp-rand-phase-scaling='0.963241661641189'"], "cpu_time": 6009.625999999968}
{"wallclock_time": 14269.450916290283, "total_cpu_time": null, "cost": 0.007798717636555473, "evaluations": 6171, "incumbent": ["sp-clause-activity-inc='0.9885614278323922'", "sp-clause-decay='1.4015813342553411'", "sp-clause-del-heur=''1''", "sp-first-restart='100'", "sp-learned-clause-sort-heur=''4''", "sp-learned-clauses-inc='1.4037623992481965'", "sp-learned-size-factor='0.39999999999999997'", "sp-orig-clause-sort-heur=''0''", "sp-phase-dec-heur=''1''", "sp-rand-var-dec-freq=''0.0001''", "sp-resolution=''0''", "sp-restart-inc='1.5'", "sp-update-dec-queue=''1''", "sp-use-pure-literal-rule=''0''", "sp-var-activity-inc='1.0807956294571308'", "sp-var-dec-heur=''0''", "sp-variable-decay='1.5788719059513372'", "sp-rand-phase-dec-freq=''0.001''", "sp-rand-var-dec-scaling='0.6687442062574015'", "sp-rand-phase-scaling='0.9899321395585419'"], "cpu_time": 6214.045999999973}
{"wallclock_time": 16664.294539928436, "total_cpu_time": null, "cost": 0.007642300456866435, "evaluations": 7458, "incumbent": ["sp-clause-activity-inc='0.9885614278323922'", "sp-clause-decay='1.4015813342553411'", "sp-clause-del-heur=''1''", "sp-first-restart='115'", "sp-learned-clause-sort-heur=''4''", "sp-learned-clauses-inc='1.3004319921835437'", "sp-learned-size-factor='0.5010666956131383'", "sp-orig-clause-sort-heur=''0''", "sp-phase-dec-heur=''1''", "sp-rand-var-dec-freq=''0.01''", "sp-resolution=''0''", "sp-restart-inc='1.5'", "sp-update-dec-queue=''1''", "sp-use-pure-literal-rule=''0''", "sp-var-activity-inc='1.0807956294571308'", "sp-var-dec-heur=''0''", "sp-variable-decay='1.5788719059513372'", "sp-rand-phase-dec-freq=''0.001''", "sp-rand-var-dec-scaling='0.6481594817503529'", "sp-rand-phase-scaling='0.9899321395585419'"], "cpu_time": 7478.715999999976}
{"wallclock_time": 16877.63099694252, "total_cpu_time": null, "cost": 0.007561372199087846, "evaluations": 7581, "incumbent": ["sp-clause-activity-inc='0.9900836938671428'", "sp-clause-decay='1.3329343094389454'", "sp-clause-del-heur=''1''", "sp-first-restart='113'", "sp-learned-clause-sort-heur=''4''", "sp-learned-clauses-inc='1.2994369470416118'", "sp-learned-size-factor='0.39999999999999997'", "sp-orig-clause-sort-heur=''0''", "sp-phase-dec-heur=''1''", "sp-rand-var-dec-freq=''0''", "sp-resolution=''0''", "sp-restart-inc='1.5'", "sp-update-dec-queue=''1''", "sp-use-pure-literal-rule=''0''", "sp-var-activity-inc='1.0936457551104746'", "sp-var-dec-heur=''5''", "sp-variable-decay='1.5788719059513372'", "sp-rand-phase-dec-freq=''0.001''", "sp-rand-phase-scaling='0.963241661641189'"], "cpu_time": 7593.111999999975}
{"wallclock_time": 17531.67564344406, "total_cpu_time": null, "cost": 0.006587553539934494, "evaluations": 7956, "incumbent": ["sp-clause-activity-inc='1.0631095118919491'", "sp-clause-decay='1.3042776134827867'", "sp-clause-del-heur=''1''", "sp-first-restart='133'", "sp-learned-clause-sort-heur=''11''", "sp-learned-clauses-inc='1.4288821528543227'", "sp-learned-size-factor='0.39999999999999997'", "sp-orig-clause-sort-heur=''0''", "sp-phase-dec-heur=''1''", "sp-rand-var-dec-freq=''0.001''", "sp-resolution=''0''", "sp-restart-inc='1.5'", "sp-update-dec-queue=''1''", "sp-use-pure-literal-rule=''1''", "sp-var-activity-inc='1.0807956294571308'", "sp-var-dec-heur=''5''", "sp-variable-decay='1.5788719059513372'", "sp-rand-phase-dec-freq=''0.0001''", "sp-rand-var-dec-scaling='0.6329551778314709'", "sp-rand-phase-scaling='0.9626166037442245'"], "cpu_time": 7935.059999999978}
