"CPU Time Used","Estimated Training Performance","Wallclock Time","Incumbent ID","Automatic Configurator (CPU) Time","Configuration..."
0.000000, 2147483648.000000, 0.000879, 1, 0.000879, sp-clause-activity-inc='1.0', sp-clause-decay='1.4', sp-clause-del-heur=''2'', sp-first-restart='100', sp-learned-clause-sort-heur=''0'', sp-learned-clauses-inc='1.3', sp-learned-size-factor='0.4', sp-orig-clause-sort-heur=''0'', sp-phase-dec-heur=''5'', sp-rand-var-dec-freq=''0.001'', sp-resolution=''1'', sp-restart-inc='1.5', sp-update-dec-queue=''1'', sp-use-pure-literal-rule=''1'', sp-var-activity-inc='1.0', sp-var-dec-heur=''0'', sp-variable-decay='1.4', sp-max-res-lit-inc='1.0', sp-max-res-runs='4', sp-rand-phase-dec-freq=''0.001'', sp-rand-var-dec-scaling='1.0', sp-res-cutoff-cls='8', sp-res-cutoff-lits='400', sp-res-order-heur=''0'', sp-rand-phase-scaling='1.0'
0.048000, 0.048000, 0.204378, 1, 0.156378, sp-clause-activity-inc='1.0', sp-clause-decay='1.4', sp-clause-del-heur=''2'', sp-first-restart='100', sp-learned-clause-sort-heur=''0'', sp-learned-clauses-inc='1.3', sp-learned-size-factor='0.4', sp-orig-clause-sort-heur=''0'', sp-phase-dec-heur=''5'', sp-rand-var-dec-freq=''0.001'', sp-resolution=''1'', sp-restart-inc='1.5', sp-update-dec-queue=''1'', sp-use-pure-literal-rule=''1'', sp-var-activity-inc='1.0', sp-var-dec-heur=''0'', sp-variable-decay='1.4', sp-max-res-lit-inc='1.0', sp-max-res-runs='4', sp-rand-phase-dec-freq=''0.001'', sp-rand-var-dec-scaling='1.0', sp-res-cutoff-cls='8', sp-res-cutoff-lits='400', sp-res-order-heur=''0'', sp-rand-phase-scaling='1.0'
340.812000, 0.050930, 661.139893, 10, 320.327893, sp-clause-activity-inc='1.0', sp-clause-decay='1.4', sp-clause-del-heur=''2'', sp-first-restart='100', sp-learned-clause-sort-heur=''0'', sp-learned-clauses-inc='1.3', sp-learned-size-factor='0.39999999999999997', sp-orig-clause-sort-heur=''0'', sp-phase-dec-heur=''5'', sp-rand-var-dec-freq=''0.001'', sp-resolution=''1'', sp-restart-inc='1.5', sp-update-dec-queue=''1'', sp-use-pure-literal-rule=''1'', sp-var-activity-inc='1.0', sp-var-dec-heur=''0'', sp-variable-decay='1.4690040583476094', sp-max-res-lit-inc='1.0', sp-max-res-runs='4', sp-rand-phase-dec-freq=''0.001'', sp-rand-var-dec-scaling='1.0', sp-res-cutoff-cls='8', sp-res-cutoff-lits='400', sp-res-order-heur=''0'', sp-rand-phase-scaling='0.7049376164122558'
433.428000, 0.041255, 912.837065, 13, 479.409065, sp-clause-activity-inc='1.0', sp-clause-decay='1.5042094196966607', sp-clause-del-heur=''0'', sp-first-restart='100', sp-learned-clause-sort-heur=''0'', sp-learned-clauses-inc='1.3', sp-learned-size-factor='0.39999999999999997', sp-orig-clause-sort-heur=''0'', sp-phase-dec-heur=''5'', sp-rand-var-dec-freq=''0.001'', sp-resolution=''1'', sp-restart-inc='1.5', sp-update-dec-queue=''1'', sp-use-pure-literal-rule=''1'', sp-var-activity-inc='1.2403708381379805', sp-var-dec-heur=''0'', sp-variable-decay='1.4324778432621699', sp-max-res-lit-inc='1.0', sp-max-res-runs='4', sp-rand-phase-dec-freq=''0.001'', sp-rand-var-dec-scaling='1.0', sp-res-cutoff-cls='8', sp-res-cutoff-lits='400', sp-res-order-heur=''0'', sp-rand-phase-scaling='0.779241095899164'
481.004000, 0.038733, 1060.957139, 15, 579.953139, sp-clause-activity-inc='0.9499610009599535', sp-clause-decay='1.4150028094006368', sp-clause-del-heur=''2'', sp-first-restart='100', sp-learned-clause-sort-heur=''0'', sp-learned-clauses-inc='1.3', sp-learned-size-factor='0.39999999999999997', sp-orig-clause-sort-heur=''0'', sp-phase-dec-heur=''5'', sp-rand-var-dec-freq=''0.001'', sp-resolution=''1'', sp-restart-inc='1.5', sp-update-dec-queue=''1'', sp-use-pure-literal-rule=''1'', sp-var-activity-inc='1.3410676435425524', sp-var-dec-heur=''0'', sp-variable-decay='1.5099804386716598', sp-max-res-lit-inc='1.0', sp-max-res-runs='4', sp-rand-phase-dec-freq=''0.001'', sp-rand-var-dec-scaling='1.0', sp-res-cutoff-cls='8', sp-res-cutoff-lits='400', sp-res-order-heur=''0'', sp-rand-phase-scaling='0.7509604924352337'
504.980000, 0.035467, 1133.426203, 16, 628.446203, sp-clause-activity-inc='0.9487895228581686', sp-clause-decay='1.1592080149915953', sp-clause-del-heur=''2'', sp-first-restart='100', sp-learned-clause-sort-heur=''0'', sp-learned-clauses-inc='1.3', sp-learned-size-factor='0.39999999999999997', sp-orig-clause-sort-heur=''0'', sp-phase-dec-heur=''5'', sp-rand-var-dec-freq=''0.001'', sp-resolution=''1'', sp-restart-inc='1.5', sp-update-dec-queue=''1'', sp-use-pure-literal-rule=''1'', sp-var-activity-inc='1.2867205006081637', sp-var-dec-heur=''0'', sp-variable-decay='1.4958415806988352', sp-max-res-lit-inc='1.0', sp-max-res-runs='4', sp-rand-phase-dec-freq=''0.001'', sp-rand-var-dec-scaling='1.0', sp-res-cutoff-cls='8', sp-res-cutoff-lits='400', sp-res-order-heur=''0'', sp-rand-phase-scaling='0.779241095899164'
553.888000, 0.030296, 1287.074310, 18, 733.186310, sp-clause-activity-inc='1.0229042189608597', sp-clause-decay='1.2795923078115314', sp-clause-del-heur=''2'', sp-first-restart='100', sp-learned-clause-sort-heur=''0'', sp-learned-clauses-inc='1.3', sp-learned-size-factor='0.39999999999999997', sp-orig-clause-sort-heur=''0'', sp-phase-dec-heur=''2'', sp-rand-var-dec-freq=''0.001'', sp-resolution=''1'', sp-restart-inc='1.5', sp-update-dec-queue=''1'', sp-use-pure-literal-rule=''1'', sp-var-activity-inc='1.0897050272794142', sp-var-dec-heur=''0'', sp-variable-decay='1.4230426554323232', sp-max-res-lit-inc='1.0', sp-max-res-runs='4', sp-rand-var-dec-scaling='1.0', sp-res-cutoff-cls='8', sp-res-cutoff-lits='400', sp-res-order-heur=''0''
672.892000, 0.025078, 1653.614145, 22, 980.722145, sp-clause-activity-inc='0.9858665403550537', sp-clause-decay='1.3155050612904042', sp-clause-del-heur=''2'', sp-first-restart='100', sp-learned-clause-sort-heur=''0'', sp-learned-clauses-inc='1.3', sp-learned-size-factor='0.39999999999999997', sp-orig-clause-sort-heur=''0'', sp-phase-dec-heur=''6'', sp-rand-var-dec-freq=''0.001'', sp-resolution=''1'', sp-restart-inc='1.5', sp-update-dec-queue=''1'', sp-use-pure-literal-rule=''0'', sp-var-activity-inc='1.1545490247824746', sp-var-dec-heur=''0'', sp-variable-decay='1.480453071558286', sp-max-res-lit-inc='1.0', sp-max-res-runs='4', sp-rand-phase-dec-freq=''0.001'', sp-rand-var-dec-scaling='1.0', sp-res-cutoff-cls='8', sp-res-cutoff-lits='400', sp-res-order-heur=''0'', sp-rand-phase-scaling='0.9277143241521568'
1110.728000, 0.022895, 2853.556998, 33, 1742.828998, sp-clause-activity-inc='0.9933796535789625', sp-clause-decay='1.1576141566845985', sp-clause-del-heur=''2'', sp-first-restart='100', sp-learned-clause-sort-heur=''0'', sp-learned-clauses-inc='1.3', sp-learned-size-factor='0.39999999999999997', sp-orig-clause-sort-heur=''0'', sp-phase-dec-heur=''1'', sp-rand-var-dec-freq=''0.001'', sp-resolution=''1'', sp-restart-inc='1.5', sp-update-dec-queue=''1'', sp-use-pure-literal-rule=''0'', sp-var-activity-inc='1.0763276419663468', sp-var-dec-heur=''0'', sp-variable-decay='1.433177942010986', sp-max-res-lit-inc='1.0', sp-max-res-runs='4', sp-rand-phase-dec-freq=''0.01'', sp-rand-var-dec-scaling='1.0', sp-res-cutoff-cls='8', sp-res-cutoff-lits='400', sp-res-order-heur=''0'', sp-rand-phase-scaling='0.7870143397176541'
1196.336000, 0.020612, 3074.560927, 35, 1878.224927, sp-clause-activity-inc='1.0', sp-clause-decay='1.1728799262581313', sp-clause-del-heur=''2'', sp-first-restart='100', sp-learned-clause-sort-heur=''0'', sp-learned-clauses-inc='1.3', sp-learned-size-factor='0.39999999999999997', sp-orig-clause-sort-heur=''0'', sp-phase-dec-heur=''1'', sp-rand-var-dec-freq=''0.001'', sp-resolution=''1'', sp-restart-inc='1.5', sp-update-dec-queue=''1'', sp-use-pure-literal-rule=''0'', sp-var-activity-inc='1.0640438859062231', sp-var-dec-heur=''0'', sp-variable-decay='1.418605928592516', sp-max-res-lit-inc='1.0', sp-max-res-runs='4', sp-rand-phase-dec-freq=''0.05'', sp-rand-var-dec-scaling='1.0', sp-res-cutoff-cls='8', sp-res-cutoff-lits='400', sp-res-order-heur=''0'', sp-rand-phase-scaling='0.8861400535846073'
1400.256000, 0.019024, 3568.197546, 39, 2167.941546, sp-clause-activity-inc='1.2849477454793048', sp-clause-decay='1.1561635833421924', sp-clause-del-heur=''0'', sp-first-restart='100', sp-learned-clause-sort-heur=''0'', sp-learned-clauses-inc='1.3', sp-learned-size-factor='0.39999999999999997', sp-orig-clause-sort-heur=''0'', sp-phase-dec-heur=''1'', sp-rand-var-dec-freq=''0.001'', sp-resolution=''1'', sp-restart-inc='1.5', sp-update-dec-queue=''1'', sp-use-pure-literal-rule=''0'', sp-var-activity-inc='0.91925820203472', sp-var-dec-heur=''0'', sp-variable-decay='1.2453364344588411', sp-max-res-lit-inc='1.0', sp-max-res-runs='4', sp-rand-phase-dec-freq=''0.005'', sp-rand-var-dec-scaling='1.0', sp-res-cutoff-cls='8', sp-res-cutoff-lits='400', sp-res-order-heur=''0'', sp-rand-phase-scaling='0.9195355726128747'
1441.804000, 0.016619, 3674.891029, 40, 2233.087029, sp-clause-activity-inc='0.9697317528516135', sp-clause-decay='1.2744376290228416', sp-clause-del-heur=''2'', sp-first-restart='100', sp-learned-clause-sort-heur=''0'', sp-learned-clauses-inc='1.3', sp-learned-size-factor='0.39999999999999997', sp-orig-clause-sort-heur=''0'', sp-phase-dec-heur=''6'', sp-rand-var-dec-freq=''0.001'', sp-resolution=''1'', sp-restart-inc='1.5', sp-update-dec-queue=''1'', sp-use-pure-literal-rule=''0'', sp-var-activity-inc='1.0823445617314418', sp-var-dec-heur=''0'', sp-variable-decay='1.0920606707608909', sp-max-res-lit-inc='1.0', sp-max-res-runs='4', sp-rand-phase-dec-freq=''0.01'', sp-rand-var-dec-scaling='1.0', sp-res-cutoff-cls='8', sp-res-cutoff-lits='400', sp-res-order-heur=''0'', sp-rand-phase-scaling='0.8038255616190044'
2137.642000, 0.014788, 5412.804125, 52, 3275.162125, sp-clause-activity-inc='1.459363732102148', sp-clause-decay='1.3884126559282872', sp-clause-del-heur=''2'', sp-first-restart='100', sp-learned-clause-sort-heur=''14'', sp-learned-clauses-inc='1.2959727769071516', sp-learned-size-factor='0.39999999999999997', sp-orig-clause-sort-heur=''0'', sp-phase-dec-heur=''6'', sp-rand-var-dec-freq=''0.001'', sp-resolution=''1'', sp-restart-inc='1.5', sp-update-dec-queue=''1'', sp-use-pure-literal-rule=''0'', sp-var-activity-inc='1.1324122190924966', sp-var-dec-heur=''0'', sp-variable-decay='1.4688318358177608', sp-max-res-lit-inc='1.0', sp-max-res-runs='4', sp-rand-phase-dec-freq=''0.01'', sp-rand-var-dec-scaling='1.0', sp-res-cutoff-cls='8', sp-res-cutoff-lits='400', sp-res-order-heur=''0'', sp-rand-phase-scaling='0.7656707264585985'
2592.110000, 0.013217, 6519.453311, 59, 3927.343311, sp-clause-activity-inc='1.0349529522575127', sp-clause-decay='1.3015534838330287', sp-clause-del-heur=''2'', sp-first-restart='100', sp-learned-clause-sort-heur=''4'', sp-learned-clauses-inc='1.3', sp-learned-size-factor='0.39999999999999997', sp-orig-clause-sort-heur=''0'', sp-phase-dec-heur=''1'', sp-rand-var-dec-freq=''0.0001'', sp-resolution=''1'', sp-restart-inc='1.5', sp-update-dec-queue=''1'', sp-use-pure-literal-rule=''1'', sp-var-activity-inc='1.0807956294571308', sp-var-dec-heur=''0'', sp-variable-decay='1.4426961214220655', sp-max-res-lit-inc='1.0', sp-max-res-runs='4', sp-rand-phase-dec-freq=''0.01'', sp-rand-var-dec-scaling='0.6399311627267545', sp-res-cutoff-cls='8', sp-res-cutoff-lits='400', sp-res-order-heur=''0'', sp-rand-phase-scaling='0.8168691406762083'
2723.458000, 0.012770, 6861.964945, 61, 4138.506945, sp-clause-activity-inc='0.9968497714881652', sp-clause-decay='1.3476466796070306', sp-clause-del-heur=''2'', sp-first-restart='100', sp-learned-clause-sort-heur=''14'', sp-learned-clauses-inc='1.3', sp-learned-size-factor='0.39999999999999997', sp-orig-clause-sort-heur=''0'', sp-phase-dec-heur=''1'', sp-rand-var-dec-freq=''0.0001'', sp-resolution=''1'', sp-restart-inc='1.5', sp-update-dec-queue=''1'', sp-use-pure-literal-rule=''1'', sp-var-activity-inc='1.0689720914706258', sp-var-dec-heur=''0'', sp-variable-decay='1.49514785924598', sp-max-res-lit-inc='1.0', sp-max-res-runs='4', sp-rand-phase-dec-freq=''0.05'', sp-rand-var-dec-scaling='0.7307174432679846', sp-res-cutoff-cls='8', sp-res-cutoff-lits='400', sp-res-order-heur=''0'', sp-rand-phase-scaling='0.7870143397176541'
2934.034000, 0.011240, 7388.974834, 64, 4454.940834, sp-clause-activity-inc='0.9835643465037149', sp-clause-decay='1.39361057918499', sp-clause-del-heur=''1'', sp-first-restart='100', sp-learned-clause-sort-heur=''4'', sp-learned-clauses-inc='1.3', sp-learned-size-factor='0.39999999999999997', sp-orig-clause-sort-heur=''0'', sp-phase-dec-heur=''1'', sp-rand-var-dec-freq=''0.001'', sp-resolution=''1'', sp-restart-inc='1.5', sp-update-dec-queue=''1'', sp-use-pure-literal-rule=''0'', sp-var-activity-inc='1.0807956294571308', sp-var-dec-heur=''0'', sp-variable-decay='1.5788719059513372', sp-max-res-lit-inc='1.0', sp-max-res-runs='4', sp-rand-phase-dec-freq=''0.001'', sp-rand-var-dec-scaling='0.6687442062574015', sp-res-cutoff-cls='8', sp-res-cutoff-lits='400', sp-res-order-heur=''0'', sp-rand-phase-scaling='0.963241661641189'
2995.582000, 0.010942, 7553.437203, 65, 4557.855203, sp-clause-activity-inc='0.9835643465037149', sp-clause-decay='1.39361057918499', sp-clause-del-heur=''1'', sp-first-restart='100', sp-learned-clause-sort-heur=''4'', sp-learned-clauses-inc='1.3', sp-learned-size-factor='0.39999999999999997', sp-orig-clause-sort-heur=''0'', sp-phase-dec-heur=''1'', sp-rand-var-dec-freq=''0.001'', sp-resolution=''1'', sp-restart-inc='1.5', sp-update-dec-queue=''1'', sp-use-pure-literal-rule=''0'', sp-var-activity-inc='1.0807956294571308', sp-var-dec-heur=''0'', sp-variable-decay='1.5788719059513372', sp-max-res-lit-inc='1.0', sp-max-res-runs='4', sp-rand-phase-dec-freq=''0.001'', sp-rand-var-dec-scaling='0.6687442062574015', sp-res-cutoff-cls='8', sp-res-cutoff-lits='454', sp-res-order-heur=''0'', sp-rand-phase-scaling='0.963241661641189'
3363.566000, 0.010527, 8443.522717, 70, 5079.956717, sp-clause-activity-inc='0.9835643465037149', sp-clause-decay='1.39361057918499', sp-clause-del-heur=''1'', sp-first-restart='100', sp-learned-clause-sort-heur=''4'', sp-learned-clauses-inc='1.3', sp-learned-size-factor='0.39999999999999997', sp-orig-clause-sort-heur=''0'', sp-phase-dec-heur=''1'', sp-rand-var-dec-freq=''0.001'', sp-resolution=''1'', sp-restart-inc='1.5', sp-update-dec-queue=''1'', sp-use-pure-literal-rule=''1'', sp-var-activity-inc='1.0807956294571308', sp-var-dec-heur=''0'', sp-variable-decay='1.839013760402419', sp-max-res-lit-inc='1.0', sp-max-res-runs='4', sp-rand-phase-dec-freq=''0.001'', sp-rand-var-dec-scaling='0.6687442062574015', sp-res-cutoff-cls='8', sp-res-cutoff-lits='515', sp-res-order-heur=''0'', sp-rand-phase-scaling='0.963241661641189'
3429.446000, 0.010041, 8614.210295, 71, 5184.764295, sp-clause-activity-inc='0.9891689486351741', sp-clause-decay='1.5142728125729272', sp-clause-del-heur=''2'', sp-first-restart='100', sp-learned-clause-sort-heur=''4'', sp-learned-clauses-inc='1.3000509828691673', sp-learned-size-factor='0.39999999999999997', sp-orig-clause-sort-heur=''0'', sp-phase-dec-heur=''1'', sp-rand-var-dec-freq=''0.001'', sp-resolution=''1'', sp-restart-inc='1.5', sp-update-dec-queue=''1'', sp-use-pure-literal-rule=''0'', sp-var-activity-inc='1.2500411072224835', sp-var-dec-heur=''0'', sp-variable-decay='1.5787121590000428', sp-max-res-lit-inc='1.0', sp-max-res-runs='4', sp-rand-phase-dec-freq=''0.001'', sp-rand-var-dec-scaling='0.3972871419185541', sp-res-cutoff-cls='8', sp-res-cutoff-lits='431', sp-res-order-heur=''0'', sp-rand-phase-scaling='0.9634297088196864'
4342.018000, 0.009812, 10608.185229, 82, 6266.167229, sp-clause-activity-inc='0.9835643465037149', sp-clause-decay='1.3366116158266548', sp-clause-del-heur=''1'', sp-first-restart='100', sp-learned-clause-sort-heur=''4'', sp-learned-clauses-inc='1.3389239699274218', sp-learned-size-factor='0.39999999999999997', sp-orig-clause-sort-heur=''0'', sp-phase-dec-heur=''1'', sp-rand-var-dec-freq=''0.0001'', sp-resolution=''1'', sp-restart-inc='1.5', sp-update-dec-queue=''1'', sp-use-pure-literal-rule=''0'', sp-var-activity-inc='1.135101724371119', sp-var-dec-heur=''0'', sp-variable-decay='1.5788719059513372', sp-max-res-lit-inc='1.0', sp-max-res-runs='4', sp-rand-phase-dec-freq=''0.001'', sp-rand-var-dec-scaling='0.4012738952404972', sp-res-cutoff-cls='8', sp-res-cutoff-lits='400', sp-res-order-heur=''0'', sp-rand-phase-scaling='0.8772259104202162'
4898.190000, 0.009442, 11757.795320, 88, 6859.605320, sp-clause-activity-inc='0.9835643465037149', sp-clause-decay='1.3875853894793133', sp-clause-del-heur=''1'', sp-first-restart='100', sp-learned-clause-sort-heur=''17'', sp-learned-clauses-inc='1.2749762446411983', sp-learned-size-factor='0.39999999999999997', sp-orig-clause-sort-heur=''0'', sp-phase-dec-heur=''1'', sp-rand-var-dec-freq=''0.001'', sp-resolution=''0'', sp-restart-inc='1.5', sp-update-dec-queue=''1'', sp-use-pure-literal-rule=''0'', sp-var-activity-inc='1.135101724371119', sp-var-dec-heur=''5'', sp-variable-decay='1.5788719059513372', sp-rand-phase-dec-freq=''0.001'', sp-rand-var-dec-scaling='0.3617328307173448', sp-rand-phase-scaling='0.7751262923004295'
5197.362000, 0.009079, 12337.254822, 91, 7139.892822, sp-clause-activity-inc='0.9775067451173582', sp-clause-decay='1.3042776134827867', sp-clause-del-heur=''1'', sp-first-restart='100', sp-learned-clause-sort-heur=''2'', sp-learned-clauses-inc='1.2985311229239003', sp-learned-size-factor='0.39999999999999997', sp-orig-clause-sort-heur=''0'', sp-phase-dec-heur=''1'', sp-rand-var-dec-freq=''0.001'', sp-resolution=''0'', sp-restart-inc='1.5', sp-update-dec-queue=''1'', sp-use-pure-literal-rule=''0'', sp-var-activity-inc='1.0807956294571308', sp-var-dec-heur=''0'', sp-variable-decay='1.5788719059513372', sp-rand-phase-dec-freq=''0.001'', sp-rand-var-dec-scaling='0.6687442062574015', sp-rand-phase-scaling='0.9692216238052747'
5908.034000, 0.008792, 13694.249282, 98, 7786.215282, sp-clause-activity-inc='0.9861840617458092', sp-clause-decay='1.378174627867793', sp-clause-del-heur=''1'', sp-first-restart='100', sp-learned-clause-sort-heur=''4'', sp-learned-clauses-inc='1.3', sp-learned-size-factor='0.39999999999999997', sp-orig-clause-sort-heur=''0'', sp-phase-dec-heur=''1'', sp-rand-var-dec-freq=''0.001'', sp-resolution=''0'', sp-restart-inc='1.5', sp-update-dec-queue=''1'', sp-use-pure-literal-rule=''0'', sp-var-activity-inc='1.0807956294571308', sp-var-dec-heur=''0'', sp-variable-decay='1.5788719059513372', sp-rand-phase-dec-freq=''0.001'', sp-rand-var-dec-scaling='0.6687442062574015', sp-rand-phase-scaling='0.963241661641189'
6009.626000, 0.008551, 13876.907912, 99, 7867.281912, sp-clause-activity-inc='0.9861840617458092', sp-clause-decay='1.378174627867793', sp-clause-del-heur=''1'', sp-first-restart='100', sp-learned-clause-sort-heur=''4'', sp-learned-clauses-inc='1.3', sp-learned-size-factor='0.39999999999999997', sp-orig-clause-sort-heur=''0'', sp-phase-dec-heur=''1'', sp-rand-var-dec-freq=''0.001'', sp-resolution=''0'', sp-restart-inc='1.5', sp-update-dec-queue=''1'', sp-use-pure-literal-rule=''0'', sp-var-activity-inc='1.0807956294571308', sp-var-dec-heur=''0'', sp-variable-decay='1.5788719059513372', sp-rand-phase-dec-freq=''0.0001'', sp-rand-var-dec-scaling='0.6687442062574015', sp-rand-phase-scaling='0.963241661641189'
6214.046000, 0.007799, 14269.450916, 101, 8055.404916, sp-clause-activity-inc='0.9885614278323922', sp-clause-decay='1.4015813342553411', sp-clause-del-heur=''1'', sp-first-restart='100', sp-learned-clause-sort-heur=''4'', sp-learned-clauses-inc='1.4037623992481965', sp-learned-size-factor='0.39999999999999997', sp-orig-clause-sort-heur=''0'', sp-phase-dec-heur=''1'', sp-rand-var-dec-freq=''0.0001'', sp-resolution=''0'', sp-restart-inc='1.5', sp-update-dec-queue=''1'', sp-use-pure-literal-rule=''0'', sp-var-activity-inc='1.0807956294571308', sp-var-dec-heur=''0'', sp-variable-decay='1.5788719059513372', sp-rand-phase-dec-freq=''0.001'', sp-rand-var-dec-scaling='0.6687442062574015', sp-rand-phase-scaling='0.9899321395585419'
7478.716000, 0.007642, 16664.294540, 112, 9185.578540, sp-clause-activity-inc='0.9885614278323922', sp-clause-decay='1.4015813342553411', sp-clause-del-heur=''1'', sp-first-restart='115', sp-learned-clause-sort-heur=''4'', sp-learned-clauses-inc='1.3004319921835437', sp-learned-size-factor='0.5010666956131383', sp-orig-clause-sort-heur=''0'', sp-phase-dec-heur=''1'', sp-rand-var-dec-freq=''0.01'', sp-resolution=''0'', sp-restart-inc='1.5', sp-update-dec-queue=''1'', sp-use-pure-literal-rule=''0'', sp-var-activity-inc='1.0807956294571308', sp-var-dec-heur=''0'', sp-variable-decay='1.5788719059513372', sp-rand-phase-dec-freq=''0.001'', sp-rand-var-dec-scaling='0.6481594817503529', sp-rand-phase-scaling='0.9899321395585419'
7593.112000, 0.007561, 16877.630997, 113, 9284.518997, sp-clause-activity-inc='0.9900836938671428', sp-clause-decay='1.3329343094389454', sp-clause-del-heur=''1'', sp-first-restart='113', sp-learned-clause-sort-heur=''4'', sp-learned-clauses-inc='1.2994369470416118', sp-learned-size-factor='0.39999999999999997', sp-orig-clause-sort-heur=''0'', sp-phase-dec-heur=''1'', sp-rand-var-dec-freq=''0'', sp-resolution=''0'', sp-restart-inc='1.5', sp-update-dec-queue=''1'', sp-use-pure-literal-rule=''0'', sp-var-activity-inc='1.0936457551104746', sp-var-dec-heur=''5'', sp-variable-decay='1.5788719059513372', sp-rand-phase-dec-freq=''0.001'', sp-rand-phase-scaling='0.963241661641189'
7935.060000, 0.006588, 17531.675643, 116, 9596.615643, sp-clause-activity-inc='1.0631095118919491', sp-clause-decay='1.3042776134827867', sp-clause-del-heur=''1'', sp-first-restart='133', sp-learned-clause-sort-heur=''11'', sp-learned-clauses-inc='1.4288821528543227', sp-learned-size-factor='0.39999999999999997', sp-orig-clause-sort-heur=''0'', sp-phase-dec-heur=''1'', sp-rand-var-dec-freq=''0.001'', sp-resolution=''0'', sp-restart-inc='1.5', sp-update-dec-queue=''1'', sp-use-pure-literal-rule=''1'', sp-var-activity-inc='1.0807956294571308', sp-var-dec-heur=''5'', sp-variable-decay='1.5788719059513372', sp-rand-phase-dec-freq=''0.0001'', sp-rand-var-dec-scaling='0.6329551778314709', sp-rand-phase-scaling='0.9626166037442245'
