"CPU Time Used","Estimated Training Performance","Wallclock Time","Incumbent ID","Automatic Configurator (CPU) Time","Configuration..."
0.000000, 2147483648.000000, 0.001418, 1, 0.001418, adaptive=''1'', clausepen=''1'', performrandomwalk=''0'', singleclause=''1'', tabusearch=''0'', adaptivenoisescheme=''1'', adaptwalkprob=''0'', heuristic=''2'', promisinglist=''1'', ps='0.4', selectclause=''1'', smoothingscheme=''1'', adaptiveprom=''0'', decreasingvariable=''3'', performalternatenovelty=''1'', phi='5', theta='6', updateschemepromlist=''3'', wp='0.01', CONadaptpromwalkprob=''0''
0.032000, 0.032000, 0.546668, 1, 0.514668, adaptive=''1'', clausepen=''1'', performrandomwalk=''0'', singleclause=''1'', tabusearch=''0'', adaptivenoisescheme=''1'', adaptwalkprob=''0'', heuristic=''2'', promisinglist=''1'', ps='0.4', selectclause=''1'', smoothingscheme=''1'', adaptiveprom=''0'', decreasingvariable=''3'', performalternatenovelty=''1'', phi='5', theta='6', updateschemepromlist=''3'', wp='0.01', CONadaptpromwalkprob=''0''
9.128000, 0.003868, 20.050606, 2, 10.922606, adaptive=''1'', clausepen=''2'', performrandomwalk=''1'', singleclause=''0'', tabusearch=''0'', DLSscoringmeasure=''1'', DLStiebreaking=''3'', adaptivenoisescheme=''2'', randomwalk=''1'', rwp='0.07675195056328697'
9.496000, 0.002556, 26.864317, 3, 17.368317, adaptive=''1'', clausepen=''2'', performrandomwalk=''1'', singleclause=''0'', tabusearch=''1'', DLSscoringmeasure=''1'', DLStiebreaking=''3'', adaptivenoisescheme=''1'', randomwalk=''1'', tabu='7', rwp='0.07467904501015507'
1651.464000, 0.001222, 2612.261127, 27, 960.797127, adaptive=''0'', clausepen=''0'', performrandomwalk=''0'', singleclause=''1'', tabusearch=''1'', CONadaptwalkprob=''0'', CONselectclause=''1'', c='0.026649284414875792', heuristic=''13'', promisinglist=''1'', s='0.005499344648247847', tabu='3', CONdp='0.07695621002471188', adaptiveprom=''1'', decreasingvariable=''3'', novnoise='0.10093326345360953', performalternatenovelty=''1'', updateschemepromlist=''1'', adaptpromwalkprob=''1''
1877.260000, 0.000959, 3027.582092, 32, 1150.322092, adaptive=''1'', clausepen=''2'', performrandomwalk=''1'', singleclause=''0'', tabusearch=''1'', DLSscoringmeasure=''1'', DLStiebreaking=''4'', adaptivenoisescheme=''2'', randomwalk=''5'', tabu='3', rfp='0.10242061670119224'
