{"total_cpu_time": null, "wallclock_time": 0.0014183521270751953, "incumbent": ["adaptive=''1''", "clausepen=''1''", "performrandomwalk=''0''", "singleclause=''1''", "tabusearch=''0''", "adaptivenoisescheme=''1''", "adaptwalkprob=''0''", "heuristic=''2''", "promisinglist=''1''", "ps='0.4'", "selectclause=''1''", "smoothingscheme=''1''", "adaptiveprom=''0''", "decreasingvariable=''3''", "performalternatenovelty=''1''", "phi='5'", "theta='6'", "updateschemepromlist=''3''", "wp='0.01'", "CONadaptpromwalkprob=''0''"], "cpu_time": 0, "cost": 2147483648, "evaluations": 0}
{"total_cpu_time": null, "wallclock_time": 0.5466675758361816, "incumbent": ["adaptive=''1''", "clausepen=''1''", "performrandomwalk=''0''", "singleclause=''1''", "tabusearch=''0''", "adaptivenoisescheme=''1''", "adaptwalkprob=''0''", "heuristic=''2''", "promisinglist=''1''", "ps='0.4'", "selectclause=''1''", "smoothingscheme=''1''", "adaptiveprom=''0''", "decreasingvariable=''3''", "performalternatenovelty=''1''", "phi='5'", "theta='6'", "updateschemepromlist=''3''", "wp='0.01'", "CONadaptpromwalkprob=''0''"], "cpu_time": 0.032, "cost": 0.032, "evaluations": 1}
{"total_cpu_time": null, "wallclock_time": 20.05060577392578, "incumbent": ["adaptive=''1''", "clausepen=''2''", "performrandomwalk=''1''", "singleclause=''0''", "tabusearch=''0''", "DLSscoringmeasure=''1''", "DLStiebreaking=''3''", "adaptivenoisescheme=''2''", "randomwalk=''1''", "rwp='0.07675195056328697'"], "cpu_time": 9.128000000000007, "cost": 0.003867768595041322, "evaluations": 21}
{"total_cpu_time": null, "wallclock_time": 26.864316940307617, "incumbent": ["adaptive=''1''", "clausepen=''2''", "performrandomwalk=''1''", "singleclause=''0''", "tabusearch=''1''", "DLSscoringmeasure=''1''", "DLStiebreaking=''3''", "adaptivenoisescheme=''1''", "randomwalk=''1''", "tabu='7'", "rwp='0.07467904501015507'"], "cpu_time": 9.496000000000013, "cost": 0.002555555555555556, "evaluations": 33}
{"total_cpu_time": null, "wallclock_time": 2612.2611272335052, "incumbent": ["adaptive=''0''", "clausepen=''0''", "performrandomwalk=''0''", "singleclause=''1''", "tabusearch=''1''", "CONadaptwalkprob=''0''", "CONselectclause=''1''", "c='0.026649284414875792'", "heuristic=''13''", "promisinglist=''1''", "s='0.005499344648247847'", "tabu='3'", "CONdp='0.07695621002471188'", "adaptiveprom=''1''", "decreasingvariable=''3''", "novnoise='0.10093326345360953'", "performalternatenovelty=''1''", "updateschemepromlist=''1''", "adaptpromwalkprob=''1''"], "cpu_time": 1651.4640000000009, "cost": 0.0012222222222222228, "evaluations": 621}
{"total_cpu_time": null, "wallclock_time": 3027.582091808319, "incumbent": ["adaptive=''1''", "clausepen=''2''", "performrandomwalk=''1''", "singleclause=''0''", "tabusearch=''1''", "DLSscoringmeasure=''1''", "DLStiebreaking=''4''", "adaptivenoisescheme=''2''", "randomwalk=''5''", "tabu='3'", "rfp='0.10242061670119224'"], "cpu_time": 1877.2600000000014, "cost": 0.0009589530041641883, "evaluations": 816}
