"CPU Time Used","Estimated Training Performance","Wallclock Time","Incumbent ID","Automatic Configurator (CPU) Time","Configuration..."
0.000000, 2147483648.000000, 0.001491, 1, 0.001491, adaptive=''1'', clausepen=''1'', performrandomwalk=''0'', singleclause=''1'', tabusearch=''0'', adaptivenoisescheme=''1'', adaptwalkprob=''0'', heuristic=''2'', promisinglist=''1'', ps='0.4', selectclause=''1'', smoothingscheme=''1'', adaptiveprom=''0'', decreasingvariable=''3'', performalternatenovelty=''1'', phi='5', theta='6', updateschemepromlist=''3'', wp='0.01', CONadaptpromwalkprob=''0''
1.976000, 1.976000, 2.534482, 1, 0.558482, adaptive=''1'', clausepen=''1'', performrandomwalk=''0'', singleclause=''1'', tabusearch=''0'', adaptivenoisescheme=''1'', adaptwalkprob=''0'', heuristic=''2'', promisinglist=''1'', ps='0.4', selectclause=''1'', smoothingscheme=''1'', adaptiveprom=''0'', decreasingvariable=''3'', performalternatenovelty=''1'', phi='5', theta='6', updateschemepromlist=''3'', wp='0.01', CONadaptpromwalkprob=''0''
3.800000, 0.003200, 8.641716, 2, 4.841716, adaptive=''1'', clausepen=''1'', performrandomwalk=''0'', singleclause=''1'', tabusearch=''1'', adaptivenoisescheme=''1'', adaptwalkprob=''0'', heuristic=''3'', promisinglist=''1'', ps='0.23177763390093095', selectclause=''1'', smoothingscheme=''2'', tabu='14', adaptiveprom=''1'', decreasingvariable=''6'', dp='0.13932553207622533', performalternatenovelty=''0'', phi='10', theta='6', updateschemepromlist=''1'', adaptpromwalkprob=''0''
14.312000, 0.003124, 37.421401, 7, 23.109401, adaptive=''1'', clausepen=''2'', performrandomwalk=''0'', singleclause=''0'', tabusearch=''1'', DLSscoringmeasure=''1'', DLStiebreaking=''3'', adaptivenoisescheme=''1'', tabu='2'
48.886000, 0.002933, 69.641674, 10, 20.755674, adaptive=''1'', clausepen=''1'', performrandomwalk=''1'', singleclause=''1'', tabusearch=''1'', adaptivenoisescheme=''2'', adaptwalkprob=''1'', heuristic=''9'', promisinglist=''0'', ps='0.47108699739997917', randomwalk=''1'', selectclause=''1'', smoothingscheme=''2'', tabu='2', phi='7', rwp='0.06108462902446838', theta='7'
231.122000, 0.002604, 237.933989, 19, 6.811989, adaptive=''1'', clausepen=''2'', performrandomwalk=''1'', singleclause=''0'', tabusearch=''1'', DLSscoringmeasure=''3'', DLStiebreaking=''2'', adaptivenoisescheme=''1'', randomwalk=''1'', tabu='12', rwp='0.07167617821450079'
389.566000, 0.001462, 407.845099, 32, 18.279099, adaptive=''0'', clausepen=''1'', performrandomwalk=''0'', singleclause=''0'', tabusearch=''1'', DLSscoringmeasure=''3'', DLStiebreaking=''3'', smoothingscheme=''1'', tabu='20', DLSalpha='1.378606755615162', DLSps='0.010434555315731564', DLSrho='0.7391521576020036', DLSsapsthresh='-0.1623960012307102', DLSwp='0.01605954496660532'
875.606000, 0.001041, 805.628602, 42, -69.977398, adaptive=''0'', clausepen=''1'', performrandomwalk=''1'', singleclause=''0'', tabusearch=''1'', DLSscoringmeasure=''3'', DLStiebreaking=''2'', randomwalk=''5'', smoothingscheme=''1'', tabu='4', DLSalpha='1.209601687817347', DLSps='0.01087627691883817', DLSrho='0.9241366084991437', DLSsapsthresh='-0.21253252016334942', DLSwp='0.019757630510853084', rfp='0.0831554263352325'
1350.974000, 0.000744, 1284.336474, 66, -66.637526, adaptive=''0'', clausepen=''2'', performrandomwalk=''1'', singleclause=''1'', tabusearch=''1'', CONadaptwalkprob=''0'', c='0.01289418393253501', heuristic=''12'', promisinglist=''1'', randomwalk=''1'', s='0.01577154813016738', tabu='17', CONdp='0.052810706502430506', adaptiveprom=''1'', decreasingvariable=''11'', novnoise='0.1395452933400087', performalternatenovelty=''0'', rwp='0.06591743883658792', updateschemepromlist=''1'', adaptpromwalkprob=''0'', promphi='6', promtheta='3', promwp='0.14062000784603038'
3309.922000, 0.000590, 2952.987291, 100, -356.934709, adaptive=''1'', clausepen=''2'', performrandomwalk=''1'', singleclause=''0'', tabusearch=''0'', DLSscoringmeasure=''1'', DLStiebreaking=''1'', adaptivenoisescheme=''1'', randomwalk=''1'', rwp='0.03272833366038558'
3363.950000, 0.000562, 3040.848613, 104, -323.101387, adaptive=''1'', clausepen=''2'', performrandomwalk=''0'', singleclause=''0'', tabusearch=''0'', DLSscoringmeasure=''3'', DLStiebreaking=''4'', adaptivenoisescheme=''2''
