{"cpu_time": 0, "total_cpu_time": null, "cost": 2147483648, "wallclock_time": 0.0014910697937011719, "evaluations": 0, "incumbent": ["adaptive=''1''", "clausepen=''1''", "performrandomwalk=''0''", "singleclause=''1''", "tabusearch=''0''", "adaptivenoisescheme=''1''", "adaptwalkprob=''0''", "heuristic=''2''", "promisinglist=''1''", "ps='0.4'", "selectclause=''1''", "smoothingscheme=''1''", "adaptiveprom=''0''", "decreasingvariable=''3''", "performalternatenovelty=''1''", "phi='5'", "theta='6'", "updateschemepromlist=''3''", "wp='0.01'", "CONadaptpromwalkprob=''0''"]}
{"cpu_time": 1.976, "total_cpu_time": null, "cost": 1.976, "wallclock_time": 2.534482479095459, "evaluations": 1, "incumbent": ["adaptive=''1''", "clausepen=''1''", "performrandomwalk=''0''", "singleclause=''1''", "tabusearch=''0''", "adaptivenoisescheme=''1''", "adaptwalkprob=''0''", "heuristic=''2''", "promisinglist=''1''", "ps='0.4'", "selectclause=''1''", "smoothingscheme=''1''", "adaptiveprom=''0''", "decreasingvariable=''3''", "performalternatenovelty=''1''", "phi='5'", "theta='6'", "updateschemepromlist=''3''", "wp='0.01'", "CONadaptpromwalkprob=''0''"]}
{"cpu_time": 3.8, "total_cpu_time": null, "cost": 0.0032000000000000006, "wallclock_time": 8.641716480255127, "evaluations": 14, "incumbent": ["adaptive=''1''", "clausepen=''1''", "performrandomwalk=''0''", "singleclause=''1''", "tabusearch=''1''", "adaptivenoisescheme=''1''", "adaptwalkprob=''0''", "heuristic=''3''", "promisinglist=''1''", "ps='0.23177763390093095'", "selectclause=''1''", "smoothingscheme=''2''", "tabu='14'", "adaptiveprom=''1''", "decreasingvariable=''6''", "dp='0.13932553207622533'", "performalternatenovelty=''0''", "phi='10'", "theta='6'", "updateschemepromlist=''1''", "adaptpromwalkprob=''0''"]}
{"cpu_time": 14.31199999999999, "total_cpu_time": null, "cost": 0.0031242603550295854, "wallclock_time": 37.42140078544617, "evaluations": 62, "incumbent": ["adaptive=''1''", "clausepen=''2''", "performrandomwalk=''0''", "singleclause=''0''", "tabusearch=''1''", "DLSscoringmeasure=''1''", "DLStiebreaking=''3''", "adaptivenoisescheme=''1''", "tabu='2'"]}
{"cpu_time": 48.88599999999993, "total_cpu_time": null, "cost": 0.002933333333333334, "wallclock_time": 69.64167404174805, "evaluations": 98, "incumbent": ["adaptive=''1''", "clausepen=''1''", "performrandomwalk=''1''", "singleclause=''1''", "tabusearch=''1''", "adaptivenoisescheme=''2''", "adaptwalkprob=''1''", "heuristic=''9''", "promisinglist=''0''", "ps='0.47108699739997917'", "randomwalk=''1''", "selectclause=''1''", "smoothingscheme=''2''", "tabu='2'", "phi='7'", "rwp='0.06108462902446838'", "theta='7'"]}
{"cpu_time": 231.12200000000038, "total_cpu_time": null, "cost": 0.002603878116343491, "wallclock_time": 237.93398928642273, "evaluations": 220, "incumbent": ["adaptive=''1''", "clausepen=''2''", "performrandomwalk=''1''", "singleclause=''0''", "tabusearch=''1''", "DLSscoringmeasure=''3''", "DLStiebreaking=''2''", "adaptivenoisescheme=''1''", "randomwalk=''1''", "tabu='12'", "rwp='0.07167617821450079'"]}
{"cpu_time": 389.5660000000016, "total_cpu_time": null, "cost": 0.0014615384615384623, "wallclock_time": 407.84509897232056, "evaluations": 460, "incumbent": ["adaptive=''0''", "clausepen=''1''", "performrandomwalk=''0''", "singleclause=''0''", "tabusearch=''1''", "DLSscoringmeasure=''3''", "DLStiebreaking=''3''", "smoothingscheme=''1''", "tabu='20'", "DLSalpha='1.378606755615162'", "DLSps='0.010434555315731564'", "DLSrho='0.7391521576020036'", "DLSsapsthresh='-0.1623960012307102'", "DLSwp='0.01605954496660532'"]}
{"cpu_time": 875.606000000002, "total_cpu_time": null, "cost": 0.001040582726326743, "wallclock_time": 805.6286017894745, "evaluations": 672, "incumbent": ["adaptive=''0''", "clausepen=''1''", "performrandomwalk=''1''", "singleclause=''0''", "tabusearch=''1''", "DLSscoringmeasure=''3''", "DLStiebreaking=''2''", "randomwalk=''5''", "smoothingscheme=''1''", "tabu='4'", "DLSalpha='1.209601687817347'", "DLSps='0.01087627691883817'", "DLSrho='0.9241366084991437'", "DLSsapsthresh='-0.21253252016334942'", "DLSwp='0.019757630510853084'", "rfp='0.0831554263352325'"]}
{"cpu_time": 1350.9739999999993, "total_cpu_time": null, "cost": 0.0007441860465116283, "wallclock_time": 1284.3364737033844, "evaluations": 1191, "incumbent": ["adaptive=''0''", "clausepen=''2''", "performrandomwalk=''1''", "singleclause=''1''", "tabusearch=''1''", "CONadaptwalkprob=''0''", "c='0.01289418393253501'", "heuristic=''12''", "promisinglist=''1''", "randomwalk=''1''", "s='0.01577154813016738'", "tabu='17'", "CONdp='0.052810706502430506'", "adaptiveprom=''1''", "decreasingvariable=''11''", "novnoise='0.1395452933400087'", "performalternatenovelty=''0''", "rwp='0.06591743883658792'", "updateschemepromlist=''1''", "adaptpromwalkprob=''0''", "promphi='6'", "promtheta='3'", "promwp='0.14062000784603038'"]}
{"cpu_time": 3309.922000000026, "total_cpu_time": null, "cost": 0.0005900000000000004, "wallclock_time": 2952.987290620804, "evaluations": 2399, "incumbent": ["adaptive=''1''", "clausepen=''2''", "performrandomwalk=''1''", "singleclause=''0''", "tabusearch=''0''", "DLSscoringmeasure=''1''", "DLStiebreaking=''1''", "adaptivenoisescheme=''1''", "randomwalk=''1''", "rwp='0.03272833366038558'"]}
{"cpu_time": 3363.950000000031, "total_cpu_time": null, "cost": 0.0005619146722164416, "wallclock_time": 3040.8486127853394, "evaluations": 2531, "incumbent": ["adaptive=''1''", "clausepen=''2''", "performrandomwalk=''0''", "singleclause=''0''", "tabusearch=''0''", "DLSscoringmeasure=''3''", "DLStiebreaking=''4''", "adaptivenoisescheme=''2''"]}
