{"wallclock_time": 0.0014979839324951172, "evaluations": 0, "cost": 2147483648, "total_cpu_time": null, "cpu_time": 0, "incumbent": ["adaptive=''1''", "clausepen=''1''", "performrandomwalk=''0''", "singleclause=''1''", "tabusearch=''0''", "adaptivenoisescheme=''1''", "adaptwalkprob=''0''", "heuristic=''2''", "promisinglist=''1''", "ps='0.4'", "selectclause=''1''", "smoothingscheme=''1''", "adaptiveprom=''0''", "decreasingvariable=''3''", "performalternatenovelty=''1''", "phi='5'", "theta='6'", "updateschemepromlist=''3''", "wp='0.01'", "CONadaptpromwalkprob=''0''"]}
{"wallclock_time": 2.4912912845611572, "evaluations": 1, "cost": 1.984, "total_cpu_time": null, "cpu_time": 1.984, "incumbent": ["adaptive=''1''", "clausepen=''1''", "performrandomwalk=''0''", "singleclause=''1''", "tabusearch=''0''", "adaptivenoisescheme=''1''", "adaptwalkprob=''0''", "heuristic=''2''", "promisinglist=''1''", "ps='0.4'", "selectclause=''1''", "smoothingscheme=''1''", "adaptiveprom=''0''", "decreasingvariable=''3''", "performalternatenovelty=''1''", "phi='5'", "theta='6'", "updateschemepromlist=''3''", "wp='0.01'", "CONadaptpromwalkprob=''0''"]}
{"wallclock_time": 8.598779439926147, "evaluations": 14, "cost": 0.0032000000000000006, "total_cpu_time": null, "cpu_time": 3.808, "incumbent": ["adaptive=''1''", "clausepen=''1''", "performrandomwalk=''0''", "singleclause=''1''", "tabusearch=''1''", "adaptivenoisescheme=''1''", "adaptwalkprob=''0''", "heuristic=''3''", "promisinglist=''1''", "ps='0.23177763390093095'", "selectclause=''1''", "smoothingscheme=''2''", "tabu='14'", "adaptiveprom=''1''", "decreasingvariable=''6''", "dp='0.13932553207622533'", "performalternatenovelty=''0''", "phi='10'", "theta='6'", "updateschemepromlist=''1''", "adaptpromwalkprob=''0''"]}
{"wallclock_time": 142.55150699615479, "evaluations": 417, "cost": 0.0013913043478260875, "total_cpu_time": null, "cpu_time": 32.4439999999999, "incumbent": ["adaptive=''1''", "clausepen=''1''", "performrandomwalk=''0''", "singleclause=''1''", "tabusearch=''1''", "adaptivenoisescheme=''1''", "adaptwalkprob=''0''", "heuristic=''3''", "promisinglist=''1''", "ps='0.23177763390093095'", "selectclause=''1''", "smoothingscheme=''2''", "tabu='14'", "adaptiveprom=''1''", "decreasingvariable=''6''", "dp='0.13932553207622533'", "performalternatenovelty=''1''", "phi='10'", "theta='6'", "updateschemepromlist=''1''", "adaptpromwalkprob=''0''"]}
{"wallclock_time": 156.70030307769775, "evaluations": 464, "cost": 0.001333333333333334, "total_cpu_time": null, "cpu_time": 33.94799999999974, "incumbent": ["adaptive=''1''", "clausepen=''1''", "performrandomwalk=''0''", "singleclause=''1''", "tabusearch=''1''", "adaptivenoisescheme=''1''", "adaptwalkprob=''0''", "heuristic=''3''", "promisinglist=''1''", "ps='0.21467775093092656'", "selectclause=''1''", "smoothingscheme=''2''", "tabu='14'", "adaptiveprom=''1''", "decreasingvariable=''6''", "dp='0.13932553207622533'", "performalternatenovelty=''1''", "phi='10'", "theta='6'", "updateschemepromlist=''1''", "adaptpromwalkprob=''0''"]}
{"wallclock_time": 379.920170545578, "evaluations": 1146, "cost": 0.0008888888888888893, "total_cpu_time": null, "cpu_time": 72.67599999999773, "incumbent": ["adaptive=''1''", "clausepen=''1''", "performrandomwalk=''0''", "singleclause=''1''", "tabusearch=''1''", "adaptivenoisescheme=''1''", "adaptwalkprob=''0''", "heuristic=''2''", "promisinglist=''1''", "ps='0.21467775093092656'", "selectclause=''1''", "smoothingscheme=''2''", "tabu='14'", "adaptiveprom=''1''", "decreasingvariable=''6''", "performalternatenovelty=''1''", "phi='10'", "theta='6'", "updateschemepromlist=''1''", "wp='0.01'", "adaptpromwalkprob=''0''"]}
{"wallclock_time": 401.92418575286865, "evaluations": 1218, "cost": 0.0008648648648648653, "total_cpu_time": null, "cpu_time": 76.23999999999752, "incumbent": ["adaptive=''1''", "clausepen=''1''", "performrandomwalk=''0''", "singleclause=''1''", "tabusearch=''1''", "adaptivenoisescheme=''1''", "adaptwalkprob=''0''", "heuristic=''3''", "promisinglist=''1''", "ps='0.21467775093092656'", "selectclause=''1''", "smoothingscheme=''2''", "tabu='14'", "adaptiveprom=''1''", "decreasingvariable=''6''", "dp='0.13932553207622533'", "performalternatenovelty=''1''", "phi='10'", "theta='6'", "updateschemepromlist=''1''", "adaptpromwalkprob=''0''"]}
{"wallclock_time": 604.902768611908, "evaluations": 1814, "cost": 0.0007111111111111115, "total_cpu_time": null, "cpu_time": 125.20799999999561, "incumbent": ["adaptive=''1''", "clausepen=''1''", "performrandomwalk=''0''", "singleclause=''1''", "tabusearch=''1''", "adaptivenoisescheme=''1''", "adaptwalkprob=''0''", "heuristic=''3''", "promisinglist=''1''", "ps='0.1478617488526784'", "selectclause=''1''", "smoothingscheme=''2''", "tabu='14'", "adaptiveprom=''1''", "decreasingvariable=''6''", "dp='0.13932553207622533'", "performalternatenovelty=''1''", "phi='10'", "theta='6'", "updateschemepromlist=''1''", "adaptpromwalkprob=''0''"]}
{"wallclock_time": 633.5795204639435, "evaluations": 1890, "cost": 0.0006956521739130437, "total_cpu_time": null, "cpu_time": 136.49199999999607, "incumbent": ["adaptive=''1''", "clausepen=''1''", "performrandomwalk=''0''", "singleclause=''1''", "tabusearch=''1''", "adaptivenoisescheme=''1''", "adaptwalkprob=''0''", "heuristic=''3''", "promisinglist=''1''", "ps='0.21467775093092656'", "selectclause=''1''", "smoothingscheme=''2''", "tabu='14'", "adaptiveprom=''1''", "decreasingvariable=''6''", "dp='0.13932553207622533'", "performalternatenovelty=''1''", "phi='10'", "theta='6'", "updateschemepromlist=''1''", "adaptpromwalkprob=''0''"]}
{"wallclock_time": 949.0106241703033, "evaluations": 2847, "cost": 0.0005714285714285717, "total_cpu_time": null, "cpu_time": 205.50400000000377, "incumbent": ["adaptive=''1''", "clausepen=''1''", "performrandomwalk=''0''", "singleclause=''1''", "tabusearch=''1''", "adaptivenoisescheme=''1''", "adaptwalkprob=''0''", "heuristic=''3''", "promisinglist=''1''", "ps='0.21467775093092656'", "selectclause=''1''", "smoothingscheme=''2''", "tabu='14'", "adaptiveprom=''1''", "decreasingvariable=''6''", "dp='0.13932553207622533'", "performalternatenovelty=''0''", "phi='10'", "theta='6'", "updateschemepromlist=''1''", "adaptpromwalkprob=''0''"]}
{"wallclock_time": 1128.9290194511414, "evaluations": 3398, "cost": 0.0005245901639344265, "total_cpu_time": null, "cpu_time": 241.74400000000784, "incumbent": ["adaptive=''1''", "clausepen=''1''", "performrandomwalk=''0''", "singleclause=''1''", "tabusearch=''1''", "adaptivenoisescheme=''1''", "adaptwalkprob=''0''", "heuristic=''3''", "promisinglist=''1''", "ps='0.21467775093092656'", "selectclause=''1''", "smoothingscheme=''2''", "tabu='14'", "adaptiveprom=''1''", "decreasingvariable=''6''", "dp='0.13932553207622533'", "performalternatenovelty=''1''", "phi='10'", "theta='6'", "updateschemepromlist=''1''", "adaptpromwalkprob=''0''"]}
{"wallclock_time": 1168.165962934494, "evaluations": 3499, "cost": 0.0005161290322580648, "total_cpu_time": null, "cpu_time": 258.74400000000793, "incumbent": ["adaptive=''1''", "clausepen=''1''", "performrandomwalk=''0''", "singleclause=''1''", "tabusearch=''1''", "adaptivenoisescheme=''1''", "adaptwalkprob=''0''", "heuristic=''3''", "promisinglist=''1''", "ps='0.21467775093092656'", "selectclause=''1''", "smoothingscheme=''2''", "tabu='14'", "adaptiveprom=''1''", "decreasingvariable=''6''", "dp='0.13932553207622533'", "performalternatenovelty=''0''", "phi='10'", "theta='6'", "updateschemepromlist=''1''", "adaptpromwalkprob=''0''"]}
{"wallclock_time": 1244.3468384742737, "evaluations": 3751, "cost": 0.0005000000000000002, "total_cpu_time": null, "cpu_time": 266.80800000000346, "incumbent": ["adaptive=''1''", "clausepen=''1''", "performrandomwalk=''0''", "singleclause=''1''", "tabusearch=''1''", "adaptivenoisescheme=''1''", "adaptwalkprob=''0''", "heuristic=''3''", "promisinglist=''1''", "ps='0.17671221938251852'", "selectclause=''1''", "smoothingscheme=''2''", "tabu='14'", "adaptiveprom=''1''", "decreasingvariable=''6''", "dp='0.13932553207622533'", "performalternatenovelty=''0''", "phi='10'", "theta='6'", "updateschemepromlist=''1''", "adaptpromwalkprob=''0''"]}
{"wallclock_time": 1283.6868114471436, "evaluations": 3879, "cost": 0.0004923076923076925, "total_cpu_time": null, "cpu_time": 273.1720000000013, "incumbent": ["adaptive=''1''", "clausepen=''1''", "performrandomwalk=''0''", "singleclause=''1''", "tabusearch=''1''", "adaptivenoisescheme=''1''", "adaptwalkprob=''0''", "heuristic=''3''", "promisinglist=''1''", "ps='0.21467775093092656'", "selectclause=''1''", "smoothingscheme=''2''", "tabu='14'", "adaptiveprom=''1''", "decreasingvariable=''6''", "dp='0.13932553207622533'", "performalternatenovelty=''0''", "phi='10'", "theta='6'", "updateschemepromlist=''1''", "adaptpromwalkprob=''0''"]}
{"wallclock_time": 1537.201711177826, "evaluations": 4627, "cost": 0.0004507042253521129, "total_cpu_time": null, "cpu_time": 335.7679999999888, "incumbent": ["adaptive=''1''", "clausepen=''1''", "performrandomwalk=''0''", "singleclause=''1''", "tabusearch=''1''", "adaptivenoisescheme=''1''", "adaptwalkprob=''0''", "heuristic=''3''", "promisinglist=''1''", "ps='0.120600591873724'", "selectclause=''1''", "smoothingscheme=''2''", "tabu='14'", "adaptiveprom=''1''", "decreasingvariable=''6''", "dp='0.13932553207622533'", "performalternatenovelty=''0''", "phi='10'", "theta='6'", "updateschemepromlist=''1''", "adaptpromwalkprob=''0''"]}
{"wallclock_time": 1580.5645785331726, "evaluations": 4704, "cost": 0.00044444444444444463, "total_cpu_time": null, "cpu_time": 363.0719999999875, "incumbent": ["adaptive=''1''", "clausepen=''1''", "performrandomwalk=''0''", "singleclause=''1''", "tabusearch=''1''", "adaptivenoisescheme=''1''", "adaptwalkprob=''0''", "heuristic=''3''", "promisinglist=''1''", "ps='0.21467775093092656'", "selectclause=''1''", "smoothingscheme=''2''", "tabu='14'", "adaptiveprom=''1''", "decreasingvariable=''6''", "dp='0.13932553207622533'", "performalternatenovelty=''0''", "phi='10'", "theta='6'", "updateschemepromlist=''1''", "adaptpromwalkprob=''0''"]}
{"wallclock_time": 2535.9954900741577, "evaluations": 7617, "cost": 0.0003516483516483518, "total_cpu_time": null, "cpu_time": 569.2279999999932, "incumbent": ["adaptive=''1''", "clausepen=''1''", "performrandomwalk=''0''", "singleclause=''1''", "tabusearch=''1''", "adaptivenoisescheme=''1''", "adaptwalkprob=''0''", "heuristic=''3''", "promisinglist=''1''", "ps='0.21467775093092656'", "selectclause=''1''", "smoothingscheme=''2''", "tabu='14'", "adaptiveprom=''0''", "decreasingvariable=''6''", "dp='0.13932553207622533'", "performalternatenovelty=''0''", "phi='10'", "theta='6'", "updateschemepromlist=''1''", "CONadaptpromwalkprob=''0''"]}
{"wallclock_time": 2591.439612865448, "evaluations": 7798, "cost": 0.00034782608695652187, "total_cpu_time": null, "cpu_time": 577.511999999992, "incumbent": ["adaptive=''1''", "clausepen=''1''", "performrandomwalk=''0''", "singleclause=''1''", "tabusearch=''1''", "adaptivenoisescheme=''1''", "adaptwalkprob=''0''", "heuristic=''3''", "promisinglist=''1''", "ps='0.21467775093092656'", "selectclause=''1''", "smoothingscheme=''2''", "tabu='14'", "adaptiveprom=''1''", "decreasingvariable=''6''", "dp='0.13932553207622533'", "performalternatenovelty=''0''", "phi='10'", "theta='6'", "updateschemepromlist=''1''", "adaptpromwalkprob=''0''"]}
