"CPU Time Used","Estimated Training Performance","Wallclock Time","Incumbent ID","Automatic Configurator (CPU) Time","Configuration..."
0.000000, 2147483648.000000, 0.001498, 1, 0.001498, adaptive=''1'', clausepen=''1'', performrandomwalk=''0'', singleclause=''1'', tabusearch=''0'', adaptivenoisescheme=''1'', adaptwalkprob=''0'', heuristic=''2'', promisinglist=''1'', ps='0.4', selectclause=''1'', smoothingscheme=''1'', adaptiveprom=''0'', decreasingvariable=''3'', performalternatenovelty=''1'', phi='5', theta='6', updateschemepromlist=''3'', wp='0.01', CONadaptpromwalkprob=''0''
1.984000, 1.984000, 2.491291, 1, 0.507291, adaptive=''1'', clausepen=''1'', performrandomwalk=''0'', singleclause=''1'', tabusearch=''0'', adaptivenoisescheme=''1'', adaptwalkprob=''0'', heuristic=''2'', promisinglist=''1'', ps='0.4', selectclause=''1'', smoothingscheme=''1'', adaptiveprom=''0'', decreasingvariable=''3'', performalternatenovelty=''1'', phi='5', theta='6', updateschemepromlist=''3'', wp='0.01', CONadaptpromwalkprob=''0''
3.808000, 0.003200, 8.598779, 2, 4.790779, adaptive=''1'', clausepen=''1'', performrandomwalk=''0'', singleclause=''1'', tabusearch=''1'', adaptivenoisescheme=''1'', adaptwalkprob=''0'', heuristic=''3'', promisinglist=''1'', ps='0.23177763390093095', selectclause=''1'', smoothingscheme=''2'', tabu='14', adaptiveprom=''1'', decreasingvariable=''6'', dp='0.13932553207622533', performalternatenovelty=''0'', phi='10', theta='6', updateschemepromlist=''1'', adaptpromwalkprob=''0''
32.444000, 0.001391, 142.551507, 13, 110.107507, adaptive=''1'', clausepen=''1'', performrandomwalk=''0'', singleclause=''1'', tabusearch=''1'', adaptivenoisescheme=''1'', adaptwalkprob=''0'', heuristic=''3'', promisinglist=''1'', ps='0.23177763390093095', selectclause=''1'', smoothingscheme=''2'', tabu='14', adaptiveprom=''1'', decreasingvariable=''6'', dp='0.13932553207622533', performalternatenovelty=''1'', phi='10', theta='6', updateschemepromlist=''1'', adaptpromwalkprob=''0''
33.948000, 0.001333, 156.700303, 14, 122.752303, adaptive=''1'', clausepen=''1'', performrandomwalk=''0'', singleclause=''1'', tabusearch=''1'', adaptivenoisescheme=''1'', adaptwalkprob=''0'', heuristic=''3'', promisinglist=''1'', ps='0.21467775093092656', selectclause=''1'', smoothingscheme=''2'', tabu='14', adaptiveprom=''1'', decreasingvariable=''6'', dp='0.13932553207622533', performalternatenovelty=''1'', phi='10', theta='6', updateschemepromlist=''1'', adaptpromwalkprob=''0''
72.676000, 0.000889, 379.920171, 24, 307.244171, adaptive=''1'', clausepen=''1'', performrandomwalk=''0'', singleclause=''1'', tabusearch=''1'', adaptivenoisescheme=''1'', adaptwalkprob=''0'', heuristic=''2'', promisinglist=''1'', ps='0.21467775093092656', selectclause=''1'', smoothingscheme=''2'', tabu='14', adaptiveprom=''1'', decreasingvariable=''6'', performalternatenovelty=''1'', phi='10', theta='6', updateschemepromlist=''1'', wp='0.01', adaptpromwalkprob=''0''
76.240000, 0.000865, 401.924186, 14, 325.684186, adaptive=''1'', clausepen=''1'', performrandomwalk=''0'', singleclause=''1'', tabusearch=''1'', adaptivenoisescheme=''1'', adaptwalkprob=''0'', heuristic=''3'', promisinglist=''1'', ps='0.21467775093092656', selectclause=''1'', smoothingscheme=''2'', tabu='14', adaptiveprom=''1'', decreasingvariable=''6'', dp='0.13932553207622533', performalternatenovelty=''1'', phi='10', theta='6', updateschemepromlist=''1'', adaptpromwalkprob=''0''
125.208000, 0.000711, 604.902769, 30, 479.694769, adaptive=''1'', clausepen=''1'', performrandomwalk=''0'', singleclause=''1'', tabusearch=''1'', adaptivenoisescheme=''1'', adaptwalkprob=''0'', heuristic=''3'', promisinglist=''1'', ps='0.1478617488526784', selectclause=''1'', smoothingscheme=''2'', tabu='14', adaptiveprom=''1'', decreasingvariable=''6'', dp='0.13932553207622533', performalternatenovelty=''1'', phi='10', theta='6', updateschemepromlist=''1'', adaptpromwalkprob=''0''
136.492000, 0.000696, 633.579520, 14, 497.087520, adaptive=''1'', clausepen=''1'', performrandomwalk=''0'', singleclause=''1'', tabusearch=''1'', adaptivenoisescheme=''1'', adaptwalkprob=''0'', heuristic=''3'', promisinglist=''1'', ps='0.21467775093092656', selectclause=''1'', smoothingscheme=''2'', tabu='14', adaptiveprom=''1'', decreasingvariable=''6'', dp='0.13932553207622533', performalternatenovelty=''1'', phi='10', theta='6', updateschemepromlist=''1'', adaptpromwalkprob=''0''
205.504000, 0.000571, 949.010624, 21, 743.506624, adaptive=''1'', clausepen=''1'', performrandomwalk=''0'', singleclause=''1'', tabusearch=''1'', adaptivenoisescheme=''1'', adaptwalkprob=''0'', heuristic=''3'', promisinglist=''1'', ps='0.21467775093092656', selectclause=''1'', smoothingscheme=''2'', tabu='14', adaptiveprom=''1'', decreasingvariable=''6'', dp='0.13932553207622533', performalternatenovelty=''0'', phi='10', theta='6', updateschemepromlist=''1'', adaptpromwalkprob=''0''
241.744000, 0.000525, 1128.929019, 14, 887.185019, adaptive=''1'', clausepen=''1'', performrandomwalk=''0'', singleclause=''1'', tabusearch=''1'', adaptivenoisescheme=''1'', adaptwalkprob=''0'', heuristic=''3'', promisinglist=''1'', ps='0.21467775093092656', selectclause=''1'', smoothingscheme=''2'', tabu='14', adaptiveprom=''1'', decreasingvariable=''6'', dp='0.13932553207622533', performalternatenovelty=''1'', phi='10', theta='6', updateschemepromlist=''1'', adaptpromwalkprob=''0''
258.744000, 0.000516, 1168.165963, 21, 909.421963, adaptive=''1'', clausepen=''1'', performrandomwalk=''0'', singleclause=''1'', tabusearch=''1'', adaptivenoisescheme=''1'', adaptwalkprob=''0'', heuristic=''3'', promisinglist=''1'', ps='0.21467775093092656', selectclause=''1'', smoothingscheme=''2'', tabu='14', adaptiveprom=''1'', decreasingvariable=''6'', dp='0.13932553207622533', performalternatenovelty=''0'', phi='10', theta='6', updateschemepromlist=''1'', adaptpromwalkprob=''0''
266.808000, 0.000500, 1244.346838, 42, 977.538838, adaptive=''1'', clausepen=''1'', performrandomwalk=''0'', singleclause=''1'', tabusearch=''1'', adaptivenoisescheme=''1'', adaptwalkprob=''0'', heuristic=''3'', promisinglist=''1'', ps='0.17671221938251852', selectclause=''1'', smoothingscheme=''2'', tabu='14', adaptiveprom=''1'', decreasingvariable=''6'', dp='0.13932553207622533', performalternatenovelty=''0'', phi='10', theta='6', updateschemepromlist=''1'', adaptpromwalkprob=''0''
273.172000, 0.000492, 1283.686811, 21, 1010.514811, adaptive=''1'', clausepen=''1'', performrandomwalk=''0'', singleclause=''1'', tabusearch=''1'', adaptivenoisescheme=''1'', adaptwalkprob=''0'', heuristic=''3'', promisinglist=''1'', ps='0.21467775093092656', selectclause=''1'', smoothingscheme=''2'', tabu='14', adaptiveprom=''1'', decreasingvariable=''6'', dp='0.13932553207622533', performalternatenovelty=''0'', phi='10', theta='6', updateschemepromlist=''1'', adaptpromwalkprob=''0''
335.768000, 0.000451, 1537.201711, 47, 1201.433711, adaptive=''1'', clausepen=''1'', performrandomwalk=''0'', singleclause=''1'', tabusearch=''1'', adaptivenoisescheme=''1'', adaptwalkprob=''0'', heuristic=''3'', promisinglist=''1'', ps='0.120600591873724', selectclause=''1'', smoothingscheme=''2'', tabu='14', adaptiveprom=''1'', decreasingvariable=''6'', dp='0.13932553207622533', performalternatenovelty=''0'', phi='10', theta='6', updateschemepromlist=''1'', adaptpromwalkprob=''0''
363.072000, 0.000444, 1580.564579, 21, 1217.492579, adaptive=''1'', clausepen=''1'', performrandomwalk=''0'', singleclause=''1'', tabusearch=''1'', adaptivenoisescheme=''1'', adaptwalkprob=''0'', heuristic=''3'', promisinglist=''1'', ps='0.21467775093092656', selectclause=''1'', smoothingscheme=''2'', tabu='14', adaptiveprom=''1'', decreasingvariable=''6'', dp='0.13932553207622533', performalternatenovelty=''0'', phi='10', theta='6', updateschemepromlist=''1'', adaptpromwalkprob=''0''
569.228000, 0.000352, 2535.995490, 59, 1966.767490, adaptive=''1'', clausepen=''1'', performrandomwalk=''0'', singleclause=''1'', tabusearch=''1'', adaptivenoisescheme=''1'', adaptwalkprob=''0'', heuristic=''3'', promisinglist=''1'', ps='0.21467775093092656', selectclause=''1'', smoothingscheme=''2'', tabu='14', adaptiveprom=''0'', decreasingvariable=''6'', dp='0.13932553207622533', performalternatenovelty=''0'', phi='10', theta='6', updateschemepromlist=''1'', CONadaptpromwalkprob=''0''
577.512000, 0.000348, 2591.439613, 21, 2013.927613, adaptive=''1'', clausepen=''1'', performrandomwalk=''0'', singleclause=''1'', tabusearch=''1'', adaptivenoisescheme=''1'', adaptwalkprob=''0'', heuristic=''3'', promisinglist=''1'', ps='0.21467775093092656', selectclause=''1'', smoothingscheme=''2'', tabu='14', adaptiveprom=''1'', decreasingvariable=''6'', dp='0.13932553207622533', performalternatenovelty=''0'', phi='10', theta='6', updateschemepromlist=''1'', adaptpromwalkprob=''0''
