"CPU Time Used","Estimated Training Performance","Wallclock Time","Incumbent ID","Automatic Configurator (CPU) Time","Configuration..."
0.000000, 2147483648.000000, 0.000890, 1, 0.000890, sp-clause-activity-inc='1.0', sp-clause-decay='1.4', sp-clause-del-heur=''2'', sp-first-restart='100', sp-learned-clause-sort-heur=''0'', sp-learned-clauses-inc='1.3', sp-learned-size-factor='0.4', sp-orig-clause-sort-heur=''0'', sp-phase-dec-heur=''5'', sp-rand-var-dec-freq=''0.001'', sp-resolution=''1'', sp-restart-inc='1.5', sp-update-dec-queue=''1'', sp-use-pure-literal-rule=''1'', sp-var-activity-inc='1.0', sp-var-dec-heur=''0'', sp-variable-decay='1.4', sp-max-res-lit-inc='1.0', sp-max-res-runs='4', sp-rand-phase-dec-freq=''0.001'', sp-rand-var-dec-scaling='1.0', sp-res-cutoff-cls='8', sp-res-cutoff-lits='400', sp-res-order-heur=''0'', sp-rand-phase-scaling='1.0'
0.048000, 0.048000, 0.214484, 1, 0.166484, sp-clause-activity-inc='1.0', sp-clause-decay='1.4', sp-clause-del-heur=''2'', sp-first-restart='100', sp-learned-clause-sort-heur=''0'', sp-learned-clauses-inc='1.3', sp-learned-size-factor='0.4', sp-orig-clause-sort-heur=''0'', sp-phase-dec-heur=''5'', sp-rand-var-dec-freq=''0.001'', sp-resolution=''1'', sp-restart-inc='1.5', sp-update-dec-queue=''1'', sp-use-pure-literal-rule=''1'', sp-var-activity-inc='1.0', sp-var-dec-heur=''0'', sp-variable-decay='1.4', sp-max-res-lit-inc='1.0', sp-max-res-runs='4', sp-rand-phase-dec-freq=''0.001'', sp-rand-var-dec-scaling='1.0', sp-res-cutoff-cls='8', sp-res-cutoff-lits='400', sp-res-order-heur=''0'', sp-rand-phase-scaling='1.0'
4816.956000, 0.081520, 6786.250662, 111, 1969.294662, sp-clause-activity-inc='1.3504793325693094', sp-clause-decay='1.668540871261391', sp-clause-del-heur=''1'', sp-first-restart='455', sp-learned-clause-sort-heur=''6'', sp-learned-clauses-inc='1.2427236641559458', sp-learned-size-factor='0.6148925798043483', sp-orig-clause-sort-heur=''14'', sp-phase-dec-heur=''3'', sp-rand-var-dec-freq=''0.0001'', sp-resolution=''0'', sp-restart-inc='1.401965466961978', sp-update-dec-queue=''1'', sp-use-pure-literal-rule=''0'', sp-var-activity-inc='1.334374490191804', sp-var-dec-heur=''7'', sp-variable-decay='1.213088498788376', sp-rand-phase-dec-freq=''0.0001'', sp-rand-var-dec-scaling='0.9228362889381942', sp-rand-phase-scaling='0.9677160207324618'
9740.530000, 0.071560, 13825.071237, 611, 4084.541237, sp-clause-activity-inc='0.7521389606026412', sp-clause-decay='1.4190810763771151', sp-clause-del-heur=''0'', sp-first-restart='442', sp-learned-clause-sort-heur=''2'', sp-learned-clauses-inc='1.4863076093535932', sp-learned-size-factor='0.3907929369573677', sp-orig-clause-sort-heur=''2'', sp-phase-dec-heur=''2'', sp-rand-var-dec-freq=''0.001'', sp-resolution=''1'', sp-restart-inc='1.4121474277386192', sp-update-dec-queue=''1'', sp-use-pure-literal-rule=''0'', sp-var-activity-inc='0.7966473403403229', sp-var-dec-heur=''5'', sp-variable-decay='1.120313505778506', sp-max-res-lit-inc='0.33315542007735877', sp-max-res-runs='5', sp-rand-var-dec-scaling='0.9944831172541309', sp-res-cutoff-cls='2', sp-res-cutoff-lits='934', sp-res-order-heur=''8''
