{"total_cpu_time": null, "cost": 2147483648, "incumbent": ["sp-clause-activity-inc='1.0'", "sp-clause-decay='1.4'", "sp-clause-del-heur=''2''", "sp-first-restart='100'", "sp-learned-clause-sort-heur=''0''", "sp-learned-clauses-inc='1.3'", "sp-learned-size-factor='0.4'", "sp-orig-clause-sort-heur=''0''", "sp-phase-dec-heur=''5''", "sp-rand-var-dec-freq=''0.001''", "sp-resolution=''1''", "sp-restart-inc='1.5'", "sp-update-dec-queue=''1''", "sp-use-pure-literal-rule=''1''", "sp-var-activity-inc='1.0'", "sp-var-dec-heur=''0''", "sp-variable-decay='1.4'", "sp-max-res-lit-inc='1.0'", "sp-max-res-runs='4'", "sp-rand-phase-dec-freq=''0.001''", "sp-rand-var-dec-scaling='1.0'", "sp-res-cutoff-cls='8'", "sp-res-cutoff-lits='400'", "sp-res-order-heur=''0''", "sp-rand-phase-scaling='1.0'"], "cpu_time": 0, "wallclock_time": 0.0008900165557861328, "evaluations": 0}
{"total_cpu_time": null, "cost": 0.048, "incumbent": ["sp-clause-activity-inc='1.0'", "sp-clause-decay='1.4'", "sp-clause-del-heur=''2''", "sp-first-restart='100'", "sp-learned-clause-sort-heur=''0''", "sp-learned-clauses-inc='1.3'", "sp-learned-size-factor='0.4'", "sp-orig-clause-sort-heur=''0''", "sp-phase-dec-heur=''5''", "sp-rand-var-dec-freq=''0.001''", "sp-resolution=''1''", "sp-restart-inc='1.5'", "sp-update-dec-queue=''1''", "sp-use-pure-literal-rule=''1''", "sp-var-activity-inc='1.0'", "sp-var-dec-heur=''0''", "sp-variable-decay='1.4'", "sp-max-res-lit-inc='1.0'", "sp-max-res-runs='4'", "sp-rand-phase-dec-freq=''0.001''", "sp-rand-var-dec-scaling='1.0'", "sp-res-cutoff-cls='8'", "sp-res-cutoff-lits='400'", "sp-res-order-heur=''0''", "sp-rand-phase-scaling='1.0'"], "cpu_time": 0.048, "wallclock_time": 0.21448445320129395, "evaluations": 1}
{"total_cpu_time": null, "cost": 0.08152000000000002, "incumbent": ["sp-clause-activity-inc='1.3504793325693094'", "sp-clause-decay='1.668540871261391'", "sp-clause-del-heur=''1''", "sp-first-restart='455'", "sp-learned-clause-sort-heur=''6''", "sp-learned-clauses-inc='1.2427236641559458'", "sp-learned-size-factor='0.6148925798043483'", "sp-orig-clause-sort-heur=''14''", "sp-phase-dec-heur=''3''", "sp-rand-var-dec-freq=''0.0001''", "sp-resolution=''0''", "sp-restart-inc='1.401965466961978'", "sp-update-dec-queue=''1''", "sp-use-pure-literal-rule=''0''", "sp-var-activity-inc='1.334374490191804'", "sp-var-dec-heur=''7''", "sp-variable-decay='1.213088498788376'", "sp-rand-phase-dec-freq=''0.0001''", "sp-rand-var-dec-scaling='0.9228362889381942'", "sp-rand-phase-scaling='0.9677160207324618'"], "cpu_time": 4816.955999999981, "wallclock_time": 6786.250662088394, "evaluations": 2470}
{"total_cpu_time": null, "cost": 0.07155999999999998, "incumbent": ["sp-clause-activity-inc='0.7521389606026412'", "sp-clause-decay='1.4190810763771151'", "sp-clause-del-heur=''0''", "sp-first-restart='442'", "sp-learned-clause-sort-heur=''2''", "sp-learned-clauses-inc='1.4863076093535932'", "sp-learned-size-factor='0.3907929369573677'", "sp-orig-clause-sort-heur=''2''", "sp-phase-dec-heur=''2''", "sp-rand-var-dec-freq=''0.001''", "sp-resolution=''1''", "sp-restart-inc='1.4121474277386192'", "sp-update-dec-queue=''1''", "sp-use-pure-literal-rule=''0''", "sp-var-activity-inc='0.7966473403403229'", "sp-var-dec-heur=''5''", "sp-variable-decay='1.120313505778506'", "sp-max-res-lit-inc='0.33315542007735877'", "sp-max-res-runs='5'", "sp-rand-var-dec-scaling='0.9944831172541309'", "sp-res-cutoff-cls='2'", "sp-res-cutoff-lits='934'", "sp-res-order-heur=''8''"], "cpu_time": 9740.529999999968, "wallclock_time": 13825.07123708725, "evaluations": 4940}
