"CPU Time Used","Estimated Training Performance","Wallclock Time","Incumbent ID","Automatic Configurator (CPU) Time","Configuration..."
0.000000, 2147483648.000000, 0.001464, 1, 0.001464, adaptive=''1'', clausepen=''1'', performrandomwalk=''0'', singleclause=''1'', tabusearch=''0'', adaptivenoisescheme=''1'', adaptwalkprob=''0'', heuristic=''2'', promisinglist=''1'', ps='0.4', selectclause=''1'', smoothingscheme=''1'', adaptiveprom=''0'', decreasingvariable=''3'', performalternatenovelty=''1'', phi='5', theta='6', updateschemepromlist=''3'', wp='0.01', CONadaptpromwalkprob=''0''
5.000000, 50.000000, 7.637898, 1, 2.637898, adaptive=''1'', clausepen=''1'', performrandomwalk=''0'', singleclause=''1'', tabusearch=''0'', adaptivenoisescheme=''1'', adaptwalkprob=''0'', heuristic=''2'', promisinglist=''1'', ps='0.4', selectclause=''1'', smoothingscheme=''1'', adaptiveprom=''0'', decreasingvariable=''3'', performalternatenovelty=''1'', phi='5', theta='6', updateschemepromlist=''3'', wp='0.01', CONadaptpromwalkprob=''0''
16.400000, 0.086000, 21.351077, 2, 4.951077, adaptive=''0'', clausepen=''0'', performrandomwalk=''0'', singleclause=''1'', tabusearch=''1'', CONadaptwalkprob=''0'', CONselectclause=''1'', c='4.7790920235465556e-05', heuristic=''13'', promisinglist=''0'', s='0.012388797600401373', tabu='4', CONdp='0.030128532016872822', novnoise='0.34134068933696216', performalternatenovelty=''0''
20.176000, 0.003438, 28.183925, 3, 8.007925, adaptive=''1'', clausepen=''2'', performrandomwalk=''0'', singleclause=''0'', tabusearch=''1'', DLSscoringmeasure=''3'', DLStiebreaking=''3'', adaptivenoisescheme=''1'', tabu='1'
205.288000, 0.002827, 186.427933, 11, -18.860067, adaptive=''1'', clausepen=''2'', performrandomwalk=''0'', singleclause=''0'', tabusearch=''0'', DLSscoringmeasure=''1'', DLStiebreaking=''4'', adaptivenoisescheme=''2''
263.640000, 0.002000, 246.050358, 17, -17.589642, adaptive=''0'', clausepen=''1'', performrandomwalk=''1'', singleclause=''1'', tabusearch=''1'', CONadaptwalkprob=''0'', c='4.299642063803265e-06', heuristic=''5'', promisinglist=''1'', ps='0.5354987899607474', randomwalk=''3'', s='0.01607725238243993', selectclause=''1'', smoothingscheme=''2'', tabu='4', adaptiveprom=''1'', decreasingvariable=''5'', novnoise='0.22774267629112818', rdp='0.08308882950215968', updateschemepromlist=''2'', adaptpromwalkprob=''1'', tiebreaking='4'
952.312000, 0.001760, 817.737008, 31, -134.574992, adaptive=''1'', clausepen=''0'', performrandomwalk=''1'', singleclause=''1'', tabusearch=''1'', CONselectclause=''1'', adaptivenoisescheme=''1'', adaptwalkprob=''0'', heuristic=''3'', promisinglist=''1'', randomwalk=''5'', tabu='1', adaptiveprom=''1'', decreasingvariable=''8'', dp='0.17493468591267158', performalternatenovelty=''1'', phi='4', rfp='0.10412725833368572', theta='8', updateschemepromlist=''3'', adaptpromwalkprob=''1'', promphi='3', promtheta='4'
1225.252000, 0.001037, 1034.785760, 35, -190.466240, adaptive=''1'', clausepen=''0'', performrandomwalk=''0'', singleclause=''1'', tabusearch=''0'', CONselectclause=''1'', adaptivenoisescheme=''2'', adaptwalkprob=''0'', heuristic=''13'', promisinglist=''1'', adaptiveprom=''0'', decreasingvariable=''10'', dp='0.12953845142010556', performalternatenovelty=''1'', phi='5', theta='6', updateschemepromlist=''3'', CONadaptpromwalkprob=''0'', promnovnoise='0.6702187609773979', CONpromdp='0.19690606335327096'
3101.436000, 0.000727, 2577.873842, 69, -523.562158, adaptive=''0'', clausepen=''1'', performrandomwalk=''0'', singleclause=''1'', tabusearch=''1'', CONadaptwalkprob=''0'', c='2.2944765911961933e-06', heuristic=''4'', promisinglist=''1'', ps='0.4632739856216136', s='0.002140033107217573', selectclause=''1'', smoothingscheme=''2'', tabu='6', CONdp='0.1363718158904652', adaptiveprom=''1'', decreasingvariable=''3'', novnoise='0.5205700366844954', performalternatenovelty=''0'', updateschemepromlist=''2'', adaptpromwalkprob=''0''
3853.456000, 0.000715, 3307.894538, 89, -545.561462, adaptive=''1'', clausepen=''1'', performrandomwalk=''0'', singleclause=''0'', tabusearch=''1'', DLSscoringmeasure=''3'', DLStiebreaking=''3'', adaptivenoisescheme=''1'', smoothingscheme=''1'', tabu='15', DLSalpha='1.2312418985826135', DLSrho='0.6541462254953478', DLSsapsthresh='-0.13961787894377747', DLSwp='0.0002719454819583289'
3875.216000, 0.000582, 3344.356552, 91, -530.859448, adaptive=''0'', clausepen=''1'', performrandomwalk=''1'', singleclause=''1'', tabusearch=''0'', CONadaptwalkprob=''0'', c='0.0001702852082541637', heuristic=''11'', promisinglist=''1'', ps='0.8368052391339199', randomwalk=''1'', s='0.0027512912006923385', selectclause=''1'', smoothingscheme=''1'', CONwp='0.06953266150461603', adaptiveprom=''0'', decreasingvariable=''3'', novnoise='0.5016878284220341', performalternatenovelty=''0'', rwp='0.06357353900226935', updateschemepromlist=''1'', CONadaptpromwalkprob=''0''
