{"cost": 2147483648, "total_cpu_time": null, "wallclock_time": 0.0014643669128417969, "evaluations": 0, "incumbent": ["adaptive=''1''", "clausepen=''1''", "performrandomwalk=''0''", "singleclause=''1''", "tabusearch=''0''", "adaptivenoisescheme=''1''", "adaptwalkprob=''0''", "heuristic=''2''", "promisinglist=''1''", "ps='0.4'", "selectclause=''1''", "smoothingscheme=''1''", "adaptiveprom=''0''", "decreasingvariable=''3''", "performalternatenovelty=''1''", "phi='5'", "theta='6'", "updateschemepromlist=''3''", "wp='0.01'", "CONadaptpromwalkprob=''0''"], "cpu_time": 0}
{"cost": 50, "total_cpu_time": null, "wallclock_time": 7.637897729873657, "evaluations": 1, "incumbent": ["adaptive=''1''", "clausepen=''1''", "performrandomwalk=''0''", "singleclause=''1''", "tabusearch=''0''", "adaptivenoisescheme=''1''", "adaptwalkprob=''0''", "heuristic=''2''", "promisinglist=''1''", "ps='0.4'", "selectclause=''1''", "smoothingscheme=''1''", "adaptiveprom=''0''", "decreasingvariable=''3''", "performalternatenovelty=''1''", "phi='5'", "theta='6'", "updateschemepromlist=''3''", "wp='0.01'", "CONadaptpromwalkprob=''0''"], "cpu_time": 5.0}
{"cost": 0.086, "total_cpu_time": null, "wallclock_time": 21.35107684135437, "evaluations": 19, "incumbent": ["adaptive=''0''", "clausepen=''0''", "performrandomwalk=''0''", "singleclause=''1''", "tabusearch=''1''", "CONadaptwalkprob=''0''", "CONselectclause=''1''", "c='4.7790920235465556e-05'", "heuristic=''13''", "promisinglist=''0''", "s='0.012388797600401373'", "tabu='4'", "CONdp='0.030128532016872822'", "novnoise='0.34134068933696216'", "performalternatenovelty=''0''"], "cpu_time": 16.400000000000002}
{"cost": 0.0034380165289256194, "total_cpu_time": null, "wallclock_time": 28.18392515182495, "evaluations": 33, "incumbent": ["adaptive=''1''", "clausepen=''2''", "performrandomwalk=''0''", "singleclause=''0''", "tabusearch=''1''", "DLSscoringmeasure=''3''", "DLStiebreaking=''3''", "adaptivenoisescheme=''1''", "tabu='1'"], "cpu_time": 20.176000000000002}
{"cost": 0.0028266666666666666, "total_cpu_time": null, "wallclock_time": 186.42793345451355, "evaluations": 109, "incumbent": ["adaptive=''1''", "clausepen=''2''", "performrandomwalk=''0''", "singleclause=''0''", "tabusearch=''0''", "DLSscoringmeasure=''1''", "DLStiebreaking=''4''", "adaptivenoisescheme=''2''"], "cpu_time": 205.28800000000012}
{"cost": 0.002, "total_cpu_time": null, "wallclock_time": 246.05035758018494, "evaluations": 167, "incumbent": ["adaptive=''0''", "clausepen=''1''", "performrandomwalk=''1''", "singleclause=''1''", "tabusearch=''1''", "CONadaptwalkprob=''0''", "c='4.299642063803265e-06'", "heuristic=''5''", "promisinglist=''1''", "ps='0.5354987899607474'", "randomwalk=''3''", "s='0.01607725238243993'", "selectclause=''1''", "smoothingscheme=''2''", "tabu='4'", "adaptiveprom=''1''", "decreasingvariable=''5''", "novnoise='0.22774267629112818'", "rdp='0.08308882950215968'", "updateschemepromlist=''2''", "adaptpromwalkprob=''1''", "tiebreaking='4'"], "cpu_time": 263.6400000000001}
{"cost": 0.0017600000000000007, "total_cpu_time": null, "wallclock_time": 817.737007856369, "evaluations": 422, "incumbent": ["adaptive=''1''", "clausepen=''0''", "performrandomwalk=''1''", "singleclause=''1''", "tabusearch=''1''", "CONselectclause=''1''", "adaptivenoisescheme=''1''", "adaptwalkprob=''0''", "heuristic=''3''", "promisinglist=''1''", "randomwalk=''5''", "tabu='1'", "adaptiveprom=''1''", "decreasingvariable=''8''", "dp='0.17493468591267158'", "performalternatenovelty=''1''", "phi='4'", "rfp='0.10412725833368572'", "theta='8'", "updateschemepromlist=''3''", "adaptpromwalkprob=''1''", "promphi='3'", "promtheta='4'"], "cpu_time": 952.3120000000005}
{"cost": 0.0010370370370370377, "total_cpu_time": null, "wallclock_time": 1034.7857596874237, "evaluations": 505, "incumbent": ["adaptive=''1''", "clausepen=''0''", "performrandomwalk=''0''", "singleclause=''1''", "tabusearch=''0''", "CONselectclause=''1''", "adaptivenoisescheme=''2''", "adaptwalkprob=''0''", "heuristic=''13''", "promisinglist=''1''", "adaptiveprom=''0''", "decreasingvariable=''10''", "dp='0.12953845142010556'", "performalternatenovelty=''1''", "phi='5'", "theta='6'", "updateschemepromlist=''3''", "CONadaptpromwalkprob=''0''", "promnovnoise='0.6702187609773979'", "CONpromdp='0.19690606335327096'"], "cpu_time": 1225.252000000001}
{"cost": 0.0007272727272727276, "total_cpu_time": null, "wallclock_time": 2577.8738420009613, "evaluations": 1339, "incumbent": ["adaptive=''0''", "clausepen=''1''", "performrandomwalk=''0''", "singleclause=''1''", "tabusearch=''1''", "CONadaptwalkprob=''0''", "c='2.2944765911961933e-06'", "heuristic=''4''", "promisinglist=''1''", "ps='0.4632739856216136'", "s='0.002140033107217573'", "selectclause=''1''", "smoothingscheme=''2''", "tabu='6'", "CONdp='0.1363718158904652'", "adaptiveprom=''1''", "decreasingvariable=''3''", "novnoise='0.5205700366844954'", "performalternatenovelty=''0''", "updateschemepromlist=''2''", "adaptpromwalkprob=''0''"], "cpu_time": 3101.436000000004}
{"cost": 0.0007146776406035665, "total_cpu_time": null, "wallclock_time": 3307.89453792572, "evaluations": 1975, "incumbent": ["adaptive=''1''", "clausepen=''1''", "performrandomwalk=''0''", "singleclause=''0''", "tabusearch=''1''", "DLSscoringmeasure=''3''", "DLStiebreaking=''3''", "adaptivenoisescheme=''1''", "smoothingscheme=''1''", "tabu='15'", "DLSalpha='1.2312418985826135'", "DLSrho='0.6541462254953478'", "DLSsapsthresh='-0.13961787894377747'", "DLSwp='0.0002719454819583289'"], "cpu_time": 3853.455999999989}
{"cost": 0.000581818181818182, "total_cpu_time": null, "wallclock_time": 3344.3565516471863, "evaluations": 2034, "incumbent": ["adaptive=''0''", "clausepen=''1''", "performrandomwalk=''1''", "singleclause=''1''", "tabusearch=''0''", "CONadaptwalkprob=''0''", "c='0.0001702852082541637'", "heuristic=''11''", "promisinglist=''1''", "ps='0.8368052391339199'", "randomwalk=''1''", "s='0.0027512912006923385'", "selectclause=''1''", "smoothingscheme=''1''", "CONwp='0.06953266150461603'", "adaptiveprom=''0''", "decreasingvariable=''3''", "novnoise='0.5016878284220341'", "performalternatenovelty=''0''", "rwp='0.06357353900226935'", "updateschemepromlist=''1''", "CONadaptpromwalkprob=''0''"], "cpu_time": 3875.2159999999976}
