"CPU Time Used","Estimated Training Performance","Wallclock Time","Incumbent ID","Automatic Configurator (CPU) Time","Configuration..."
0.000000, 2147483648.000000, 0.000896, 1, 0.000896, sp-clause-activity-inc='1.0', sp-clause-decay='1.4', sp-clause-del-heur=''2'', sp-first-restart='100', sp-learned-clause-sort-heur=''0'', sp-learned-clauses-inc='1.3', sp-learned-size-factor='0.4', sp-orig-clause-sort-heur=''0'', sp-phase-dec-heur=''5'', sp-rand-var-dec-freq=''0.001'', sp-resolution=''1'', sp-restart-inc='1.5', sp-update-dec-queue=''1'', sp-use-pure-literal-rule=''1'', sp-var-activity-inc='1.0', sp-var-dec-heur=''0'', sp-variable-decay='1.4', sp-max-res-lit-inc='1.0', sp-max-res-runs='4', sp-rand-phase-dec-freq=''0.001'', sp-rand-var-dec-scaling='1.0', sp-res-cutoff-cls='8', sp-res-cutoff-lits='400', sp-res-order-heur=''0'', sp-rand-phase-scaling='1.0'
0.012000, 0.012000, 0.173856, 1, 0.161856, sp-clause-activity-inc='1.0', sp-clause-decay='1.4', sp-clause-del-heur=''2'', sp-first-restart='100', sp-learned-clause-sort-heur=''0'', sp-learned-clauses-inc='1.3', sp-learned-size-factor='0.4', sp-orig-clause-sort-heur=''0'', sp-phase-dec-heur=''5'', sp-rand-var-dec-freq=''0.001'', sp-resolution=''1'', sp-restart-inc='1.5', sp-update-dec-queue=''1'', sp-use-pure-literal-rule=''1'', sp-var-activity-inc='1.0', sp-var-dec-heur=''0'', sp-variable-decay='1.4', sp-max-res-lit-inc='1.0', sp-max-res-runs='4', sp-rand-phase-dec-freq=''0.001'', sp-rand-var-dec-scaling='1.0', sp-res-cutoff-cls='8', sp-res-cutoff-lits='400', sp-res-order-heur=''0'', sp-rand-phase-scaling='1.0'
108.012000, 0.130240, 153.713148, 9, 45.701148, sp-clause-activity-inc='1.2068267247751447', sp-clause-decay='1.951621167486325', sp-clause-del-heur=''1'', sp-first-restart='352', sp-learned-clause-sort-heur=''11'', sp-learned-clauses-inc='1.4722126189330442', sp-learned-size-factor='1.287431727448379', sp-orig-clause-sort-heur=''14'', sp-phase-dec-heur=''6'', sp-rand-var-dec-freq=''0.0001'', sp-resolution=''2'', sp-restart-inc='1.8630304251419225', sp-update-dec-queue=''1'', sp-use-pure-literal-rule=''1'', sp-var-activity-inc='0.7514004116330809', sp-var-dec-heur=''16'', sp-variable-decay='1.372636311722229', sp-max-res-lit-inc='1.560945435003728', sp-max-res-runs='7', sp-rand-phase-dec-freq=''0.005'', sp-rand-var-dec-scaling='0.6223011441735278', sp-res-cutoff-cls='7', sp-res-cutoff-lits='138', sp-res-order-heur=''6'', sp-rand-phase-scaling='0.9981583299426149'
192.932000, 0.108280, 315.203116, 15, 122.271116, sp-clause-activity-inc='1.149344725463483', sp-clause-decay='1.2589010697355154', sp-clause-del-heur=''0'', sp-first-restart='956', sp-learned-clause-sort-heur=''17'', sp-learned-clauses-inc='1.1736487305285088', sp-learned-size-factor='0.7726526649503828', sp-orig-clause-sort-heur=''1'', sp-phase-dec-heur=''1'', sp-rand-var-dec-freq=''0.05'', sp-resolution=''0'', sp-restart-inc='1.2620243358822758', sp-update-dec-queue=''1'', sp-use-pure-literal-rule=''0'', sp-var-activity-inc='0.8435268360725044', sp-var-dec-heur=''4'', sp-variable-decay='1.341328959643616', sp-rand-phase-dec-freq=''0.001'', sp-rand-var-dec-scaling='0.7881869340244824', sp-rand-phase-scaling='1.0'
284.448000, 0.093080, 520.818668, 26, 236.370668, sp-clause-activity-inc='1.0091218753977125', sp-clause-decay='1.4584487466197906', sp-clause-del-heur=''0'', sp-first-restart='423', sp-learned-clause-sort-heur=''0'', sp-learned-clauses-inc='1.4390634250674463', sp-learned-size-factor='1.247968556986194', sp-orig-clause-sort-heur=''15'', sp-phase-dec-heur=''2'', sp-rand-var-dec-freq=''0.01'', sp-resolution=''2'', sp-restart-inc='1.4763394516099586', sp-update-dec-queue=''1'', sp-use-pure-literal-rule=''0'', sp-var-activity-inc='1.335512176208847', sp-var-dec-heur=''7'', sp-variable-decay='1.7360607123466445', sp-max-res-lit-inc='0.646395047352519', sp-max-res-runs='28', sp-rand-var-dec-scaling='0.8449014455614279', sp-res-cutoff-cls='20', sp-res-cutoff-lits='100', sp-res-order-heur=''14''
