{"total_cpu_time": null, "evaluations": 0, "cpu_time": 0, "wallclock_time": 0.0014836788177490234, "incumbent": ["adaptive=''1''", "clausepen=''1''", "performrandomwalk=''0''", "singleclause=''1''", "tabusearch=''0''", "adaptivenoisescheme=''1''", "adaptwalkprob=''0''", "heuristic=''2''", "promisinglist=''1''", "ps='0.4'", "selectclause=''1''", "smoothingscheme=''1''", "adaptiveprom=''0''", "decreasingvariable=''3''", "performalternatenovelty=''1''", "phi='5'", "theta='6'", "updateschemepromlist=''3''", "wp='0.01'", "CONadaptpromwalkprob=''0''"], "cost": 2147483648}
{"total_cpu_time": null, "evaluations": 1, "cpu_time": 5.0, "wallclock_time": 7.6471617221832275, "incumbent": ["adaptive=''1''", "clausepen=''1''", "performrandomwalk=''0''", "singleclause=''1''", "tabusearch=''0''", "adaptivenoisescheme=''1''", "adaptwalkprob=''0''", "heuristic=''2''", "promisinglist=''1''", "ps='0.4'", "selectclause=''1''", "smoothingscheme=''1''", "adaptiveprom=''0''", "decreasingvariable=''3''", "performalternatenovelty=''1''", "phi='5'", "theta='6'", "updateschemepromlist=''3''", "wp='0.01'", "CONadaptpromwalkprob=''0''"], "cost": 50}
{"total_cpu_time": null, "evaluations": 65, "cpu_time": 86.08, "wallclock_time": 63.19999718666077, "incumbent": ["adaptive=''1''", "clausepen=''1''", "performrandomwalk=''1''", "singleclause=''0''", "tabusearch=''0''", "DLSscoringmeasure=''3''", "DLStiebreaking=''4''", "adaptivenoisescheme=''1''", "randomwalk=''3''", "smoothingscheme=''1''", "DLSalpha='1.2104786214022534'", "DLSrho='0.8283965041719044'", "DLSsapsthresh='-0.33612938681905596'", "DLSwp='0.04215903948399469'", "rdp='0.12045948590594434'"], "cost": 0.0030000000000000005}
{"total_cpu_time": null, "evaluations": 325, "cpu_time": 333.27200000000096, "wallclock_time": 262.4029965400696, "incumbent": ["adaptive=''1''", "clausepen=''2''", "performrandomwalk=''1''", "singleclause=''0''", "tabusearch=''0''", "DLSscoringmeasure=''3''", "DLStiebreaking=''4''", "adaptivenoisescheme=''1''", "randomwalk=''1''", "rwp='0.01'"], "cost": 0.00288}
