"CPU Time Used","Estimated Training Performance","Wallclock Time","Incumbent ID","Automatic Configurator (CPU) Time","Configuration..."
0.000000, 2147483648.000000, 0.000888, 1, 0.000888, sp-clause-activity-inc='1.0', sp-clause-decay='1.4', sp-clause-del-heur=''2'', sp-first-restart='100', sp-learned-clause-sort-heur=''0'', sp-learned-clauses-inc='1.3', sp-learned-size-factor='0.4', sp-orig-clause-sort-heur=''0'', sp-phase-dec-heur=''5'', sp-rand-var-dec-freq=''0.001'', sp-resolution=''1'', sp-restart-inc='1.5', sp-update-dec-queue=''1'', sp-use-pure-literal-rule=''1'', sp-var-activity-inc='1.0', sp-var-dec-heur=''0'', sp-variable-decay='1.4', sp-max-res-lit-inc='1.0', sp-max-res-runs='4', sp-rand-phase-dec-freq=''0.001'', sp-rand-var-dec-scaling='1.0', sp-res-cutoff-cls='8', sp-res-cutoff-lits='400', sp-res-order-heur=''0'', sp-rand-phase-scaling='1.0'
0.048000, 0.048000, 0.200657, 1, 0.152657, sp-clause-activity-inc='1.0', sp-clause-decay='1.4', sp-clause-del-heur=''2'', sp-first-restart='100', sp-learned-clause-sort-heur=''0'', sp-learned-clauses-inc='1.3', sp-learned-size-factor='0.4', sp-orig-clause-sort-heur=''0'', sp-phase-dec-heur=''5'', sp-rand-var-dec-freq=''0.001'', sp-resolution=''1'', sp-restart-inc='1.5', sp-update-dec-queue=''1'', sp-use-pure-literal-rule=''1'', sp-var-activity-inc='1.0', sp-var-dec-heur=''0'', sp-variable-decay='1.4', sp-max-res-lit-inc='1.0', sp-max-res-runs='4', sp-rand-phase-dec-freq=''0.001'', sp-rand-var-dec-scaling='1.0', sp-res-cutoff-cls='8', sp-res-cutoff-lits='400', sp-res-order-heur=''0'', sp-rand-phase-scaling='1.0'
338.966000, 0.051823, 488.783195, 9, 149.817195, sp-clause-activity-inc='1.3396069538816795', sp-clause-decay='1.9826570870009133', sp-clause-del-heur=''0'', sp-first-restart='398', sp-learned-clause-sort-heur=''13'', sp-learned-clauses-inc='1.4876603022859118', sp-learned-size-factor='1.0991160188935545', sp-orig-clause-sort-heur=''3'', sp-phase-dec-heur=''0'', sp-rand-var-dec-freq=''0'', sp-resolution=''2'', sp-restart-inc='1.1079829342018346', sp-update-dec-queue=''1'', sp-use-pure-literal-rule=''1'', sp-var-activity-inc='1.4458739898774515', sp-var-dec-heur=''16'', sp-variable-decay='1.6111827634260059', sp-max-res-lit-inc='1.409690304068064', sp-max-res-runs='9', sp-rand-phase-dec-freq=''0.01'', sp-res-cutoff-cls='20', sp-res-cutoff-lits='683', sp-res-order-heur=''13'', sp-rand-phase-scaling='0.8397818386239602'
460.510000, 0.048853, 666.774342, 11, 206.264342, sp-clause-activity-inc='0.5689915000881058', sp-clause-decay='1.5175856657876186', sp-clause-del-heur=''2'', sp-first-restart='51', sp-learned-clause-sort-heur=''12'', sp-learned-clauses-inc='1.3991684820288512', sp-learned-size-factor='0.16482584237100895', sp-orig-clause-sort-heur=''8'', sp-phase-dec-heur=''6'', sp-rand-var-dec-freq=''0.0001'', sp-resolution=''2'', sp-restart-inc='1.68645410426209', sp-update-dec-queue=''0'', sp-use-pure-literal-rule=''0'', sp-var-activity-inc='0.7207206863398187', sp-var-dec-heur=''6'', sp-variable-decay='1.8433813700273207', sp-max-res-lit-inc='0.6391268375008019', sp-max-res-runs='13', sp-rand-phase-dec-freq=''0.05'', sp-rand-var-dec-scaling='0.9056495629037644', sp-res-cutoff-cls='11', sp-res-cutoff-lits='133', sp-res-order-heur=''6'', sp-rand-phase-scaling='1.0104419431523226'
483.794000, 0.048107, 699.700191, 12, 215.906191, sp-clause-activity-inc='1.3076289700896624', sp-clause-decay='1.4770942356656973', sp-clause-del-heur=''1'', sp-first-restart='178', sp-learned-clause-sort-heur=''6'', sp-learned-clauses-inc='1.4728908163870855', sp-learned-size-factor='0.22276788602527575', sp-orig-clause-sort-heur=''7'', sp-phase-dec-heur=''5'', sp-rand-var-dec-freq=''0.005'', sp-resolution=''0'', sp-restart-inc='1.61927702693142', sp-update-dec-queue=''0'', sp-use-pure-literal-rule=''1'', sp-var-activity-inc='1.237669444839323', sp-var-dec-heur=''3'', sp-variable-decay='1.0152267029114586', sp-rand-phase-dec-freq=''0'', sp-rand-var-dec-scaling='0.7095209715908057'
503.310000, 0.036892, 728.794733, 13, 225.484733, sp-clause-activity-inc='1.201436168397687', sp-clause-decay='1.231824614970114', sp-clause-del-heur=''0'', sp-first-restart='2876', sp-learned-clause-sort-heur=''14'', sp-learned-clauses-inc='1.2412659101000683', sp-learned-size-factor='0.5256224565777355', sp-orig-clause-sort-heur=''9'', sp-phase-dec-heur=''5'', sp-rand-var-dec-freq=''0'', sp-resolution=''1'', sp-restart-inc='1.4123827212359163', sp-update-dec-queue=''0'', sp-use-pure-literal-rule=''0'', sp-var-activity-inc='1.0032384740675981', sp-var-dec-heur=''7'', sp-variable-decay='1.5357408756840805', sp-max-res-lit-inc='0.27141409112940984', sp-max-res-runs='2', sp-rand-phase-dec-freq=''0.001'', sp-res-cutoff-cls='10', sp-res-cutoff-lits='996', sp-res-order-heur=''6'', sp-rand-phase-scaling='0.8128432938623393'
691.086000, 0.028367, 1003.620337, 16, 312.534337, sp-clause-activity-inc='1.3877966501939603', sp-clause-decay='1.3867183111567736', sp-clause-del-heur=''0'', sp-first-restart='2240', sp-learned-clause-sort-heur=''16'', sp-learned-clauses-inc='1.2942362499273683', sp-learned-size-factor='0.48185386076967857', sp-orig-clause-sort-heur=''8'', sp-phase-dec-heur=''5'', sp-rand-var-dec-freq=''0.005'', sp-resolution=''1'', sp-restart-inc='1.2096232842320855', sp-update-dec-queue=''1'', sp-use-pure-literal-rule=''0'', sp-var-activity-inc='0.7865249680985655', sp-var-dec-heur=''16'', sp-variable-decay='1.0625086583989225', sp-max-res-lit-inc='0.967030643984693', sp-max-res-runs='4', sp-rand-phase-dec-freq=''0'', sp-rand-var-dec-scaling='0.9106778348365923', sp-res-cutoff-cls='15', sp-res-cutoff-lits='220', sp-res-order-heur=''19''
871.174000, 0.024580, 1268.037743, 19, 396.863743, sp-clause-activity-inc='1.175217367806906', sp-clause-decay='1.0658115539960509', sp-clause-del-heur=''1'', sp-first-restart='451', sp-learned-clause-sort-heur=''5'', sp-learned-clauses-inc='1.1949637356616087', sp-learned-size-factor='0.17619876097058207', sp-orig-clause-sort-heur=''18'', sp-phase-dec-heur=''2'', sp-rand-var-dec-freq=''0'', sp-resolution=''2'', sp-restart-inc='1.782603483619664', sp-update-dec-queue=''1'', sp-use-pure-literal-rule=''1'', sp-var-activity-inc='0.8326286116547524', sp-var-dec-heur=''4'', sp-variable-decay='1.114828407397521', sp-max-res-lit-inc='0.8499256458362099', sp-max-res-runs='23', sp-res-cutoff-cls='2', sp-res-cutoff-lits='141', sp-res-order-heur=''0''
1802.754000, 0.022639, 2641.476078, 32, 838.722078, sp-clause-activity-inc='0.8091587776429013', sp-clause-decay='1.6805095431342676', sp-clause-del-heur=''0'', sp-first-restart='679', sp-learned-clause-sort-heur=''13'', sp-learned-clauses-inc='1.1721096532154156', sp-learned-size-factor='0.49833882108297856', sp-orig-clause-sort-heur=''11'', sp-phase-dec-heur=''1'', sp-rand-var-dec-freq=''0.01'', sp-resolution=''1'', sp-restart-inc='1.7854427045115286', sp-update-dec-queue=''0'', sp-use-pure-literal-rule=''1'', sp-var-activity-inc='0.6102028468114965', sp-var-dec-heur=''5'', sp-variable-decay='1.83175233195015', sp-max-res-lit-inc='0.4104049508653127', sp-max-res-runs='4', sp-rand-phase-dec-freq=''0'', sp-rand-var-dec-scaling='0.8311818646145954', sp-res-cutoff-cls='19', sp-res-cutoff-lits='637', sp-res-order-heur=''17''
1929.302000, 0.020280, 2832.407697, 13, 903.105697, sp-clause-activity-inc='1.201436168397687', sp-clause-decay='1.231824614970114', sp-clause-del-heur=''0'', sp-first-restart='2876', sp-learned-clause-sort-heur=''14'', sp-learned-clauses-inc='1.2412659101000683', sp-learned-size-factor='0.5256224565777355', sp-orig-clause-sort-heur=''9'', sp-phase-dec-heur=''5'', sp-rand-var-dec-freq=''0'', sp-resolution=''1'', sp-restart-inc='1.4123827212359163', sp-update-dec-queue=''0'', sp-use-pure-literal-rule=''0'', sp-var-activity-inc='1.0032384740675981', sp-var-dec-heur=''7'', sp-variable-decay='1.5357408756840805', sp-max-res-lit-inc='0.27141409112940984', sp-max-res-runs='2', sp-rand-phase-dec-freq=''0.001'', sp-res-cutoff-cls='10', sp-res-cutoff-lits='996', sp-res-order-heur=''6'', sp-rand-phase-scaling='0.8128432938623393'
2888.210000, 0.017804, 4222.890070, 9, 1334.680070, sp-clause-activity-inc='1.3396069538816795', sp-clause-decay='1.9826570870009133', sp-clause-del-heur=''0'', sp-first-restart='398', sp-learned-clause-sort-heur=''13'', sp-learned-clauses-inc='1.4876603022859118', sp-learned-size-factor='1.0991160188935545', sp-orig-clause-sort-heur=''3'', sp-phase-dec-heur=''0'', sp-rand-var-dec-freq=''0'', sp-resolution=''2'', sp-restart-inc='1.1079829342018346', sp-update-dec-queue=''1'', sp-use-pure-literal-rule=''1'', sp-var-activity-inc='1.4458739898774515', sp-var-dec-heur=''16'', sp-variable-decay='1.6111827634260059', sp-max-res-lit-inc='1.409690304068064', sp-max-res-runs='9', sp-rand-phase-dec-freq=''0.01'', sp-res-cutoff-cls='20', sp-res-cutoff-lits='683', sp-res-order-heur=''13'', sp-rand-phase-scaling='0.8397818386239602'
3508.344000, 0.015061, 5114.766723, 13, 1606.422723, sp-clause-activity-inc='1.201436168397687', sp-clause-decay='1.231824614970114', sp-clause-del-heur=''0'', sp-first-restart='2876', sp-learned-clause-sort-heur=''14'', sp-learned-clauses-inc='1.2412659101000683', sp-learned-size-factor='0.5256224565777355', sp-orig-clause-sort-heur=''9'', sp-phase-dec-heur=''5'', sp-rand-var-dec-freq=''0'', sp-resolution=''1'', sp-restart-inc='1.4123827212359163', sp-update-dec-queue=''0'', sp-use-pure-literal-rule=''0'', sp-var-activity-inc='1.0032384740675981', sp-var-dec-heur=''7'', sp-variable-decay='1.5357408756840805', sp-max-res-lit-inc='0.27141409112940984', sp-max-res-runs='2', sp-rand-phase-dec-freq=''0.001'', sp-res-cutoff-cls='10', sp-res-cutoff-lits='996', sp-res-order-heur=''6'', sp-rand-phase-scaling='0.8128432938623393'
3987.972000, 0.013403, 5806.089116, 9, 1818.117116, sp-clause-activity-inc='1.3396069538816795', sp-clause-decay='1.9826570870009133', sp-clause-del-heur=''0'', sp-first-restart='398', sp-learned-clause-sort-heur=''13'', sp-learned-clauses-inc='1.4876603022859118', sp-learned-size-factor='1.0991160188935545', sp-orig-clause-sort-heur=''3'', sp-phase-dec-heur=''0'', sp-rand-var-dec-freq=''0'', sp-resolution=''2'', sp-restart-inc='1.1079829342018346', sp-update-dec-queue=''1'', sp-use-pure-literal-rule=''1'', sp-var-activity-inc='1.4458739898774515', sp-var-dec-heur=''16'', sp-variable-decay='1.6111827634260059', sp-max-res-lit-inc='1.409690304068064', sp-max-res-runs='9', sp-rand-phase-dec-freq=''0.01'', sp-res-cutoff-cls='20', sp-res-cutoff-lits='683', sp-res-order-heur=''13'', sp-rand-phase-scaling='0.8397818386239602'
4123.272000, 0.012814, 6002.227438, 13, 1878.955438, sp-clause-activity-inc='1.201436168397687', sp-clause-decay='1.231824614970114', sp-clause-del-heur=''0'', sp-first-restart='2876', sp-learned-clause-sort-heur=''14'', sp-learned-clauses-inc='1.2412659101000683', sp-learned-size-factor='0.5256224565777355', sp-orig-clause-sort-heur=''9'', sp-phase-dec-heur=''5'', sp-rand-var-dec-freq=''0'', sp-resolution=''1'', sp-restart-inc='1.4123827212359163', sp-update-dec-queue=''0'', sp-use-pure-literal-rule=''0'', sp-var-activity-inc='1.0032384740675981', sp-var-dec-heur=''7'', sp-variable-decay='1.5357408756840805', sp-max-res-lit-inc='0.27141409112940984', sp-max-res-runs='2', sp-rand-phase-dec-freq=''0.001'', sp-res-cutoff-cls='10', sp-res-cutoff-lits='996', sp-res-order-heur=''6'', sp-rand-phase-scaling='0.8128432938623393'
4832.604000, 0.012303, 7022.981228, 42, 2190.377228, sp-clause-activity-inc='1.2468202215062067', sp-clause-decay='1.2918152395545461', sp-clause-del-heur=''2'', sp-first-restart='122', sp-learned-clause-sort-heur=''15'', sp-learned-clauses-inc='1.1419274063797016', sp-learned-size-factor='1.3053971629546695', sp-orig-clause-sort-heur=''17'', sp-phase-dec-heur=''4'', sp-rand-var-dec-freq=''0.001'', sp-resolution=''2'', sp-restart-inc='1.248061046299524', sp-update-dec-queue=''1'', sp-use-pure-literal-rule=''0'', sp-var-activity-inc='1.1479919487673778', sp-var-dec-heur=''16'', sp-variable-decay='1.1022813451453453', sp-max-res-lit-inc='0.6012467653873967', sp-max-res-runs='3', sp-rand-phase-dec-freq=''0.05'', sp-rand-var-dec-scaling='0.8554057777764399', sp-res-cutoff-cls='13', sp-res-cutoff-lits='944', sp-res-order-heur=''1'', sp-rand-phase-scaling='0.6243878645803984'
4900.224000, 0.011390, 7122.802364, 13, 2222.578364, sp-clause-activity-inc='1.201436168397687', sp-clause-decay='1.231824614970114', sp-clause-del-heur=''0'', sp-first-restart='2876', sp-learned-clause-sort-heur=''14'', sp-learned-clauses-inc='1.2412659101000683', sp-learned-size-factor='0.5256224565777355', sp-orig-clause-sort-heur=''9'', sp-phase-dec-heur=''5'', sp-rand-var-dec-freq=''0'', sp-resolution=''1'', sp-restart-inc='1.4123827212359163', sp-update-dec-queue=''0'', sp-use-pure-literal-rule=''0'', sp-var-activity-inc='1.0032384740675981', sp-var-dec-heur=''7'', sp-variable-decay='1.5357408756840805', sp-max-res-lit-inc='0.27141409112940984', sp-max-res-runs='2', sp-rand-phase-dec-freq=''0.001'', sp-res-cutoff-cls='10', sp-res-cutoff-lits='996', sp-res-order-heur=''6'', sp-rand-phase-scaling='0.8128432938623393'
6400.752000, 0.011358, 9326.538787, 50, 2925.786787, sp-clause-activity-inc='0.9371205229880758', sp-clause-decay='1.5461533460174408', sp-clause-del-heur=''0'', sp-first-restart='93', sp-learned-clause-sort-heur=''7'', sp-learned-clauses-inc='1.4266509555959064', sp-learned-size-factor='0.30087287252813755', sp-orig-clause-sort-heur=''7'', sp-phase-dec-heur=''2'', sp-rand-var-dec-freq=''0.0001'', sp-resolution=''0'', sp-restart-inc='1.6778078820985622', sp-update-dec-queue=''0'', sp-use-pure-literal-rule=''1'', sp-var-activity-inc='1.1433286718702185', sp-var-dec-heur=''4'', sp-variable-decay='1.5791919013563034', sp-rand-var-dec-scaling='0.5170469800947857'
6482.724000, 0.011086, 9450.960366, 9, 2968.236366, sp-clause-activity-inc='1.3396069538816795', sp-clause-decay='1.9826570870009133', sp-clause-del-heur=''0'', sp-first-restart='398', sp-learned-clause-sort-heur=''13'', sp-learned-clauses-inc='1.4876603022859118', sp-learned-size-factor='1.0991160188935545', sp-orig-clause-sort-heur=''3'', sp-phase-dec-heur=''0'', sp-rand-var-dec-freq=''0'', sp-resolution=''2'', sp-restart-inc='1.1079829342018346', sp-update-dec-queue=''1'', sp-use-pure-literal-rule=''1'', sp-var-activity-inc='1.4458739898774515', sp-var-dec-heur=''16'', sp-variable-decay='1.6111827634260059', sp-max-res-lit-inc='1.409690304068064', sp-max-res-runs='9', sp-rand-phase-dec-freq=''0.01'', sp-res-cutoff-cls='20', sp-res-cutoff-lits='683', sp-res-order-heur=''13'', sp-rand-phase-scaling='0.8397818386239602'
7953.956000, 0.011179, 11583.696404, 40, 3629.740404, sp-clause-activity-inc='0.5082677709468468', sp-clause-decay='1.1159988203898952', sp-clause-del-heur=''1'', sp-first-restart='130', sp-learned-clause-sort-heur=''10'', sp-learned-clauses-inc='1.347059264357891', sp-learned-size-factor='0.14274852546646588', sp-orig-clause-sort-heur=''2'', sp-phase-dec-heur=''5'', sp-rand-var-dec-freq=''0.05'', sp-resolution=''0'', sp-restart-inc='1.2527024802946978', sp-update-dec-queue=''0'', sp-use-pure-literal-rule=''1'', sp-var-activity-inc='1.309694967849188', sp-var-dec-heur=''5'', sp-variable-decay='1.6431786109527449', sp-rand-phase-dec-freq=''0'', sp-rand-var-dec-scaling='0.7187715714591897'
8563.376000, 0.009914, 12469.381335, 9, 3906.005335, sp-clause-activity-inc='1.3396069538816795', sp-clause-decay='1.9826570870009133', sp-clause-del-heur=''0'', sp-first-restart='398', sp-learned-clause-sort-heur=''13'', sp-learned-clauses-inc='1.4876603022859118', sp-learned-size-factor='1.0991160188935545', sp-orig-clause-sort-heur=''3'', sp-phase-dec-heur=''0'', sp-rand-var-dec-freq=''0'', sp-resolution=''2'', sp-restart-inc='1.1079829342018346', sp-update-dec-queue=''1'', sp-use-pure-literal-rule=''1'', sp-var-activity-inc='1.4458739898774515', sp-var-dec-heur=''16'', sp-variable-decay='1.6111827634260059', sp-max-res-lit-inc='1.409690304068064', sp-max-res-runs='9', sp-rand-phase-dec-freq=''0.01'', sp-res-cutoff-cls='20', sp-res-cutoff-lits='683', sp-res-order-heur=''13'', sp-rand-phase-scaling='0.8397818386239602'
9714.266000, 0.009245, 14162.734412, 50, 4448.468412, sp-clause-activity-inc='0.9371205229880758', sp-clause-decay='1.5461533460174408', sp-clause-del-heur=''0'', sp-first-restart='93', sp-learned-clause-sort-heur=''7'', sp-learned-clauses-inc='1.4266509555959064', sp-learned-size-factor='0.30087287252813755', sp-orig-clause-sort-heur=''7'', sp-phase-dec-heur=''2'', sp-rand-var-dec-freq=''0.0001'', sp-resolution=''0'', sp-restart-inc='1.6778078820985622', sp-update-dec-queue=''0'', sp-use-pure-literal-rule=''1'', sp-var-activity-inc='1.1433286718702185', sp-var-dec-heur=''4'', sp-variable-decay='1.5791919013563034', sp-rand-var-dec-scaling='0.5170469800947857'
10151.592000, 0.008450, 14807.969342, 9, 4656.377342, sp-clause-activity-inc='1.3396069538816795', sp-clause-decay='1.9826570870009133', sp-clause-del-heur=''0'', sp-first-restart='398', sp-learned-clause-sort-heur=''13'', sp-learned-clauses-inc='1.4876603022859118', sp-learned-size-factor='1.0991160188935545', sp-orig-clause-sort-heur=''3'', sp-phase-dec-heur=''0'', sp-rand-var-dec-freq=''0'', sp-resolution=''2'', sp-restart-inc='1.1079829342018346', sp-update-dec-queue=''1'', sp-use-pure-literal-rule=''1'', sp-var-activity-inc='1.4458739898774515', sp-var-dec-heur=''16'', sp-variable-decay='1.6111827634260059', sp-max-res-lit-inc='1.409690304068064', sp-max-res-runs='9', sp-rand-phase-dec-freq=''0.01'', sp-res-cutoff-cls='20', sp-res-cutoff-lits='683', sp-res-order-heur=''13'', sp-rand-phase-scaling='0.8397818386239602'
