{"wallclock_time": 0.0008883476257324219, "total_cpu_time": null, "evaluations": 0, "cpu_time": 0, "cost": 2147483648, "incumbent": ["sp-clause-activity-inc='1.0'", "sp-clause-decay='1.4'", "sp-clause-del-heur=''2''", "sp-first-restart='100'", "sp-learned-clause-sort-heur=''0''", "sp-learned-clauses-inc='1.3'", "sp-learned-size-factor='0.4'", "sp-orig-clause-sort-heur=''0''", "sp-phase-dec-heur=''5''", "sp-rand-var-dec-freq=''0.001''", "sp-resolution=''1''", "sp-restart-inc='1.5'", "sp-update-dec-queue=''1''", "sp-use-pure-literal-rule=''1''", "sp-var-activity-inc='1.0'", "sp-var-dec-heur=''0''", "sp-variable-decay='1.4'", "sp-max-res-lit-inc='1.0'", "sp-max-res-runs='4'", "sp-rand-phase-dec-freq=''0.001''", "sp-rand-var-dec-scaling='1.0'", "sp-res-cutoff-cls='8'", "sp-res-cutoff-lits='400'", "sp-res-order-heur=''0''", "sp-rand-phase-scaling='1.0'"]}
{"wallclock_time": 0.20065665245056152, "total_cpu_time": null, "evaluations": 1, "cpu_time": 0.048, "cost": 0.048, "incumbent": ["sp-clause-activity-inc='1.0'", "sp-clause-decay='1.4'", "sp-clause-del-heur=''2''", "sp-first-restart='100'", "sp-learned-clause-sort-heur=''0''", "sp-learned-clauses-inc='1.3'", "sp-learned-size-factor='0.4'", "sp-orig-clause-sort-heur=''0''", "sp-phase-dec-heur=''5''", "sp-rand-var-dec-freq=''0.001''", "sp-resolution=''1''", "sp-restart-inc='1.5'", "sp-update-dec-queue=''1''", "sp-use-pure-literal-rule=''1''", "sp-var-activity-inc='1.0'", "sp-var-dec-heur=''0''", "sp-variable-decay='1.4'", "sp-max-res-lit-inc='1.0'", "sp-max-res-runs='4'", "sp-rand-phase-dec-freq=''0.001''", "sp-rand-var-dec-scaling='1.0'", "sp-res-cutoff-cls='8'", "sp-res-cutoff-lits='400'", "sp-res-order-heur=''0''", "sp-rand-phase-scaling='1.0'"]}
{"wallclock_time": 488.7831950187683, "total_cpu_time": null, "evaluations": 145, "cpu_time": 338.96600000000007, "cost": 0.05182271468144046, "incumbent": ["sp-clause-activity-inc='1.3396069538816795'", "sp-clause-decay='1.9826570870009133'", "sp-clause-del-heur=''0''", "sp-first-restart='398'", "sp-learned-clause-sort-heur=''13''", "sp-learned-clauses-inc='1.4876603022859118'", "sp-learned-size-factor='1.0991160188935545'", "sp-orig-clause-sort-heur=''3''", "sp-phase-dec-heur=''0''", "sp-rand-var-dec-freq=''0''", "sp-resolution=''2''", "sp-restart-inc='1.1079829342018346'", "sp-update-dec-queue=''1''", "sp-use-pure-literal-rule=''1''", "sp-var-activity-inc='1.4458739898774515'", "sp-var-dec-heur=''16''", "sp-variable-decay='1.6111827634260059'", "sp-max-res-lit-inc='1.409690304068064'", "sp-max-res-runs='9'", "sp-rand-phase-dec-freq=''0.01''", "sp-res-cutoff-cls='20'", "sp-res-cutoff-lits='683'", "sp-res-order-heur=''13''", "sp-rand-phase-scaling='0.8397818386239602'"]}
{"wallclock_time": 666.7743420600891, "total_cpu_time": null, "evaluations": 186, "cpu_time": 460.5100000000001, "cost": 0.04885260770975058, "incumbent": ["sp-clause-activity-inc='0.5689915000881058'", "sp-clause-decay='1.5175856657876186'", "sp-clause-del-heur=''2''", "sp-first-restart='51'", "sp-learned-clause-sort-heur=''12''", "sp-learned-clauses-inc='1.3991684820288512'", "sp-learned-size-factor='0.16482584237100895'", "sp-orig-clause-sort-heur=''8''", "sp-phase-dec-heur=''6''", "sp-rand-var-dec-freq=''0.0001''", "sp-resolution=''2''", "sp-restart-inc='1.68645410426209'", "sp-update-dec-queue=''0''", "sp-use-pure-literal-rule=''0''", "sp-var-activity-inc='0.7207206863398187'", "sp-var-dec-heur=''6''", "sp-variable-decay='1.8433813700273207'", "sp-max-res-lit-inc='0.6391268375008019'", "sp-max-res-runs='13'", "sp-rand-phase-dec-freq=''0.05''", "sp-rand-var-dec-scaling='0.9056495629037644'", "sp-res-cutoff-cls='11'", "sp-res-cutoff-lits='133'", "sp-res-order-heur=''6''", "sp-rand-phase-scaling='1.0104419431523226'"]}
{"wallclock_time": 699.7001912593842, "total_cpu_time": null, "evaluations": 208, "cpu_time": 483.79400000000004, "cost": 0.04810743801652892, "incumbent": ["sp-clause-activity-inc='1.3076289700896624'", "sp-clause-decay='1.4770942356656973'", "sp-clause-del-heur=''1''", "sp-first-restart='178'", "sp-learned-clause-sort-heur=''6''", "sp-learned-clauses-inc='1.4728908163870855'", "sp-learned-size-factor='0.22276788602527575'", "sp-orig-clause-sort-heur=''7''", "sp-phase-dec-heur=''5''", "sp-rand-var-dec-freq=''0.005''", "sp-resolution=''0''", "sp-restart-inc='1.61927702693142'", "sp-update-dec-queue=''0''", "sp-use-pure-literal-rule=''1''", "sp-var-activity-inc='1.237669444839323'", "sp-var-dec-heur=''3''", "sp-variable-decay='1.0152267029114586'", "sp-rand-phase-dec-freq=''0''", "sp-rand-var-dec-scaling='0.7095209715908057'"]}
{"wallclock_time": 728.7947328090668, "total_cpu_time": null, "evaluations": 231, "cpu_time": 503.3100000000001, "cost": 0.03689224952741021, "incumbent": ["sp-clause-activity-inc='1.201436168397687'", "sp-clause-decay='1.231824614970114'", "sp-clause-del-heur=''0''", "sp-first-restart='2876'", "sp-learned-clause-sort-heur=''14''", "sp-learned-clauses-inc='1.2412659101000683'", "sp-learned-size-factor='0.5256224565777355'", "sp-orig-clause-sort-heur=''9''", "sp-phase-dec-heur=''5''", "sp-rand-var-dec-freq=''0''", "sp-resolution=''1''", "sp-restart-inc='1.4123827212359163'", "sp-update-dec-queue=''0''", "sp-use-pure-literal-rule=''0''", "sp-var-activity-inc='1.0032384740675981'", "sp-var-dec-heur=''7''", "sp-variable-decay='1.5357408756840805'", "sp-max-res-lit-inc='0.27141409112940984'", "sp-max-res-runs='2'", "sp-rand-phase-dec-freq=''0.001''", "sp-res-cutoff-cls='10'", "sp-res-cutoff-lits='996'", "sp-res-order-heur=''6''", "sp-rand-phase-scaling='0.8128432938623393'"]}
{"wallclock_time": 1003.6203372478485, "total_cpu_time": null, "evaluations": 306, "cpu_time": 691.0859999999998, "cost": 0.028366863905325446, "incumbent": ["sp-clause-activity-inc='1.3877966501939603'", "sp-clause-decay='1.3867183111567736'", "sp-clause-del-heur=''0''", "sp-first-restart='2240'", "sp-learned-clause-sort-heur=''16''", "sp-learned-clauses-inc='1.2942362499273683'", "sp-learned-size-factor='0.48185386076967857'", "sp-orig-clause-sort-heur=''8''", "sp-phase-dec-heur=''5''", "sp-rand-var-dec-freq=''0.005''", "sp-resolution=''1''", "sp-restart-inc='1.2096232842320855'", "sp-update-dec-queue=''1''", "sp-use-pure-literal-rule=''0''", "sp-var-activity-inc='0.7865249680985655'", "sp-var-dec-heur=''16''", "sp-variable-decay='1.0625086583989225'", "sp-max-res-lit-inc='0.967030643984693'", "sp-max-res-runs='4'", "sp-rand-phase-dec-freq=''0''", "sp-rand-var-dec-scaling='0.9106778348365923'", "sp-res-cutoff-cls='15'", "sp-res-cutoff-lits='220'", "sp-res-order-heur=''19''"]}
{"wallclock_time": 1268.037742614746, "total_cpu_time": null, "evaluations": 390, "cpu_time": 871.1739999999999, "cost": 0.024580261593341257, "incumbent": ["sp-clause-activity-inc='1.175217367806906'", "sp-clause-decay='1.0658115539960509'", "sp-clause-del-heur=''1''", "sp-first-restart='451'", "sp-learned-clause-sort-heur=''5''", "sp-learned-clauses-inc='1.1949637356616087'", "sp-learned-size-factor='0.17619876097058207'", "sp-orig-clause-sort-heur=''18''", "sp-phase-dec-heur=''2''", "sp-rand-var-dec-freq=''0''", "sp-resolution=''2''", "sp-restart-inc='1.782603483619664'", "sp-update-dec-queue=''1''", "sp-use-pure-literal-rule=''1''", "sp-var-activity-inc='0.8326286116547524'", "sp-var-dec-heur=''4''", "sp-variable-decay='1.114828407397521'", "sp-max-res-lit-inc='0.8499256458362099'", "sp-max-res-runs='23'", "sp-res-cutoff-cls='2'", "sp-res-cutoff-lits='141'", "sp-res-order-heur=''0''"]}
{"wallclock_time": 2641.4760777950287, "total_cpu_time": null, "evaluations": 858, "cpu_time": 1802.753999999998, "cost": 0.02263945578231293, "incumbent": ["sp-clause-activity-inc='0.8091587776429013'", "sp-clause-decay='1.6805095431342676'", "sp-clause-del-heur=''0''", "sp-first-restart='679'", "sp-learned-clause-sort-heur=''13''", "sp-learned-clauses-inc='1.1721096532154156'", "sp-learned-size-factor='0.49833882108297856'", "sp-orig-clause-sort-heur=''11''", "sp-phase-dec-heur=''1''", "sp-rand-var-dec-freq=''0.01''", "sp-resolution=''1''", "sp-restart-inc='1.7854427045115286'", "sp-update-dec-queue=''0''", "sp-use-pure-literal-rule=''1''", "sp-var-activity-inc='0.6102028468114965'", "sp-var-dec-heur=''5''", "sp-variable-decay='1.83175233195015'", "sp-max-res-lit-inc='0.4104049508653127'", "sp-max-res-runs='4'", "sp-rand-phase-dec-freq=''0''", "sp-rand-var-dec-scaling='0.8311818646145954'", "sp-res-cutoff-cls='19'", "sp-res-cutoff-lits='637'", "sp-res-order-heur=''17''"]}
{"wallclock_time": 2832.4076969623566, "total_cpu_time": null, "evaluations": 990, "cpu_time": 1929.3019999999976, "cost": 0.020280493827160493, "incumbent": ["sp-clause-activity-inc='1.201436168397687'", "sp-clause-decay='1.231824614970114'", "sp-clause-del-heur=''0''", "sp-first-restart='2876'", "sp-learned-clause-sort-heur=''14''", "sp-learned-clauses-inc='1.2412659101000683'", "sp-learned-size-factor='0.5256224565777355'", "sp-orig-clause-sort-heur=''9''", "sp-phase-dec-heur=''5''", "sp-rand-var-dec-freq=''0''", "sp-resolution=''1''", "sp-restart-inc='1.4123827212359163'", "sp-update-dec-queue=''0''", "sp-use-pure-literal-rule=''0''", "sp-var-activity-inc='1.0032384740675981'", "sp-var-dec-heur=''7''", "sp-variable-decay='1.5357408756840805'", "sp-max-res-lit-inc='0.27141409112940984'", "sp-max-res-runs='2'", "sp-rand-phase-dec-freq=''0.001''", "sp-res-cutoff-cls='10'", "sp-res-cutoff-lits='996'", "sp-res-order-heur=''6''", "sp-rand-phase-scaling='0.8128432938623393'"]}
{"wallclock_time": 4222.890070438385, "total_cpu_time": null, "evaluations": 1440, "cpu_time": 2888.2099999999996, "cost": 0.01780384087791495, "incumbent": ["sp-clause-activity-inc='1.3396069538816795'", "sp-clause-decay='1.9826570870009133'", "sp-clause-del-heur=''0''", "sp-first-restart='398'", "sp-learned-clause-sort-heur=''13''", "sp-learned-clauses-inc='1.4876603022859118'", "sp-learned-size-factor='1.0991160188935545'", "sp-orig-clause-sort-heur=''3''", "sp-phase-dec-heur=''0''", "sp-rand-var-dec-freq=''0''", "sp-resolution=''2''", "sp-restart-inc='1.1079829342018346'", "sp-update-dec-queue=''1''", "sp-use-pure-literal-rule=''1''", "sp-var-activity-inc='1.4458739898774515'", "sp-var-dec-heur=''16''", "sp-variable-decay='1.6111827634260059'", "sp-max-res-lit-inc='1.409690304068064'", "sp-max-res-runs='9'", "sp-rand-phase-dec-freq=''0.01''", "sp-res-cutoff-cls='20'", "sp-res-cutoff-lits='683'", "sp-res-order-heur=''13''", "sp-rand-phase-scaling='0.8397818386239602'"]}
{"wallclock_time": 5114.766723394394, "total_cpu_time": null, "evaluations": 1785, "cpu_time": 3508.343999999999, "cost": 0.015061111111111108, "incumbent": ["sp-clause-activity-inc='1.201436168397687'", "sp-clause-decay='1.231824614970114'", "sp-clause-del-heur=''0''", "sp-first-restart='2876'", "sp-learned-clause-sort-heur=''14''", "sp-learned-clauses-inc='1.2412659101000683'", "sp-learned-size-factor='0.5256224565777355'", "sp-orig-clause-sort-heur=''9''", "sp-phase-dec-heur=''5''", "sp-rand-var-dec-freq=''0''", "sp-resolution=''1''", "sp-restart-inc='1.4123827212359163'", "sp-update-dec-queue=''0''", "sp-use-pure-literal-rule=''0''", "sp-var-activity-inc='1.0032384740675981'", "sp-var-dec-heur=''7''", "sp-variable-decay='1.5357408756840805'", "sp-max-res-lit-inc='0.27141409112940984'", "sp-max-res-runs='2'", "sp-rand-phase-dec-freq=''0.001''", "sp-res-cutoff-cls='10'", "sp-res-cutoff-lits='996'", "sp-res-order-heur=''6''", "sp-rand-phase-scaling='0.8128432938623393'"]}
{"wallclock_time": 5806.089116096497, "total_cpu_time": null, "evaluations": 2233, "cpu_time": 3987.971999999996, "cost": 0.013402539541100468, "incumbent": ["sp-clause-activity-inc='1.3396069538816795'", "sp-clause-decay='1.9826570870009133'", "sp-clause-del-heur=''0''", "sp-first-restart='398'", "sp-learned-clause-sort-heur=''13''", "sp-learned-clauses-inc='1.4876603022859118'", "sp-learned-size-factor='1.0991160188935545'", "sp-orig-clause-sort-heur=''3''", "sp-phase-dec-heur=''0''", "sp-rand-var-dec-freq=''0''", "sp-resolution=''2''", "sp-restart-inc='1.1079829342018346'", "sp-update-dec-queue=''1''", "sp-use-pure-literal-rule=''1''", "sp-var-activity-inc='1.4458739898774515'", "sp-var-dec-heur=''16''", "sp-variable-decay='1.6111827634260059'", "sp-max-res-lit-inc='1.409690304068064'", "sp-max-res-runs='9'", "sp-rand-phase-dec-freq=''0.01''", "sp-res-cutoff-cls='20'", "sp-res-cutoff-lits='683'", "sp-res-order-heur=''13''", "sp-rand-phase-scaling='0.8397818386239602'"]}
{"wallclock_time": 6002.227438211441, "total_cpu_time": null, "evaluations": 2370, "cpu_time": 4123.271999999994, "cost": 0.012814114681789536, "incumbent": ["sp-clause-activity-inc='1.201436168397687'", "sp-clause-decay='1.231824614970114'", "sp-clause-del-heur=''0''", "sp-first-restart='2876'", "sp-learned-clause-sort-heur=''14''", "sp-learned-clauses-inc='1.2412659101000683'", "sp-learned-size-factor='0.5256224565777355'", "sp-orig-clause-sort-heur=''9''", "sp-phase-dec-heur=''5''", "sp-rand-var-dec-freq=''0''", "sp-resolution=''1''", "sp-restart-inc='1.4123827212359163'", "sp-update-dec-queue=''0''", "sp-use-pure-literal-rule=''0''", "sp-var-activity-inc='1.0032384740675981'", "sp-var-dec-heur=''7''", "sp-variable-decay='1.5357408756840805'", "sp-max-res-lit-inc='0.27141409112940984'", "sp-max-res-runs='2'", "sp-rand-phase-dec-freq=''0.001''", "sp-res-cutoff-cls='10'", "sp-res-cutoff-lits='996'", "sp-res-order-heur=''6''", "sp-rand-phase-scaling='0.8128432938623393'"]}
{"wallclock_time": 7022.981227636337, "total_cpu_time": null, "evaluations": 2881, "cpu_time": 4832.603999999994, "cost": 0.012302631578947365, "incumbent": ["sp-clause-activity-inc='1.2468202215062067'", "sp-clause-decay='1.2918152395545461'", "sp-clause-del-heur=''2''", "sp-first-restart='122'", "sp-learned-clause-sort-heur=''15''", "sp-learned-clauses-inc='1.1419274063797016'", "sp-learned-size-factor='1.3053971629546695'", "sp-orig-clause-sort-heur=''17''", "sp-phase-dec-heur=''4''", "sp-rand-var-dec-freq=''0.001''", "sp-resolution=''2''", "sp-restart-inc='1.248061046299524'", "sp-update-dec-queue=''1''", "sp-use-pure-literal-rule=''0''", "sp-var-activity-inc='1.1479919487673778'", "sp-var-dec-heur=''16''", "sp-variable-decay='1.1022813451453453'", "sp-max-res-lit-inc='0.6012467653873967'", "sp-max-res-runs='3'", "sp-rand-phase-dec-freq=''0.05''", "sp-rand-var-dec-scaling='0.8554057777764399'", "sp-res-cutoff-cls='13'", "sp-res-cutoff-lits='944'", "sp-res-order-heur=''1''", "sp-rand-phase-scaling='0.6243878645803984'"]}
{"wallclock_time": 7122.802364349365, "total_cpu_time": null, "evaluations": 2958, "cpu_time": 4900.223999999992, "cost": 0.011390116377129363, "incumbent": ["sp-clause-activity-inc='1.201436168397687'", "sp-clause-decay='1.231824614970114'", "sp-clause-del-heur=''0''", "sp-first-restart='2876'", "sp-learned-clause-sort-heur=''14''", "sp-learned-clauses-inc='1.2412659101000683'", "sp-learned-size-factor='0.5256224565777355'", "sp-orig-clause-sort-heur=''9''", "sp-phase-dec-heur=''5''", "sp-rand-var-dec-freq=''0''", "sp-resolution=''1''", "sp-restart-inc='1.4123827212359163'", "sp-update-dec-queue=''0''", "sp-use-pure-literal-rule=''0''", "sp-var-activity-inc='1.0032384740675981'", "sp-var-dec-heur=''7''", "sp-variable-decay='1.5357408756840805'", "sp-max-res-lit-inc='0.27141409112940984'", "sp-max-res-runs='2'", "sp-rand-phase-dec-freq=''0.001''", "sp-res-cutoff-cls='10'", "sp-res-cutoff-lits='996'", "sp-res-order-heur=''6''", "sp-rand-phase-scaling='0.8128432938623393'"]}
{"wallclock_time": 9326.538787126541, "total_cpu_time": null, "evaluations": 3610, "cpu_time": 6400.75199999999, "cost": 0.01135778546712803, "incumbent": ["sp-clause-activity-inc='0.9371205229880758'", "sp-clause-decay='1.5461533460174408'", "sp-clause-del-heur=''0''", "sp-first-restart='93'", "sp-learned-clause-sort-heur=''7''", "sp-learned-clauses-inc='1.4266509555959064'", "sp-learned-size-factor='0.30087287252813755'", "sp-orig-clause-sort-heur=''7''", "sp-phase-dec-heur=''2''", "sp-rand-var-dec-freq=''0.0001''", "sp-resolution=''0''", "sp-restart-inc='1.6778078820985622'", "sp-update-dec-queue=''0''", "sp-use-pure-literal-rule=''1''", "sp-var-activity-inc='1.1433286718702185'", "sp-var-dec-heur=''4''", "sp-variable-decay='1.5791919013563034'", "sp-rand-var-dec-scaling='0.5170469800947857'"]}
{"wallclock_time": 9450.960366249084, "total_cpu_time": null, "evaluations": 3696, "cpu_time": 6482.723999999992, "cost": 0.01108599242833964, "incumbent": ["sp-clause-activity-inc='1.3396069538816795'", "sp-clause-decay='1.9826570870009133'", "sp-clause-del-heur=''0''", "sp-first-restart='398'", "sp-learned-clause-sort-heur=''13''", "sp-learned-clauses-inc='1.4876603022859118'", "sp-learned-size-factor='1.0991160188935545'", "sp-orig-clause-sort-heur=''3''", "sp-phase-dec-heur=''0''", "sp-rand-var-dec-freq=''0''", "sp-resolution=''2''", "sp-restart-inc='1.1079829342018346'", "sp-update-dec-queue=''1''", "sp-use-pure-literal-rule=''1''", "sp-var-activity-inc='1.4458739898774515'", "sp-var-dec-heur=''16''", "sp-variable-decay='1.6111827634260059'", "sp-max-res-lit-inc='1.409690304068064'", "sp-max-res-runs='9'", "sp-rand-phase-dec-freq=''0.01''", "sp-res-cutoff-cls='20'", "sp-res-cutoff-lits='683'", "sp-res-order-heur=''13''", "sp-rand-phase-scaling='0.8397818386239602'"]}
{"wallclock_time": 11583.696403741837, "total_cpu_time": null, "evaluations": 4611, "cpu_time": 7953.955999999996, "cost": 0.011179253472222213, "incumbent": ["sp-clause-activity-inc='0.5082677709468468'", "sp-clause-decay='1.1159988203898952'", "sp-clause-del-heur=''1''", "sp-first-restart='130'", "sp-learned-clause-sort-heur=''10''", "sp-learned-clauses-inc='1.347059264357891'", "sp-learned-size-factor='0.14274852546646588'", "sp-orig-clause-sort-heur=''2''", "sp-phase-dec-heur=''5''", "sp-rand-var-dec-freq=''0.05''", "sp-resolution=''0''", "sp-restart-inc='1.2527024802946978'", "sp-update-dec-queue=''0''", "sp-use-pure-literal-rule=''1''", "sp-var-activity-inc='1.309694967849188'", "sp-var-dec-heur=''5''", "sp-variable-decay='1.6431786109527449'", "sp-rand-phase-dec-freq=''0''", "sp-rand-var-dec-scaling='0.7187715714591897'"]}
{"wallclock_time": 12469.381335258484, "total_cpu_time": null, "evaluations": 4905, "cpu_time": 8563.376000000004, "cost": 0.009913682277318637, "incumbent": ["sp-clause-activity-inc='1.3396069538816795'", "sp-clause-decay='1.9826570870009133'", "sp-clause-del-heur=''0''", "sp-first-restart='398'", "sp-learned-clause-sort-heur=''13''", "sp-learned-clauses-inc='1.4876603022859118'", "sp-learned-size-factor='1.0991160188935545'", "sp-orig-clause-sort-heur=''3''", "sp-phase-dec-heur=''0''", "sp-rand-var-dec-freq=''0''", "sp-resolution=''2''", "sp-restart-inc='1.1079829342018346'", "sp-update-dec-queue=''1''", "sp-use-pure-literal-rule=''1''", "sp-var-activity-inc='1.4458739898774515'", "sp-var-dec-heur=''16''", "sp-variable-decay='1.6111827634260059'", "sp-max-res-lit-inc='1.409690304068064'", "sp-max-res-runs='9'", "sp-rand-phase-dec-freq=''0.01''", "sp-res-cutoff-cls='20'", "sp-res-cutoff-lits='683'", "sp-res-order-heur=''13''", "sp-rand-phase-scaling='0.8397818386239602'"]}
{"wallclock_time": 14162.734411716461, "total_cpu_time": null, "evaluations": 5950, "cpu_time": 9714.266000000025, "cost": 0.009244508038043943, "incumbent": ["sp-clause-activity-inc='0.9371205229880758'", "sp-clause-decay='1.5461533460174408'", "sp-clause-del-heur=''0''", "sp-first-restart='93'", "sp-learned-clause-sort-heur=''7''", "sp-learned-clauses-inc='1.4266509555959064'", "sp-learned-size-factor='0.30087287252813755'", "sp-orig-clause-sort-heur=''7''", "sp-phase-dec-heur=''2''", "sp-rand-var-dec-freq=''0.0001''", "sp-resolution=''0''", "sp-restart-inc='1.6778078820985622'", "sp-update-dec-queue=''0''", "sp-use-pure-literal-rule=''1''", "sp-var-activity-inc='1.1433286718702185'", "sp-var-dec-heur=''4''", "sp-variable-decay='1.5791919013563034'", "sp-rand-var-dec-scaling='0.5170469800947857'"]}
{"wallclock_time": 14807.96934223175, "total_cpu_time": null, "evaluations": 6396, "cpu_time": 10151.592000000037, "cost": 0.008449839454929903, "incumbent": ["sp-clause-activity-inc='1.3396069538816795'", "sp-clause-decay='1.9826570870009133'", "sp-clause-del-heur=''0''", "sp-first-restart='398'", "sp-learned-clause-sort-heur=''13''", "sp-learned-clauses-inc='1.4876603022859118'", "sp-learned-size-factor='1.0991160188935545'", "sp-orig-clause-sort-heur=''3''", "sp-phase-dec-heur=''0''", "sp-rand-var-dec-freq=''0''", "sp-resolution=''2''", "sp-restart-inc='1.1079829342018346'", "sp-update-dec-queue=''1''", "sp-use-pure-literal-rule=''1''", "sp-var-activity-inc='1.4458739898774515'", "sp-var-dec-heur=''16''", "sp-variable-decay='1.6111827634260059'", "sp-max-res-lit-inc='1.409690304068064'", "sp-max-res-runs='9'", "sp-rand-phase-dec-freq=''0.01''", "sp-res-cutoff-cls='20'", "sp-res-cutoff-lits='683'", "sp-res-order-heur=''13''", "sp-rand-phase-scaling='0.8397818386239602'"]}
