{"incumbent": ["sp-clause-activity-inc='1.0'", "sp-clause-decay='1.4'", "sp-clause-del-heur=''2''", "sp-first-restart='100'", "sp-learned-clause-sort-heur=''0''", "sp-learned-clauses-inc='1.3'", "sp-learned-size-factor='0.4'", "sp-orig-clause-sort-heur=''0''", "sp-phase-dec-heur=''5''", "sp-rand-var-dec-freq=''0.001''", "sp-resolution=''1''", "sp-restart-inc='1.5'", "sp-update-dec-queue=''1''", "sp-use-pure-literal-rule=''1''", "sp-var-activity-inc='1.0'", "sp-var-dec-heur=''0''", "sp-variable-decay='1.4'", "sp-max-res-lit-inc='1.0'", "sp-max-res-runs='4'", "sp-rand-phase-dec-freq=''0.001''", "sp-rand-var-dec-scaling='1.0'", "sp-res-cutoff-cls='8'", "sp-res-cutoff-lits='400'", "sp-res-order-heur=''0''", "sp-rand-phase-scaling='1.0'"], "cpu_time": 0, "total_cpu_time": null, "wallclock_time": 0.001005411148071289, "cost": 2147483648, "evaluations": 0}
{"incumbent": ["sp-clause-activity-inc='1.0'", "sp-clause-decay='1.4'", "sp-clause-del-heur=''2''", "sp-first-restart='100'", "sp-learned-clause-sort-heur=''0''", "sp-learned-clauses-inc='1.3'", "sp-learned-size-factor='0.4'", "sp-orig-clause-sort-heur=''0''", "sp-phase-dec-heur=''5''", "sp-rand-var-dec-freq=''0.001''", "sp-resolution=''1''", "sp-restart-inc='1.5'", "sp-update-dec-queue=''1''", "sp-use-pure-literal-rule=''1''", "sp-var-activity-inc='1.0'", "sp-var-dec-heur=''0''", "sp-variable-decay='1.4'", "sp-max-res-lit-inc='1.0'", "sp-max-res-runs='4'", "sp-rand-phase-dec-freq=''0.001''", "sp-rand-var-dec-scaling='1.0'", "sp-res-cutoff-cls='8'", "sp-res-cutoff-lits='400'", "sp-res-order-heur=''0''", "sp-rand-phase-scaling='1.0'"], "cpu_time": 0.048, "total_cpu_time": null, "wallclock_time": 0.46461939811706543, "cost": 0.048, "evaluations": 1}
{"incumbent": ["sp-clause-activity-inc='1.4087792801624361'", "sp-clause-decay='1.9603326597603739'", "sp-clause-del-heur=''0''", "sp-first-restart='484'", "sp-learned-clause-sort-heur=''10''", "sp-learned-clauses-inc='1.4443539872690117'", "sp-learned-size-factor='0.8124261029641372'", "sp-orig-clause-sort-heur=''8''", "sp-phase-dec-heur=''5''", "sp-rand-var-dec-freq=''0.05''", "sp-resolution=''0''", "sp-restart-inc='1.4227903065926766'", "sp-update-dec-queue=''0''", "sp-use-pure-literal-rule=''1''", "sp-var-activity-inc='1.2115285642793152'", "sp-var-dec-heur=''5''", "sp-variable-decay='1.005340770987369'", "sp-rand-phase-dec-freq=''0.0001''", "sp-rand-var-dec-scaling='0.3227287942594123'", "sp-rand-phase-scaling='0.652646617036878'"], "cpu_time": 1557.931999999999, "total_cpu_time": null, "wallclock_time": 1308.885743379593, "cost": 0.08344000000000001, "evaluations": 715}
{"incumbent": ["sp-clause-activity-inc='0.907443547701926'", "sp-clause-decay='1.893636702780591'", "sp-clause-del-heur=''0''", "sp-first-restart='40'", "sp-learned-clause-sort-heur=''5''", "sp-learned-clauses-inc='1.3871902640832117'", "sp-learned-size-factor='0.2615312017839639'", "sp-orig-clause-sort-heur=''11''", "sp-phase-dec-heur=''5''", "sp-rand-var-dec-freq=''0.005''", "sp-resolution=''0''", "sp-restart-inc='1.1645383262479072'", "sp-update-dec-queue=''1''", "sp-use-pure-literal-rule=''0''", "sp-var-activity-inc='1.1258577906371834'", "sp-var-dec-heur=''0''", "sp-variable-decay='1.1097277723438992'", "sp-rand-phase-dec-freq=''0.05''", "sp-rand-var-dec-scaling='0.5048911274807643'", "sp-rand-phase-scaling='0.5057069488921407'"], "cpu_time": 7767.695999999983, "total_cpu_time": null, "wallclock_time": 6672.920750617981, "cost": 0.07108, "evaluations": 3900}
