{"evaluations": 0, "total_cpu_time": null, "cpu_time": 0, "wallclock_time": 0.001485586166381836, "cost": 2147483648, "incumbent": ["adaptive=''1''", "clausepen=''1''", "performrandomwalk=''0''", "singleclause=''1''", "tabusearch=''0''", "adaptivenoisescheme=''1''", "adaptwalkprob=''0''", "heuristic=''2''", "promisinglist=''1''", "ps='0.4'", "selectclause=''1''", "smoothingscheme=''1''", "adaptiveprom=''0''", "decreasingvariable=''3''", "performalternatenovelty=''1''", "phi='5'", "theta='6'", "updateschemepromlist=''3''", "wp='0.01'", "CONadaptpromwalkprob=''0''"]}
{"evaluations": 1, "total_cpu_time": null, "cpu_time": 0.032, "wallclock_time": 0.47701382637023926, "cost": 0.032, "incumbent": ["adaptive=''1''", "clausepen=''1''", "performrandomwalk=''0''", "singleclause=''1''", "tabusearch=''0''", "adaptivenoisescheme=''1''", "adaptwalkprob=''0''", "heuristic=''2''", "promisinglist=''1''", "ps='0.4'", "selectclause=''1''", "smoothingscheme=''1''", "adaptiveprom=''0''", "decreasingvariable=''3''", "performalternatenovelty=''1''", "phi='5'", "theta='6'", "updateschemepromlist=''3''", "wp='0.01'", "CONadaptpromwalkprob=''0''"]}
{"evaluations": 65, "total_cpu_time": null, "cpu_time": 70.73200000000004, "wallclock_time": 74.67888045310974, "cost": 0.004639999999999999, "incumbent": ["adaptive=''1''", "clausepen=''1''", "performrandomwalk=''0''", "singleclause=''0''", "tabusearch=''0''", "DLSscoringmeasure=''1''", "DLStiebreaking=''4''", "adaptivenoisescheme=''1''", "smoothingscheme=''1''", "DLSalpha='1.2267849386380776'", "DLSrho='0.06478069588150237'", "DLSsapsthresh='-0.11898793829008447'", "DLSwp='0.006310128559314705'"]}
{"evaluations": 130, "total_cpu_time": null, "cpu_time": 132.068, "wallclock_time": 142.36802530288696, "cost": 0.0030000000000000005, "incumbent": ["adaptive=''1''", "clausepen=''1''", "performrandomwalk=''0''", "singleclause=''0''", "tabusearch=''0''", "DLSscoringmeasure=''1''", "DLStiebreaking=''2''", "adaptivenoisescheme=''1''", "smoothingscheme=''1''", "DLSalpha='1.2267849386380776'", "DLSrho='0.06478069588150237'", "DLSsapsthresh='-0.11898793829008447'", "DLSwp='0.006310128559314705'"]}
