{"evaluations": 0, "wallclock_time": 0.0013761520385742188, "cpu_time": 0, "incumbent": ["adaptive=''1''", "clausepen=''1''", "performrandomwalk=''0''", "singleclause=''1''", "tabusearch=''0''", "adaptivenoisescheme=''1''", "adaptwalkprob=''0''", "heuristic=''2''", "promisinglist=''1''", "ps='0.4'", "selectclause=''1''", "smoothingscheme=''1''", "adaptiveprom=''0''", "decreasingvariable=''3''", "performalternatenovelty=''1''", "phi='5'", "theta='6'", "updateschemepromlist=''3''", "wp='0.01'", "CONadaptpromwalkprob=''0''"], "cost": 2147483648, "total_cpu_time": null}
{"evaluations": 1, "wallclock_time": 7.633169412612915, "cpu_time": 5.0, "incumbent": ["adaptive=''1''", "clausepen=''1''", "performrandomwalk=''0''", "singleclause=''1''", "tabusearch=''0''", "adaptivenoisescheme=''1''", "adaptwalkprob=''0''", "heuristic=''2''", "promisinglist=''1''", "ps='0.4'", "selectclause=''1''", "smoothingscheme=''1''", "adaptiveprom=''0''", "decreasingvariable=''3''", "performalternatenovelty=''1''", "phi='5'", "theta='6'", "updateschemepromlist=''3''", "wp='0.01'", "CONadaptpromwalkprob=''0''"], "cost": 50, "total_cpu_time": null}
{"evaluations": 65, "wallclock_time": 204.14303588867188, "cpu_time": 118.33200000000002, "incumbent": ["adaptive=''0''", "clausepen=''0''", "performrandomwalk=''0''", "singleclause=''1''", "tabusearch=''0''", "CONadaptwalkprob=''0''", "CONselectclause=''1''", "c='0.0011870168597208689'", "heuristic=''13''", "promisinglist=''1''", "s='0.001375893581866807'", "CONdp='0.19821387337153568'", "adaptiveprom=''0''", "decreasingvariable=''9''", "novnoise='0.14861100208422362'", "performalternatenovelty=''0''", "updateschemepromlist=''3''", "CONadaptpromwalkprob=''0''", "promnovnoise='0.6497147606237637'", "CONpromwp='0.12471696852503102'"], "cost": 0.003599999999999999, "total_cpu_time": null}
