"CPU Time Used","Estimated Training Performance","Wallclock Time","Incumbent ID","Automatic Configurator (CPU) Time","Configuration..."
0.000000, 2147483648.000000, 0.001468, 1, 0.001468, adaptive=''1'', clausepen=''1'', performrandomwalk=''0'', singleclause=''1'', tabusearch=''0'', adaptivenoisescheme=''1'', adaptwalkprob=''0'', heuristic=''2'', promisinglist=''1'', ps='0.4', selectclause=''1'', smoothingscheme=''1'', adaptiveprom=''0'', decreasingvariable=''3'', performalternatenovelty=''1'', phi='5', theta='6', updateschemepromlist=''3'', wp='0.01', CONadaptpromwalkprob=''0''
5.000000, 50.000000, 7.649304, 1, 2.649304, adaptive=''1'', clausepen=''1'', performrandomwalk=''0'', singleclause=''1'', tabusearch=''0'', adaptivenoisescheme=''1'', adaptwalkprob=''0'', heuristic=''2'', promisinglist=''1'', ps='0.4', selectclause=''1'', smoothingscheme=''1'', adaptiveprom=''0'', decreasingvariable=''3'', performalternatenovelty=''1'', phi='5', theta='6', updateschemepromlist=''3'', wp='0.01', CONadaptpromwalkprob=''0''
6.460000, 0.021280, 15.248013, 2, 8.788013, adaptive=''0'', clausepen=''2'', performrandomwalk=''1'', singleclause=''1'', tabusearch=''0'', CONadaptwalkprob=''0'', c='1.4077503807392722e-06', heuristic=''6'', promisinglist=''1'', randomwalk=''3'', s='0.012133478200897682', CONwp='0.10830871832002271', adaptiveprom=''0'', decreasingvariable=''5'', novnoise='0.43373225487513034', rdp='0.014938502504301258', updateschemepromlist=''1'', CONadaptpromwalkprob=''0'', tiebreaking='3'
34.288000, 0.006083, 36.221071, 8, 1.933071, adaptive=''1'', clausepen=''2'', performrandomwalk=''0'', singleclause=''0'', tabusearch=''1'', DLSscoringmeasure=''1'', DLStiebreaking=''2'', adaptivenoisescheme=''2'', tabu='16'
43.204000, 0.004284, 46.829751, 11, 3.625751, adaptive=''1'', clausepen=''2'', performrandomwalk=''1'', singleclause=''0'', tabusearch=''1'', DLSscoringmeasure=''1'', DLStiebreaking=''3'', adaptivenoisescheme=''1'', randomwalk=''4'', tabu='20', rfp='0.02367868804650079'
55.328000, 0.002286, 56.903673, 15, 1.575673, adaptive=''0'', clausepen=''1'', performrandomwalk=''0'', singleclause=''1'', tabusearch=''0'', CONadaptwalkprob=''0'', c='6.12930028609961e-06', heuristic=''11'', promisinglist=''1'', ps='0.45281381224598527', s='0.0940379030144666', selectclause=''1'', smoothingscheme=''1'', CONwp='0.03174977043221854', adaptiveprom=''1'', decreasingvariable=''3'', novnoise='0.20341817861634595', performalternatenovelty=''1'', updateschemepromlist=''1'', adaptpromwalkprob=''0''
70.436000, 0.002133, 67.567728, 19, -2.868272, adaptive=''1'', clausepen=''2'', performrandomwalk=''0'', singleclause=''0'', tabusearch=''1'', DLSscoringmeasure=''1'', DLStiebreaking=''1'', adaptivenoisescheme=''1'', tabu='7'
78.032000, 0.002047, 80.763528, 24, 2.731528, adaptive=''0'', clausepen=''0'', performrandomwalk=''0'', singleclause=''1'', tabusearch=''0'', CONadaptwalkprob=''0'', CONselectclause=''1'', c='3.792405487985225e-05', heuristic=''2'', promisinglist=''1'', s='0.0022887548212436695', CONwp='0.11651001118410309', adaptiveprom=''1'', decreasingvariable=''3'', novnoise='0.590263016002581', performalternatenovelty=''0'', updateschemepromlist=''2'', adaptpromwalkprob=''1''
112.616000, 0.002025, 107.001254, 31, -5.614746, adaptive=''1'', clausepen=''2'', performrandomwalk=''1'', singleclause=''0'', tabusearch=''0'', DLSscoringmeasure=''3'', DLStiebreaking=''2'', adaptivenoisescheme=''1'', randomwalk=''4'', rfp='0.026506263108417874'
386.408000, 0.001868, 243.065067, 51, -143.342933, adaptive=''1'', clausepen=''2'', performrandomwalk=''1'', singleclause=''0'', tabusearch=''0'', DLSscoringmeasure=''3'', DLStiebreaking=''3'', adaptivenoisescheme=''1'', randomwalk=''5'', rfp='0.10093513406271495'
640.778000, 0.001249, 356.095567, 63, -284.682433, adaptive=''1'', clausepen=''2'', performrandomwalk=''1'', singleclause=''0'', tabusearch=''0'', DLSscoringmeasure=''3'', DLStiebreaking=''4'', adaptivenoisescheme=''1'', randomwalk=''4'', rfp='0.06275080235219292'
727.034000, 0.001143, 404.152110, 70, -322.881890, adaptive=''0'', clausepen=''1'', performrandomwalk=''1'', singleclause=''0'', tabusearch=''1'', DLSscoringmeasure=''3'', DLStiebreaking=''1'', randomwalk=''1'', smoothingscheme=''2'', tabu='2', DLSmaxinc='19', DLSpflat='0.0905422275654803', rwp='0.043773100254227315'
1661.318000, 0.000813, 819.982209, 98, -841.335791, adaptive=''1'', clausepen=''2'', performrandomwalk=''1'', singleclause=''0'', tabusearch=''0'', DLSscoringmeasure=''1'', DLStiebreaking=''3'', adaptivenoisescheme=''1'', randomwalk=''4'', rfp='0.054909655370373865'
3475.238000, 0.000722, 1687.959280, 158, -1787.278720, adaptive=''1'', clausepen=''2'', performrandomwalk=''1'', singleclause=''1'', tabusearch=''0'', adaptivenoisescheme=''2'', adaptwalkprob=''0'', heuristic=''8'', promisinglist=''1'', randomwalk=''5'', adaptiveprom=''0'', decreasingvariable=''1'', rfp='0.1412200071089302', updateschemepromlist=''3'', CONadaptpromwalkprob=''0'', tiebreaking='1'
3497.098000, 0.000571, 1720.942406, 163, -1776.155594, adaptive=''1'', clausepen=''2'', performrandomwalk=''1'', singleclause=''0'', tabusearch=''0'', DLSscoringmeasure=''3'', DLStiebreaking=''3'', adaptivenoisescheme=''1'', randomwalk=''3'', rdp='0.03755745488159174'
5447.178000, 0.000570, 2646.118903, 210, -2801.059097, adaptive=''1'', clausepen=''1'', performrandomwalk=''1'', singleclause=''0'', tabusearch=''0'', DLSscoringmeasure=''3'', DLStiebreaking=''2'', adaptivenoisescheme=''1'', randomwalk=''4'', smoothingscheme=''1'', DLSalpha='1.0750078280420121', DLSrho='0.7804694814657891', DLSsapsthresh='-0.22986599795954574', DLSwp='0.05429179066293045', rfp='0.021646578206092316'
7387.666000, 0.000514, 3463.274987, 230, -3924.391013, adaptive=''0'', clausepen=''1'', performrandomwalk=''0'', singleclause=''0'', tabusearch=''0'', DLSscoringmeasure=''3'', DLStiebreaking=''1'', smoothingscheme=''1'', DLSalpha='1.3452669460353524', DLSps='0.04781402913428137', DLSrho='0.7365597755210425', DLSsapsthresh='-0.1881067971371989', DLSwp='0.033045641973118926'
