{"incumbent": ["adaptive=''1''", "clausepen=''1''", "performrandomwalk=''0''", "singleclause=''1''", "tabusearch=''0''", "adaptivenoisescheme=''1''", "adaptwalkprob=''0''", "heuristic=''2''", "promisinglist=''1''", "ps='0.4'", "selectclause=''1''", "smoothingscheme=''1''", "adaptiveprom=''0''", "decreasingvariable=''3''", "performalternatenovelty=''1''", "phi='5'", "theta='6'", "updateschemepromlist=''3''", "wp='0.01'", "CONadaptpromwalkprob=''0''"], "cost": 2147483648, "total_cpu_time": null, "cpu_time": 0, "evaluations": 0, "wallclock_time": 0.0014679431915283203}
{"incumbent": ["adaptive=''1''", "clausepen=''1''", "performrandomwalk=''0''", "singleclause=''1''", "tabusearch=''0''", "adaptivenoisescheme=''1''", "adaptwalkprob=''0''", "heuristic=''2''", "promisinglist=''1''", "ps='0.4'", "selectclause=''1''", "smoothingscheme=''1''", "adaptiveprom=''0''", "decreasingvariable=''3''", "performalternatenovelty=''1''", "phi='5'", "theta='6'", "updateschemepromlist=''3''", "wp='0.01'", "CONadaptpromwalkprob=''0''"], "cost": 50, "total_cpu_time": null, "cpu_time": 5.0, "evaluations": 1, "wallclock_time": 7.649304151535034}
{"incumbent": ["adaptive=''0''", "clausepen=''2''", "performrandomwalk=''1''", "singleclause=''1''", "tabusearch=''0''", "CONadaptwalkprob=''0''", "c='1.4077503807392722e-06'", "heuristic=''6''", "promisinglist=''1''", "randomwalk=''3''", "s='0.012133478200897682'", "CONwp='0.10830871832002271'", "adaptiveprom=''0''", "decreasingvariable=''5''", "novnoise='0.43373225487513034'", "rdp='0.014938502504301258'", "updateschemepromlist=''1''", "CONadaptpromwalkprob=''0''", "tiebreaking='3'"], "cost": 0.02128, "total_cpu_time": null, "cpu_time": 6.46, "evaluations": 15, "wallclock_time": 15.24801254272461}
{"incumbent": ["adaptive=''1''", "clausepen=''2''", "performrandomwalk=''0''", "singleclause=''0''", "tabusearch=''1''", "DLSscoringmeasure=''1''", "DLStiebreaking=''2''", "adaptivenoisescheme=''2''", "tabu='16'"], "cost": 0.006083333333333333, "total_cpu_time": null, "cpu_time": 34.28799999999997, "evaluations": 62, "wallclock_time": 36.221071004867554}
{"incumbent": ["adaptive=''1''", "clausepen=''2''", "performrandomwalk=''1''", "singleclause=''0''", "tabusearch=''1''", "DLSscoringmeasure=''1''", "DLStiebreaking=''3''", "adaptivenoisescheme=''1''", "randomwalk=''4''", "tabu='20'", "rfp='0.02367868804650079'"], "cost": 0.0042840236686390535, "total_cpu_time": null, "cpu_time": 43.20399999999998, "evaluations": 98, "wallclock_time": 46.82975125312805}
{"incumbent": ["adaptive=''0''", "clausepen=''1''", "performrandomwalk=''0''", "singleclause=''1''", "tabusearch=''0''", "CONadaptwalkprob=''0''", "c='6.12930028609961e-06'", "heuristic=''11''", "promisinglist=''1''", "ps='0.45281381224598527'", "s='0.0940379030144666'", "selectclause=''1''", "smoothingscheme=''1''", "CONwp='0.03174977043221854'", "adaptiveprom=''1''", "decreasingvariable=''3''", "novnoise='0.20341817861634595'", "performalternatenovelty=''1''", "updateschemepromlist=''1''", "adaptpromwalkprob=''0''"], "cost": 0.0022857142857142868, "total_cpu_time": null, "cpu_time": 55.327999999999925, "evaluations": 127, "wallclock_time": 56.90367341041565}
{"incumbent": ["adaptive=''1''", "clausepen=''2''", "performrandomwalk=''0''", "singleclause=''0''", "tabusearch=''1''", "DLSscoringmeasure=''1''", "DLStiebreaking=''1''", "adaptivenoisescheme=''1''", "tabu='7'"], "cost": 0.0021333333333333343, "total_cpu_time": null, "cpu_time": 70.43599999999988, "evaluations": 145, "wallclock_time": 67.56772828102112}
{"incumbent": ["adaptive=''0''", "clausepen=''0''", "performrandomwalk=''0''", "singleclause=''1''", "tabusearch=''0''", "CONadaptwalkprob=''0''", "CONselectclause=''1''", "c='3.792405487985225e-05'", "heuristic=''2''", "promisinglist=''1''", "s='0.0022887548212436695'", "CONwp='0.11651001118410309'", "adaptiveprom=''1''", "decreasingvariable=''3''", "novnoise='0.590263016002581'", "performalternatenovelty=''0''", "updateschemepromlist=''2''", "adaptpromwalkprob=''1''"], "cost": 0.0020468750000000005, "total_cpu_time": null, "cpu_time": 78.03199999999984, "evaluations": 190, "wallclock_time": 80.76352787017822}
{"incumbent": ["adaptive=''1''", "clausepen=''2''", "performrandomwalk=''1''", "singleclause=''0''", "tabusearch=''0''", "DLSscoringmeasure=''3''", "DLStiebreaking=''2''", "adaptivenoisescheme=''1''", "randomwalk=''4''", "rfp='0.026506263108417874'"], "cost": 0.002024691358024692, "total_cpu_time": null, "cpu_time": 112.61599999999976, "evaluations": 239, "wallclock_time": 107.0012538433075}
{"incumbent": ["adaptive=''1''", "clausepen=''2''", "performrandomwalk=''1''", "singleclause=''0''", "tabusearch=''0''", "DLSscoringmeasure=''3''", "DLStiebreaking=''3''", "adaptivenoisescheme=''1''", "randomwalk=''5''", "rfp='0.10093513406271495'"], "cost": 0.0018676748582230633, "total_cpu_time": null, "cpu_time": 386.4079999999996, "evaluations": 447, "wallclock_time": 243.0650668144226}
{"incumbent": ["adaptive=''1''", "clausepen=''2''", "performrandomwalk=''1''", "singleclause=''0''", "tabusearch=''0''", "DLSscoringmeasure=''3''", "DLStiebreaking=''4''", "adaptivenoisescheme=''1''", "randomwalk=''4''", "rfp='0.06275080235219292'"], "cost": 0.001248520710059172, "total_cpu_time": null, "cpu_time": 640.7780000000004, "evaluations": 573, "wallclock_time": 356.0955674648285}
{"incumbent": ["adaptive=''0''", "clausepen=''1''", "performrandomwalk=''1''", "singleclause=''0''", "tabusearch=''1''", "DLSscoringmeasure=''3''", "DLStiebreaking=''1''", "randomwalk=''1''", "smoothingscheme=''2''", "tabu='2'", "DLSmaxinc='19'", "DLSpflat='0.0905422275654803'", "rwp='0.043773100254227315'"], "cost": 0.0011428571428571434, "total_cpu_time": null, "cpu_time": 727.0340000000016, "evaluations": 661, "wallclock_time": 404.15211033821106}
{"incumbent": ["adaptive=''1''", "clausepen=''2''", "performrandomwalk=''1''", "singleclause=''0''", "tabusearch=''0''", "DLSscoringmeasure=''1''", "DLStiebreaking=''3''", "adaptivenoisescheme=''1''", "randomwalk=''4''", "rfp='0.054909655370373865'"], "cost": 0.0008130612244897964, "total_cpu_time": null, "cpu_time": 1661.3180000000018, "evaluations": 1090, "wallclock_time": 819.982209444046}
{"incumbent": ["adaptive=''1''", "clausepen=''2''", "performrandomwalk=''1''", "singleclause=''1''", "tabusearch=''0''", "adaptivenoisescheme=''2''", "adaptwalkprob=''0''", "heuristic=''8''", "promisinglist=''1''", "randomwalk=''5''", "adaptiveprom=''0''", "decreasingvariable=''1''", "rfp='0.1412200071089302'", "updateschemepromlist=''3''", "CONadaptpromwalkprob=''0''", "tiebreaking='1'"], "cost": 0.0007216000000000004, "total_cpu_time": null, "cpu_time": 3475.2380000000016, "evaluations": 2469, "wallclock_time": 1687.9592804908752}
{"incumbent": ["adaptive=''1''", "clausepen=''2''", "performrandomwalk=''1''", "singleclause=''0''", "tabusearch=''0''", "DLSscoringmeasure=''3''", "DLStiebreaking=''3''", "adaptivenoisescheme=''1''", "randomwalk=''3''", "rdp='0.03755745488159174'"], "cost": 0.0005705497885428684, "total_cpu_time": null, "cpu_time": 3497.0979999999854, "evaluations": 2635, "wallclock_time": 1720.9424061775208}
{"incumbent": ["adaptive=''1''", "clausepen=''1''", "performrandomwalk=''1''", "singleclause=''0''", "tabusearch=''0''", "DLSscoringmeasure=''3''", "DLStiebreaking=''2''", "adaptivenoisescheme=''1''", "randomwalk=''4''", "smoothingscheme=''1''", "DLSalpha='1.0750078280420121'", "DLSrho='0.7804694814657891'", "DLSsapsthresh='-0.22986599795954574'", "DLSwp='0.05429179066293045'", "rfp='0.021646578206092316'"], "cost": 0.0005704207608969515, "total_cpu_time": null, "cpu_time": 5447.178000000019, "evaluations": 4062, "wallclock_time": 2646.118903160095}
{"incumbent": ["adaptive=''0''", "clausepen=''1''", "performrandomwalk=''0''", "singleclause=''0''", "tabusearch=''0''", "DLSscoringmeasure=''3''", "DLStiebreaking=''1''", "smoothingscheme=''1''", "DLSalpha='1.3452669460353524'", "DLSps='0.04781402913428137'", "DLSrho='0.7365597755210425'", "DLSsapsthresh='-0.1881067971371989'", "DLSwp='0.033045641973118926'"], "cost": 0.0005138408304498275, "total_cpu_time": null, "cpu_time": 7387.666000000021, "evaluations": 4884, "wallclock_time": 3463.274987220764}
