"CPU Time Used","Estimated Training Performance","Wallclock Time","Incumbent ID","Automatic Configurator (CPU) Time","Configuration..."
0.000000, 2147483648.000000, 0.000882, 1, 0.000882, sp-clause-activity-inc='1.0', sp-clause-decay='1.4', sp-clause-del-heur=''2'', sp-first-restart='100', sp-learned-clause-sort-heur=''0'', sp-learned-clauses-inc='1.3', sp-learned-size-factor='0.4', sp-orig-clause-sort-heur=''0'', sp-phase-dec-heur=''5'', sp-rand-var-dec-freq=''0.001'', sp-resolution=''1'', sp-restart-inc='1.5', sp-update-dec-queue=''1'', sp-use-pure-literal-rule=''1'', sp-var-activity-inc='1.0', sp-var-dec-heur=''0'', sp-variable-decay='1.4', sp-max-res-lit-inc='1.0', sp-max-res-runs='4', sp-rand-phase-dec-freq=''0.001'', sp-rand-var-dec-scaling='1.0', sp-res-cutoff-cls='8', sp-res-cutoff-lits='400', sp-res-order-heur=''0'', sp-rand-phase-scaling='1.0'
0.056000, 0.056000, 0.178945, 1, 0.122945, sp-clause-activity-inc='1.0', sp-clause-decay='1.4', sp-clause-del-heur=''2'', sp-first-restart='100', sp-learned-clause-sort-heur=''0'', sp-learned-clauses-inc='1.3', sp-learned-size-factor='0.4', sp-orig-clause-sort-heur=''0'', sp-phase-dec-heur=''5'', sp-rand-var-dec-freq=''0.001'', sp-resolution=''1'', sp-restart-inc='1.5', sp-update-dec-queue=''1'', sp-use-pure-literal-rule=''1'', sp-var-activity-inc='1.0', sp-var-dec-heur=''0'', sp-variable-decay='1.4', sp-max-res-lit-inc='1.0', sp-max-res-runs='4', sp-rand-phase-dec-freq=''0.001'', sp-rand-var-dec-scaling='1.0', sp-res-cutoff-cls='8', sp-res-cutoff-lits='400', sp-res-order-heur=''0'', sp-rand-phase-scaling='1.0'
105.040000, 0.111800, 84.215846, 6, -20.824154, sp-clause-activity-inc='1.0553760718132068', sp-clause-decay='1.626866991246379', sp-clause-del-heur=''1'', sp-first-restart='25', sp-learned-clause-sort-heur=''10'', sp-learned-clauses-inc='1.135228000371437', sp-learned-size-factor='1.217316169313022', sp-orig-clause-sort-heur=''2'', sp-phase-dec-heur=''5'', sp-rand-var-dec-freq=''0'', sp-resolution=''2'', sp-restart-inc='1.2016621957786136', sp-update-dec-queue=''0'', sp-use-pure-literal-rule=''0'', sp-var-activity-inc='0.589355132522172', sp-var-dec-heur=''2'', sp-variable-decay='1.266440252424305', sp-max-res-lit-inc='0.27855269336509547', sp-max-res-runs='7', sp-rand-phase-dec-freq=''0.0001'', sp-res-cutoff-cls='11', sp-res-cutoff-lits='111', sp-res-order-heur=''19'', sp-rand-phase-scaling='0.4703216351491841'
541.820000, 0.091400, 715.143946, 46, 173.323946, sp-clause-activity-inc='1.2422705317178737', sp-clause-decay='1.334461984448157', sp-clause-del-heur=''1'', sp-first-restart='25', sp-learned-clause-sort-heur=''18'', sp-learned-clauses-inc='1.2655122471147409', sp-learned-size-factor='0.10072846388919354', sp-orig-clause-sort-heur=''4'', sp-phase-dec-heur=''1'', sp-rand-var-dec-freq=''0.05'', sp-resolution=''2'', sp-restart-inc='1.7527703357816975', sp-update-dec-queue=''0'', sp-use-pure-literal-rule=''0'', sp-var-activity-inc='1.1638393823945465', sp-var-dec-heur=''5'', sp-variable-decay='1.389264610468534', sp-max-res-lit-inc='1.0', sp-max-res-runs='11', sp-rand-phase-dec-freq=''0.0001'', sp-rand-var-dec-scaling='1.0', sp-res-cutoff-cls='8', sp-res-cutoff-lits='400', sp-res-order-heur=''11'', sp-rand-phase-scaling='0.8512358886813571'
1031.508000, 0.068280, 1583.073690, 119, 551.565690, sp-clause-activity-inc='0.7711329260246627', sp-clause-decay='1.1163277309671955', sp-clause-del-heur=''0'', sp-first-restart='25', sp-learned-clause-sort-heur=''12'', sp-learned-clauses-inc='1.1860672133211352', sp-learned-size-factor='0.1019388828622914', sp-orig-clause-sort-heur=''19'', sp-phase-dec-heur=''1'', sp-rand-var-dec-freq=''0.0001'', sp-resolution=''0'', sp-restart-inc='1.8852680511163848', sp-update-dec-queue=''0'', sp-use-pure-literal-rule=''0'', sp-var-activity-inc='0.8616710650358835', sp-var-dec-heur=''2'', sp-variable-decay='1.5423272425557744', sp-rand-phase-dec-freq=''0.0001'', sp-rand-var-dec-scaling='1.0210995333047959', sp-rand-phase-scaling='0.9757887257374369'
