"CPU Time Used","Estimated Training Performance","Wallclock Time","Incumbent ID","Automatic Configurator (CPU) Time","Configuration..."
0.000000, 2147483648.000000, 0.000881, 1, 0.000881, sp-clause-activity-inc='1.0', sp-clause-decay='1.4', sp-clause-del-heur=''2'', sp-first-restart='100', sp-learned-clause-sort-heur=''0'', sp-learned-clauses-inc='1.3', sp-learned-size-factor='0.4', sp-orig-clause-sort-heur=''0'', sp-phase-dec-heur=''5'', sp-rand-var-dec-freq=''0.001'', sp-resolution=''1'', sp-restart-inc='1.5', sp-update-dec-queue=''1'', sp-use-pure-literal-rule=''1'', sp-var-activity-inc='1.0', sp-var-dec-heur=''0'', sp-variable-decay='1.4', sp-max-res-lit-inc='1.0', sp-max-res-runs='4', sp-rand-phase-dec-freq=''0.001'', sp-rand-var-dec-scaling='1.0', sp-res-cutoff-cls='8', sp-res-cutoff-lits='400', sp-res-order-heur=''0'', sp-rand-phase-scaling='1.0'
0.012000, 0.012000, 0.210785, 1, 0.198785, sp-clause-activity-inc='1.0', sp-clause-decay='1.4', sp-clause-del-heur=''2'', sp-first-restart='100', sp-learned-clause-sort-heur=''0'', sp-learned-clauses-inc='1.3', sp-learned-size-factor='0.4', sp-orig-clause-sort-heur=''0'', sp-phase-dec-heur=''5'', sp-rand-var-dec-freq=''0.001'', sp-resolution=''1'', sp-restart-inc='1.5', sp-update-dec-queue=''1'', sp-use-pure-literal-rule=''1'', sp-var-activity-inc='1.0', sp-var-dec-heur=''0'', sp-variable-decay='1.4', sp-max-res-lit-inc='1.0', sp-max-res-runs='4', sp-rand-phase-dec-freq=''0.001'', sp-rand-var-dec-scaling='1.0', sp-res-cutoff-cls='8', sp-res-cutoff-lits='400', sp-res-order-heur=''0'', sp-rand-phase-scaling='1.0'
107.996000, 0.130200, 153.655214, 9, 45.659214, sp-clause-activity-inc='1.2068267247751447', sp-clause-decay='1.951621167486325', sp-clause-del-heur=''1'', sp-first-restart='352', sp-learned-clause-sort-heur=''11'', sp-learned-clauses-inc='1.4722126189330442', sp-learned-size-factor='1.287431727448379', sp-orig-clause-sort-heur=''14'', sp-phase-dec-heur=''6'', sp-rand-var-dec-freq=''0.0001'', sp-resolution=''2'', sp-restart-inc='1.8630304251419225', sp-update-dec-queue=''1'', sp-use-pure-literal-rule=''1'', sp-var-activity-inc='0.7514004116330809', sp-var-dec-heur=''16'', sp-variable-decay='1.372636311722229', sp-max-res-lit-inc='1.560945435003728', sp-max-res-runs='7', sp-rand-phase-dec-freq=''0.005'', sp-rand-var-dec-scaling='0.6223011441735278', sp-res-cutoff-cls='7', sp-res-cutoff-lits='138', sp-res-order-heur=''6'', sp-rand-phase-scaling='0.9981583299426149'
202.992000, 0.130000, 282.907240, 15, 79.915240, sp-clause-activity-inc='1.1429221604588229', sp-clause-decay='1.8277856020463044', sp-clause-del-heur=''0'', sp-first-restart='227', sp-learned-clause-sort-heur=''1'', sp-learned-clauses-inc='1.3027788232436368', sp-learned-size-factor='0.6861138812863969', sp-orig-clause-sort-heur=''19'', sp-phase-dec-heur=''4'', sp-rand-var-dec-freq=''0.05'', sp-resolution=''0'', sp-restart-inc='1.6935590935356442', sp-update-dec-queue=''0'', sp-use-pure-literal-rule=''1'', sp-var-activity-inc='0.5010005906590397', sp-var-dec-heur=''16'', sp-variable-decay='1.0236573526799526', sp-rand-phase-dec-freq=''0.005'', sp-rand-var-dec-scaling='0.922355333670497', sp-rand-phase-scaling='0.4636522847675047'
1530.644000, 0.089160, 2166.540134, 53, 635.896134, sp-clause-activity-inc='1.2913753374408963', sp-clause-decay='1.7222139283878342', sp-clause-del-heur=''1'', sp-first-restart='1572', sp-learned-clause-sort-heur=''3'', sp-learned-clauses-inc='1.4143692572151376', sp-learned-size-factor='0.16680199258629702', sp-orig-clause-sort-heur=''5'', sp-phase-dec-heur=''3'', sp-rand-var-dec-freq=''0.001'', sp-resolution=''0'', sp-restart-inc='1.6129901212373439', sp-update-dec-queue=''1'', sp-use-pure-literal-rule=''1'', sp-var-activity-inc='1.469766765838382', sp-var-dec-heur=''2'', sp-variable-decay='1.030053589250243', sp-rand-phase-dec-freq=''0.05'', sp-rand-var-dec-scaling='0.3858563930349379', sp-rand-phase-scaling='0.9588337479104043'
2233.116000, 0.077800, 3176.368211, 155, 943.252211, sp-clause-activity-inc='1.178205970226051', sp-clause-decay='1.147464114852242', sp-clause-del-heur=''2'', sp-first-restart='117', sp-learned-clause-sort-heur=''2'', sp-learned-clauses-inc='1.4309095445542415', sp-learned-size-factor='0.10678356424092822', sp-orig-clause-sort-heur=''12'', sp-phase-dec-heur=''6'', sp-rand-var-dec-freq=''0.0001'', sp-resolution=''1'', sp-restart-inc='1.3540191813681035', sp-update-dec-queue=''0'', sp-use-pure-literal-rule=''0'', sp-var-activity-inc='1.3293334439678133', sp-var-dec-heur=''2'', sp-variable-decay='1.5691795636997787', sp-max-res-lit-inc='0.7439504087943007', sp-max-res-runs='12', sp-rand-phase-dec-freq=''0'', sp-rand-var-dec-scaling='0.9147626417553505', sp-res-cutoff-cls='9', sp-res-cutoff-lits='1585', sp-res-order-heur=''10''
3007.440000, 0.063160, 4293.059544, 216, 1285.619544, sp-clause-activity-inc='0.7790756096201744', sp-clause-decay='1.9390924734580521', sp-clause-del-heur=''0'', sp-first-restart='193', sp-learned-clause-sort-heur=''9'', sp-learned-clauses-inc='1.3120554094708967', sp-learned-size-factor='0.16388865383039308', sp-orig-clause-sort-heur=''15'', sp-phase-dec-heur=''1'', sp-rand-var-dec-freq=''0'', sp-resolution=''0'', sp-restart-inc='1.6839149299452512', sp-update-dec-queue=''0'', sp-use-pure-literal-rule=''0'', sp-var-activity-inc='1.3629578859915634', sp-var-dec-heur=''3'', sp-variable-decay='1.0353310501232813', sp-rand-phase-dec-freq=''0.001'', sp-rand-phase-scaling='0.6312623394109389'
