{"data": [[[1, "/home/wagnerf/aclib2/instances2/sat/data/SWGCP/SWlin2006.8216.cnf", 1298508491], [50, 5.0, {"__enum__": "StatusType.TIMEOUT"}, {}]], [[1, "/home/wagnerf/aclib2/instances2/sat/data/SWGCP/SWlin2006.10012.cnf", 12345], [0.448, 0.448, {"__enum__": "StatusType.SUCCESS"}, {}]], [[1, "/home/wagnerf/aclib2/instances2/sat/data/SWGCP/SWlin2006.10014.cnf", 12345], [1.612, 1.612, {"__enum__": "StatusType.SUCCESS"}, {}]], [[1, "/home/wagnerf/aclib2/instances2/sat/data/SWGCP/SWlin2006.10026.cnf", 12345], [0.016, 0.016, {"__enum__": "StatusType.SUCCESS"}, {}]], [[1, "/home/wagnerf/aclib2/instances2/sat/data/SWGCP/SWlin2006.10031.cnf", 12345], [0.228, 0.228, {"__enum__": "StatusType.SUCCESS"}, {}]], [[1, "/home/wagnerf/aclib2/instances2/sat/data/SWGCP/SWlin2006.1007.cnf", 12345], [5.0, 5.0, {"__enum__": "StatusType.TIMEOUT"}, {}]], [[1, "/home/wagnerf/aclib2/instances2/sat/data/SWGCP/SWlin2006.10070.cnf", 12345], [1.084, 1.084, {"__enum__": "StatusType.SUCCESS"}, {}]], [[1, "/home/wagnerf/aclib2/instances2/sat/data/SWGCP/SWlin2006.10071.cnf", 12345], [0.172, 0.172, {"__enum__": "StatusType.SUCCESS"}, {}]], [[1, "/home/wagnerf/aclib2/instances2/sat/data/SWGCP/SWlin2006.10075.cnf", 12345], [0.116, 0.116, {"__enum__": "StatusType.SUCCESS"}, {}]], [[1, "/home/wagnerf/aclib2/instances2/sat/data/SWGCP/SWlin2006.10077.cnf", 12345], [0.036, 0.036, {"__enum__": "StatusType.SUCCESS"}, {}]], [[1, "/home/wagnerf/aclib2/instances2/sat/data/SWGCP/SWlin2006.10088.cnf", 12345], [1.264, 1.264, {"__enum__": "StatusType.SUCCESS"}, {}]], [[1, "/home/wagnerf/aclib2/instances2/sat/data/SWGCP/SWlin2006.10095.cnf", 12345], [0.056, 0.056, {"__enum__": "StatusType.SUCCESS"}, {}]], [[1, "/home/wagnerf/aclib2/instances2/sat/data/SWGCP/SWlin2006.1011.cnf", 12345], [0.54, 0.54, {"__enum__": "StatusType.SUCCESS"}, {}]], [[1, "/home/wagnerf/aclib2/instances2/sat/data/SWGCP/SWlin2006.10111.cnf", 12345], [0.024, 0.024, {"__enum__": "StatusType.SUCCESS"}, {}]], [[1, "/home/wagnerf/aclib2/instances2/sat/data/SWGCP/SWlin2006.10112.cnf", 12345], [5.0, 5.0, {"__enum__": "StatusType.TIMEOUT"}, {}]], [[1, "/home/wagnerf/aclib2/instances2/sat/data/SWGCP/SWlin2006.10114.cnf", 12345], [0.248, 0.248, {"__enum__": "StatusType.SUCCESS"}, {}]], [[1, "/home/wagnerf/aclib2/instances2/sat/data/SWGCP/SWlin2006.10129.cnf", 12345], [0.052, 0.052, {"__enum__": "StatusType.SUCCESS"}, {}]], [[1, "/home/wagnerf/aclib2/instances2/sat/data/SWGCP/SWlin2006.1016.cnf", 12345], [0.124, 0.124, {"__enum__": "StatusType.SUCCESS"}, {}]], [[1, "/home/wagnerf/aclib2/instances2/sat/data/SWGCP/SWlin2006.1018.cnf", 12345], [3.304, 3.304, {"__enum__": "StatusType.SUCCESS"}, {}]], [[1, "/home/wagnerf/aclib2/instances2/sat/data/SWGCP/SWlin2006.10182.cnf", 12345], [0.776, 0.776, {"__enum__": "StatusType.SUCCESS"}, {}]], [[1, "/home/wagnerf/aclib2/instances2/sat/data/SWGCP/SWlin2006.10204.cnf", 12345], [0.12, 0.12, {"__enum__": "StatusType.SUCCESS"}, {}]], [[1, "/home/wagnerf/aclib2/instances2/sat/data/SWGCP/SWlin2006.10207.cnf", 12345], [0.044, 0.044, {"__enum__": "StatusType.SUCCESS"}, {}]], [[1, "/home/wagnerf/aclib2/instances2/sat/data/SWGCP/SWlin2006.10217.cnf", 12345], [0.008, 0.008, {"__enum__": "StatusType.SUCCESS"}, {}]], [[1, "/home/wagnerf/aclib2/instances2/sat/data/SWGCP/SWlin2006.10225.cnf", 12345], [0.404, 0.404, {"__enum__": "StatusType.SUCCESS"}, {}]], [[1, "/home/wagnerf/aclib2/instances2/sat/data/SWGCP/SWlin2006.10253.cnf", 12345], [0.08, 0.08, {"__enum__": "StatusType.SUCCESS"}, {}]], [[1, "/home/wagnerf/aclib2/instances2/sat/data/SWGCP/SWlin2006.10256.cnf", 12345], [0.092, 0.092, {"__enum__": "StatusType.SUCCESS"}, {}]], [[1, "/home/wagnerf/aclib2/instances2/sat/data/SWGCP/SWlin2006.10283.cnf", 12345], [0.384, 0.384, {"__enum__": "StatusType.SUCCESS"}, {}]], [[1, "/home/wagnerf/aclib2/instances2/sat/data/SWGCP/SWlin2006.103.cnf", 12345], [0.084, 0.084, {"__enum__": "StatusType.SUCCESS"}, {}]], [[1, "/home/wagnerf/aclib2/instances2/sat/data/SWGCP/SWlin2006.1030.cnf", 12345], [0.116, 0.116, {"__enum__": "StatusType.SUCCESS"}, {}]], [[1, "/home/wagnerf/aclib2/instances2/sat/data/SWGCP/SWlin2006.10335.cnf", 12345], [0.044, 0.044, {"__enum__": "StatusType.SUCCESS"}, {}]], [[1, "/home/wagnerf/aclib2/instances2/sat/data/SWGCP/SWlin2006.10383.cnf", 12345], [5.0, 5.0, {"__enum__": "StatusType.TIMEOUT"}, {}]], [[1, "/home/wagnerf/aclib2/instances2/sat/data/SWGCP/SWlin2006.10390.cnf", 12345], [0.108, 0.108, {"__enum__": "StatusType.SUCCESS"}, {}]], [[1, "/home/wagnerf/aclib2/instances2/sat/data/SWGCP/SWlin2006.10393.cnf", 12345], [0.176, 0.176, {"__enum__": "StatusType.SUCCESS"}, {}]], [[1, "/home/wagnerf/aclib2/instances2/sat/data/SWGCP/SWlin2006.10431.cnf", 12345], [0.088, 0.088, {"__enum__": "StatusType.SUCCESS"}, {}]], [[1, "/home/wagnerf/aclib2/instances2/sat/data/SWGCP/SWlin2006.10441.cnf", 12345], [5.0, 5.0, {"__enum__": "StatusType.TIMEOUT"}, {}]], [[1, "/home/wagnerf/aclib2/instances2/sat/data/SWGCP/SWlin2006.1047.cnf", 12345], [0.048, 0.048, {"__enum__": "StatusType.SUCCESS"}, {}]], [[1, "/home/wagnerf/aclib2/instances2/sat/data/SWGCP/SWlin2006.10470.cnf", 12345], [5.0, 5.0, {"__enum__": "StatusType.TIMEOUT"}, {}]], [[1, "/home/wagnerf/aclib2/instances2/sat/data/SWGCP/SWlin2006.10485.cnf", 12345], [0.292, 0.292, {"__enum__": "StatusType.SUCCESS"}, {}]], [[1, "/home/wagnerf/aclib2/instances2/sat/data/SWGCP/SWlin2006.10514.cnf", 12345], [0.468, 0.468, {"__enum__": "StatusType.SUCCESS"}, {}]], [[1, "/home/wagnerf/aclib2/instances2/sat/data/SWGCP/SWlin2006.10544.cnf", 12345], [1.7, 1.7, {"__enum__": "StatusType.SUCCESS"}, {}]], [[1, "/home/wagnerf/aclib2/instances2/sat/data/SWGCP/SWlin2006.10561.cnf", 12345], [0.024, 0.024, {"__enum__": "StatusType.SUCCESS"}, {}]], [[1, "/home/wagnerf/aclib2/instances2/sat/data/SWGCP/SWlin2006.10578.cnf", 12345], [0.64, 0.64, {"__enum__": "StatusType.SUCCESS"}, {}]], [[1, "/home/wagnerf/aclib2/instances2/sat/data/SWGCP/SWlin2006.10603.cnf", 12345], [0.08, 0.08, {"__enum__": "StatusType.SUCCESS"}, {}]], [[1, "/home/wagnerf/aclib2/instances2/sat/data/SWGCP/SWlin2006.10641.cnf", 12345], [1.28, 1.28, {"__enum__": "StatusType.SUCCESS"}, {}]], [[1, "/home/wagnerf/aclib2/instances2/sat/data/SWGCP/SWlin2006.1067.cnf", 12345], [0.1, 0.1, {"__enum__": "StatusType.SUCCESS"}, {}]], [[1, "/home/wagnerf/aclib2/instances2/sat/data/SWGCP/SWlin2006.10670.cnf", 12345], [0.016, 0.016, {"__enum__": "StatusType.SUCCESS"}, {}]], [[1, "/home/wagnerf/aclib2/instances2/sat/data/SWGCP/SWlin2006.10673.cnf", 12345], [4.148, 4.148, {"__enum__": "StatusType.SUCCESS"}, {}]], [[1, "/home/wagnerf/aclib2/instances2/sat/data/SWGCP/SWlin2006.10705.cnf", 12345], [0.144, 0.144, {"__enum__": "StatusType.SUCCESS"}, {}]], [[1, "/home/wagnerf/aclib2/instances2/sat/data/SWGCP/SWlin2006.10707.cnf", 12345], [0.02, 0.02, {"__enum__": "StatusType.SUCCESS"}, {}]], [[1, "/home/wagnerf/aclib2/instances2/sat/data/SWGCP/SWlin2006.10715.cnf", 12345], [1.696, 1.696, {"__enum__": "StatusType.SUCCESS"}, {}]], [[1, "/home/wagnerf/aclib2/instances2/sat/data/SWGCP/SWlin2006.10717.cnf", 12345], [0.076, 0.076, {"__enum__": "StatusType.SUCCESS"}, {}]], [[1, "/home/wagnerf/aclib2/instances2/sat/data/SWGCP/SWlin2006.10740.cnf", 12345], [0.044, 0.044, {"__enum__": "StatusType.SUCCESS"}, {}]], [[1, "/home/wagnerf/aclib2/instances2/sat/data/SWGCP/SWlin2006.10788.cnf", 12345], [0.5, 0.5, {"__enum__": "StatusType.SUCCESS"}, {}]], [[1, "/home/wagnerf/aclib2/instances2/sat/data/SWGCP/SWlin2006.10799.cnf", 12345], [1.524, 1.524, {"__enum__": "StatusType.SUCCESS"}, {}]], [[1, "/home/wagnerf/aclib2/instances2/sat/data/SWGCP/SWlin2006.10809.cnf", 12345], [5.0, 5.0, {"__enum__": "StatusType.TIMEOUT"}, {}]], [[1, "/home/wagnerf/aclib2/instances2/sat/data/SWGCP/SWlin2006.10832.cnf", 12345], [5.0, 5.0, {"__enum__": "StatusType.TIMEOUT"}, {}]], [[1, "/home/wagnerf/aclib2/instances2/sat/data/SWGCP/SWlin2006.10866.cnf", 12345], [0.06, 0.06, {"__enum__": "StatusType.SUCCESS"}, {}]], [[1, "/home/wagnerf/aclib2/instances2/sat/data/SWGCP/SWlin2006.10870.cnf", 12345], [0.116, 0.116, {"__enum__": "StatusType.SUCCESS"}, {}]], [[1, "/home/wagnerf/aclib2/instances2/sat/data/SWGCP/SWlin2006.10887.cnf", 12345], [0.112, 0.112, {"__enum__": "StatusType.SUCCESS"}, {}]], [[1, "/home/wagnerf/aclib2/instances2/sat/data/SWGCP/SWlin2006.10896.cnf", 12345], [1.384, 1.384, {"__enum__": "StatusType.SUCCESS"}, {}]], [[1, "/home/wagnerf/aclib2/instances2/sat/data/SWGCP/SWlin2006.10910.cnf", 12345], [0.08, 0.08, {"__enum__": "StatusType.SUCCESS"}, {}]], [[1, "/home/wagnerf/aclib2/instances2/sat/data/SWGCP/SWlin2006.10911.cnf", 12345], [5.0, 5.0, {"__enum__": "StatusType.TIMEOUT"}, {}]], [[1, "/home/wagnerf/aclib2/instances2/sat/data/SWGCP/SWlin2006.10921.cnf", 12345], [0.116, 0.116, {"__enum__": "StatusType.SUCCESS"}, {}]], [[1, "/home/wagnerf/aclib2/instances2/sat/data/SWGCP/SWlin2006.10953.cnf", 12345], [0.008, 0.008, {"__enum__": "StatusType.SUCCESS"}, {}]], [[1, "/home/wagnerf/aclib2/instances2/sat/data/SWGCP/SWlin2006.1096.cnf", 12345], [0.592, 0.592, {"__enum__": "StatusType.SUCCESS"}, {}]], [[1, "/home/wagnerf/aclib2/instances2/sat/data/SWGCP/SWlin2006.10985.cnf", 12345], [0.38, 0.38, {"__enum__": "StatusType.SUCCESS"}, {}]], [[1, "/home/wagnerf/aclib2/instances2/sat/data/SWGCP/SWlin2006.10996.cnf", 12345], [0.108, 0.108, {"__enum__": "StatusType.SUCCESS"}, {}]], [[1, "/home/wagnerf/aclib2/instances2/sat/data/SWGCP/SWlin2006.10998.cnf", 12345], [0.04, 0.04, {"__enum__": "StatusType.SUCCESS"}, {}]], [[1, "/home/wagnerf/aclib2/instances2/sat/data/SWGCP/SWlin2006.11002.cnf", 12345], [0.256, 0.256, {"__enum__": "StatusType.SUCCESS"}, {}]], [[1, "/home/wagnerf/aclib2/instances2/sat/data/SWGCP/SWlin2006.11015.cnf", 12345], [0.128, 0.128, {"__enum__": "StatusType.SUCCESS"}, {}]], [[1, "/home/wagnerf/aclib2/instances2/sat/data/SWGCP/SWlin2006.11016.cnf", 12345], [0.068, 0.068, {"__enum__": "StatusType.SUCCESS"}, {}]], [[1, "/home/wagnerf/aclib2/instances2/sat/data/SWGCP/SWlin2006.11038.cnf", 12345], [0.084, 0.084, {"__enum__": "StatusType.SUCCESS"}, {}]], [[1, "/home/wagnerf/aclib2/instances2/sat/data/SWGCP/SWlin2006.1104.cnf", 12345], [0.02, 0.02, {"__enum__": "StatusType.SUCCESS"}, {}]], [[1, "/home/wagnerf/aclib2/instances2/sat/data/SWGCP/SWlin2006.1105.cnf", 12345], [0.508, 0.508, {"__enum__": "StatusType.SUCCESS"}, {}]], [[1, "/home/wagnerf/aclib2/instances2/sat/data/SWGCP/SWlin2006.11062.cnf", 12345], [0.036, 0.036, {"__enum__": "StatusType.SUCCESS"}, {}]], [[1, "/home/wagnerf/aclib2/instances2/sat/data/SWGCP/SWlin2006.11066.cnf", 12345], [0.008, 0.008, {"__enum__": "StatusType.SUCCESS"}, {}]], [[1, "/home/wagnerf/aclib2/instances2/sat/data/SWGCP/SWlin2006.11068.cnf", 12345], [4.82, 4.82, {"__enum__": "StatusType.SUCCESS"}, {}]], [[1, "/home/wagnerf/aclib2/instances2/sat/data/SWGCP/SWlin2006.11078.cnf", 12345], [0.256, 0.256, {"__enum__": "StatusType.SUCCESS"}, {}]], [[1, "/home/wagnerf/aclib2/instances2/sat/data/SWGCP/SWlin2006.1108.cnf", 12345], [0.072, 0.072, {"__enum__": "StatusType.SUCCESS"}, {}]], [[1, "/home/wagnerf/aclib2/instances2/sat/data/SWGCP/SWlin2006.11088.cnf", 12345], [0.076, 0.076, {"__enum__": "StatusType.SUCCESS"}, {}]], [[1, "/home/wagnerf/aclib2/instances2/sat/data/SWGCP/SWlin2006.11091.cnf", 12345], [0.04, 0.04, {"__enum__": "StatusType.SUCCESS"}, {}]], [[1, "/home/wagnerf/aclib2/instances2/sat/data/SWGCP/SWlin2006.11102.cnf", 12345], [0.072, 0.072, {"__enum__": "StatusType.SUCCESS"}, {}]], [[1, "/home/wagnerf/aclib2/instances2/sat/data/SWGCP/SWlin2006.11103.cnf", 12345], [1.152, 1.152, {"__enum__": "StatusType.SUCCESS"}, {}]], [[1, "/home/wagnerf/aclib2/instances2/sat/data/SWGCP/SWlin2006.11165.cnf", 12345], [5.0, 5.0, {"__enum__": "StatusType.TIMEOUT"}, {}]], [[1, "/home/wagnerf/aclib2/instances2/sat/data/SWGCP/SWlin2006.11179.cnf", 12345], [1.316, 1.316, {"__enum__": "StatusType.SUCCESS"}, {}]], [[1, "/home/wagnerf/aclib2/instances2/sat/data/SWGCP/SWlin2006.11216.cnf", 12345], [0.004, 0.004, {"__enum__": "StatusType.SUCCESS"}, {}]], [[1, "/home/wagnerf/aclib2/instances2/sat/data/SWGCP/SWlin2006.11240.cnf", 12345], [0.236, 0.236, {"__enum__": "StatusType.SUCCESS"}, {}]], [[1, "/home/wagnerf/aclib2/instances2/sat/data/SWGCP/SWlin2006.11242.cnf", 12345], [5.0, 5.0, {"__enum__": "StatusType.TIMEOUT"}, {}]], [[1, "/home/wagnerf/aclib2/instances2/sat/data/SWGCP/SWlin2006.11277.cnf", 12345], [5.0, 5.0, {"__enum__": "StatusType.TIMEOUT"}, {}]], [[1, "/home/wagnerf/aclib2/instances2/sat/data/SWGCP/SWlin2006.11279.cnf", 12345], [2.208, 2.208, {"__enum__": "StatusType.SUCCESS"}, {}]], [[1, "/home/wagnerf/aclib2/instances2/sat/data/SWGCP/SWlin2006.11322.cnf", 12345], [0.032, 0.032, {"__enum__": "StatusType.SUCCESS"}, {}]], [[1, "/home/wagnerf/aclib2/instances2/sat/data/SWGCP/SWlin2006.1134.cnf", 12345], [1.564, 1.564, {"__enum__": "StatusType.SUCCESS"}, {}]], [[1, "/home/wagnerf/aclib2/instances2/sat/data/SWGCP/SWlin2006.11349.cnf", 12345], [0.08, 0.08, {"__enum__": "StatusType.SUCCESS"}, {}]], [[1, "/home/wagnerf/aclib2/instances2/sat/data/SWGCP/SWlin2006.1135.cnf", 12345], [0.036, 0.036, {"__enum__": "StatusType.SUCCESS"}, {}]], [[1, "/home/wagnerf/aclib2/instances2/sat/data/SWGCP/SWlin2006.11350.cnf", 12345], [1.108, 1.108, {"__enum__": "StatusType.SUCCESS"}, {}]], [[1, "/home/wagnerf/aclib2/instances2/sat/data/SWGCP/SWlin2006.11411.cnf", 12345], [0.908, 0.908, {"__enum__": "StatusType.SUCCESS"}, {}]], [[1, "/home/wagnerf/aclib2/instances2/sat/data/SWGCP/SWlin2006.11414.cnf", 12345], [0.984, 0.984, {"__enum__": "StatusType.SUCCESS"}, {}]], [[1, "/home/wagnerf/aclib2/instances2/sat/data/SWGCP/SWlin2006.11450.cnf", 12345], [0.124, 0.124, {"__enum__": "StatusType.SUCCESS"}, {}]], [[1, "/home/wagnerf/aclib2/instances2/sat/data/SWGCP/SWlin2006.11520.cnf", 12345], [0.536, 0.536, {"__enum__": "StatusType.SUCCESS"}, {}]], [[1, "/home/wagnerf/aclib2/instances2/sat/data/SWGCP/SWlin2006.11531.cnf", 12345], [0.664, 0.664, {"__enum__": "StatusType.SUCCESS"}, {}]], [[1, "/home/wagnerf/aclib2/instances2/sat/data/SWGCP/SWlin2006.11543.cnf", 12345], [0.064, 0.064, {"__enum__": "StatusType.SUCCESS"}, {}]], [[1, "/home/wagnerf/aclib2/instances2/sat/data/SWGCP/SWlin2006.11547.cnf", 12345], [0.316, 0.316, {"__enum__": "StatusType.SUCCESS"}, {}]], [[1, "/home/wagnerf/aclib2/instances2/sat/data/SWGCP/SWlin2006.11578.cnf", 12345], [1.744, 1.744, {"__enum__": "StatusType.SUCCESS"}, {}]], [[1, "/home/wagnerf/aclib2/instances2/sat/data/SWGCP/SWlin2006.1158.cnf", 12345], [0.076, 0.076, {"__enum__": "StatusType.SUCCESS"}, {}]], [[1, "/home/wagnerf/aclib2/instances2/sat/data/SWGCP/SWlin2006.11606.cnf", 12345], [0.088, 0.088, {"__enum__": "StatusType.SUCCESS"}, {}]], [[1, "/home/wagnerf/aclib2/instances2/sat/data/SWGCP/SWlin2006.11629.cnf", 12345], [5.0, 5.0, {"__enum__": "StatusType.TIMEOUT"}, {}]], [[1, "/home/wagnerf/aclib2/instances2/sat/data/SWGCP/SWlin2006.11642.cnf", 12345], [0.116, 0.116, {"__enum__": "StatusType.SUCCESS"}, {}]], [[1, "/home/wagnerf/aclib2/instances2/sat/data/SWGCP/SWlin2006.11665.cnf", 12345], [0.036, 0.036, {"__enum__": "StatusType.SUCCESS"}, {}]], [[1, "/home/wagnerf/aclib2/instances2/sat/data/SWGCP/SWlin2006.11679.cnf", 12345], [0.112, 0.112, {"__enum__": "StatusType.SUCCESS"}, {}]], [[1, "/home/wagnerf/aclib2/instances2/sat/data/SWGCP/SWlin2006.11685.cnf", 12345], [0.136, 0.136, {"__enum__": "StatusType.SUCCESS"}, {}]], [[1, "/home/wagnerf/aclib2/instances2/sat/data/SWGCP/SWlin2006.11698.cnf", 12345], [0.032, 0.032, {"__enum__": "StatusType.SUCCESS"}, {}]], [[1, "/home/wagnerf/aclib2/instances2/sat/data/SWGCP/SWlin2006.11701.cnf", 12345], [0.884, 0.884, {"__enum__": "StatusType.SUCCESS"}, {}]], [[1, "/home/wagnerf/aclib2/instances2/sat/data/SWGCP/SWlin2006.11707.cnf", 12345], [1.344, 1.344, {"__enum__": "StatusType.SUCCESS"}, {}]], [[1, "/home/wagnerf/aclib2/instances2/sat/data/SWGCP/SWlin2006.11771.cnf", 12345], [0.52, 0.52, {"__enum__": "StatusType.SUCCESS"}, {}]], [[1, "/home/wagnerf/aclib2/instances2/sat/data/SWGCP/SWlin2006.1179.cnf", 12345], [0.06, 0.06, {"__enum__": "StatusType.SUCCESS"}, {}]], [[1, "/home/wagnerf/aclib2/instances2/sat/data/SWGCP/SWlin2006.11802.cnf", 12345], [0.052, 0.052, {"__enum__": "StatusType.SUCCESS"}, {}]], [[1, "/home/wagnerf/aclib2/instances2/sat/data/SWGCP/SWlin2006.11835.cnf", 12345], [0.084, 0.084, {"__enum__": "StatusType.SUCCESS"}, {}]], [[1, "/home/wagnerf/aclib2/instances2/sat/data/SWGCP/SWlin2006.11884.cnf", 12345], [0.008, 0.008, {"__enum__": "StatusType.SUCCESS"}, {}]], [[1, "/home/wagnerf/aclib2/instances2/sat/data/SWGCP/SWlin2006.11896.cnf", 12345], [1.372, 1.372, {"__enum__": "StatusType.SUCCESS"}, {}]], [[1, "/home/wagnerf/aclib2/instances2/sat/data/SWGCP/SWlin2006.11913.cnf", 12345], [0.148, 0.148, {"__enum__": "StatusType.SUCCESS"}, {}]], [[1, "/home/wagnerf/aclib2/instances2/sat/data/SWGCP/SWlin2006.11923.cnf", 12345], [0.168, 0.168, {"__enum__": "StatusType.SUCCESS"}, {}]], [[1, "/home/wagnerf/aclib2/instances2/sat/data/SWGCP/SWlin2006.1194.cnf", 12345], [1.288, 1.288, {"__enum__": "StatusType.SUCCESS"}, {}]], [[1, "/home/wagnerf/aclib2/instances2/sat/data/SWGCP/SWlin2006.11975.cnf", 12345], [0.772, 0.772, {"__enum__": "StatusType.SUCCESS"}, {}]], [[1, "/home/wagnerf/aclib2/instances2/sat/data/SWGCP/SWlin2006.11990.cnf", 12345], [0.028, 0.028, {"__enum__": "StatusType.SUCCESS"}, {}]], [[1, "/home/wagnerf/aclib2/instances2/sat/data/SWGCP/SWlin2006.11991.cnf", 12345], [0.84, 0.84, {"__enum__": "StatusType.SUCCESS"}, {}]], [[1, "/home/wagnerf/aclib2/instances2/sat/data/SWGCP/SWlin2006.12013.cnf", 12345], [0.064, 0.064, {"__enum__": "StatusType.SUCCESS"}, {}]], [[1, "/home/wagnerf/aclib2/instances2/sat/data/SWGCP/SWlin2006.12035.cnf", 12345], [0.084, 0.084, {"__enum__": "StatusType.SUCCESS"}, {}]], [[1, "/home/wagnerf/aclib2/instances2/sat/data/SWGCP/SWlin2006.12046.cnf", 12345], [0.152, 0.152, {"__enum__": "StatusType.SUCCESS"}, {}]], [[1, "/home/wagnerf/aclib2/instances2/sat/data/SWGCP/SWlin2006.12072.cnf", 12345], [2.128, 2.128, {"__enum__": "StatusType.SUCCESS"}, {}]], [[1, "/home/wagnerf/aclib2/instances2/sat/data/SWGCP/SWlin2006.12076.cnf", 12345], [0.732, 0.732, {"__enum__": "StatusType.SUCCESS"}, {}]], [[1, "/home/wagnerf/aclib2/instances2/sat/data/SWGCP/SWlin2006.12088.cnf", 12345], [5.0, 5.0, {"__enum__": "StatusType.TIMEOUT"}, {}]], [[1, "/home/wagnerf/aclib2/instances2/sat/data/SWGCP/SWlin2006.12096.cnf", 12345], [1.372, 1.372, {"__enum__": "StatusType.SUCCESS"}, {}]], [[1, "/home/wagnerf/aclib2/instances2/sat/data/SWGCP/SWlin2006.12107.cnf", 12345], [0.084, 0.084, {"__enum__": "StatusType.SUCCESS"}, {}]], [[1, "/home/wagnerf/aclib2/instances2/sat/data/SWGCP/SWlin2006.12136.cnf", 12345], [0.096, 0.096, {"__enum__": "StatusType.SUCCESS"}, {}]], [[1, "/home/wagnerf/aclib2/instances2/sat/data/SWGCP/SWlin2006.12193.cnf", 12345], [5.0, 5.0, {"__enum__": "StatusType.TIMEOUT"}, {}]], [[1, "/home/wagnerf/aclib2/instances2/sat/data/SWGCP/SWlin2006.12214.cnf", 12345], [0.26, 0.26, {"__enum__": "StatusType.SUCCESS"}, {}]], [[1, "/home/wagnerf/aclib2/instances2/sat/data/SWGCP/SWlin2006.12217.cnf", 12345], [0.08, 0.08, {"__enum__": "StatusType.SUCCESS"}, {}]], [[1, "/home/wagnerf/aclib2/instances2/sat/data/SWGCP/SWlin2006.12218.cnf", 12345], [1.036, 1.036, {"__enum__": "StatusType.SUCCESS"}, {}]], [[1, "/home/wagnerf/aclib2/instances2/sat/data/SWGCP/SWlin2006.12264.cnf", 12345], [5.0, 5.0, {"__enum__": "StatusType.TIMEOUT"}, {}]], [[1, "/home/wagnerf/aclib2/instances2/sat/data/SWGCP/SWlin2006.1227.cnf", 12345], [0.104, 0.104, {"__enum__": "StatusType.SUCCESS"}, {}]], [[1, "/home/wagnerf/aclib2/instances2/sat/data/SWGCP/SWlin2006.12328.cnf", 12345], [0.056, 0.056, {"__enum__": "StatusType.SUCCESS"}, {}]], [[1, "/home/wagnerf/aclib2/instances2/sat/data/SWGCP/SWlin2006.12335.cnf", 12345], [0.644, 0.644, {"__enum__": "StatusType.SUCCESS"}, {}]], [[1, "/home/wagnerf/aclib2/instances2/sat/data/SWGCP/SWlin2006.12339.cnf", 12345], [0.464, 0.464, {"__enum__": "StatusType.SUCCESS"}, {}]], [[1, "/home/wagnerf/aclib2/instances2/sat/data/SWGCP/SWlin2006.12368.cnf", 12345], [0.808, 0.808, {"__enum__": "StatusType.SUCCESS"}, {}]], [[1, "/home/wagnerf/aclib2/instances2/sat/data/SWGCP/SWlin2006.1241.cnf", 12345], [0.224, 0.224, {"__enum__": "StatusType.SUCCESS"}, {}]], [[1, "/home/wagnerf/aclib2/instances2/sat/data/SWGCP/SWlin2006.12417.cnf", 12345], [0.892, 0.892, {"__enum__": "StatusType.SUCCESS"}, {}]], [[1, "/home/wagnerf/aclib2/instances2/sat/data/SWGCP/SWlin2006.12437.cnf", 12345], [3.928, 3.928, {"__enum__": "StatusType.SUCCESS"}, {}]], [[1, "/home/wagnerf/aclib2/instances2/sat/data/SWGCP/SWlin2006.12486.cnf", 12345], [3.604, 3.604, {"__enum__": "StatusType.SUCCESS"}, {}]], [[1, "/home/wagnerf/aclib2/instances2/sat/data/SWGCP/SWlin2006.12490.cnf", 12345], [1.228, 1.228, {"__enum__": "StatusType.SUCCESS"}, {}]], [[1, "/home/wagnerf/aclib2/instances2/sat/data/SWGCP/SWlin2006.12491.cnf", 12345], [5.0, 5.0, {"__enum__": "StatusType.TIMEOUT"}, {}]], [[1, "/home/wagnerf/aclib2/instances2/sat/data/SWGCP/SWlin2006.12519.cnf", 12345], [0.656, 0.656, {"__enum__": "StatusType.SUCCESS"}, {}]], [[1, "/home/wagnerf/aclib2/instances2/sat/data/SWGCP/SWlin2006.12565.cnf", 12345], [0.108, 0.108, {"__enum__": "StatusType.SUCCESS"}, {}]], [[1, "/home/wagnerf/aclib2/instances2/sat/data/SWGCP/SWlin2006.12583.cnf", 12345], [0.036, 0.036, {"__enum__": "StatusType.SUCCESS"}, {}]], [[1, "/home/wagnerf/aclib2/instances2/sat/data/SWGCP/SWlin2006.12586.cnf", 12345], [0.072, 0.072, {"__enum__": "StatusType.SUCCESS"}, {}]], [[1, "/home/wagnerf/aclib2/instances2/sat/data/SWGCP/SWlin2006.12599.cnf", 12345], [0.012, 0.012, {"__enum__": "StatusType.SUCCESS"}, {}]], [[1, "/home/wagnerf/aclib2/instances2/sat/data/SWGCP/SWlin2006.12635.cnf", 12345], [3.8, 3.8, {"__enum__": "StatusType.SUCCESS"}, {}]], [[1, "/home/wagnerf/aclib2/instances2/sat/data/SWGCP/SWlin2006.12642.cnf", 12345], [0.568, 0.568, {"__enum__": "StatusType.SUCCESS"}, {}]], [[1, "/home/wagnerf/aclib2/instances2/sat/data/SWGCP/SWlin2006.12646.cnf", 12345], [0.472, 0.472, {"__enum__": "StatusType.SUCCESS"}, {}]], [[1, "/home/wagnerf/aclib2/instances2/sat/data/SWGCP/SWlin2006.12653.cnf", 12345], [2.132, 2.132, {"__enum__": "StatusType.SUCCESS"}, {}]], [[1, "/home/wagnerf/aclib2/instances2/sat/data/SWGCP/SWlin2006.12669.cnf", 12345], [4.82, 4.82, {"__enum__": "StatusType.SUCCESS"}, {}]], [[1, "/home/wagnerf/aclib2/instances2/sat/data/SWGCP/SWlin2006.12684.cnf", 12345], [0.456, 0.456, {"__enum__": "StatusType.SUCCESS"}, {}]], [[1, "/home/wagnerf/aclib2/instances2/sat/data/SWGCP/SWlin2006.12697.cnf", 12345], [0.084, 0.084, {"__enum__": "StatusType.SUCCESS"}, {}]], [[1, "/home/wagnerf/aclib2/instances2/sat/data/SWGCP/SWlin2006.12703.cnf", 12345], [0.048, 0.048, {"__enum__": "StatusType.SUCCESS"}, {}]]], "configs": {"1": {"sp-learned-clause-sort-heur": "0", "sp-res-cutoff-lits": 400, "sp-first-restart": 100, "sp-rand-var-dec-freq": "0.001", "sp-learned-size-factor": 0.4, "sp-rand-var-dec-scaling": 1.0, "sp-var-activity-inc": 1.0, "sp-max-res-lit-inc": 1.0, "sp-clause-activity-inc": 1.0, "sp-phase-dec-heur": "5", "sp-rand-phase-dec-freq": "0.001", "sp-clause-del-heur": "2", "sp-var-dec-heur": "0", "sp-clause-decay": 1.4, "sp-restart-inc": 1.5, "sp-max-res-runs": 4, "sp-learned-clauses-inc": 1.3, "sp-variable-decay": 1.4, "sp-res-cutoff-cls": 8, "sp-resolution": "1", "sp-orig-clause-sort-heur": "0", "sp-update-dec-queue": "1", "sp-use-pure-literal-rule": "1", "sp-res-order-heur": "0", "sp-rand-phase-scaling": 1.0}}}