{"wallclock_time": 0.001508951187133789, "cpu_time": 0, "evaluations": 0, "incumbent": ["adaptive=''1''", "clausepen=''1''", "performrandomwalk=''0''", "singleclause=''1''", "tabusearch=''0''", "adaptivenoisescheme=''1''", "adaptwalkprob=''0''", "heuristic=''2''", "promisinglist=''1''", "ps='0.4'", "selectclause=''1''", "smoothingscheme=''1''", "adaptiveprom=''0''", "decreasingvariable=''3''", "performalternatenovelty=''1''", "phi='5'", "theta='6'", "updateschemepromlist=''3''", "wp='0.01'", "CONadaptpromwalkprob=''0''"], "cost": 2147483648, "total_cpu_time": null}
{"wallclock_time": 2.483163595199585, "cpu_time": 1.964, "evaluations": 1, "incumbent": ["adaptive=''1''", "clausepen=''1''", "performrandomwalk=''0''", "singleclause=''1''", "tabusearch=''0''", "adaptivenoisescheme=''1''", "adaptwalkprob=''0''", "heuristic=''2''", "promisinglist=''1''", "ps='0.4'", "selectclause=''1''", "smoothingscheme=''1''", "adaptiveprom=''0''", "decreasingvariable=''3''", "performalternatenovelty=''1''", "phi='5'", "theta='6'", "updateschemepromlist=''3''", "wp='0.01'", "CONadaptpromwalkprob=''0''"], "cost": 1.964, "total_cpu_time": null}
{"wallclock_time": 68.54798889160156, "cpu_time": 92.15199999999993, "evaluations": 65, "incumbent": ["adaptive=''1''", "clausepen=''2''", "performrandomwalk=''0''", "singleclause=''0''", "tabusearch=''0''", "DLSscoringmeasure=''1''", "DLStiebreaking=''4''", "adaptivenoisescheme=''2''"], "cost": 0.004279999999999999, "total_cpu_time": null}
{"wallclock_time": 116.46697926521301, "cpu_time": 144.24400000000014, "evaluations": 130, "incumbent": ["adaptive=''1''", "clausepen=''2''", "performrandomwalk=''0''", "singleclause=''0''", "tabusearch=''0''", "DLSscoringmeasure=''1''", "DLStiebreaking=''3''", "adaptivenoisescheme=''2''"], "cost": 0.0031600000000000005, "total_cpu_time": null}
{"wallclock_time": 1315.4942774772644, "cpu_time": 1159.0080000000094, "evaluations": 2080, "incumbent": ["adaptive=''1''", "clausepen=''2''", "performrandomwalk=''1''", "singleclause=''0''", "tabusearch=''1''", "DLSscoringmeasure=''1''", "DLStiebreaking=''3''", "adaptivenoisescheme=''1''", "randomwalk=''1''", "tabu='1'", "rwp='0.03003700618012097'"], "cost": 0.0030800000000000003, "total_cpu_time": null}
{"wallclock_time": 1391.0992546081543, "cpu_time": 1184.3160000000087, "evaluations": 2275, "incumbent": ["adaptive=''1''", "clausepen=''2''", "performrandomwalk=''1''", "singleclause=''0''", "tabusearch=''1''", "DLSscoringmeasure=''1''", "DLStiebreaking=''3''", "adaptivenoisescheme=''2''", "randomwalk=''1''", "tabu='1'", "rwp='0.051479148647062906'"], "cost": 0.00288, "total_cpu_time": null}
{"wallclock_time": 2268.6528346538544, "cpu_time": 1463.700000000014, "evaluations": 4615, "incumbent": ["adaptive=''1''", "clausepen=''2''", "performrandomwalk=''1''", "singleclause=''0''", "tabusearch=''1''", "DLSscoringmeasure=''1''", "DLStiebreaking=''3''", "adaptivenoisescheme=''2''", "randomwalk=''1''", "tabu='1'", "rwp='0.01707899143897989'"], "cost": 0.00284, "total_cpu_time": null}
{"wallclock_time": 2415.80469083786, "cpu_time": 1537.5520000000106, "evaluations": 4940, "incumbent": ["adaptive=''1''", "clausepen=''2''", "performrandomwalk=''1''", "singleclause=''0''", "tabusearch=''0''", "DLSscoringmeasure=''1''", "DLStiebreaking=''3''", "adaptivenoisescheme=''2''", "randomwalk=''1''", "rwp='0.01707899143897989'"], "cost": 0.0028000000000000004, "total_cpu_time": null}
