{"total_cpu_time": null, "incumbent": ["sp-clause-activity-inc='1.0'", "sp-clause-decay='1.4'", "sp-clause-del-heur=''2''", "sp-first-restart='100'", "sp-learned-clause-sort-heur=''0''", "sp-learned-clauses-inc='1.3'", "sp-learned-size-factor='0.4'", "sp-orig-clause-sort-heur=''0''", "sp-phase-dec-heur=''5''", "sp-rand-var-dec-freq=''0.001''", "sp-resolution=''1''", "sp-restart-inc='1.5'", "sp-update-dec-queue=''1''", "sp-use-pure-literal-rule=''1''", "sp-var-activity-inc='1.0'", "sp-var-dec-heur=''0''", "sp-variable-decay='1.4'", "sp-max-res-lit-inc='1.0'", "sp-max-res-runs='4'", "sp-rand-phase-dec-freq=''0.001''", "sp-rand-var-dec-scaling='1.0'", "sp-res-cutoff-cls='8'", "sp-res-cutoff-lits='400'", "sp-res-order-heur=''0''", "sp-rand-phase-scaling='1.0'"], "cpu_time": 0, "cost": 2147483648, "wallclock_time": 0.0008714199066162109, "evaluations": 0}
{"total_cpu_time": null, "incumbent": ["sp-clause-activity-inc='1.0'", "sp-clause-decay='1.4'", "sp-clause-del-heur=''2''", "sp-first-restart='100'", "sp-learned-clause-sort-heur=''0''", "sp-learned-clauses-inc='1.3'", "sp-learned-size-factor='0.4'", "sp-orig-clause-sort-heur=''0''", "sp-phase-dec-heur=''5''", "sp-rand-var-dec-freq=''0.001''", "sp-resolution=''1''", "sp-restart-inc='1.5'", "sp-update-dec-queue=''1''", "sp-use-pure-literal-rule=''1''", "sp-var-activity-inc='1.0'", "sp-var-dec-heur=''0''", "sp-variable-decay='1.4'", "sp-max-res-lit-inc='1.0'", "sp-max-res-runs='4'", "sp-rand-phase-dec-freq=''0.001''", "sp-rand-var-dec-scaling='1.0'", "sp-res-cutoff-cls='8'", "sp-res-cutoff-lits='400'", "sp-res-order-heur=''0''", "sp-rand-phase-scaling='1.0'"], "cpu_time": 0.064, "cost": 0.064, "wallclock_time": 0.19312500953674316, "evaluations": 1}
{"total_cpu_time": null, "incumbent": ["sp-clause-activity-inc='0.810774540875304'", "sp-clause-decay='1.37248652390427'", "sp-clause-del-heur=''0''", "sp-first-restart='1264'", "sp-learned-clause-sort-heur=''7''", "sp-learned-clauses-inc='1.1981352019753795'", "sp-learned-size-factor='1.0330041993068666'", "sp-orig-clause-sort-heur=''4''", "sp-phase-dec-heur=''2''", "sp-rand-var-dec-freq=''0.005''", "sp-resolution=''0''", "sp-restart-inc='1.636623266636022'", "sp-update-dec-queue=''1''", "sp-use-pure-literal-rule=''1''", "sp-var-activity-inc='0.510153835828418'", "sp-var-dec-heur=''5''", "sp-variable-decay='1.9352754623407449'", "sp-rand-var-dec-scaling='0.9305510588689139'"], "cpu_time": 102.81200000000003, "cost": 0.11463999999999999, "wallclock_time": 144.77197933197021, "evaluations": 65}
{"total_cpu_time": null, "incumbent": ["sp-clause-activity-inc='0.5276827375736614'", "sp-clause-decay='1.4983611206056275'", "sp-clause-del-heur=''0''", "sp-first-restart='95'", "sp-learned-clause-sort-heur=''7''", "sp-learned-clauses-inc='1.4425118986571017'", "sp-learned-size-factor='0.1443060282357703'", "sp-orig-clause-sort-heur=''18''", "sp-phase-dec-heur=''3''", "sp-rand-var-dec-freq=''0.005''", "sp-resolution=''0''", "sp-restart-inc='1.7235469004840187'", "sp-update-dec-queue=''1''", "sp-use-pure-literal-rule=''0''", "sp-var-activity-inc='1.12017022242956'", "sp-var-dec-heur=''5''", "sp-variable-decay='1.630547908377175'", "sp-rand-phase-dec-freq=''0.005''", "sp-rand-var-dec-scaling='0.7283072869739963'", "sp-rand-phase-scaling='0.6363204873033739'"], "cpu_time": 568.4140000000001, "cost": 0.10400000000000001, "wallclock_time": 799.4808373451233, "evaluations": 325}
{"total_cpu_time": null, "incumbent": ["sp-clause-activity-inc='0.5150691444684167'", "sp-clause-decay='1.7704247869427263'", "sp-clause-del-heur=''2''", "sp-first-restart='46'", "sp-learned-clause-sort-heur=''5''", "sp-learned-clauses-inc='1.2549187369808128'", "sp-learned-size-factor='0.10713886235216925'", "sp-orig-clause-sort-heur=''18''", "sp-phase-dec-heur=''4''", "sp-rand-var-dec-freq=''0.005''", "sp-resolution=''1''", "sp-restart-inc='1.6519252667474038'", "sp-update-dec-queue=''1''", "sp-use-pure-literal-rule=''0''", "sp-var-activity-inc='1.1176964098950273'", "sp-var-dec-heur=''7''", "sp-variable-decay='1.7519852028298715'", "sp-max-res-lit-inc='0.677300549638503'", "sp-max-res-runs='3'", "sp-rand-phase-dec-freq=''0.005''", "sp-rand-var-dec-scaling='0.5330821463844024'", "sp-res-cutoff-cls='4'", "sp-res-cutoff-lits='101'", "sp-res-order-heur=''1''", "sp-rand-phase-scaling='0.6104033466573806'"], "cpu_time": 1764.8419999999971, "cost": 0.1016, "wallclock_time": 2499.850255012512, "evaluations": 910}
{"total_cpu_time": null, "incumbent": ["sp-clause-activity-inc='1.0185961290209118'", "sp-clause-decay='1.1776416146078739'", "sp-clause-del-heur=''2''", "sp-first-restart='161'", "sp-learned-clause-sort-heur=''10''", "sp-learned-clauses-inc='1.1879047516861914'", "sp-learned-size-factor='0.13881948300307187'", "sp-orig-clause-sort-heur=''13''", "sp-phase-dec-heur=''1''", "sp-rand-var-dec-freq=''0.005''", "sp-resolution=''0''", "sp-restart-inc='1.5119611854807018'", "sp-update-dec-queue=''1''", "sp-use-pure-literal-rule=''0''", "sp-var-activity-inc='0.5657561675249123'", "sp-var-dec-heur=''3''", "sp-variable-decay='1.349988289517643'", "sp-rand-phase-dec-freq=''0.005''", "sp-rand-var-dec-scaling='0.9728314771531659'", "sp-rand-phase-scaling='0.7757973820170567'"], "cpu_time": 3516.3219999999933, "cost": 0.08131999999999999, "wallclock_time": 4994.381547451019, "evaluations": 1820}
{"total_cpu_time": null, "incumbent": ["sp-clause-activity-inc='0.9600947137916127'", "sp-clause-decay='1.8121604768288444'", "sp-clause-del-heur=''2''", "sp-first-restart='91'", "sp-learned-clause-sort-heur=''0''", "sp-learned-clauses-inc='1.1704465219340554'", "sp-learned-size-factor='0.6953887446325113'", "sp-orig-clause-sort-heur=''14''", "sp-phase-dec-heur=''1''", "sp-rand-var-dec-freq=''0.05''", "sp-resolution=''2''", "sp-restart-inc='1.5340542793246623'", "sp-update-dec-queue=''1''", "sp-use-pure-literal-rule=''1''", "sp-var-activity-inc='1.1259696184767511'", "sp-var-dec-heur=''6''", "sp-variable-decay='1.8923990923540075'", "sp-max-res-lit-inc='3.7518975150779714'", "sp-max-res-runs='3'", "sp-rand-phase-dec-freq=''0.0001''", "sp-rand-var-dec-scaling='0.3606462607178019'", "sp-res-cutoff-cls='10'", "sp-res-cutoff-lits='255'", "sp-res-order-heur=''7''", "sp-rand-phase-scaling='0.8321753010269253'"], "cpu_time": 10360.211999999974, "cost": 0.08064, "wallclock_time": 14780.601307630539, "evaluations": 5265}
