{"cost": 2147483648, "incumbent": ["adaptive=''1''", "clausepen=''1''", "performrandomwalk=''0''", "singleclause=''1''", "tabusearch=''0''", "adaptivenoisescheme=''1''", "adaptwalkprob=''0''", "heuristic=''2''", "promisinglist=''1''", "ps='0.4'", "selectclause=''1''", "smoothingscheme=''1''", "adaptiveprom=''0''", "decreasingvariable=''3''", "performalternatenovelty=''1''", "phi='5'", "theta='6'", "updateschemepromlist=''3''", "wp='0.01'", "CONadaptpromwalkprob=''0''"], "wallclock_time": 0.0015223026275634766, "evaluations": 0, "total_cpu_time": null, "cpu_time": 0}
{"cost": 0.032, "incumbent": ["adaptive=''1''", "clausepen=''1''", "performrandomwalk=''0''", "singleclause=''1''", "tabusearch=''0''", "adaptivenoisescheme=''1''", "adaptwalkprob=''0''", "heuristic=''2''", "promisinglist=''1''", "ps='0.4'", "selectclause=''1''", "smoothingscheme=''1''", "adaptiveprom=''0''", "decreasingvariable=''3''", "performalternatenovelty=''1''", "phi='5'", "theta='6'", "updateschemepromlist=''3''", "wp='0.01'", "CONadaptpromwalkprob=''0''"], "wallclock_time": 0.5549495220184326, "evaluations": 1, "total_cpu_time": null, "cpu_time": 0.032}
{"cost": 0.014479999999999998, "incumbent": ["adaptive=''1''", "clausepen=''1''", "performrandomwalk=''1''", "singleclause=''0''", "tabusearch=''0''", "DLSscoringmeasure=''1''", "DLStiebreaking=''2''", "adaptivenoisescheme=''1''", "randomwalk=''3''", "smoothingscheme=''2''", "DLSmaxinc='18'", "DLSpflat='0.19218605959744595'", "rdp='0.026798737865840888'"], "wallclock_time": 7.441579580307007, "evaluations": 14, "total_cpu_time": null, "cpu_time": 4.916}
{"cost": 0.0029999999999999988, "incumbent": ["adaptive=''1''", "clausepen=''2''", "performrandomwalk=''1''", "singleclause=''0''", "tabusearch=''0''", "DLSscoringmeasure=''1''", "DLStiebreaking=''2''", "adaptivenoisescheme=''1''", "randomwalk=''3''", "rdp='0.026798737865840888'"], "wallclock_time": 21.907938957214355, "evaluations": 57, "total_cpu_time": null, "cpu_time": 9.843999999999996}
{"cost": 0.0021052631578947377, "incumbent": ["adaptive=''1''", "clausepen=''1''", "performrandomwalk=''0''", "singleclause=''0''", "tabusearch=''0''", "DLSscoringmeasure=''1''", "DLStiebreaking=''2''", "adaptivenoisescheme=''1''", "smoothingscheme=''1''", "DLSalpha='1.189'", "DLSrho='0.5'", "DLSsapsthresh='-0.1'", "DLSwp='0.03'"], "wallclock_time": 93.00215077400208, "evaluations": 274, "total_cpu_time": null, "cpu_time": 18.171999999999894}
{"cost": 0.0014600000000000006, "incumbent": ["adaptive=''1''", "clausepen=''2''", "performrandomwalk=''0''", "singleclause=''0''", "tabusearch=''0''", "DLSscoringmeasure=''1''", "DLStiebreaking=''2''", "adaptivenoisescheme=''1''"], "wallclock_time": 106.00316095352173, "evaluations": 313, "total_cpu_time": null, "cpu_time": 19.36399999999987}
{"cost": 0.0013005671077504731, "incumbent": ["adaptive=''1''", "clausepen=''2''", "performrandomwalk=''0''", "singleclause=''0''", "tabusearch=''0''", "DLSscoringmeasure=''1''", "DLStiebreaking=''2''", "adaptivenoisescheme=''2''"], "wallclock_time": 148.4951295852661, "evaluations": 442, "total_cpu_time": null, "cpu_time": 23.419999999999735}
{"cost": 0.0012361111111111117, "incumbent": ["adaptive=''1''", "clausepen=''2''", "performrandomwalk=''0''", "singleclause=''0''", "tabusearch=''0''", "DLSscoringmeasure=''1''", "DLStiebreaking=''2''", "adaptivenoisescheme=''1''"], "wallclock_time": 163.80916810035706, "evaluations": 490, "total_cpu_time": null, "cpu_time": 24.859999999999683}
{"cost": 0.0011904000000000005, "incumbent": ["adaptive=''1''", "clausepen=''2''", "performrandomwalk=''0''", "singleclause=''0''", "tabusearch=''0''", "DLSscoringmeasure=''1''", "DLStiebreaking=''2''", "adaptivenoisescheme=''2''"], "wallclock_time": 178.56725788116455, "evaluations": 538, "total_cpu_time": null, "cpu_time": 26.50799999999964}
{"cost": 0.0010130796670630208, "incumbent": ["adaptive=''1''", "clausepen=''2''", "performrandomwalk=''0''", "singleclause=''0''", "tabusearch=''0''", "DLSscoringmeasure=''1''", "DLStiebreaking=''2''", "adaptivenoisescheme=''1''"], "wallclock_time": 249.66135668754578, "evaluations": 756, "total_cpu_time": null, "cpu_time": 33.40399999999946}
{"cost": 0.0009490114464099901, "incumbent": ["adaptive=''1''", "clausepen=''2''", "performrandomwalk=''0''", "singleclause=''0''", "tabusearch=''0''", "DLSscoringmeasure=''1''", "DLStiebreaking=''2''", "adaptivenoisescheme=''2''"], "wallclock_time": 289.33014369010925, "evaluations": 848, "total_cpu_time": null, "cpu_time": 46.06399999999933}
{"cost": 0.000619791666666667, "incumbent": ["adaptive=''1''", "clausepen=''2''", "performrandomwalk=''0''", "singleclause=''0''", "tabusearch=''0''", "DLSscoringmeasure=''3''", "DLStiebreaking=''2''", "adaptivenoisescheme=''2''"], "wallclock_time": 743.4789426326752, "evaluations": 1821, "total_cpu_time": null, "cpu_time": 210.6119999999989}
{"cost": 0.0005184304399524379, "incumbent": ["adaptive=''1''", "clausepen=''2''", "performrandomwalk=''0''", "singleclause=''0''", "tabusearch=''0''", "DLSscoringmeasure=''1''", "DLStiebreaking=''2''", "adaptivenoisescheme=''2''"], "wallclock_time": 1091.8715324401855, "evaluations": 2735, "total_cpu_time": null, "cpu_time": 300.2320000000045}
{"cost": 0.0004807492195629556, "incumbent": ["adaptive=''1''", "clausepen=''2''", "performrandomwalk=''0''", "singleclause=''0''", "tabusearch=''0''", "DLSscoringmeasure=''3''", "DLStiebreaking=''2''", "adaptivenoisescheme=''2''"], "wallclock_time": 1245.5364394187927, "evaluations": 3214, "total_cpu_time": null, "cpu_time": 315.9760000000091}
{"cost": 0.0004318420499894983, "incumbent": ["adaptive=''1''", "clausepen=''2''", "performrandomwalk=''0''", "singleclause=''0''", "tabusearch=''0''", "DLSscoringmeasure=''3''", "DLStiebreaking=''2''", "adaptivenoisescheme=''1''"], "wallclock_time": 1542.392166852951, "evaluations": 4005, "total_cpu_time": null, "cpu_time": 386.3080000000215}
{"cost": 0.0003372933884297523, "incumbent": ["adaptive=''1''", "clausepen=''2''", "performrandomwalk=''0''", "singleclause=''0''", "tabusearch=''0''", "DLSscoringmeasure=''3''", "DLStiebreaking=''2''", "adaptivenoisescheme=''2''"], "wallclock_time": 2462.4966325759888, "evaluations": 6557, "total_cpu_time": null, "cpu_time": 651.7920000000274}
{"cost": 0.00033379623784875667, "incumbent": ["adaptive=''1''", "clausepen=''2''", "performrandomwalk=''0''", "singleclause=''0''", "tabusearch=''0''", "DLSscoringmeasure=''3''", "DLStiebreaking=''2''", "adaptivenoisescheme=''1''"], "wallclock_time": 2515.6739525794983, "evaluations": 6681, "total_cpu_time": null, "cpu_time": 685.6640000000284}
{"cost": 0.0003181870736501332, "incumbent": ["adaptive=''1''", "clausepen=''2''", "performrandomwalk=''0''", "singleclause=''0''", "tabusearch=''0''", "DLSscoringmeasure=''3''", "DLStiebreaking=''2''", "adaptivenoisescheme=''2''"], "wallclock_time": 2756.7310824394226, "evaluations": 7326, "total_cpu_time": null, "cpu_time": 740.7440000000245}
{"cost": 0.00031290858725761795, "incumbent": ["adaptive=''1''", "clausepen=''2''", "performrandomwalk=''0''", "singleclause=''0''", "tabusearch=''0''", "DLSscoringmeasure=''3''", "DLStiebreaking=''2''", "adaptivenoisescheme=''1''"], "wallclock_time": 2882.775430202484, "evaluations": 7703, "total_cpu_time": null, "cpu_time": 752.4280000000239}
{"cost": 0.0003036234902124117, "incumbent": ["adaptive=''1''", "clausepen=''2''", "performrandomwalk=''0''", "singleclause=''0''", "tabusearch=''0''", "DLSscoringmeasure=''3''", "DLStiebreaking=''2''", "adaptivenoisescheme=''2''"], "wallclock_time": 3072.998195171356, "evaluations": 8195, "total_cpu_time": null, "cpu_time": 802.820000000025}
{"cost": 0.0002980000000000002, "incumbent": ["adaptive=''1''", "clausepen=''2''", "performrandomwalk=''0''", "singleclause=''0''", "tabusearch=''0''", "DLSscoringmeasure=''3''", "DLStiebreaking=''2''", "adaptivenoisescheme=''1''"], "wallclock_time": 3196.465985774994, "evaluations": 8592, "total_cpu_time": null, "cpu_time": 815.1520000000243}
{"cost": 0.00029219530949634774, "incumbent": ["adaptive=''1''", "clausepen=''2''", "performrandomwalk=''0''", "singleclause=''0''", "tabusearch=''0''", "DLSscoringmeasure=''3''", "DLStiebreaking=''2''", "adaptivenoisescheme=''2''"], "wallclock_time": 3319.9668822288513, "evaluations": 8997, "total_cpu_time": null, "cpu_time": 827.2200000000291}
