"CPU Time Used","Estimated Training Performance","Wallclock Time","Incumbent ID","Automatic Configurator (CPU) Time","Configuration..."
0.000000, 2147483648.000000, 0.001522, 1, 0.001522, adaptive=''1'', clausepen=''1'', performrandomwalk=''0'', singleclause=''1'', tabusearch=''0'', adaptivenoisescheme=''1'', adaptwalkprob=''0'', heuristic=''2'', promisinglist=''1'', ps='0.4', selectclause=''1'', smoothingscheme=''1'', adaptiveprom=''0'', decreasingvariable=''3'', performalternatenovelty=''1'', phi='5', theta='6', updateschemepromlist=''3'', wp='0.01', CONadaptpromwalkprob=''0''
0.032000, 0.032000, 0.554950, 1, 0.522950, adaptive=''1'', clausepen=''1'', performrandomwalk=''0'', singleclause=''1'', tabusearch=''0'', adaptivenoisescheme=''1'', adaptwalkprob=''0'', heuristic=''2'', promisinglist=''1'', ps='0.4', selectclause=''1'', smoothingscheme=''1'', adaptiveprom=''0'', decreasingvariable=''3'', performalternatenovelty=''1'', phi='5', theta='6', updateschemepromlist=''3'', wp='0.01', CONadaptpromwalkprob=''0''
4.916000, 0.014480, 7.441580, 2, 2.525580, adaptive=''1'', clausepen=''1'', performrandomwalk=''1'', singleclause=''0'', tabusearch=''0'', DLSscoringmeasure=''1'', DLStiebreaking=''2'', adaptivenoisescheme=''1'', randomwalk=''3'', smoothingscheme=''2'', DLSmaxinc='18', DLSpflat='0.19218605959744595', rdp='0.026798737865840888'
9.844000, 0.003000, 21.907939, 4, 12.063939, adaptive=''1'', clausepen=''2'', performrandomwalk=''1'', singleclause=''0'', tabusearch=''0'', DLSscoringmeasure=''1'', DLStiebreaking=''2'', adaptivenoisescheme=''1'', randomwalk=''3'', rdp='0.026798737865840888'
18.172000, 0.002105, 93.002151, 9, 74.830151, adaptive=''1'', clausepen=''1'', performrandomwalk=''0'', singleclause=''0'', tabusearch=''0'', DLSscoringmeasure=''1'', DLStiebreaking=''2'', adaptivenoisescheme=''1'', smoothingscheme=''1'', DLSalpha='1.189', DLSrho='0.5', DLSsapsthresh='-0.1', DLSwp='0.03'
19.364000, 0.001460, 106.003161, 8, 86.639161, adaptive=''1'', clausepen=''2'', performrandomwalk=''0'', singleclause=''0'', tabusearch=''0'', DLSscoringmeasure=''1'', DLStiebreaking=''2'', adaptivenoisescheme=''1''
23.420000, 0.001301, 148.495130, 12, 125.075130, adaptive=''1'', clausepen=''2'', performrandomwalk=''0'', singleclause=''0'', tabusearch=''0'', DLSscoringmeasure=''1'', DLStiebreaking=''2'', adaptivenoisescheme=''2''
24.860000, 0.001236, 163.809168, 8, 138.949168, adaptive=''1'', clausepen=''2'', performrandomwalk=''0'', singleclause=''0'', tabusearch=''0'', DLSscoringmeasure=''1'', DLStiebreaking=''2'', adaptivenoisescheme=''1''
26.508000, 0.001190, 178.567258, 12, 152.059258, adaptive=''1'', clausepen=''2'', performrandomwalk=''0'', singleclause=''0'', tabusearch=''0'', DLSscoringmeasure=''1'', DLStiebreaking=''2'', adaptivenoisescheme=''2''
33.404000, 0.001013, 249.661357, 8, 216.257357, adaptive=''1'', clausepen=''2'', performrandomwalk=''0'', singleclause=''0'', tabusearch=''0'', DLSscoringmeasure=''1'', DLStiebreaking=''2'', adaptivenoisescheme=''1''
46.064000, 0.000949, 289.330144, 12, 243.266144, adaptive=''1'', clausepen=''2'', performrandomwalk=''0'', singleclause=''0'', tabusearch=''0'', DLSscoringmeasure=''1'', DLStiebreaking=''2'', adaptivenoisescheme=''2''
210.612000, 0.000620, 743.478943, 20, 532.866943, adaptive=''1'', clausepen=''2'', performrandomwalk=''0'', singleclause=''0'', tabusearch=''0'', DLSscoringmeasure=''3'', DLStiebreaking=''2'', adaptivenoisescheme=''2''
300.232000, 0.000518, 1091.871532, 12, 791.639532, adaptive=''1'', clausepen=''2'', performrandomwalk=''0'', singleclause=''0'', tabusearch=''0'', DLSscoringmeasure=''1'', DLStiebreaking=''2'', adaptivenoisescheme=''2''
315.976000, 0.000481, 1245.536439, 20, 929.560439, adaptive=''1'', clausepen=''2'', performrandomwalk=''0'', singleclause=''0'', tabusearch=''0'', DLSscoringmeasure=''3'', DLStiebreaking=''2'', adaptivenoisescheme=''2''
386.308000, 0.000432, 1542.392167, 29, 1156.084167, adaptive=''1'', clausepen=''2'', performrandomwalk=''0'', singleclause=''0'', tabusearch=''0'', DLSscoringmeasure=''3'', DLStiebreaking=''2'', adaptivenoisescheme=''1''
651.792000, 0.000337, 2462.496633, 20, 1810.704633, adaptive=''1'', clausepen=''2'', performrandomwalk=''0'', singleclause=''0'', tabusearch=''0'', DLSscoringmeasure=''3'', DLStiebreaking=''2'', adaptivenoisescheme=''2''
685.664000, 0.000334, 2515.673953, 29, 1830.009953, adaptive=''1'', clausepen=''2'', performrandomwalk=''0'', singleclause=''0'', tabusearch=''0'', DLSscoringmeasure=''3'', DLStiebreaking=''2'', adaptivenoisescheme=''1''
740.744000, 0.000318, 2756.731082, 20, 2015.987082, adaptive=''1'', clausepen=''2'', performrandomwalk=''0'', singleclause=''0'', tabusearch=''0'', DLSscoringmeasure=''3'', DLStiebreaking=''2'', adaptivenoisescheme=''2''
752.428000, 0.000313, 2882.775430, 29, 2130.347430, adaptive=''1'', clausepen=''2'', performrandomwalk=''0'', singleclause=''0'', tabusearch=''0'', DLSscoringmeasure=''3'', DLStiebreaking=''2'', adaptivenoisescheme=''1''
802.820000, 0.000304, 3072.998195, 20, 2270.178195, adaptive=''1'', clausepen=''2'', performrandomwalk=''0'', singleclause=''0'', tabusearch=''0'', DLSscoringmeasure=''3'', DLStiebreaking=''2'', adaptivenoisescheme=''2''
815.152000, 0.000298, 3196.465986, 29, 2381.313986, adaptive=''1'', clausepen=''2'', performrandomwalk=''0'', singleclause=''0'', tabusearch=''0'', DLSscoringmeasure=''3'', DLStiebreaking=''2'', adaptivenoisescheme=''1''
827.220000, 0.000292, 3319.966882, 20, 2492.746882, adaptive=''1'', clausepen=''2'', performrandomwalk=''0'', singleclause=''0'', tabusearch=''0'', DLSscoringmeasure=''3'', DLStiebreaking=''2'', adaptivenoisescheme=''2''
