{"cpu_time": 0, "evaluations": 0, "cost": 2147483648, "total_cpu_time": null, "incumbent": ["sp-clause-activity-inc='1.0'", "sp-clause-decay='1.4'", "sp-clause-del-heur=''2''", "sp-first-restart='100'", "sp-learned-clause-sort-heur=''0''", "sp-learned-clauses-inc='1.3'", "sp-learned-size-factor='0.4'", "sp-orig-clause-sort-heur=''0''", "sp-phase-dec-heur=''5''", "sp-rand-var-dec-freq=''0.001''", "sp-resolution=''1''", "sp-restart-inc='1.5'", "sp-update-dec-queue=''1''", "sp-use-pure-literal-rule=''1''", "sp-var-activity-inc='1.0'", "sp-var-dec-heur=''0''", "sp-variable-decay='1.4'", "sp-max-res-lit-inc='1.0'", "sp-max-res-runs='4'", "sp-rand-phase-dec-freq=''0.001''", "sp-rand-var-dec-scaling='1.0'", "sp-res-cutoff-cls='8'", "sp-res-cutoff-lits='400'", "sp-res-order-heur=''0''", "sp-rand-phase-scaling='1.0'"], "wallclock_time": 0.0008821487426757812}
{"cpu_time": 0.064, "evaluations": 1, "cost": 0.064, "total_cpu_time": null, "incumbent": ["sp-clause-activity-inc='1.0'", "sp-clause-decay='1.4'", "sp-clause-del-heur=''2''", "sp-first-restart='100'", "sp-learned-clause-sort-heur=''0''", "sp-learned-clauses-inc='1.3'", "sp-learned-size-factor='0.4'", "sp-orig-clause-sort-heur=''0''", "sp-phase-dec-heur=''5''", "sp-rand-var-dec-freq=''0.001''", "sp-resolution=''1''", "sp-restart-inc='1.5'", "sp-update-dec-queue=''1''", "sp-use-pure-literal-rule=''1''", "sp-var-activity-inc='1.0'", "sp-var-dec-heur=''0''", "sp-variable-decay='1.4'", "sp-max-res-lit-inc='1.0'", "sp-max-res-runs='4'", "sp-rand-phase-dec-freq=''0.001''", "sp-rand-var-dec-scaling='1.0'", "sp-res-cutoff-cls='8'", "sp-res-cutoff-lits='400'", "sp-res-order-heur=''0''", "sp-rand-phase-scaling='1.0'"], "wallclock_time": 0.20941853523254395}
{"cpu_time": 102.82000000000002, "evaluations": 65, "cost": 0.11499999999999996, "total_cpu_time": null, "incumbent": ["sp-clause-activity-inc='0.810774540875304'", "sp-clause-decay='1.37248652390427'", "sp-clause-del-heur=''0''", "sp-first-restart='1264'", "sp-learned-clause-sort-heur=''7''", "sp-learned-clauses-inc='1.1981352019753795'", "sp-learned-size-factor='1.0330041993068666'", "sp-orig-clause-sort-heur=''4''", "sp-phase-dec-heur=''2''", "sp-rand-var-dec-freq=''0.005''", "sp-resolution=''0''", "sp-restart-inc='1.636623266636022'", "sp-update-dec-queue=''1''", "sp-use-pure-literal-rule=''1''", "sp-var-activity-inc='0.510153835828418'", "sp-var-dec-heur=''5''", "sp-variable-decay='1.9352754623407449'", "sp-rand-var-dec-scaling='0.9305510588689139'"], "wallclock_time": 145.0599389076233}
{"cpu_time": 627.484, "evaluations": 520, "cost": 0.08035999999999997, "total_cpu_time": null, "incumbent": ["sp-clause-activity-inc='0.7756725755047942'", "sp-clause-decay='1.338568290327738'", "sp-clause-del-heur=''1''", "sp-first-restart='575'", "sp-learned-clause-sort-heur=''5''", "sp-learned-clauses-inc='1.2052124884184197'", "sp-learned-size-factor='0.8981166076858366'", "sp-orig-clause-sort-heur=''12''", "sp-phase-dec-heur=''1''", "sp-rand-var-dec-freq=''0.0001''", "sp-resolution=''0''", "sp-restart-inc='1.617320299592127'", "sp-update-dec-queue=''0''", "sp-use-pure-literal-rule=''1''", "sp-var-activity-inc='1.3771980917451299'", "sp-var-dec-heur=''5''", "sp-variable-decay='1.4726482649535226'", "sp-rand-phase-dec-freq=''0.001''", "sp-rand-var-dec-scaling='0.9168553706459901'", "sp-rand-phase-scaling='0.894634771789101'"], "wallclock_time": 1313.8357610702515}
