"CPU Time Used","Estimated Training Performance","Wallclock Time","Incumbent ID","Automatic Configurator (CPU) Time","Configuration..."
0.000000, 2147483648.000000, 0.001461, 1, 0.001461, adaptive=''1'', clausepen=''1'', performrandomwalk=''0'', singleclause=''1'', tabusearch=''0'', adaptivenoisescheme=''1'', adaptwalkprob=''0'', heuristic=''2'', promisinglist=''1'', ps='0.4', selectclause=''1'', smoothingscheme=''1'', adaptiveprom=''0'', decreasingvariable=''3'', performalternatenovelty=''1'', phi='5', theta='6', updateschemepromlist=''3'', wp='0.01', CONadaptpromwalkprob=''0''
0.032000, 0.032000, 0.549743, 1, 0.517743, adaptive=''1'', clausepen=''1'', performrandomwalk=''0'', singleclause=''1'', tabusearch=''0'', adaptivenoisescheme=''1'', adaptwalkprob=''0'', heuristic=''2'', promisinglist=''1'', ps='0.4', selectclause=''1'', smoothingscheme=''1'', adaptiveprom=''0'', decreasingvariable=''3'', performalternatenovelty=''1'', phi='5', theta='6', updateschemepromlist=''3'', wp='0.01', CONadaptpromwalkprob=''0''
70.724000, 0.004640, 129.132301, 5, 58.408301, adaptive=''1'', clausepen=''1'', performrandomwalk=''0'', singleclause=''0'', tabusearch=''0'', DLSscoringmeasure=''1'', DLStiebreaking=''4'', adaptivenoisescheme=''1'', smoothingscheme=''1'', DLSalpha='1.2267849386380776', DLSrho='0.06478069588150237', DLSsapsthresh='-0.11898793829008447', DLSwp='0.006310128559314705'
291.552000, 0.003560, 541.463240, 34, 249.911240, adaptive=''1'', clausepen=''1'', performrandomwalk=''0'', singleclause=''0'', tabusearch=''0'', DLSscoringmeasure=''3'', DLStiebreaking=''4'', adaptivenoisescheme=''1'', smoothingscheme=''1'', DLSalpha='1.2267849386380776', DLSrho='0.06478069588150237', DLSsapsthresh='-0.11898793829008447', DLSwp='0.006310128559314705'
