{"cost": 2147483648, "total_cpu_time": null, "cpu_time": 0, "wallclock_time": 0.0015497207641601562, "incumbent": ["adaptive=''1''", "clausepen=''1''", "performrandomwalk=''0''", "singleclause=''1''", "tabusearch=''0''", "adaptivenoisescheme=''1''", "adaptwalkprob=''0''", "heuristic=''2''", "promisinglist=''1''", "ps='0.4'", "selectclause=''1''", "smoothingscheme=''1''", "adaptiveprom=''0''", "decreasingvariable=''3''", "performalternatenovelty=''1''", "phi='5'", "theta='6'", "updateschemepromlist=''3''", "wp='0.01'", "CONadaptpromwalkprob=''0''"], "evaluations": 0}
{"cost": 0.032, "total_cpu_time": null, "cpu_time": 0.032, "wallclock_time": 0.5379559993743896, "incumbent": ["adaptive=''1''", "clausepen=''1''", "performrandomwalk=''0''", "singleclause=''1''", "tabusearch=''0''", "adaptivenoisescheme=''1''", "adaptwalkprob=''0''", "heuristic=''2''", "promisinglist=''1''", "ps='0.4'", "selectclause=''1''", "smoothingscheme=''1''", "adaptiveprom=''0''", "decreasingvariable=''3''", "performalternatenovelty=''1''", "phi='5'", "theta='6'", "updateschemepromlist=''3''", "wp='0.01'", "CONadaptpromwalkprob=''0''"], "evaluations": 1}
{"cost": 0.004679999999999999, "total_cpu_time": null, "cpu_time": 70.98800000000004, "wallclock_time": 51.5256781578064, "incumbent": ["adaptive=''1''", "clausepen=''1''", "performrandomwalk=''0''", "singleclause=''0''", "tabusearch=''0''", "DLSscoringmeasure=''1''", "DLStiebreaking=''4''", "adaptivenoisescheme=''1''", "smoothingscheme=''1''", "DLSalpha='1.2267849386380776'", "DLSrho='0.06478069588150237'", "DLSsapsthresh='-0.11898793829008447'", "DLSwp='0.006310128559314705'"], "evaluations": 65}
{"cost": 0.0036399999999999996, "total_cpu_time": null, "cpu_time": 352.13200000000023, "wallclock_time": 231.71148824691772, "incumbent": ["adaptive=''1''", "clausepen=''1''", "performrandomwalk=''1''", "singleclause=''0''", "tabusearch=''1''", "DLSscoringmeasure=''1''", "DLStiebreaking=''2''", "adaptivenoisescheme=''2''", "randomwalk=''5''", "smoothingscheme=''1''", "tabu='19'", "DLSalpha='1.3573770588211695'", "DLSrho='0.8889720804349676'", "DLSsapsthresh='-0.19691913020583748'", "DLSwp='0.025406089813492582'", "rfp='0.07038508517890747'"], "evaluations": 260}
{"cost": 0.0032000000000000006, "total_cpu_time": null, "cpu_time": 423.12800000000004, "wallclock_time": 283.6383738517761, "incumbent": ["adaptive=''1''", "clausepen=''1''", "performrandomwalk=''0''", "singleclause=''0''", "tabusearch=''0''", "DLSscoringmeasure=''3''", "DLStiebreaking=''1''", "adaptivenoisescheme=''1''", "smoothingscheme=''1''", "DLSalpha='1.3084587293801673'", "DLSrho='0.903288817888175'", "DLSsapsthresh='-0.3787772237869609'", "DLSwp='0.006235442742816135'"], "evaluations": 325}
{"cost": 0.0031600000000000005, "total_cpu_time": null, "cpu_time": 1587.1439999999925, "wallclock_time": 1036.9201920032501, "incumbent": ["adaptive=''1''", "clausepen=''1''", "performrandomwalk=''0''", "singleclause=''0''", "tabusearch=''0''", "DLSscoringmeasure=''1''", "DLStiebreaking=''1''", "adaptivenoisescheme=''1''", "smoothingscheme=''1''", "DLSalpha='1.355395740579862'", "DLSrho='0.6685355637640812'", "DLSsapsthresh='-0.34519352498520484'", "DLSwp='0.025809701127958957'"], "evaluations": 1235}
{"cost": 0.00284, "total_cpu_time": null, "cpu_time": 1729.503999999993, "wallclock_time": 1123.32431101799, "incumbent": ["adaptive=''1''", "clausepen=''0''", "performrandomwalk=''1''", "singleclause=''1''", "tabusearch=''0''", "CONselectclause=''1''", "adaptivenoisescheme=''2''", "adaptwalkprob=''0''", "heuristic=''7''", "promisinglist=''0''", "randomwalk=''4''", "phi='6'", "rfp='0.1329218737301341'", "theta='3'"], "evaluations": 1300}
