"CPU Time Used","Estimated Training Performance","Wallclock Time","Incumbent ID","Automatic Configurator (CPU) Time","Configuration..."
0.000000, 2147483648.000000, 0.001550, 1, 0.001550, adaptive=''1'', clausepen=''1'', performrandomwalk=''0'', singleclause=''1'', tabusearch=''0'', adaptivenoisescheme=''1'', adaptwalkprob=''0'', heuristic=''2'', promisinglist=''1'', ps='0.4', selectclause=''1'', smoothingscheme=''1'', adaptiveprom=''0'', decreasingvariable=''3'', performalternatenovelty=''1'', phi='5', theta='6', updateschemepromlist=''3'', wp='0.01', CONadaptpromwalkprob=''0''
0.032000, 0.032000, 0.537956, 1, 0.505956, adaptive=''1'', clausepen=''1'', performrandomwalk=''0'', singleclause=''1'', tabusearch=''0'', adaptivenoisescheme=''1'', adaptwalkprob=''0'', heuristic=''2'', promisinglist=''1'', ps='0.4', selectclause=''1'', smoothingscheme=''1'', adaptiveprom=''0'', decreasingvariable=''3'', performalternatenovelty=''1'', phi='5', theta='6', updateschemepromlist=''3'', wp='0.01', CONadaptpromwalkprob=''0''
70.988000, 0.004680, 51.525678, 2, -19.462322, adaptive=''1'', clausepen=''1'', performrandomwalk=''0'', singleclause=''0'', tabusearch=''0'', DLSscoringmeasure=''1'', DLStiebreaking=''4'', adaptivenoisescheme=''1'', smoothingscheme=''1'', DLSalpha='1.2267849386380776', DLSrho='0.06478069588150237', DLSsapsthresh='-0.11898793829008447', DLSwp='0.006310128559314705'
352.132000, 0.003640, 231.711488, 32, -120.420512, adaptive=''1'', clausepen=''1'', performrandomwalk=''1'', singleclause=''0'', tabusearch=''1'', DLSscoringmeasure=''1'', DLStiebreaking=''2'', adaptivenoisescheme=''2'', randomwalk=''5'', smoothingscheme=''1'', tabu='19', DLSalpha='1.3573770588211695', DLSrho='0.8889720804349676', DLSsapsthresh='-0.19691913020583748', DLSwp='0.025406089813492582', rfp='0.07038508517890747'
423.128000, 0.003200, 283.638374, 43, -139.489626, adaptive=''1'', clausepen=''1'', performrandomwalk=''0'', singleclause=''0'', tabusearch=''0'', DLSscoringmeasure=''3'', DLStiebreaking=''1'', adaptivenoisescheme=''1'', smoothingscheme=''1'', DLSalpha='1.3084587293801673', DLSrho='0.903288817888175', DLSsapsthresh='-0.3787772237869609', DLSwp='0.006235442742816135'
1587.144000, 0.003160, 1036.920192, 186, -550.223808, adaptive=''1'', clausepen=''1'', performrandomwalk=''0'', singleclause=''0'', tabusearch=''0'', DLSscoringmeasure=''1'', DLStiebreaking=''1'', adaptivenoisescheme=''1'', smoothingscheme=''1'', DLSalpha='1.355395740579862', DLSrho='0.6685355637640812', DLSsapsthresh='-0.34519352498520484', DLSwp='0.025809701127958957'
1729.504000, 0.002840, 1123.324311, 194, -606.179689, adaptive=''1'', clausepen=''0'', performrandomwalk=''1'', singleclause=''1'', tabusearch=''0'', CONselectclause=''1'', adaptivenoisescheme=''2'', adaptwalkprob=''0'', heuristic=''7'', promisinglist=''0'', randomwalk=''4'', phi='6', rfp='0.1329218737301341', theta='3'
