"CPU Time Used","Estimated Training Performance","Wallclock Time","Incumbent ID","Automatic Configurator (CPU) Time","Configuration..."
0.000000, 2147483648.000000, 0.000846, 1, 0.000846, sp-clause-activity-inc='1.0', sp-clause-decay='1.4', sp-clause-del-heur=''2'', sp-first-restart='100', sp-learned-clause-sort-heur=''0'', sp-learned-clauses-inc='1.3', sp-learned-size-factor='0.4', sp-orig-clause-sort-heur=''0'', sp-phase-dec-heur=''5'', sp-rand-var-dec-freq=''0.001'', sp-resolution=''1'', sp-restart-inc='1.5', sp-update-dec-queue=''1'', sp-use-pure-literal-rule=''1'', sp-var-activity-inc='1.0', sp-var-dec-heur=''0'', sp-variable-decay='1.4', sp-max-res-lit-inc='1.0', sp-max-res-runs='4', sp-rand-phase-dec-freq=''0.001'', sp-rand-var-dec-scaling='1.0', sp-res-cutoff-cls='8', sp-res-cutoff-lits='400', sp-res-order-heur=''0'', sp-rand-phase-scaling='1.0'
5.000000, 50.000000, 7.305121, 1, 2.305121, sp-clause-activity-inc='1.0', sp-clause-decay='1.4', sp-clause-del-heur=''2'', sp-first-restart='100', sp-learned-clause-sort-heur=''0'', sp-learned-clauses-inc='1.3', sp-learned-size-factor='0.4', sp-orig-clause-sort-heur=''0'', sp-phase-dec-heur=''5'', sp-rand-var-dec-freq=''0.001'', sp-resolution=''1'', sp-restart-inc='1.5', sp-update-dec-queue=''1'', sp-use-pure-literal-rule=''1'', sp-var-activity-inc='1.0', sp-var-dec-heur=''0'', sp-variable-decay='1.4', sp-max-res-lit-inc='1.0', sp-max-res-runs='4', sp-rand-phase-dec-freq=''0.001'', sp-rand-var-dec-scaling='1.0', sp-res-cutoff-cls='8', sp-res-cutoff-lits='400', sp-res-order-heur=''0'', sp-rand-phase-scaling='1.0'
286.224000, 0.145520, 410.366838, 16, 124.142838, sp-clause-activity-inc='1.3826189147131651', sp-clause-decay='1.1571949193320006', sp-clause-del-heur=''1'', sp-first-restart='213', sp-learned-clause-sort-heur=''15'', sp-learned-clauses-inc='1.437342759382309', sp-learned-size-factor='0.1468671029364975', sp-orig-clause-sort-heur=''1'', sp-phase-dec-heur=''6'', sp-rand-var-dec-freq=''0.005'', sp-resolution=''0'', sp-restart-inc='1.203908904822762', sp-update-dec-queue=''0'', sp-use-pure-literal-rule=''0'', sp-var-activity-inc='0.8754346107598876', sp-var-dec-heur=''7'', sp-variable-decay='1.011614894538425', sp-rand-phase-dec-freq=''0.001'', sp-rand-var-dec-scaling='0.7488325785848515', sp-rand-phase-scaling='0.6699063206209073'
740.948000, 0.136880, 1048.759748, 58, 307.811748, sp-clause-activity-inc='0.8727565665320858', sp-clause-decay='1.0365763310531506', sp-clause-del-heur=''2'', sp-first-restart='1459', sp-learned-clause-sort-heur=''0'', sp-learned-clauses-inc='1.3016575368754673', sp-learned-size-factor='0.8342633311948833', sp-orig-clause-sort-heur=''1'', sp-phase-dec-heur=''1'', sp-rand-var-dec-freq=''0.01'', sp-resolution=''2'', sp-restart-inc='1.3442948394130447', sp-update-dec-queue=''0'', sp-use-pure-literal-rule=''1'', sp-var-activity-inc='0.7128922756721823', sp-var-dec-heur=''16'', sp-variable-decay='1.109930155384285', sp-max-res-lit-inc='0.7549841968953575', sp-max-res-runs='1', sp-rand-phase-dec-freq=''0.0001'', sp-rand-var-dec-scaling='0.8866897752955194', sp-res-cutoff-cls='9', sp-res-cutoff-lits='572', sp-res-order-heur=''8'', sp-rand-phase-scaling='0.7821250565445929'
1291.008000, 0.132760, 1825.007339, 89, 533.999339, sp-clause-activity-inc='0.8651833987329673', sp-clause-decay='1.624447445454337', sp-clause-del-heur=''2'', sp-first-restart='929', sp-learned-clause-sort-heur=''0'', sp-learned-clauses-inc='1.2720564782268549', sp-learned-size-factor='0.3021876055156098', sp-orig-clause-sort-heur=''12'', sp-phase-dec-heur=''0'', sp-rand-var-dec-freq=''0.05'', sp-resolution=''0'', sp-restart-inc='1.5627775959297932', sp-update-dec-queue=''0'', sp-use-pure-literal-rule=''1'', sp-var-activity-inc='0.8356674598457023', sp-var-dec-heur=''16'', sp-variable-decay='1.1495372084139257', sp-rand-phase-dec-freq=''0.005'', sp-rand-var-dec-scaling='0.3773858676202573', sp-rand-phase-scaling='1.0105594736549544'
2321.000000, 0.129640, 3291.562610, 160, 970.562610, sp-clause-activity-inc='0.7103500096218208', sp-clause-decay='1.0332019112546673', sp-clause-del-heur=''0'', sp-first-restart='2073', sp-learned-clause-sort-heur=''0'', sp-learned-clauses-inc='1.4357341175555993', sp-learned-size-factor='1.1108009585446341', sp-orig-clause-sort-heur=''13'', sp-phase-dec-heur=''5'', sp-rand-var-dec-freq=''0'', sp-resolution=''1'', sp-restart-inc='1.2386178946411674', sp-update-dec-queue=''1'', sp-use-pure-literal-rule=''1'', sp-var-activity-inc='0.6939766405129888', sp-var-dec-heur=''16'', sp-variable-decay='1.4382159165500632', sp-max-res-lit-inc='1.9596671046270508', sp-max-res-runs='1', sp-rand-phase-dec-freq=''0.005'', sp-res-cutoff-cls='15', sp-res-cutoff-lits='553', sp-res-order-heur=''5'', sp-rand-phase-scaling='0.5798032720045406'
2724.422000, 0.076320, 3864.692771, 182, 1140.270771, sp-clause-activity-inc='0.7017359330097181', sp-clause-decay='1.251118868469631', sp-clause-del-heur=''1'', sp-first-restart='1801', sp-learned-clause-sort-heur=''14'', sp-learned-clauses-inc='1.4877172377200196', sp-learned-size-factor='0.24493117531802114', sp-orig-clause-sort-heur=''0'', sp-phase-dec-heur=''1'', sp-rand-var-dec-freq=''0.01'', sp-resolution=''0'', sp-restart-inc='1.7059529242835079', sp-update-dec-queue=''1'', sp-use-pure-literal-rule=''0'', sp-var-activity-inc='1.0278295581533128', sp-var-dec-heur=''3'', sp-variable-decay='1.2249768241346488', sp-rand-phase-dec-freq=''0.001'', sp-rand-var-dec-scaling='0.868527348000314', sp-rand-phase-scaling='0.5932591621956936'
10549.368000, 0.071880, 15088.973625, 813, 4539.605625, sp-clause-activity-inc='0.5722952421968338', sp-clause-decay='1.2336186728885097', sp-clause-del-heur=''1'', sp-first-restart='2107', sp-learned-clause-sort-heur=''2'', sp-learned-clauses-inc='1.2864893542678624', sp-learned-size-factor='0.2680165475033088', sp-orig-clause-sort-heur=''10'', sp-phase-dec-heur=''1'', sp-rand-var-dec-freq=''0'', sp-resolution=''2'', sp-restart-inc='1.817206947295638', sp-update-dec-queue=''0'', sp-use-pure-literal-rule=''0'', sp-var-activity-inc='1.4925515825911004', sp-var-dec-heur=''3'', sp-variable-decay='1.7359427582615552', sp-max-res-lit-inc='2.307348702859488', sp-max-res-runs='1', sp-rand-phase-dec-freq=''0'', sp-res-cutoff-cls='4', sp-res-cutoff-lits='1239', sp-res-order-heur=''9''
