{"cpu_time": 0, "evaluations": 0, "incumbent": ["sp-clause-activity-inc='1.0'", "sp-clause-decay='1.4'", "sp-clause-del-heur=''2''", "sp-first-restart='100'", "sp-learned-clause-sort-heur=''0''", "sp-learned-clauses-inc='1.3'", "sp-learned-size-factor='0.4'", "sp-orig-clause-sort-heur=''0''", "sp-phase-dec-heur=''5''", "sp-rand-var-dec-freq=''0.001''", "sp-resolution=''1''", "sp-restart-inc='1.5'", "sp-update-dec-queue=''1''", "sp-use-pure-literal-rule=''1''", "sp-var-activity-inc='1.0'", "sp-var-dec-heur=''0''", "sp-variable-decay='1.4'", "sp-max-res-lit-inc='1.0'", "sp-max-res-runs='4'", "sp-rand-phase-dec-freq=''0.001''", "sp-rand-var-dec-scaling='1.0'", "sp-res-cutoff-cls='8'", "sp-res-cutoff-lits='400'", "sp-res-order-heur=''0''", "sp-rand-phase-scaling='1.0'"], "wallclock_time": 0.0010013580322265625, "total_cpu_time": null, "cost": 2147483648}
{"cpu_time": 0.048, "evaluations": 1, "incumbent": ["sp-clause-activity-inc='1.0'", "sp-clause-decay='1.4'", "sp-clause-del-heur=''2''", "sp-first-restart='100'", "sp-learned-clause-sort-heur=''0''", "sp-learned-clauses-inc='1.3'", "sp-learned-size-factor='0.4'", "sp-orig-clause-sort-heur=''0''", "sp-phase-dec-heur=''5''", "sp-rand-var-dec-freq=''0.001''", "sp-resolution=''1''", "sp-restart-inc='1.5'", "sp-update-dec-queue=''1''", "sp-use-pure-literal-rule=''1''", "sp-var-activity-inc='1.0'", "sp-var-dec-heur=''0''", "sp-variable-decay='1.4'", "sp-max-res-lit-inc='1.0'", "sp-max-res-runs='4'", "sp-rand-phase-dec-freq=''0.001''", "sp-rand-var-dec-scaling='1.0'", "sp-res-cutoff-cls='8'", "sp-res-cutoff-lits='400'", "sp-res-order-heur=''0''", "sp-rand-phase-scaling='1.0'"], "wallclock_time": 0.376232385635376, "total_cpu_time": null, "cost": 0.048}
{"cpu_time": 311.3280000000001, "evaluations": 213, "incumbent": ["sp-clause-activity-inc='1.2398228646756935'", "sp-clause-decay='1.5364874153607715'", "sp-clause-del-heur=''2''", "sp-first-restart='85'", "sp-learned-clause-sort-heur=''13''", "sp-learned-clauses-inc='1.363912567211029'", "sp-learned-size-factor='0.37748084825061007'", "sp-orig-clause-sort-heur=''0''", "sp-phase-dec-heur=''4''", "sp-rand-var-dec-freq=''0''", "sp-resolution=''2''", "sp-restart-inc='1.4147922243545503'", "sp-update-dec-queue=''1''", "sp-use-pure-literal-rule=''0''", "sp-var-activity-inc='1.3004162756595448'", "sp-var-dec-heur=''6''", "sp-variable-decay='1.178983761217603'", "sp-max-res-lit-inc='1.0'", "sp-max-res-runs='4'", "sp-rand-phase-dec-freq=''0.05''", "sp-res-cutoff-cls='8'", "sp-res-cutoff-lits='400'", "sp-res-order-heur=''0''", "sp-rand-phase-scaling='0.6869974573875576'"], "wallclock_time": 498.2397472858429, "total_cpu_time": null, "cost": 0.0757283950617284}
{"cpu_time": 348.32800000000015, "evaluations": 244, "incumbent": ["sp-clause-activity-inc='1.2398228646756935'", "sp-clause-decay='1.2286139384685453'", "sp-clause-del-heur=''2''", "sp-first-restart='60'", "sp-learned-clause-sort-heur=''3''", "sp-learned-clauses-inc='1.274676595183727'", "sp-learned-size-factor='0.8188245975436587'", "sp-orig-clause-sort-heur=''13''", "sp-phase-dec-heur=''4''", "sp-rand-var-dec-freq=''0.001''", "sp-resolution=''0''", "sp-restart-inc='1.4047171577564348'", "sp-update-dec-queue=''1''", "sp-use-pure-literal-rule=''0''", "sp-var-activity-inc='1.3152994356465826'", "sp-var-dec-heur=''6''", "sp-variable-decay='1.0885331014979858'", "sp-rand-phase-dec-freq=''0.05''", "sp-rand-var-dec-scaling='1.0'", "sp-rand-phase-scaling='0.6082412154519123'"], "wallclock_time": 581.9813697338104, "total_cpu_time": null, "cost": 0.052565096952908584}
{"cpu_time": 434.62, "evaluations": 315, "incumbent": ["sp-clause-activity-inc='0.974971639665785'", "sp-clause-decay='1.3023173595343005'", "sp-clause-del-heur=''2''", "sp-first-restart='44'", "sp-learned-clause-sort-heur=''8''", "sp-learned-clauses-inc='1.3195684475283587'", "sp-learned-size-factor='0.3916465193751447'", "sp-orig-clause-sort-heur=''3''", "sp-phase-dec-heur=''4''", "sp-rand-var-dec-freq=''0.0001''", "sp-resolution=''0''", "sp-restart-inc='1.6365706503803326'", "sp-update-dec-queue=''1''", "sp-use-pure-literal-rule=''0''", "sp-var-activity-inc='1.4889349103814777'", "sp-var-dec-heur=''6''", "sp-variable-decay='1.178983761217603'", "sp-rand-phase-dec-freq=''0.05''", "sp-rand-var-dec-scaling='1.0'", "sp-rand-phase-scaling='0.5671047360306969'"], "wallclock_time": 767.9117152690887, "total_cpu_time": null, "cost": 0.046721088435374133}
{"cpu_time": 525.352, "evaluations": 394, "incumbent": ["sp-clause-activity-inc='0.9409873467291573'", "sp-clause-decay='1.4849053503165408'", "sp-clause-del-heur=''2''", "sp-first-restart='280'", "sp-learned-clause-sort-heur=''14''", "sp-learned-clauses-inc='1.2956157697167145'", "sp-learned-size-factor='0.5687973509394859'", "sp-orig-clause-sort-heur=''13''", "sp-phase-dec-heur=''4''", "sp-rand-var-dec-freq=''0.005''", "sp-resolution=''0''", "sp-restart-inc='1.639509711242949'", "sp-update-dec-queue=''1''", "sp-use-pure-literal-rule=''0''", "sp-var-activity-inc='1.4984804374476233'", "sp-var-dec-heur=''6''", "sp-variable-decay='1.1966223658099426'", "sp-rand-phase-dec-freq=''0.05''", "sp-rand-var-dec-scaling='0.9072757083200611'", "sp-rand-phase-scaling='0.5566813643442379'"], "wallclock_time": 992.8571357727051, "total_cpu_time": null, "cost": 0.04392438563327032}
{"cpu_time": 566.408, "evaluations": 442, "incumbent": ["sp-clause-activity-inc='0.7820754096837866'", "sp-clause-decay='1.5467012740404344'", "sp-clause-del-heur=''2''", "sp-first-restart='271'", "sp-learned-clause-sort-heur=''3''", "sp-learned-clauses-inc='1.171451232153101'", "sp-learned-size-factor='0.10014320280823531'", "sp-orig-clause-sort-heur=''0''", "sp-phase-dec-heur=''4''", "sp-rand-var-dec-freq=''0.0001''", "sp-resolution=''2''", "sp-restart-inc='1.6457547580208527'", "sp-update-dec-queue=''1''", "sp-use-pure-literal-rule=''0''", "sp-var-activity-inc='1.1042382827454318'", "sp-var-dec-heur=''6''", "sp-variable-decay='1.2742597774014384'", "sp-max-res-lit-inc='1.0'", "sp-max-res-runs='4'", "sp-rand-phase-dec-freq=''0.05''", "sp-rand-var-dec-scaling='0.866917309061688'", "sp-res-cutoff-cls='8'", "sp-res-cutoff-lits='400'", "sp-res-order-heur=''0''", "sp-rand-phase-scaling='0.9338095247007139'"], "wallclock_time": 1088.846663236618, "total_cpu_time": null, "cost": 0.035375}
{"cpu_time": 714.7079999999999, "evaluations": 576, "incumbent": ["sp-clause-activity-inc='1.1846112512109037'", "sp-clause-decay='1.3662506917353217'", "sp-clause-del-heur=''2''", "sp-first-restart='287'", "sp-learned-clause-sort-heur=''5''", "sp-learned-clauses-inc='1.2278218217013195'", "sp-learned-size-factor='0.4416948075889369'", "sp-orig-clause-sort-heur=''8''", "sp-phase-dec-heur=''4''", "sp-rand-var-dec-freq=''0.005''", "sp-resolution=''0''", "sp-restart-inc='1.4931949983702126'", "sp-update-dec-queue=''1''", "sp-use-pure-literal-rule=''0''", "sp-var-activity-inc='1.434143485723612'", "sp-var-dec-heur=''16''", "sp-variable-decay='1.160197054911672'", "sp-rand-phase-dec-freq=''0.05''", "sp-rand-var-dec-scaling='0.8994387693667596'", "sp-rand-phase-scaling='0.5421792143529862'"], "wallclock_time": 1417.1212100982666, "total_cpu_time": null, "cost": 0.032164609053497925}
{"cpu_time": 1030.1359999999995, "evaluations": 803, "incumbent": ["sp-clause-activity-inc='1.1684079312992264'", "sp-clause-decay='1.1346133923881576'", "sp-clause-del-heur=''0''", "sp-first-restart='88'", "sp-learned-clause-sort-heur=''0''", "sp-learned-clauses-inc='1.2394045615823048'", "sp-learned-size-factor='0.21894026173308262'", "sp-orig-clause-sort-heur=''16''", "sp-phase-dec-heur=''4''", "sp-rand-var-dec-freq=''0.05''", "sp-resolution=''0''", "sp-restart-inc='1.4931949983702126'", "sp-update-dec-queue=''1''", "sp-use-pure-literal-rule=''0''", "sp-var-activity-inc='1.3111853201534394'", "sp-var-dec-heur=''16''", "sp-variable-decay='1.1827335523840308'", "sp-rand-phase-dec-freq=''0.05''", "sp-rand-var-dec-scaling='1.0486796871129547'", "sp-rand-phase-scaling='0.5726079223465887'"], "wallclock_time": 2045.2202801704407, "total_cpu_time": null, "cost": 0.030276795005202906}
{"cpu_time": 1164.0199999999982, "evaluations": 928, "incumbent": ["sp-clause-activity-inc='1.043584273461036'", "sp-clause-decay='1.4532295748454147'", "sp-clause-del-heur=''0''", "sp-first-restart='236'", "sp-learned-clause-sort-heur=''11''", "sp-learned-clauses-inc='1.2455052556126012'", "sp-learned-size-factor='0.3995365469465896'", "sp-orig-clause-sort-heur=''12''", "sp-phase-dec-heur=''5''", "sp-rand-var-dec-freq=''0.005''", "sp-resolution=''1''", "sp-restart-inc='1.4639372742658372'", "sp-update-dec-queue=''1''", "sp-use-pure-literal-rule=''0''", "sp-var-activity-inc='1.3103463848487964'", "sp-var-dec-heur=''16''", "sp-variable-decay='1.0291021451128677'", "sp-max-res-lit-inc='1.0'", "sp-max-res-runs='4'", "sp-rand-phase-dec-freq=''0.005''", "sp-rand-var-dec-scaling='1.0630230544341712'", "sp-res-cutoff-cls='8'", "sp-res-cutoff-lits='400'", "sp-res-order-heur=''0''", "sp-rand-phase-scaling='0.5688028943942088'"], "wallclock_time": 2341.8608531951904, "total_cpu_time": null, "cost": 0.02743434343434343}
{"cpu_time": 1600.5319999999924, "evaluations": 1356, "incumbent": ["sp-clause-activity-inc='1.2764778969113102'", "sp-clause-decay='1.2699046708914363'", "sp-clause-del-heur=''1''", "sp-first-restart='352'", "sp-learned-clause-sort-heur=''2''", "sp-learned-clauses-inc='1.1578930149315942'", "sp-learned-size-factor='0.41784790437432473'", "sp-orig-clause-sort-heur=''14''", "sp-phase-dec-heur=''4''", "sp-rand-var-dec-freq=''0.0001''", "sp-resolution=''0''", "sp-restart-inc='1.4520152777087088'", "sp-update-dec-queue=''1''", "sp-use-pure-literal-rule=''0''", "sp-var-activity-inc='1.448390029623822'", "sp-var-dec-heur=''16''", "sp-variable-decay='1.3862918744546635'", "sp-rand-phase-dec-freq=''0.01''", "sp-rand-var-dec-scaling='0.8888930123949754'", "sp-rand-phase-scaling='0.703664828563102'"], "wallclock_time": 3203.2663848400116, "total_cpu_time": null, "cost": 0.024796844181459558}
{"cpu_time": 1756.8719999999914, "evaluations": 1512, "incumbent": ["sp-clause-activity-inc='1.0226074846176854'", "sp-clause-decay='1.36352643183057'", "sp-clause-del-heur=''2''", "sp-first-restart='561'", "sp-learned-clause-sort-heur=''2''", "sp-learned-clauses-inc='1.2806013977258668'", "sp-learned-size-factor='0.5140604128504813'", "sp-orig-clause-sort-heur=''6''", "sp-phase-dec-heur=''6''", "sp-rand-var-dec-freq=''0.005''", "sp-resolution=''0''", "sp-restart-inc='1.6500084336423881'", "sp-update-dec-queue=''1''", "sp-use-pure-literal-rule=''0''", "sp-var-activity-inc='1.435043243318091'", "sp-var-dec-heur=''16''", "sp-variable-decay='1.6816146058815313'", "sp-rand-phase-dec-freq=''0.01''", "sp-rand-var-dec-scaling='0.8875987870861792'", "sp-rand-phase-scaling='0.7165756910721313'"], "wallclock_time": 3509.5794620513916, "total_cpu_time": null, "cost": 0.02409756097560975}
{"cpu_time": 1839.5079999999914, "evaluations": 1595, "incumbent": ["sp-clause-activity-inc='1.036448230917908'", "sp-clause-decay='1.5473532380607466'", "sp-clause-del-heur=''0''", "sp-first-restart='63'", "sp-learned-clause-sort-heur=''3''", "sp-learned-clauses-inc='1.3375150463165524'", "sp-learned-size-factor='0.2865404480613333'", "sp-orig-clause-sort-heur=''14''", "sp-phase-dec-heur=''5''", "sp-rand-var-dec-freq=''0.0001''", "sp-resolution=''0''", "sp-restart-inc='1.6420143432297438'", "sp-update-dec-queue=''1''", "sp-use-pure-literal-rule=''0''", "sp-var-activity-inc='1.285626466054941'", "sp-var-dec-heur=''16''", "sp-variable-decay='1.5859581195292691'", "sp-rand-phase-dec-freq=''0.01''", "sp-rand-var-dec-scaling='1.0455660194903948'", "sp-rand-phase-scaling='0.5654216739769695'"], "wallclock_time": 3661.2128760814667, "total_cpu_time": null, "cost": 0.023428571428571427}
{"cpu_time": 2006.6199999999908, "evaluations": 1766, "incumbent": ["sp-clause-activity-inc='1.2658276041194902'", "sp-clause-decay='1.2757835743354111'", "sp-clause-del-heur=''1''", "sp-first-restart='460'", "sp-learned-clause-sort-heur=''2''", "sp-learned-clauses-inc='1.1467923226099415'", "sp-learned-size-factor='0.5727481376772475'", "sp-orig-clause-sort-heur=''14''", "sp-phase-dec-heur=''6''", "sp-rand-var-dec-freq=''0''", "sp-resolution=''0''", "sp-restart-inc='1.4882390840097819'", "sp-update-dec-queue=''1''", "sp-use-pure-literal-rule=''0''", "sp-var-activity-inc='1.4826795032299387'", "sp-var-dec-heur=''16''", "sp-variable-decay='1.1308416172916091'", "sp-rand-phase-dec-freq=''0.05''", "sp-rand-phase-scaling='0.8040796990776466'"], "wallclock_time": 3933.734083890915, "total_cpu_time": null, "cost": 0.020371900826446267}
{"cpu_time": 2184.879999999986, "evaluations": 1940, "incumbent": ["sp-clause-activity-inc='1.2337236223034709'", "sp-clause-decay='1.3998690414502408'", "sp-clause-del-heur=''0''", "sp-first-restart='604'", "sp-learned-clause-sort-heur=''2''", "sp-learned-clauses-inc='1.116018260759409'", "sp-learned-size-factor='0.6574394019961578'", "sp-orig-clause-sort-heur=''7''", "sp-phase-dec-heur=''4''", "sp-rand-var-dec-freq=''0''", "sp-resolution=''0''", "sp-restart-inc='1.5463646892641663'", "sp-update-dec-queue=''1''", "sp-use-pure-literal-rule=''0''", "sp-var-activity-inc='1.4651768474851676'", "sp-var-dec-heur=''16''", "sp-variable-decay='1.082100589453426'", "sp-rand-phase-dec-freq=''0.05''", "sp-rand-phase-scaling='0.8486370574507449'"], "wallclock_time": 4213.638791322708, "total_cpu_time": null, "cost": 0.01870510396975425}
{"cpu_time": 2264.211999999984, "evaluations": 2029, "incumbent": ["sp-clause-activity-inc='1.0175192637105022'", "sp-clause-decay='1.528108332377238'", "sp-clause-del-heur=''0''", "sp-first-restart='460'", "sp-learned-clause-sort-heur=''3''", "sp-learned-clauses-inc='1.1574462850799354'", "sp-learned-size-factor='0.6185608193093425'", "sp-orig-clause-sort-heur=''13''", "sp-phase-dec-heur=''6''", "sp-rand-var-dec-freq=''0.001''", "sp-resolution=''0''", "sp-restart-inc='1.6446107755490966'", "sp-update-dec-queue=''1''", "sp-use-pure-literal-rule=''0''", "sp-var-activity-inc='1.4651768474851676'", "sp-var-dec-heur=''16''", "sp-variable-decay='1.1111899334983848'", "sp-rand-phase-dec-freq=''0.05''", "sp-rand-var-dec-scaling='1.0244841504450042'", "sp-rand-phase-scaling='0.8154423366359103'"], "wallclock_time": 4373.094991445541, "total_cpu_time": null, "cost": 0.017823449524671783}
{"cpu_time": 2434.179999999981, "evaluations": 2212, "incumbent": ["sp-clause-activity-inc='1.2953073920865261'", "sp-clause-decay='1.6192360865268962'", "sp-clause-del-heur=''2''", "sp-first-restart='611'", "sp-learned-clause-sort-heur=''3''", "sp-learned-clauses-inc='1.1093074007633297'", "sp-learned-size-factor='0.6543314573143938'", "sp-orig-clause-sort-heur=''7''", "sp-phase-dec-heur=''6''", "sp-rand-var-dec-freq=''0.005''", "sp-resolution=''0''", "sp-restart-inc='1.3153755630411597'", "sp-update-dec-queue=''1''", "sp-use-pure-literal-rule=''0''", "sp-var-activity-inc='1.4860794407554523'", "sp-var-dec-heur=''16''", "sp-variable-decay='1.074870649469828'", "sp-rand-phase-dec-freq=''0.05''", "sp-rand-var-dec-scaling='0.8894949279349265'", "sp-rand-phase-scaling='0.7113096988642249'"], "wallclock_time": 4667.181909561157, "total_cpu_time": null, "cost": 0.017302790503956677}
{"cpu_time": 2600.0399999999763, "evaluations": 2401, "incumbent": ["sp-clause-activity-inc='1.332724145048506'", "sp-clause-decay='1.34112683757039'", "sp-clause-del-heur=''0''", "sp-first-restart='604'", "sp-learned-clause-sort-heur=''2''", "sp-learned-clauses-inc='1.1413291158423762'", "sp-learned-size-factor='0.6574394019961578'", "sp-orig-clause-sort-heur=''14''", "sp-phase-dec-heur=''4''", "sp-rand-var-dec-freq=''0''", "sp-resolution=''0''", "sp-restart-inc='1.4989030259277245'", "sp-update-dec-queue=''1''", "sp-use-pure-literal-rule=''0''", "sp-var-activity-inc='1.4651768474851676'", "sp-var-dec-heur=''16''", "sp-variable-decay='1.1058230357205572'", "sp-rand-phase-dec-freq=''0.05''", "sp-rand-phase-scaling='0.7417431997267097'"], "wallclock_time": 4952.993651151657, "total_cpu_time": null, "cost": 0.01620761245674739}
{"cpu_time": 2681.807999999974, "evaluations": 2495, "incumbent": ["sp-clause-activity-inc='1.2386893284851586'", "sp-clause-decay='1.2127524763899704'", "sp-clause-del-heur=''2''", "sp-first-restart='553'", "sp-learned-clause-sort-heur=''6''", "sp-learned-clauses-inc='1.1369916960740318'", "sp-learned-size-factor='0.6815031917931096'", "sp-orig-clause-sort-heur=''7''", "sp-phase-dec-heur=''4''", "sp-rand-var-dec-freq=''0.001''", "sp-resolution=''0''", "sp-restart-inc='1.73058187815715'", "sp-update-dec-queue=''1''", "sp-use-pure-literal-rule=''0''", "sp-var-activity-inc='1.4693350797710325'", "sp-var-dec-heur=''16''", "sp-variable-decay='1.1271593182958417'", "sp-rand-phase-dec-freq=''0.05''", "sp-rand-var-dec-scaling='1.0'", "sp-rand-phase-scaling='0.7789663017749519'"], "wallclock_time": 5111.467476606369, "total_cpu_time": null, "cost": 0.015412721893491117}
{"cpu_time": 3267.467999999961, "evaluations": 3139, "incumbent": ["sp-clause-activity-inc='1.0443327854581517'", "sp-clause-decay='1.2768904204364349'", "sp-clause-del-heur=''2''", "sp-first-restart='511'", "sp-learned-clause-sort-heur=''2''", "sp-learned-clauses-inc='1.118686243535415'", "sp-learned-size-factor='0.4447859075857721'", "sp-orig-clause-sort-heur=''7''", "sp-phase-dec-heur=''5''", "sp-rand-var-dec-freq=''0''", "sp-resolution=''0''", "sp-restart-inc='1.442350126583369'", "sp-update-dec-queue=''1''", "sp-use-pure-literal-rule=''0''", "sp-var-activity-inc='1.2965937424514993'", "sp-var-dec-heur=''16''", "sp-variable-decay='1.2074657199347019'", "sp-rand-phase-dec-freq=''0.05''", "sp-rand-phase-scaling='0.7867956629401951'"], "wallclock_time": 6046.537484884262, "total_cpu_time": null, "cost": 0.014542211652794283}
{"cpu_time": 3918.0679999999434, "evaluations": 3855, "incumbent": ["sp-clause-activity-inc='0.8853167859935429'", "sp-clause-decay='1.0690332436074728'", "sp-clause-del-heur=''0''", "sp-first-restart='644'", "sp-learned-clause-sort-heur=''6''", "sp-learned-clauses-inc='1.159412850807608'", "sp-learned-size-factor='0.824657580920952'", "sp-orig-clause-sort-heur=''7''", "sp-phase-dec-heur=''5''", "sp-rand-var-dec-freq=''0''", "sp-resolution=''0''", "sp-restart-inc='1.7435093523964151'", "sp-update-dec-queue=''1''", "sp-use-pure-literal-rule=''0''", "sp-var-activity-inc='1.1046700056592584'", "sp-var-dec-heur=''16''", "sp-variable-decay='1.1000450388323755'", "sp-rand-phase-dec-freq=''0.05''", "sp-rand-phase-scaling='0.543097624404283'"], "wallclock_time": 7082.052508592606, "total_cpu_time": null, "cost": 0.014018554687499999}
{"cpu_time": 4146.111999999937, "evaluations": 4107, "incumbent": ["sp-clause-activity-inc='1.248065699257175'", "sp-clause-decay='1.0686004864798082'", "sp-clause-del-heur=''0''", "sp-first-restart='604'", "sp-learned-clause-sort-heur=''19''", "sp-learned-clauses-inc='1.293829687912227'", "sp-learned-size-factor='1.3484232644369971'", "sp-orig-clause-sort-heur=''7''", "sp-phase-dec-heur=''3''", "sp-rand-var-dec-freq=''0.0001''", "sp-resolution=''0''", "sp-restart-inc='1.6649848460532204'", "sp-update-dec-queue=''1''", "sp-use-pure-literal-rule=''0''", "sp-var-activity-inc='1.4680077186136278'", "sp-var-dec-heur=''16''", "sp-variable-decay='1.1886543463725208'", "sp-clause-inversion=''1''", "sp-rand-phase-dec-freq=''0.05''", "sp-rand-var-dec-scaling='1.061308315199938'", "sp-rand-phase-scaling='0.847967244618776'"], "wallclock_time": 7436.819570541382, "total_cpu_time": null, "cost": 0.01258034894398531}
{"cpu_time": 4256.375999999936, "evaluations": 4234, "incumbent": ["sp-clause-activity-inc='1.2353733523713175'", "sp-clause-decay='1.5760592730280432'", "sp-clause-del-heur=''0''", "sp-first-restart='604'", "sp-learned-clause-sort-heur=''3''", "sp-learned-clauses-inc='1.1141970345367016'", "sp-learned-size-factor='1.5067903022046654'", "sp-orig-clause-sort-heur=''13''", "sp-phase-dec-heur=''3''", "sp-rand-var-dec-freq=''0.0001''", "sp-resolution=''0''", "sp-restart-inc='1.7389830348954303'", "sp-update-dec-queue=''1''", "sp-use-pure-literal-rule=''0''", "sp-var-activity-inc='1.4722983712685855'", "sp-var-dec-heur=''16''", "sp-variable-decay='1.202602756033738'", "sp-rand-phase-dec-freq=''0.05''", "sp-rand-var-dec-scaling='0.6875342571613237'", "sp-rand-phase-scaling='0.9235458327569372'"], "wallclock_time": 7617.044539690018, "total_cpu_time": null, "cost": 0.012360882156382265}
{"cpu_time": 4363.59199999994, "evaluations": 4362, "incumbent": ["sp-clause-activity-inc='1.3379515114583298'", "sp-clause-decay='1.5764762872958256'", "sp-clause-del-heur=''1''", "sp-first-restart='154'", "sp-learned-clause-sort-heur=''19''", "sp-learned-clauses-inc='1.1051357842839031'", "sp-learned-size-factor='1.5919773233527572'", "sp-orig-clause-sort-heur=''15''", "sp-phase-dec-heur=''2''", "sp-rand-var-dec-freq=''0.0001''", "sp-resolution=''0''", "sp-restart-inc='1.7381710527725196'", "sp-update-dec-queue=''1''", "sp-use-pure-literal-rule=''0''", "sp-var-activity-inc='1.317028969199373'", "sp-var-dec-heur=''16''", "sp-variable-decay='1.1801582040076646'", "sp-clause-inversion=''1''", "sp-rand-var-dec-scaling='1.0'"], "wallclock_time": 7789.744140863419, "total_cpu_time": null, "cost": 0.011449826989619376}
{"cpu_time": 4954.93999999996, "evaluations": 5061, "incumbent": ["sp-clause-activity-inc='1.3860510335976772'", "sp-clause-decay='1.737878602345786'", "sp-clause-del-heur=''1''", "sp-first-restart='264'", "sp-learned-clause-sort-heur=''19''", "sp-learned-clauses-inc='1.1051357842839031'", "sp-learned-size-factor='1.5919773233527572'", "sp-orig-clause-sort-heur=''6''", "sp-phase-dec-heur=''2''", "sp-rand-var-dec-freq=''0.0001''", "sp-resolution=''0''", "sp-restart-inc='1.6366493997581926'", "sp-update-dec-queue=''1''", "sp-use-pure-literal-rule=''0''", "sp-var-activity-inc='1.4989093430747058'", "sp-var-dec-heur=''16''", "sp-variable-decay='1.0680432374224287'", "sp-clause-inversion=''1''", "sp-rand-var-dec-scaling='0.60716431325975'"], "wallclock_time": 8716.859136104584, "total_cpu_time": null, "cost": 0.010916869956839924}
{"cpu_time": 5066.663999999962, "evaluations": 5204, "incumbent": ["sp-clause-activity-inc='1.259329442165336'", "sp-clause-decay='1.773472495468389'", "sp-clause-del-heur=''1''", "sp-first-restart='502'", "sp-learned-clause-sort-heur=''19''", "sp-learned-clauses-inc='1.1117395971412767'", "sp-learned-size-factor='1.5919773233527572'", "sp-orig-clause-sort-heur=''6''", "sp-phase-dec-heur=''2''", "sp-rand-var-dec-freq=''0.0001''", "sp-resolution=''0''", "sp-restart-inc='1.7550011271813335'", "sp-update-dec-queue=''1''", "sp-use-pure-literal-rule=''0''", "sp-var-activity-inc='1.4989093430747058'", "sp-var-dec-heur=''16''", "sp-variable-decay='1.3329146730950716'", "sp-clause-inversion=''1''", "sp-rand-var-dec-scaling='0.60716431325975'"], "wallclock_time": 8887.913536071777, "total_cpu_time": null, "cost": 0.010648648648648645}
{"cpu_time": 6758.884000000033, "evaluations": 7111, "incumbent": ["sp-clause-activity-inc='1.2411853498480578'", "sp-clause-decay='1.757618125269127'", "sp-clause-del-heur=''1''", "sp-first-restart='273'", "sp-learned-clause-sort-heur=''19''", "sp-learned-clauses-inc='1.1173563910467232'", "sp-learned-size-factor='1.5875763652949284'", "sp-orig-clause-sort-heur=''6''", "sp-phase-dec-heur=''2''", "sp-rand-var-dec-freq=''0.005''", "sp-resolution=''0''", "sp-restart-inc='1.8548007890277365'", "sp-update-dec-queue=''1''", "sp-use-pure-literal-rule=''0''", "sp-var-activity-inc='1.3221564945258504'", "sp-var-dec-heur=''16''", "sp-variable-decay='1.0751375438539683'", "sp-clause-inversion=''1''", "sp-rand-var-dec-scaling='0.4517450134546753'"], "wallclock_time": 11137.190952301025, "total_cpu_time": null, "cost": 0.010506219578150351}
{"cpu_time": 6913.540000000041, "evaluations": 7281, "incumbent": ["sp-clause-activity-inc='1.3355059523964266'", "sp-clause-decay='1.7914891202392995'", "sp-clause-del-heur=''0''", "sp-first-restart='264'", "sp-learned-clause-sort-heur=''19''", "sp-learned-clauses-inc='1.106869006237718'", "sp-learned-size-factor='1.5919773233527572'", "sp-orig-clause-sort-heur=''7''", "sp-phase-dec-heur=''2''", "sp-rand-var-dec-freq=''0.005''", "sp-resolution=''0''", "sp-restart-inc='1.7264908417014209'", "sp-update-dec-queue=''1''", "sp-use-pure-literal-rule=''0''", "sp-var-activity-inc='1.4887577796705447'", "sp-var-dec-heur=''16''", "sp-variable-decay='1.0844137056787564'", "sp-clause-inversion=''1''", "sp-rand-var-dec-scaling='0.8789090402732755'"], "wallclock_time": 11321.955214262009, "total_cpu_time": null, "cost": 0.010330030387105294}
{"cpu_time": 7402.172000000056, "evaluations": 7809, "incumbent": ["sp-clause-activity-inc='1.4708404542659956'", "sp-clause-decay='1.956656004966358'", "sp-clause-del-heur=''1''", "sp-first-restart='186'", "sp-learned-clause-sort-heur=''16''", "sp-learned-clauses-inc='1.1131394714498806'", "sp-learned-size-factor='1.5919773233527572'", "sp-orig-clause-sort-heur=''7''", "sp-phase-dec-heur=''2''", "sp-rand-var-dec-freq=''0.005''", "sp-resolution=''0''", "sp-restart-inc='1.7439048586427601'", "sp-update-dec-queue=''1''", "sp-use-pure-literal-rule=''0''", "sp-var-activity-inc='1.4238245447613318'", "sp-var-dec-heur=''16''", "sp-variable-decay='1.0677570578434707'", "sp-rand-var-dec-scaling='0.5953285610880312'"], "wallclock_time": 11912.452031850815, "total_cpu_time": null, "cost": 0.010135308641975305}
{"cpu_time": 8094.384000000095, "evaluations": 8541, "incumbent": ["sp-clause-activity-inc='1.4019116967657062'", "sp-clause-decay='1.3245213308524906'", "sp-clause-del-heur=''1''", "sp-first-restart='361'", "sp-learned-clause-sort-heur=''3''", "sp-learned-clauses-inc='1.1727957116727064'", "sp-learned-size-factor='1.5919773233527572'", "sp-orig-clause-sort-heur=''6''", "sp-phase-dec-heur=''2''", "sp-rand-var-dec-freq=''0.005''", "sp-resolution=''0''", "sp-restart-inc='1.805333313171496'", "sp-update-dec-queue=''1''", "sp-use-pure-literal-rule=''0''", "sp-var-activity-inc='1.4170816898436343'", "sp-var-dec-heur=''16''", "sp-variable-decay='1.1371575823919315'", "sp-rand-var-dec-scaling='0.6076153123348245'"], "wallclock_time": 12778.642810106277, "total_cpu_time": null, "cost": 0.009942960615663196}
{"cpu_time": 8270.820000000096, "evaluations": 8730, "incumbent": ["sp-clause-activity-inc='1.3122731423120753'", "sp-clause-decay='1.4658029646327833'", "sp-clause-del-heur=''0''", "sp-first-restart='259'", "sp-learned-clause-sort-heur=''16''", "sp-learned-clauses-inc='1.1672890359135477'", "sp-learned-size-factor='1.5919773233527572'", "sp-orig-clause-sort-heur=''6''", "sp-phase-dec-heur=''2''", "sp-rand-var-dec-freq=''0.0001''", "sp-resolution=''0''", "sp-restart-inc='1.7634755978017815'", "sp-update-dec-queue=''1''", "sp-use-pure-literal-rule=''0''", "sp-var-activity-inc='1.3317316893793847'", "sp-var-dec-heur=''16''", "sp-variable-decay='1.1230509052660453'", "sp-rand-var-dec-scaling='0.7773865681395813'"], "wallclock_time": 12993.514808654785, "total_cpu_time": null, "cost": 0.009778171745152352}
{"cpu_time": 8449.464000000096, "evaluations": 8919, "incumbent": ["sp-clause-activity-inc='1.260919139784297'", "sp-clause-decay='1.2562722667745292'", "sp-clause-del-heur=''1''", "sp-first-restart='264'", "sp-learned-clause-sort-heur=''6''", "sp-learned-clauses-inc='1.1694304274246943'", "sp-learned-size-factor='1.5919773233527572'", "sp-orig-clause-sort-heur=''15''", "sp-phase-dec-heur=''2''", "sp-rand-var-dec-freq=''0.0001''", "sp-resolution=''0''", "sp-restart-inc='1.7518666552511981'", "sp-update-dec-queue=''1''", "sp-use-pure-literal-rule=''0''", "sp-var-activity-inc='1.2941056209427941'", "sp-var-dec-heur=''16''", "sp-variable-decay='1.0881576610332693'", "sp-rand-var-dec-scaling='0.775024976334803'"], "wallclock_time": 13238.672571182251, "total_cpu_time": null, "cost": 0.009645399305555557}
{"cpu_time": 8620.264000000108, "evaluations": 9107, "incumbent": ["sp-clause-activity-inc='1.3500393543718772'", "sp-clause-decay='1.5533243459191841'", "sp-clause-del-heur=''1''", "sp-first-restart='259'", "sp-learned-clause-sort-heur=''13''", "sp-learned-clauses-inc='1.1672890359135477'", "sp-learned-size-factor='1.5919773233527572'", "sp-orig-clause-sort-heur=''15''", "sp-phase-dec-heur=''2''", "sp-rand-var-dec-freq=''0.0001''", "sp-resolution=''2''", "sp-restart-inc='1.827682585164494'", "sp-update-dec-queue=''1''", "sp-use-pure-literal-rule=''0''", "sp-var-activity-inc='1.3938304813206246'", "sp-var-dec-heur=''16''", "sp-variable-decay='1.1139052965335288'", "sp-max-res-lit-inc='1.0'", "sp-max-res-runs='4'", "sp-rand-var-dec-scaling='0.7217601491607231'", "sp-res-cutoff-cls='8'", "sp-res-cutoff-lits='400'", "sp-res-order-heur=''0''"], "wallclock_time": 13464.063663482666, "total_cpu_time": null, "cost": 0.009317462004463812}
{"cpu_time": 9168.520000000097, "evaluations": 9691, "incumbent": ["sp-clause-activity-inc='1.3424795236840055'", "sp-clause-decay='1.8638810416814906'", "sp-clause-del-heur=''2''", "sp-first-restart='264'", "sp-learned-clause-sort-heur=''0''", "sp-learned-clauses-inc='1.1062283352634523'", "sp-learned-size-factor='1.5919773233527572'", "sp-orig-clause-sort-heur=''1''", "sp-phase-dec-heur=''2''", "sp-rand-var-dec-freq=''0.0001''", "sp-resolution=''0''", "sp-restart-inc='1.6937724430793897'", "sp-update-dec-queue=''1''", "sp-use-pure-literal-rule=''1''", "sp-var-activity-inc='1.4849236496198517'", "sp-var-dec-heur=''16''", "sp-variable-decay='1.0841908990376867'", "sp-rand-var-dec-scaling='0.60716431325975'"], "wallclock_time": 14125.980209350586, "total_cpu_time": null, "cost": 0.0092104}
{"cpu_time": 9350.076000000094, "evaluations": 9890, "incumbent": ["sp-clause-activity-inc='1.2413760714295996'", "sp-clause-decay='1.2680536327834981'", "sp-clause-del-heur=''2''", "sp-first-restart='264'", "sp-learned-clause-sort-heur=''0''", "sp-learned-clauses-inc='1.1053832762201312'", "sp-learned-size-factor='1.5919773233527572'", "sp-orig-clause-sort-heur=''7''", "sp-phase-dec-heur=''2''", "sp-rand-var-dec-freq=''0.001''", "sp-resolution=''0''", "sp-restart-inc='1.828807741513846'", "sp-update-dec-queue=''1''", "sp-use-pure-literal-rule=''1''", "sp-var-activity-inc='1.2899027391117963'", "sp-var-dec-heur=''16''", "sp-variable-decay='1.07825143565'", "sp-rand-var-dec-scaling='0.6005154786529401'"], "wallclock_time": 14344.811173915863, "total_cpu_time": null, "cost": 0.009025389667679639}
{"cpu_time": 9717.65200000009, "evaluations": 10288, "incumbent": ["sp-clause-activity-inc='1.3151209836707642'", "sp-clause-decay='1.7634903196932499'", "sp-clause-del-heur=''1''", "sp-first-restart='259'", "sp-learned-clause-sort-heur=''0''", "sp-learned-clauses-inc='1.1088362665129397'", "sp-learned-size-factor='1.5919773233527572'", "sp-orig-clause-sort-heur=''16''", "sp-phase-dec-heur=''2''", "sp-rand-var-dec-freq=''0.0001''", "sp-resolution=''0''", "sp-restart-inc='1.8597812596339995'", "sp-update-dec-queue=''1''", "sp-use-pure-literal-rule=''1''", "sp-var-activity-inc='1.2926356419030542'", "sp-var-dec-heur=''16''", "sp-variable-decay='1.0053763719825641'", "sp-rand-var-dec-scaling='0.6024166044214432'"], "wallclock_time": 14771.599844694138, "total_cpu_time": null, "cost": 0.008754453765670656}
{"cpu_time": 9900.488000000098, "evaluations": 10490, "incumbent": ["sp-clause-activity-inc='1.3568137970575345'", "sp-clause-decay='1.7634903196932499'", "sp-clause-del-heur=''1''", "sp-first-restart='259'", "sp-learned-clause-sort-heur=''0''", "sp-learned-clauses-inc='1.109211076088997'", "sp-learned-size-factor='1.5919773233527572'", "sp-orig-clause-sort-heur=''17''", "sp-phase-dec-heur=''2''", "sp-rand-var-dec-freq=''0.0001''", "sp-resolution=''0''", "sp-restart-inc='1.8935698599505495'", "sp-update-dec-queue=''1''", "sp-use-pure-literal-rule=''1''", "sp-var-activity-inc='1.3168472172943613'", "sp-var-dec-heur=''16''", "sp-variable-decay='1.0872126237274273'", "sp-rand-var-dec-scaling='0.6024166044214432'"], "wallclock_time": 14988.801480054855, "total_cpu_time": null, "cost": 0.008539571005917155}
{"cpu_time": 10662.89400000011, "evaluations": 11332, "incumbent": ["sp-clause-activity-inc='1.3858461684749803'", "sp-clause-decay='1.2103693302636571'", "sp-clause-del-heur=''2''", "sp-first-restart='264'", "sp-learned-clause-sort-heur=''0''", "sp-learned-clauses-inc='1.1565323009436916'", "sp-learned-size-factor='1.5919773233527572'", "sp-orig-clause-sort-heur=''8''", "sp-phase-dec-heur=''2''", "sp-rand-var-dec-freq=''0.0001''", "sp-resolution=''0''", "sp-restart-inc='1.8477654132212793'", "sp-update-dec-queue=''1''", "sp-use-pure-literal-rule=''1''", "sp-var-activity-inc='1.4416761848132003'", "sp-var-dec-heur=''16''", "sp-variable-decay='1.0604457037288404'", "sp-rand-var-dec-scaling='0.6118748103989069'"], "wallclock_time": 15885.251732110977, "total_cpu_time": null, "cost": 0.00842403978052126}
{"cpu_time": 10859.978000000108, "evaluations": 11549, "incumbent": ["sp-clause-activity-inc='1.3424795236840055'", "sp-clause-decay='1.3290750392561255'", "sp-clause-del-heur=''2''", "sp-first-restart='264'", "sp-learned-clause-sort-heur=''0''", "sp-learned-clauses-inc='1.1062283352634523'", "sp-learned-size-factor='1.5919773233527572'", "sp-orig-clause-sort-heur=''6''", "sp-phase-dec-heur=''2''", "sp-rand-var-dec-freq=''0''", "sp-resolution=''0''", "sp-restart-inc='1.8799564366582797'", "sp-update-dec-queue=''1''", "sp-use-pure-literal-rule=''1''", "sp-var-activity-inc='1.3386442110773003'", "sp-var-dec-heur=''16''", "sp-variable-decay='1.0622211208653525'"], "wallclock_time": 16116.55146241188, "total_cpu_time": null, "cost": 0.008268327581853377}
{"cpu_time": 11465.382000000118, "evaluations": 12210, "incumbent": ["sp-clause-activity-inc='0.8723392915554531'", "sp-clause-decay='1.7909409822597244'", "sp-clause-del-heur=''1''", "sp-first-restart='259'", "sp-learned-clause-sort-heur=''6''", "sp-learned-clauses-inc='1.1062283352634523'", "sp-learned-size-factor='1.5919773233527572'", "sp-orig-clause-sort-heur=''6''", "sp-phase-dec-heur=''2''", "sp-rand-var-dec-freq=''0.0001''", "sp-resolution=''0''", "sp-restart-inc='1.8080898377654733'", "sp-update-dec-queue=''1''", "sp-use-pure-literal-rule=''1''", "sp-var-activity-inc='1.305519511531044'", "sp-var-dec-heur=''16''", "sp-variable-decay='1.0880577445367918'", "sp-rand-var-dec-scaling='0.7384585429708679'"], "wallclock_time": 16801.815001010895, "total_cpu_time": null, "cost": 0.00816326530612245}
{"cpu_time": 11670.40600000012, "evaluations": 12433, "incumbent": ["sp-clause-activity-inc='1.3411822580372539'", "sp-clause-decay='1.757618125269127'", "sp-clause-del-heur=''1''", "sp-first-restart='260'", "sp-learned-clause-sort-heur=''0''", "sp-learned-clauses-inc='1.105631194727597'", "sp-learned-size-factor='1.5919773233527572'", "sp-orig-clause-sort-heur=''6''", "sp-phase-dec-heur=''2''", "sp-rand-var-dec-freq=''0''", "sp-resolution=''0''", "sp-restart-inc='1.6467970124435367'", "sp-update-dec-queue=''1''", "sp-use-pure-literal-rule=''1''", "sp-var-activity-inc='1.3269306604754663'", "sp-var-dec-heur=''16''", "sp-variable-decay='1.0676598415523237'"], "wallclock_time": 17011.60497713089, "total_cpu_time": null, "cost": 0.008057013078549611}
{"cpu_time": 12083.410000000125, "evaluations": 12886, "incumbent": ["sp-clause-activity-inc='1.309934684460077'", "sp-clause-decay='1.735018685002311'", "sp-clause-del-heur=''2''", "sp-first-restart='259'", "sp-learned-clause-sort-heur=''6''", "sp-learned-clauses-inc='1.114173914304946'", "sp-learned-size-factor='1.5919773233527572'", "sp-orig-clause-sort-heur=''17''", "sp-phase-dec-heur=''2''", "sp-rand-var-dec-freq=''0.0001''", "sp-resolution=''0''", "sp-restart-inc='1.6822931270873687'", "sp-update-dec-queue=''1''", "sp-use-pure-literal-rule=''1''", "sp-var-activity-inc='1.3168472172943613'", "sp-var-dec-heur=''16''", "sp-variable-decay='1.0872126237274273'", "sp-rand-var-dec-scaling='0.6024166044214432'"], "wallclock_time": 17488.477823972702, "total_cpu_time": null, "cost": 0.007845141776937618}
{"cpu_time": 12498.970000000143, "evaluations": 13342, "incumbent": ["sp-clause-activity-inc='1.3236452788673616'", "sp-clause-decay='1.0904105370371588'", "sp-clause-del-heur=''1''", "sp-first-restart='257'", "sp-learned-clause-sort-heur=''6''", "sp-learned-clauses-inc='1.1252609217668275'", "sp-learned-size-factor='1.5919773233527572'", "sp-orig-clause-sort-heur=''17''", "sp-phase-dec-heur=''2''", "sp-rand-var-dec-freq=''0.0001''", "sp-resolution=''0''", "sp-restart-inc='1.6864918940379017'", "sp-update-dec-queue=''1''", "sp-use-pure-literal-rule=''1''", "sp-var-activity-inc='1.4677105203120684'", "sp-var-dec-heur=''16''", "sp-variable-decay='1.0776098249832782'", "sp-rand-var-dec-scaling='0.714511833421196'"], "wallclock_time": 17968.695728302002, "total_cpu_time": null, "cost": 0.007594418876470158}
