{"data": [[[1, "instances/sat/data/CBMC/CBMC_LIN_S4/cbmc_binsearch-sat-lin.c_a186_s4_satelite.cnf", 468304328], [1.992, 1.992, {"__enum__": "StatusType.SUCCESS"}, {}]], [[2, "instances/sat/data/CBMC/CBMC_LIN_S4/cbmc_binsearch-sat-lin.c_a2_s4_satelite.cnf", 12345], [5.0, 5.0, {"__enum__": "StatusType.TIMEOUT"}, {}]], [[3, "instances/sat/data/CBMC/CBMC_LIN_S4/cbmc_binsearch-sat-lin.c_a2_s4_satelite.cnf", 12345], [5.0, 5.0, {"__enum__": "StatusType.TIMEOUT"}, {}]], [[4, "instances/sat/data/CBMC/CBMC_LIN_S4/cbmc_binsearch-sat-lin.c_a2_s4_satelite.cnf", 12345], [0.044, 0.044, {"__enum__": "StatusType.SUCCESS"}, {}]], [[5, "instances/sat/data/CBMC/CBMC_LIN_S4/cbmc_binsearch-sat-lin.c_a2_s4_satelite.cnf", 12345], [0.236, 0.236, {"__enum__": "StatusType.SUCCESS"}, {}]], [[6, "instances/sat/data/CBMC/CBMC_LIN_S4/cbmc_binsearch-sat-lin.c_a2_s4_satelite.cnf", 12345], [0.496, 0.496, {"__enum__": "StatusType.SUCCESS"}, {}]], [[7, "instances/sat/data/CBMC/CBMC_LIN_S4/cbmc_binsearch-sat-lin.c_a2_s4_satelite.cnf", 12345], [0.156, 0.156, {"__enum__": "StatusType.SUCCESS"}, {}]], [[8, "instances/sat/data/CBMC/CBMC_LIN_S4/cbmc_binsearch-sat-lin.c_a2_s4_satelite.cnf", 12345], [5.0, 5.0, {"__enum__": "StatusType.TIMEOUT"}, {}]], [[9, "instances/sat/data/CBMC/CBMC_LIN_S4/cbmc_binsearch-sat-lin.c_a2_s4_satelite.cnf", 12345], [0.592, 0.592, {"__enum__": "StatusType.SUCCESS"}, {}]], [[10, "instances/sat/data/CBMC/CBMC_LIN_S4/cbmc_binsearch-sat-lin.c_a2_s4_satelite.cnf", 12345], [5.0, 5.0, {"__enum__": "StatusType.TIMEOUT"}, {}]], [[1, "instances/sat/data/CBMC/CBMC_LIN_S4/cbmc_binsearch-sat-lin.c_a2_s4_satelite.cnf", 12345], [0.884, 0.884, {"__enum__": "StatusType.SUCCESS"}, {}]], [[11, "instances/sat/data/CBMC/CBMC_LIN_S4/cbmc_binsearch-sat-lin.c_a2_s4_satelite.cnf", 12345], [5.0, 5.0, {"__enum__": "StatusType.TIMEOUT"}, {}]], [[4, "instances/sat/data/CBMC/CBMC_LIN_S4/cbmc_binsearch-sat-lin.c_a3_s4_satelite.cnf", 12345], [0.044, 0.044, {"__enum__": "StatusType.SUCCESS"}, {}]], [[5, "instances/sat/data/CBMC/CBMC_LIN_S4/cbmc_binsearch-sat-lin.c_a3_s4_satelite.cnf", 12345], [0.236, 0.236, {"__enum__": "StatusType.SUCCESS"}, {}]], [[6, "instances/sat/data/CBMC/CBMC_LIN_S4/cbmc_binsearch-sat-lin.c_a3_s4_satelite.cnf", 12345], [0.504, 0.504, {"__enum__": "StatusType.SUCCESS"}, {}]], [[3, "instances/sat/data/CBMC/CBMC_LIN_S4/cbmc_binsearch-sat-lin.c_a3_s4_satelite.cnf", 12345], [5.0, 5.0, {"__enum__": "StatusType.TIMEOUT"}, {}]], [[7, "instances/sat/data/CBMC/CBMC_LIN_S4/cbmc_binsearch-sat-lin.c_a3_s4_satelite.cnf", 12345], [0.156, 0.156, {"__enum__": "StatusType.SUCCESS"}, {}]], [[8, "instances/sat/data/CBMC/CBMC_LIN_S4/cbmc_binsearch-sat-lin.c_a3_s4_satelite.cnf", 12345], [5.0, 5.0, {"__enum__": "StatusType.TIMEOUT"}, {}]], [[9, "instances/sat/data/CBMC/CBMC_LIN_S4/cbmc_binsearch-sat-lin.c_a3_s4_satelite.cnf", 12345], [0.584, 0.584, {"__enum__": "StatusType.SUCCESS"}, {}]], [[10, "instances/sat/data/CBMC/CBMC_LIN_S4/cbmc_binsearch-sat-lin.c_a3_s4_satelite.cnf", 12345], [5.0, 5.0, {"__enum__": "StatusType.TIMEOUT"}, {}]], [[1, "instances/sat/data/CBMC/CBMC_LIN_S4/cbmc_binsearch-sat-lin.c_a3_s4_satelite.cnf", 12345], [0.868, 0.868, {"__enum__": "StatusType.SUCCESS"}, {}]], [[11, "instances/sat/data/CBMC/CBMC_LIN_S4/cbmc_binsearch-sat-lin.c_a3_s4_satelite.cnf", 12345], [5.0, 5.0, {"__enum__": "StatusType.TIMEOUT"}, {}]], [[4, "instances/sat/data/CBMC/CBMC_LIN_S4/cbmc_binsearch-sat-lin.c_a5_s4_satelite.cnf", 12345], [0.044, 0.044, {"__enum__": "StatusType.SUCCESS"}, {}]], [[5, "instances/sat/data/CBMC/CBMC_LIN_S4/cbmc_binsearch-sat-lin.c_a5_s4_satelite.cnf", 12345], [0.232, 0.232, {"__enum__": "StatusType.SUCCESS"}, {}]], [[6, "instances/sat/data/CBMC/CBMC_LIN_S4/cbmc_binsearch-sat-lin.c_a5_s4_satelite.cnf", 12345], [0.5, 0.5, {"__enum__": "StatusType.SUCCESS"}, {}]], [[7, "instances/sat/data/CBMC/CBMC_LIN_S4/cbmc_binsearch-sat-lin.c_a5_s4_satelite.cnf", 12345], [0.16, 0.16, {"__enum__": "StatusType.SUCCESS"}, {}]], [[8, "instances/sat/data/CBMC/CBMC_LIN_S4/cbmc_binsearch-sat-lin.c_a5_s4_satelite.cnf", 12345], [5.0, 5.0, {"__enum__": "StatusType.TIMEOUT"}, {}]], [[9, "instances/sat/data/CBMC/CBMC_LIN_S4/cbmc_binsearch-sat-lin.c_a5_s4_satelite.cnf", 12345], [0.596, 0.596, {"__enum__": "StatusType.SUCCESS"}, {}]], [[10, "instances/sat/data/CBMC/CBMC_LIN_S4/cbmc_binsearch-sat-lin.c_a5_s4_satelite.cnf", 12345], [5.0, 5.0, {"__enum__": "StatusType.TIMEOUT"}, {}]], [[1, "instances/sat/data/CBMC/CBMC_LIN_S4/cbmc_binsearch-sat-lin.c_a5_s4_satelite.cnf", 12345], [0.856, 0.856, {"__enum__": "StatusType.SUCCESS"}, {}]], [[11, "instances/sat/data/CBMC/CBMC_LIN_S4/cbmc_binsearch-sat-lin.c_a5_s4_satelite.cnf", 12345], [5.0, 5.0, {"__enum__": "StatusType.TIMEOUT"}, {}]], [[4, "instances/sat/data/CBMC/CBMC_LIN_S4/cbmc_binsearch-sat-lin.c_a6_s4_satelite.cnf", 12345], [0.044, 0.044, {"__enum__": "StatusType.SUCCESS"}, {}]], [[5, "instances/sat/data/CBMC/CBMC_LIN_S4/cbmc_binsearch-sat-lin.c_a6_s4_satelite.cnf", 12345], [0.236, 0.236, {"__enum__": "StatusType.SUCCESS"}, {}]], [[7, "instances/sat/data/CBMC/CBMC_LIN_S4/cbmc_binsearch-sat-lin.c_a6_s4_satelite.cnf", 12345], [0.16, 0.16, {"__enum__": "StatusType.SUCCESS"}, {}]], [[6, "instances/sat/data/CBMC/CBMC_LIN_S4/cbmc_binsearch-sat-lin.c_a6_s4_satelite.cnf", 12345], [0.504, 0.504, {"__enum__": "StatusType.SUCCESS"}, {}]], [[9, "instances/sat/data/CBMC/CBMC_LIN_S4/cbmc_binsearch-sat-lin.c_a6_s4_satelite.cnf", 12345], [0.592, 0.592, {"__enum__": "StatusType.SUCCESS"}, {}]], [[10, "instances/sat/data/CBMC/CBMC_LIN_S4/cbmc_binsearch-sat-lin.c_a6_s4_satelite.cnf", 12345], [5.0, 5.0, {"__enum__": "StatusType.TIMEOUT"}, {}]], [[11, "instances/sat/data/CBMC/CBMC_LIN_S4/cbmc_binsearch-sat-lin.c_a6_s4_satelite.cnf", 12345], [5.0, 5.0, {"__enum__": "StatusType.TIMEOUT"}, {}]], [[1, "instances/sat/data/CBMC/CBMC_LIN_S4/cbmc_binsearch-sat-lin.c_a6_s4_satelite.cnf", 12345], [0.884, 0.884, {"__enum__": "StatusType.SUCCESS"}, {}]], [[4, "instances/sat/data/CBMC/CBMC_LIN_S4/cbmc_binsearch-sat-lin.c_a9_s4_satelite.cnf", 12345], [0.032, 0.032, {"__enum__": "StatusType.SUCCESS"}, {}]], [[5, "instances/sat/data/CBMC/CBMC_LIN_S4/cbmc_binsearch-sat-lin.c_a9_s4_satelite.cnf", 12345], [0.24, 0.24, {"__enum__": "StatusType.SUCCESS"}, {}]], [[6, "instances/sat/data/CBMC/CBMC_LIN_S4/cbmc_binsearch-sat-lin.c_a9_s4_satelite.cnf", 12345], [0.036, 0.036, {"__enum__": "StatusType.SUCCESS"}, {}]], [[7, "instances/sat/data/CBMC/CBMC_LIN_S4/cbmc_binsearch-sat-lin.c_a9_s4_satelite.cnf", 12345], [0.192, 0.192, {"__enum__": "StatusType.SUCCESS"}, {}]], [[9, "instances/sat/data/CBMC/CBMC_LIN_S4/cbmc_binsearch-sat-lin.c_a9_s4_satelite.cnf", 12345], [0.6, 0.6, {"__enum__": "StatusType.SUCCESS"}, {}]], [[1, "instances/sat/data/CBMC/CBMC_LIN_S4/cbmc_binsearch-sat-lin.c_a9_s4_satelite.cnf", 12345], [0.868, 0.868, {"__enum__": "StatusType.SUCCESS"}, {}]], [[11, "instances/sat/data/CBMC/CBMC_LIN_S4/cbmc_binsearch-sat-lin.c_a9_s4_satelite.cnf", 12345], [5.0, 5.0, {"__enum__": "StatusType.TIMEOUT"}, {}]], [[4, "instances/sat/data/CBMC/CBMC_LIN_S4/cbmc_binsearch-sat-lin.c_a17_s4_satelite.cnf", 12345], [0.044, 0.044, {"__enum__": "StatusType.SUCCESS"}, {}]], [[5, "instances/sat/data/CBMC/CBMC_LIN_S4/cbmc_binsearch-sat-lin.c_a17_s4_satelite.cnf", 12345], [0.236, 0.236, {"__enum__": "StatusType.SUCCESS"}, {}]], [[7, "instances/sat/data/CBMC/CBMC_LIN_S4/cbmc_binsearch-sat-lin.c_a17_s4_satelite.cnf", 12345], [0.156, 0.156, {"__enum__": "StatusType.SUCCESS"}, {}]], [[6, "instances/sat/data/CBMC/CBMC_LIN_S4/cbmc_binsearch-sat-lin.c_a17_s4_satelite.cnf", 12345], [0.504, 0.504, {"__enum__": "StatusType.SUCCESS"}, {}]], [[9, "instances/sat/data/CBMC/CBMC_LIN_S4/cbmc_binsearch-sat-lin.c_a17_s4_satelite.cnf", 12345], [0.588, 0.588, {"__enum__": "StatusType.SUCCESS"}, {}]], [[1, "instances/sat/data/CBMC/CBMC_LIN_S4/cbmc_binsearch-sat-lin.c_a17_s4_satelite.cnf", 12345], [0.88, 0.88, {"__enum__": "StatusType.SUCCESS"}, {}]], [[4, "instances/sat/data/CBMC/CBMC_LIN_S4/cbmc_binsearch-sat-lin.c_a19_s4_satelite.cnf", 12345], [0.044, 0.044, {"__enum__": "StatusType.SUCCESS"}, {}]], [[5, "instances/sat/data/CBMC/CBMC_LIN_S4/cbmc_binsearch-sat-lin.c_a19_s4_satelite.cnf", 12345], [0.24, 0.24, {"__enum__": "StatusType.SUCCESS"}, {}]], [[7, "instances/sat/data/CBMC/CBMC_LIN_S4/cbmc_binsearch-sat-lin.c_a19_s4_satelite.cnf", 12345], [0.16, 0.16, {"__enum__": "StatusType.SUCCESS"}, {}]], [[6, "instances/sat/data/CBMC/CBMC_LIN_S4/cbmc_binsearch-sat-lin.c_a19_s4_satelite.cnf", 12345], [0.504, 0.504, {"__enum__": "StatusType.SUCCESS"}, {}]], [[9, "instances/sat/data/CBMC/CBMC_LIN_S4/cbmc_binsearch-sat-lin.c_a19_s4_satelite.cnf", 12345], [0.596, 0.596, {"__enum__": "StatusType.SUCCESS"}, {}]], [[4, "instances/sat/data/CBMC/CBMC_LIN_S4/cbmc_binsearch-sat-lin.c_a21_s4_satelite.cnf", 12345], [0.048, 0.048, {"__enum__": "StatusType.SUCCESS"}, {}]], [[5, "instances/sat/data/CBMC/CBMC_LIN_S4/cbmc_binsearch-sat-lin.c_a21_s4_satelite.cnf", 12345], [0.232, 0.232, {"__enum__": "StatusType.SUCCESS"}, {}]], [[7, "instances/sat/data/CBMC/CBMC_LIN_S4/cbmc_binsearch-sat-lin.c_a21_s4_satelite.cnf", 12345], [0.16, 0.16, {"__enum__": "StatusType.SUCCESS"}, {}]], [[6, "instances/sat/data/CBMC/CBMC_LIN_S4/cbmc_binsearch-sat-lin.c_a21_s4_satelite.cnf", 12345], [0.5, 0.5, {"__enum__": "StatusType.SUCCESS"}, {}]], [[4, "instances/sat/data/CBMC/CBMC_LIN_S4/cbmc_binsearch-sat-lin.c_a22_s4_satelite.cnf", 12345], [0.044, 0.044, {"__enum__": "StatusType.SUCCESS"}, {}]], [[5, "instances/sat/data/CBMC/CBMC_LIN_S4/cbmc_binsearch-sat-lin.c_a22_s4_satelite.cnf", 12345], [0.236, 0.236, {"__enum__": "StatusType.SUCCESS"}, {}]], [[7, "instances/sat/data/CBMC/CBMC_LIN_S4/cbmc_binsearch-sat-lin.c_a22_s4_satelite.cnf", 12345], [0.156, 0.156, {"__enum__": "StatusType.SUCCESS"}, {}]], [[4, "instances/sat/data/CBMC/CBMC_LIN_S4/cbmc_binsearch-sat-lin.c_a24_s4_satelite.cnf", 12345], [0.044, 0.044, {"__enum__": "StatusType.SUCCESS"}, {}]], [[7, "instances/sat/data/CBMC/CBMC_LIN_S4/cbmc_binsearch-sat-lin.c_a24_s4_satelite.cnf", 12345], [0.16, 0.16, {"__enum__": "StatusType.SUCCESS"}, {}]], [[12, "instances/sat/data/CBMC/CBMC_LIN_S4/cbmc_binsearch-sat-lin.c_a2_s4_satelite.cnf", 12345], [0.032, 0.032, {"__enum__": "StatusType.SUCCESS"}, {}]], [[13, "instances/sat/data/CBMC/CBMC_LIN_S4/cbmc_binsearch-sat-lin.c_a2_s4_satelite.cnf", 12345], [5.0, 5.0, {"__enum__": "StatusType.TIMEOUT"}, {}]], [[14, "instances/sat/data/CBMC/CBMC_LIN_S4/cbmc_binsearch-sat-lin.c_a2_s4_satelite.cnf", 12345], [0.036, 0.036, {"__enum__": "StatusType.SUCCESS"}, {}]], [[15, "instances/sat/data/CBMC/CBMC_LIN_S4/cbmc_binsearch-sat-lin.c_a2_s4_satelite.cnf", 12345], [5.0, 5.0, {"__enum__": "StatusType.TIMEOUT"}, {}]], [[16, "instances/sat/data/CBMC/CBMC_LIN_S4/cbmc_binsearch-sat-lin.c_a2_s4_satelite.cnf", 12345], [0.044, 0.044, {"__enum__": "StatusType.SUCCESS"}, {}]], [[17, "instances/sat/data/CBMC/CBMC_LIN_S4/cbmc_binsearch-sat-lin.c_a2_s4_satelite.cnf", 12345], [0.032, 0.032, {"__enum__": "StatusType.SUCCESS"}, {}]], [[18, "instances/sat/data/CBMC/CBMC_LIN_S4/cbmc_binsearch-sat-lin.c_a2_s4_satelite.cnf", 12345], [0.052, 0.052, {"__enum__": "StatusType.SUCCESS"}, {}]], [[19, "instances/sat/data/CBMC/CBMC_LIN_S4/cbmc_binsearch-sat-lin.c_a2_s4_satelite.cnf", 12345], [5.0, 5.0, {"__enum__": "StatusType.TIMEOUT"}, {}]], [[20, "instances/sat/data/CBMC/CBMC_LIN_S4/cbmc_binsearch-sat-lin.c_a2_s4_satelite.cnf", 12345], [5.0, 5.0, {"__enum__": "StatusType.TIMEOUT"}, {}]], [[12, "instances/sat/data/CBMC/CBMC_LIN_S4/cbmc_binsearch-sat-lin.c_a3_s4_satelite.cnf", 12345], [0.032, 0.032, {"__enum__": "StatusType.SUCCESS"}, {}]], [[14, "instances/sat/data/CBMC/CBMC_LIN_S4/cbmc_binsearch-sat-lin.c_a3_s4_satelite.cnf", 12345], [0.036, 0.036, {"__enum__": "StatusType.SUCCESS"}, {}]], [[16, "instances/sat/data/CBMC/CBMC_LIN_S4/cbmc_binsearch-sat-lin.c_a3_s4_satelite.cnf", 12345], [0.044, 0.044, {"__enum__": "StatusType.SUCCESS"}, {}]], [[17, "instances/sat/data/CBMC/CBMC_LIN_S4/cbmc_binsearch-sat-lin.c_a3_s4_satelite.cnf", 12345], [0.032, 0.032, {"__enum__": "StatusType.SUCCESS"}, {}]], [[15, "instances/sat/data/CBMC/CBMC_LIN_S4/cbmc_binsearch-sat-lin.c_a3_s4_satelite.cnf", 12345], [5.0, 5.0, {"__enum__": "StatusType.TIMEOUT"}, {}]], [[18, "instances/sat/data/CBMC/CBMC_LIN_S4/cbmc_binsearch-sat-lin.c_a3_s4_satelite.cnf", 12345], [0.052, 0.052, {"__enum__": "StatusType.SUCCESS"}, {}]], [[19, "instances/sat/data/CBMC/CBMC_LIN_S4/cbmc_binsearch-sat-lin.c_a3_s4_satelite.cnf", 12345], [5.0, 5.0, {"__enum__": "StatusType.TIMEOUT"}, {}]], [[20, "instances/sat/data/CBMC/CBMC_LIN_S4/cbmc_binsearch-sat-lin.c_a3_s4_satelite.cnf", 12345], [5.0, 5.0, {"__enum__": "StatusType.TIMEOUT"}, {}]], [[12, "instances/sat/data/CBMC/CBMC_LIN_S4/cbmc_binsearch-sat-lin.c_a5_s4_satelite.cnf", 12345], [0.032, 0.032, {"__enum__": "StatusType.SUCCESS"}, {}]], [[14, "instances/sat/data/CBMC/CBMC_LIN_S4/cbmc_binsearch-sat-lin.c_a5_s4_satelite.cnf", 12345], [0.036, 0.036, {"__enum__": "StatusType.SUCCESS"}, {}]], [[16, "instances/sat/data/CBMC/CBMC_LIN_S4/cbmc_binsearch-sat-lin.c_a5_s4_satelite.cnf", 12345], [0.044, 0.044, {"__enum__": "StatusType.SUCCESS"}, {}]], [[17, "instances/sat/data/CBMC/CBMC_LIN_S4/cbmc_binsearch-sat-lin.c_a5_s4_satelite.cnf", 12345], [0.032, 0.032, {"__enum__": "StatusType.SUCCESS"}, {}]], [[18, "instances/sat/data/CBMC/CBMC_LIN_S4/cbmc_binsearch-sat-lin.c_a5_s4_satelite.cnf", 12345], [0.052, 0.052, {"__enum__": "StatusType.SUCCESS"}, {}]], [[19, "instances/sat/data/CBMC/CBMC_LIN_S4/cbmc_binsearch-sat-lin.c_a5_s4_satelite.cnf", 12345], [5.0, 5.0, {"__enum__": "StatusType.TIMEOUT"}, {}]], [[20, "instances/sat/data/CBMC/CBMC_LIN_S4/cbmc_binsearch-sat-lin.c_a5_s4_satelite.cnf", 12345], [5.0, 5.0, {"__enum__": "StatusType.TIMEOUT"}, {}]], [[12, "instances/sat/data/CBMC/CBMC_LIN_S4/cbmc_binsearch-sat-lin.c_a6_s4_satelite.cnf", 12345], [0.032, 0.032, {"__enum__": "StatusType.SUCCESS"}, {}]], [[14, "instances/sat/data/CBMC/CBMC_LIN_S4/cbmc_binsearch-sat-lin.c_a6_s4_satelite.cnf", 12345], [0.036, 0.036, {"__enum__": "StatusType.SUCCESS"}, {}]], [[16, "instances/sat/data/CBMC/CBMC_LIN_S4/cbmc_binsearch-sat-lin.c_a6_s4_satelite.cnf", 12345], [0.044, 0.044, {"__enum__": "StatusType.SUCCESS"}, {}]], [[17, "instances/sat/data/CBMC/CBMC_LIN_S4/cbmc_binsearch-sat-lin.c_a6_s4_satelite.cnf", 12345], [0.032, 0.032, {"__enum__": "StatusType.SUCCESS"}, {}]], [[18, "instances/sat/data/CBMC/CBMC_LIN_S4/cbmc_binsearch-sat-lin.c_a6_s4_satelite.cnf", 12345], [0.052, 0.052, {"__enum__": "StatusType.SUCCESS"}, {}]], [[20, "instances/sat/data/CBMC/CBMC_LIN_S4/cbmc_binsearch-sat-lin.c_a6_s4_satelite.cnf", 12345], [5.0, 5.0, {"__enum__": "StatusType.TIMEOUT"}, {}]], [[12, "instances/sat/data/CBMC/CBMC_LIN_S4/cbmc_binsearch-sat-lin.c_a9_s4_satelite.cnf", 12345], [0.032, 0.032, {"__enum__": "StatusType.SUCCESS"}, {}]], [[14, "instances/sat/data/CBMC/CBMC_LIN_S4/cbmc_binsearch-sat-lin.c_a9_s4_satelite.cnf", 12345], [0.028, 0.028, {"__enum__": "StatusType.SUCCESS"}, {}]], [[16, "instances/sat/data/CBMC/CBMC_LIN_S4/cbmc_binsearch-sat-lin.c_a9_s4_satelite.cnf", 12345], [0.032, 0.032, {"__enum__": "StatusType.SUCCESS"}, {}]], [[17, "instances/sat/data/CBMC/CBMC_LIN_S4/cbmc_binsearch-sat-lin.c_a9_s4_satelite.cnf", 12345], [0.028, 0.028, {"__enum__": "StatusType.SUCCESS"}, {}]], [[18, "instances/sat/data/CBMC/CBMC_LIN_S4/cbmc_binsearch-sat-lin.c_a9_s4_satelite.cnf", 12345], [0.04, 0.04, {"__enum__": "StatusType.SUCCESS"}, {}]], [[12, "instances/sat/data/CBMC/CBMC_LIN_S4/cbmc_binsearch-sat-lin.c_a17_s4_satelite.cnf", 12345], [0.032, 0.032, {"__enum__": "StatusType.SUCCESS"}, {}]], [[14, "instances/sat/data/CBMC/CBMC_LIN_S4/cbmc_binsearch-sat-lin.c_a17_s4_satelite.cnf", 12345], [0.036, 0.036, {"__enum__": "StatusType.SUCCESS"}, {}]], [[16, "instances/sat/data/CBMC/CBMC_LIN_S4/cbmc_binsearch-sat-lin.c_a17_s4_satelite.cnf", 12345], [0.044, 0.044, {"__enum__": "StatusType.SUCCESS"}, {}]], [[17, "instances/sat/data/CBMC/CBMC_LIN_S4/cbmc_binsearch-sat-lin.c_a17_s4_satelite.cnf", 12345], [0.032, 0.032, {"__enum__": "StatusType.SUCCESS"}, {}]], [[14, "instances/sat/data/CBMC/CBMC_LIN_S4/cbmc_binsearch-sat-lin.c_a19_s4_satelite.cnf", 12345], [0.036, 0.036, {"__enum__": "StatusType.SUCCESS"}, {}]], [[12, "instances/sat/data/CBMC/CBMC_LIN_S4/cbmc_binsearch-sat-lin.c_a19_s4_satelite.cnf", 12345], [0.032, 0.032, {"__enum__": "StatusType.SUCCESS"}, {}]], [[16, "instances/sat/data/CBMC/CBMC_LIN_S4/cbmc_binsearch-sat-lin.c_a19_s4_satelite.cnf", 12345], [0.044, 0.044, {"__enum__": "StatusType.SUCCESS"}, {}]], [[17, "instances/sat/data/CBMC/CBMC_LIN_S4/cbmc_binsearch-sat-lin.c_a19_s4_satelite.cnf", 12345], [0.032, 0.032, {"__enum__": "StatusType.SUCCESS"}, {}]], [[12, "instances/sat/data/CBMC/CBMC_LIN_S4/cbmc_binsearch-sat-lin.c_a21_s4_satelite.cnf", 12345], [0.032, 0.032, {"__enum__": "StatusType.SUCCESS"}, {}]], [[14, "instances/sat/data/CBMC/CBMC_LIN_S4/cbmc_binsearch-sat-lin.c_a21_s4_satelite.cnf", 12345], [0.036, 0.036, {"__enum__": "StatusType.SUCCESS"}, {}]], [[17, "instances/sat/data/CBMC/CBMC_LIN_S4/cbmc_binsearch-sat-lin.c_a21_s4_satelite.cnf", 12345], [0.032, 0.032, {"__enum__": "StatusType.SUCCESS"}, {}]], [[12, "instances/sat/data/CBMC/CBMC_LIN_S4/cbmc_binsearch-sat-lin.c_a22_s4_satelite.cnf", 12345], [0.032, 0.032, {"__enum__": "StatusType.SUCCESS"}, {}]], [[14, "instances/sat/data/CBMC/CBMC_LIN_S4/cbmc_binsearch-sat-lin.c_a22_s4_satelite.cnf", 12345], [0.032, 0.032, {"__enum__": "StatusType.SUCCESS"}, {}]], [[17, "instances/sat/data/CBMC/CBMC_LIN_S4/cbmc_binsearch-sat-lin.c_a22_s4_satelite.cnf", 12345], [0.032, 0.032, {"__enum__": "StatusType.SUCCESS"}, {}]], [[14, "instances/sat/data/CBMC/CBMC_LIN_S4/cbmc_binsearch-sat-lin.c_a24_s4_satelite.cnf", 12345], [0.036, 0.036, {"__enum__": "StatusType.SUCCESS"}, {}]], [[17, "instances/sat/data/CBMC/CBMC_LIN_S4/cbmc_binsearch-sat-lin.c_a24_s4_satelite.cnf", 12345], [0.032, 0.032, {"__enum__": "StatusType.SUCCESS"}, {}]], [[21, "instances/sat/data/CBMC/CBMC_LIN_S4/cbmc_binsearch-sat-lin.c_a2_s4_satelite.cnf", 12345], [0.04, 0.04, {"__enum__": "StatusType.SUCCESS"}, {}]], [[22, "instances/sat/data/CBMC/CBMC_LIN_S4/cbmc_binsearch-sat-lin.c_a2_s4_satelite.cnf", 12345], [0.032, 0.032, {"__enum__": "StatusType.SUCCESS"}, {}]], [[23, "instances/sat/data/CBMC/CBMC_LIN_S4/cbmc_binsearch-sat-lin.c_a2_s4_satelite.cnf", 12345], [0.032, 0.032, {"__enum__": "StatusType.SUCCESS"}, {}]], [[24, "instances/sat/data/CBMC/CBMC_LIN_S4/cbmc_binsearch-sat-lin.c_a2_s4_satelite.cnf", 12345], [5.0, 5.0, {"__enum__": "StatusType.TIMEOUT"}, {}]], [[25, "instances/sat/data/CBMC/CBMC_LIN_S4/cbmc_binsearch-sat-lin.c_a2_s4_satelite.cnf", 12345], [5.0, 5.0, {"__enum__": "StatusType.TIMEOUT"}, {}]], [[26, "instances/sat/data/CBMC/CBMC_LIN_S4/cbmc_binsearch-sat-lin.c_a2_s4_satelite.cnf", 12345], [0.04, 0.04, {"__enum__": "StatusType.SUCCESS"}, {}]], [[27, "instances/sat/data/CBMC/CBMC_LIN_S4/cbmc_binsearch-sat-lin.c_a2_s4_satelite.cnf", 12345], [0.032, 0.032, {"__enum__": "StatusType.SUCCESS"}, {}]], [[21, "instances/sat/data/CBMC/CBMC_LIN_S4/cbmc_binsearch-sat-lin.c_a3_s4_satelite.cnf", 12345], [0.04, 0.04, {"__enum__": "StatusType.SUCCESS"}, {}]], [[23, "instances/sat/data/CBMC/CBMC_LIN_S4/cbmc_binsearch-sat-lin.c_a3_s4_satelite.cnf", 12345], [0.032, 0.032, {"__enum__": "StatusType.SUCCESS"}, {}]], [[22, "instances/sat/data/CBMC/CBMC_LIN_S4/cbmc_binsearch-sat-lin.c_a3_s4_satelite.cnf", 12345], [0.032, 0.032, {"__enum__": "StatusType.SUCCESS"}, {}]], [[25, "instances/sat/data/CBMC/CBMC_LIN_S4/cbmc_binsearch-sat-lin.c_a3_s4_satelite.cnf", 12345], [5.0, 5.0, {"__enum__": "StatusType.TIMEOUT"}, {}]], [[26, "instances/sat/data/CBMC/CBMC_LIN_S4/cbmc_binsearch-sat-lin.c_a3_s4_satelite.cnf", 12345], [0.04, 0.04, {"__enum__": "StatusType.SUCCESS"}, {}]], [[27, "instances/sat/data/CBMC/CBMC_LIN_S4/cbmc_binsearch-sat-lin.c_a3_s4_satelite.cnf", 12345], [0.032, 0.032, {"__enum__": "StatusType.SUCCESS"}, {}]], [[21, "instances/sat/data/CBMC/CBMC_LIN_S4/cbmc_binsearch-sat-lin.c_a5_s4_satelite.cnf", 12345], [0.04, 0.04, {"__enum__": "StatusType.SUCCESS"}, {}]], [[22, "instances/sat/data/CBMC/CBMC_LIN_S4/cbmc_binsearch-sat-lin.c_a5_s4_satelite.cnf", 12345], [0.032, 0.032, {"__enum__": "StatusType.SUCCESS"}, {}]], [[23, "instances/sat/data/CBMC/CBMC_LIN_S4/cbmc_binsearch-sat-lin.c_a5_s4_satelite.cnf", 12345], [0.032, 0.032, {"__enum__": "StatusType.SUCCESS"}, {}]], [[26, "instances/sat/data/CBMC/CBMC_LIN_S4/cbmc_binsearch-sat-lin.c_a5_s4_satelite.cnf", 12345], [0.04, 0.04, {"__enum__": "StatusType.SUCCESS"}, {}]], [[27, "instances/sat/data/CBMC/CBMC_LIN_S4/cbmc_binsearch-sat-lin.c_a5_s4_satelite.cnf", 12345], [0.032, 0.032, {"__enum__": "StatusType.SUCCESS"}, {}]], [[15, "instances/sat/data/CBMC/CBMC_LIN_S4/cbmc_binsearch-sat-lin.c_a5_s4_satelite.cnf", 12345], [5.0, 5.0, {"__enum__": "StatusType.TIMEOUT"}, {}]], [[21, "instances/sat/data/CBMC/CBMC_LIN_S4/cbmc_binsearch-sat-lin.c_a6_s4_satelite.cnf", 12345], [0.04, 0.04, {"__enum__": "StatusType.SUCCESS"}, {}]], [[22, "instances/sat/data/CBMC/CBMC_LIN_S4/cbmc_binsearch-sat-lin.c_a6_s4_satelite.cnf", 12345], [0.032, 0.032, {"__enum__": "StatusType.SUCCESS"}, {}]], [[23, "instances/sat/data/CBMC/CBMC_LIN_S4/cbmc_binsearch-sat-lin.c_a6_s4_satelite.cnf", 12345], [0.032, 0.032, {"__enum__": "StatusType.SUCCESS"}, {}]], [[26, "instances/sat/data/CBMC/CBMC_LIN_S4/cbmc_binsearch-sat-lin.c_a6_s4_satelite.cnf", 12345], [0.04, 0.04, {"__enum__": "StatusType.SUCCESS"}, {}]], [[27, "instances/sat/data/CBMC/CBMC_LIN_S4/cbmc_binsearch-sat-lin.c_a6_s4_satelite.cnf", 12345], [0.032, 0.032, {"__enum__": "StatusType.SUCCESS"}, {}]], [[21, "instances/sat/data/CBMC/CBMC_LIN_S4/cbmc_binsearch-sat-lin.c_a9_s4_satelite.cnf", 12345], [0.032, 0.032, {"__enum__": "StatusType.SUCCESS"}, {}]], [[22, "instances/sat/data/CBMC/CBMC_LIN_S4/cbmc_binsearch-sat-lin.c_a9_s4_satelite.cnf", 12345], [0.028, 0.028, {"__enum__": "StatusType.SUCCESS"}, {}]], [[23, "instances/sat/data/CBMC/CBMC_LIN_S4/cbmc_binsearch-sat-lin.c_a9_s4_satelite.cnf", 12345], [0.032, 0.032, {"__enum__": "StatusType.SUCCESS"}, {}]], [[26, "instances/sat/data/CBMC/CBMC_LIN_S4/cbmc_binsearch-sat-lin.c_a9_s4_satelite.cnf", 12345], [0.032, 0.032, {"__enum__": "StatusType.SUCCESS"}, {}]], [[27, "instances/sat/data/CBMC/CBMC_LIN_S4/cbmc_binsearch-sat-lin.c_a9_s4_satelite.cnf", 12345], [0.028, 0.028, {"__enum__": "StatusType.SUCCESS"}, {}]], [[22, "instances/sat/data/CBMC/CBMC_LIN_S4/cbmc_binsearch-sat-lin.c_a17_s4_satelite.cnf", 12345], [0.032, 0.032, {"__enum__": "StatusType.SUCCESS"}, {}]], [[23, "instances/sat/data/CBMC/CBMC_LIN_S4/cbmc_binsearch-sat-lin.c_a17_s4_satelite.cnf", 12345], [0.032, 0.032, {"__enum__": "StatusType.SUCCESS"}, {}]], [[26, "instances/sat/data/CBMC/CBMC_LIN_S4/cbmc_binsearch-sat-lin.c_a17_s4_satelite.cnf", 12345], [0.04, 0.04, {"__enum__": "StatusType.SUCCESS"}, {}]], [[27, "instances/sat/data/CBMC/CBMC_LIN_S4/cbmc_binsearch-sat-lin.c_a17_s4_satelite.cnf", 12345], [0.032, 0.032, {"__enum__": "StatusType.SUCCESS"}, {}]], [[22, "instances/sat/data/CBMC/CBMC_LIN_S4/cbmc_binsearch-sat-lin.c_a19_s4_satelite.cnf", 12345], [0.032, 0.032, {"__enum__": "StatusType.SUCCESS"}, {}]], [[23, "instances/sat/data/CBMC/CBMC_LIN_S4/cbmc_binsearch-sat-lin.c_a19_s4_satelite.cnf", 12345], [0.032, 0.032, {"__enum__": "StatusType.SUCCESS"}, {}]], [[27, "instances/sat/data/CBMC/CBMC_LIN_S4/cbmc_binsearch-sat-lin.c_a19_s4_satelite.cnf", 12345], [0.032, 0.032, {"__enum__": "StatusType.SUCCESS"}, {}]], [[23, "instances/sat/data/CBMC/CBMC_LIN_S4/cbmc_binsearch-sat-lin.c_a21_s4_satelite.cnf", 12345], [0.032, 0.032, {"__enum__": "StatusType.SUCCESS"}, {}]], [[27, "instances/sat/data/CBMC/CBMC_LIN_S4/cbmc_binsearch-sat-lin.c_a21_s4_satelite.cnf", 12345], [0.032, 0.032, {"__enum__": "StatusType.SUCCESS"}, {}]], [[27, "instances/sat/data/CBMC/CBMC_LIN_S4/cbmc_binsearch-sat-lin.c_a22_s4_satelite.cnf", 12345], [0.032, 0.032, {"__enum__": "StatusType.SUCCESS"}, {}]], [[27, "instances/sat/data/CBMC/CBMC_LIN_S4/cbmc_binsearch-sat-lin.c_a24_s4_satelite.cnf", 12345], [0.032, 0.032, {"__enum__": "StatusType.SUCCESS"}, {}]], [[28, "instances/sat/data/CBMC/CBMC_LIN_S4/cbmc_binsearch-sat-lin.c_a2_s4_satelite.cnf", 12345], [0.044, 0.044, {"__enum__": "StatusType.SUCCESS"}, {}]], [[29, "instances/sat/data/CBMC/CBMC_LIN_S4/cbmc_binsearch-sat-lin.c_a2_s4_satelite.cnf", 12345], [0.028, 0.028, {"__enum__": "StatusType.SUCCESS"}, {}]], [[30, "instances/sat/data/CBMC/CBMC_LIN_S4/cbmc_binsearch-sat-lin.c_a2_s4_satelite.cnf", 12345], [0.872, 0.872, {"__enum__": "StatusType.SUCCESS"}, {}]], [[31, "instances/sat/data/CBMC/CBMC_LIN_S4/cbmc_binsearch-sat-lin.c_a2_s4_satelite.cnf", 12345], [0.032, 0.032, {"__enum__": "StatusType.SUCCESS"}, {}]], [[32, "instances/sat/data/CBMC/CBMC_LIN_S4/cbmc_binsearch-sat-lin.c_a2_s4_satelite.cnf", 12345], [0.032, 0.032, {"__enum__": "StatusType.SUCCESS"}, {}]], [[33, "instances/sat/data/CBMC/CBMC_LIN_S4/cbmc_binsearch-sat-lin.c_a2_s4_satelite.cnf", 12345], [5.0, 5.0, {"__enum__": "StatusType.TIMEOUT"}, {}]], [[28, "instances/sat/data/CBMC/CBMC_LIN_S4/cbmc_binsearch-sat-lin.c_a3_s4_satelite.cnf", 12345], [0.04, 0.04, {"__enum__": "StatusType.SUCCESS"}, {}]], [[30, "instances/sat/data/CBMC/CBMC_LIN_S4/cbmc_binsearch-sat-lin.c_a3_s4_satelite.cnf", 12345], [0.864, 0.864, {"__enum__": "StatusType.SUCCESS"}, {}]], [[29, "instances/sat/data/CBMC/CBMC_LIN_S4/cbmc_binsearch-sat-lin.c_a3_s4_satelite.cnf", 12345], [0.028, 0.028, {"__enum__": "StatusType.SUCCESS"}, {}]], [[31, "instances/sat/data/CBMC/CBMC_LIN_S4/cbmc_binsearch-sat-lin.c_a3_s4_satelite.cnf", 12345], [0.032, 0.032, {"__enum__": "StatusType.SUCCESS"}, {}]], [[32, "instances/sat/data/CBMC/CBMC_LIN_S4/cbmc_binsearch-sat-lin.c_a3_s4_satelite.cnf", 12345], [0.032, 0.032, {"__enum__": "StatusType.SUCCESS"}, {}]], [[24, "instances/sat/data/CBMC/CBMC_LIN_S4/cbmc_binsearch-sat-lin.c_a3_s4_satelite.cnf", 12345], [5.0, 5.0, {"__enum__": "StatusType.TIMEOUT"}, {}]], [[28, "instances/sat/data/CBMC/CBMC_LIN_S4/cbmc_binsearch-sat-lin.c_a5_s4_satelite.cnf", 12345], [0.04, 0.04, {"__enum__": "StatusType.SUCCESS"}, {}]], [[29, "instances/sat/data/CBMC/CBMC_LIN_S4/cbmc_binsearch-sat-lin.c_a5_s4_satelite.cnf", 12345], [0.028, 0.028, {"__enum__": "StatusType.SUCCESS"}, {}]], [[30, "instances/sat/data/CBMC/CBMC_LIN_S4/cbmc_binsearch-sat-lin.c_a5_s4_satelite.cnf", 12345], [0.884, 0.884, {"__enum__": "StatusType.SUCCESS"}, {}]], [[31, "instances/sat/data/CBMC/CBMC_LIN_S4/cbmc_binsearch-sat-lin.c_a5_s4_satelite.cnf", 12345], [0.032, 0.032, {"__enum__": "StatusType.SUCCESS"}, {}]], [[32, "instances/sat/data/CBMC/CBMC_LIN_S4/cbmc_binsearch-sat-lin.c_a5_s4_satelite.cnf", 12345], [0.032, 0.032, {"__enum__": "StatusType.SUCCESS"}, {}]], [[28, "instances/sat/data/CBMC/CBMC_LIN_S4/cbmc_binsearch-sat-lin.c_a6_s4_satelite.cnf", 12345], [0.04, 0.04, {"__enum__": "StatusType.SUCCESS"}, {}]], [[29, "instances/sat/data/CBMC/CBMC_LIN_S4/cbmc_binsearch-sat-lin.c_a6_s4_satelite.cnf", 12345], [0.028, 0.028, {"__enum__": "StatusType.SUCCESS"}, {}]], [[32, "instances/sat/data/CBMC/CBMC_LIN_S4/cbmc_binsearch-sat-lin.c_a6_s4_satelite.cnf", 12345], [0.032, 0.032, {"__enum__": "StatusType.SUCCESS"}, {}]], [[31, "instances/sat/data/CBMC/CBMC_LIN_S4/cbmc_binsearch-sat-lin.c_a6_s4_satelite.cnf", 12345], [0.032, 0.032, {"__enum__": "StatusType.SUCCESS"}, {}]], [[28, "instances/sat/data/CBMC/CBMC_LIN_S4/cbmc_binsearch-sat-lin.c_a9_s4_satelite.cnf", 12345], [0.032, 0.032, {"__enum__": "StatusType.SUCCESS"}, {}]], [[29, "instances/sat/data/CBMC/CBMC_LIN_S4/cbmc_binsearch-sat-lin.c_a9_s4_satelite.cnf", 12345], [0.044, 0.044, {"__enum__": "StatusType.SUCCESS"}, {}]], [[32, "instances/sat/data/CBMC/CBMC_LIN_S4/cbmc_binsearch-sat-lin.c_a9_s4_satelite.cnf", 12345], [0.032, 0.032, {"__enum__": "StatusType.SUCCESS"}, {}]], [[31, "instances/sat/data/CBMC/CBMC_LIN_S4/cbmc_binsearch-sat-lin.c_a9_s4_satelite.cnf", 12345], [0.028, 0.028, {"__enum__": "StatusType.SUCCESS"}, {}]], [[28, "instances/sat/data/CBMC/CBMC_LIN_S4/cbmc_binsearch-sat-lin.c_a17_s4_satelite.cnf", 12345], [0.04, 0.04, {"__enum__": "StatusType.SUCCESS"}, {}]], [[31, "instances/sat/data/CBMC/CBMC_LIN_S4/cbmc_binsearch-sat-lin.c_a17_s4_satelite.cnf", 12345], [0.032, 0.032, {"__enum__": "StatusType.SUCCESS"}, {}]], [[32, "instances/sat/data/CBMC/CBMC_LIN_S4/cbmc_binsearch-sat-lin.c_a17_s4_satelite.cnf", 12345], [0.032, 0.032, {"__enum__": "StatusType.SUCCESS"}, {}]], [[32, "instances/sat/data/CBMC/CBMC_LIN_S4/cbmc_binsearch-sat-lin.c_a19_s4_satelite.cnf", 12345], [0.032, 0.032, {"__enum__": "StatusType.SUCCESS"}, {}]], [[31, "instances/sat/data/CBMC/CBMC_LIN_S4/cbmc_binsearch-sat-lin.c_a19_s4_satelite.cnf", 12345], [0.032, 0.032, {"__enum__": "StatusType.SUCCESS"}, {}]], [[31, "instances/sat/data/CBMC/CBMC_LIN_S4/cbmc_binsearch-sat-lin.c_a21_s4_satelite.cnf", 12345], [0.032, 0.032, {"__enum__": "StatusType.SUCCESS"}, {}]], [[32, "instances/sat/data/CBMC/CBMC_LIN_S4/cbmc_binsearch-sat-lin.c_a21_s4_satelite.cnf", 12345], [0.032, 0.032, {"__enum__": "StatusType.SUCCESS"}, {}]], [[32, "instances/sat/data/CBMC/CBMC_LIN_S4/cbmc_binsearch-sat-lin.c_a22_s4_satelite.cnf", 12345], [0.032, 0.032, {"__enum__": "StatusType.SUCCESS"}, {}]], [[34, "instances/sat/data/CBMC/CBMC_LIN_S4/cbmc_binsearch-sat-lin.c_a2_s4_satelite.cnf", 12345], [0.04, 0.04, {"__enum__": "StatusType.SUCCESS"}, {}]], [[35, "instances/sat/data/CBMC/CBMC_LIN_S4/cbmc_binsearch-sat-lin.c_a2_s4_satelite.cnf", 12345], [5.0, 5.0, {"__enum__": "StatusType.TIMEOUT"}, {}]], [[34, "instances/sat/data/CBMC/CBMC_LIN_S4/cbmc_binsearch-sat-lin.c_a3_s4_satelite.cnf", 12345], [0.04, 0.04, {"__enum__": "StatusType.SUCCESS"}, {}]], [[35, "instances/sat/data/CBMC/CBMC_LIN_S4/cbmc_binsearch-sat-lin.c_a3_s4_satelite.cnf", 12345], [5.0, 5.0, {"__enum__": "StatusType.TIMEOUT"}, {}]], [[34, "instances/sat/data/CBMC/CBMC_LIN_S4/cbmc_binsearch-sat-lin.c_a5_s4_satelite.cnf", 12345], [0.04, 0.04, {"__enum__": "StatusType.SUCCESS"}, {}]], [[25, "instances/sat/data/CBMC/CBMC_LIN_S4/cbmc_binsearch-sat-lin.c_a5_s4_satelite.cnf", 12345], [5.0, 5.0, {"__enum__": "StatusType.TIMEOUT"}, {}]], [[34, "instances/sat/data/CBMC/CBMC_LIN_S4/cbmc_binsearch-sat-lin.c_a6_s4_satelite.cnf", 12345], [0.04, 0.04, {"__enum__": "StatusType.SUCCESS"}, {}]], [[25, "instances/sat/data/CBMC/CBMC_LIN_S4/cbmc_binsearch-sat-lin.c_a6_s4_satelite.cnf", 12345], [5.0, 5.0, {"__enum__": "StatusType.TIMEOUT"}, {}]], [[34, "instances/sat/data/CBMC/CBMC_LIN_S4/cbmc_binsearch-sat-lin.c_a9_s4_satelite.cnf", 12345], [0.028, 0.028, {"__enum__": "StatusType.SUCCESS"}, {}]], [[34, "instances/sat/data/CBMC/CBMC_LIN_S4/cbmc_binsearch-sat-lin.c_a17_s4_satelite.cnf", 12345], [0.04, 0.04, {"__enum__": "StatusType.SUCCESS"}, {}]], [[34, "instances/sat/data/CBMC/CBMC_LIN_S4/cbmc_binsearch-sat-lin.c_a19_s4_satelite.cnf", 12345], [0.04, 0.04, {"__enum__": "StatusType.SUCCESS"}, {}]], [[26, "instances/sat/data/CBMC/CBMC_LIN_S4/cbmc_binsearch-sat-lin.c_a19_s4_satelite.cnf", 12345], [0.04, 0.04, {"__enum__": "StatusType.SUCCESS"}, {}]], [[26, "instances/sat/data/CBMC/CBMC_LIN_S4/cbmc_binsearch-sat-lin.c_a21_s4_satelite.cnf", 12345], [0.04, 0.04, {"__enum__": "StatusType.SUCCESS"}, {}]], [[36, "instances/sat/data/CBMC/CBMC_LIN_S4/cbmc_binsearch-sat-lin.c_a2_s4_satelite.cnf", 12345], [0.04, 0.04, {"__enum__": "StatusType.SUCCESS"}, {}]], [[37, "instances/sat/data/CBMC/CBMC_LIN_S4/cbmc_binsearch-sat-lin.c_a2_s4_satelite.cnf", 12345], [5.0, 5.0, {"__enum__": "StatusType.TIMEOUT"}, {}]], [[36, "instances/sat/data/CBMC/CBMC_LIN_S4/cbmc_binsearch-sat-lin.c_a3_s4_satelite.cnf", 12345], [0.04, 0.04, {"__enum__": "StatusType.SUCCESS"}, {}]], [[33, "instances/sat/data/CBMC/CBMC_LIN_S4/cbmc_binsearch-sat-lin.c_a3_s4_satelite.cnf", 12345], [5.0, 5.0, {"__enum__": "StatusType.TIMEOUT"}, {}]], [[37, "instances/sat/data/CBMC/CBMC_LIN_S4/cbmc_binsearch-sat-lin.c_a3_s4_satelite.cnf", 12345], [5.0, 5.0, {"__enum__": "StatusType.TIMEOUT"}, {}]], [[36, "instances/sat/data/CBMC/CBMC_LIN_S4/cbmc_binsearch-sat-lin.c_a5_s4_satelite.cnf", 12345], [0.04, 0.04, {"__enum__": "StatusType.SUCCESS"}, {}]], [[37, "instances/sat/data/CBMC/CBMC_LIN_S4/cbmc_binsearch-sat-lin.c_a5_s4_satelite.cnf", 12345], [5.0, 5.0, {"__enum__": "StatusType.TIMEOUT"}, {}]], [[36, "instances/sat/data/CBMC/CBMC_LIN_S4/cbmc_binsearch-sat-lin.c_a6_s4_satelite.cnf", 12345], [0.04, 0.04, {"__enum__": "StatusType.SUCCESS"}, {}]], [[30, "instances/sat/data/CBMC/CBMC_LIN_S4/cbmc_binsearch-sat-lin.c_a6_s4_satelite.cnf", 12345], [0.884, 0.884, {"__enum__": "StatusType.SUCCESS"}, {}]], [[36, "instances/sat/data/CBMC/CBMC_LIN_S4/cbmc_binsearch-sat-lin.c_a9_s4_satelite.cnf", 12345], [0.028, 0.028, {"__enum__": "StatusType.SUCCESS"}, {}]], [[36, "instances/sat/data/CBMC/CBMC_LIN_S4/cbmc_binsearch-sat-lin.c_a17_s4_satelite.cnf", 12345], [0.04, 0.04, {"__enum__": "StatusType.SUCCESS"}, {}]], [[28, "instances/sat/data/CBMC/CBMC_LIN_S4/cbmc_binsearch-sat-lin.c_a19_s4_satelite.cnf", 12345], [0.04, 0.04, {"__enum__": "StatusType.SUCCESS"}, {}]], [[31, "instances/sat/data/CBMC/CBMC_LIN_S4/cbmc_binsearch-sat-lin.c_a22_s4_satelite.cnf", 12345], [0.032, 0.032, {"__enum__": "StatusType.SUCCESS"}, {}]], [[31, "instances/sat/data/CBMC/CBMC_LIN_S4/cbmc_binsearch-sat-lin.c_a24_s4_satelite.cnf", 12345], [0.032, 0.032, {"__enum__": "StatusType.SUCCESS"}, {}]], [[38, "instances/sat/data/CBMC/CBMC_LIN_S4/cbmc_binsearch-sat-lin.c_a2_s4_satelite.cnf", 12345], [0.032, 0.032, {"__enum__": "StatusType.SUCCESS"}, {}]], [[39, "instances/sat/data/CBMC/CBMC_LIN_S4/cbmc_binsearch-sat-lin.c_a2_s4_satelite.cnf", 12345], [0.036, 0.036, {"__enum__": "StatusType.SUCCESS"}, {}]], [[40, "instances/sat/data/CBMC/CBMC_LIN_S4/cbmc_binsearch-sat-lin.c_a2_s4_satelite.cnf", 12345], [5.0, 5.0, {"__enum__": "StatusType.TIMEOUT"}, {}]], [[41, "instances/sat/data/CBMC/CBMC_LIN_S4/cbmc_binsearch-sat-lin.c_a2_s4_satelite.cnf", 12345], [5.0, 5.0, {"__enum__": "StatusType.TIMEOUT"}, {}]], [[42, "instances/sat/data/CBMC/CBMC_LIN_S4/cbmc_binsearch-sat-lin.c_a2_s4_satelite.cnf", 12345], [0.032, 0.032, {"__enum__": "StatusType.SUCCESS"}, {}]], [[43, "instances/sat/data/CBMC/CBMC_LIN_S4/cbmc_binsearch-sat-lin.c_a2_s4_satelite.cnf", 12345], [3.956, 3.956, {"__enum__": "StatusType.SUCCESS"}, {}]], [[44, "instances/sat/data/CBMC/CBMC_LIN_S4/cbmc_binsearch-sat-lin.c_a2_s4_satelite.cnf", 12345], [5.0, 5.0, {"__enum__": "StatusType.TIMEOUT"}, {}]], [[38, "instances/sat/data/CBMC/CBMC_LIN_S4/cbmc_binsearch-sat-lin.c_a3_s4_satelite.cnf", 12345], [0.036, 0.036, {"__enum__": "StatusType.SUCCESS"}, {}]], [[39, "instances/sat/data/CBMC/CBMC_LIN_S4/cbmc_binsearch-sat-lin.c_a3_s4_satelite.cnf", 12345], [0.036, 0.036, {"__enum__": "StatusType.SUCCESS"}, {}]], [[43, "instances/sat/data/CBMC/CBMC_LIN_S4/cbmc_binsearch-sat-lin.c_a3_s4_satelite.cnf", 12345], [3.96, 3.96, {"__enum__": "StatusType.SUCCESS"}, {}]], [[42, "instances/sat/data/CBMC/CBMC_LIN_S4/cbmc_binsearch-sat-lin.c_a3_s4_satelite.cnf", 12345], [0.032, 0.032, {"__enum__": "StatusType.SUCCESS"}, {}]], [[41, "instances/sat/data/CBMC/CBMC_LIN_S4/cbmc_binsearch-sat-lin.c_a3_s4_satelite.cnf", 12345], [5.0, 5.0, {"__enum__": "StatusType.TIMEOUT"}, {}]], [[44, "instances/sat/data/CBMC/CBMC_LIN_S4/cbmc_binsearch-sat-lin.c_a3_s4_satelite.cnf", 12345], [5.0, 5.0, {"__enum__": "StatusType.TIMEOUT"}, {}]], [[38, "instances/sat/data/CBMC/CBMC_LIN_S4/cbmc_binsearch-sat-lin.c_a5_s4_satelite.cnf", 12345], [0.036, 0.036, {"__enum__": "StatusType.SUCCESS"}, {}]], [[39, "instances/sat/data/CBMC/CBMC_LIN_S4/cbmc_binsearch-sat-lin.c_a5_s4_satelite.cnf", 12345], [0.036, 0.036, {"__enum__": "StatusType.SUCCESS"}, {}]], [[42, "instances/sat/data/CBMC/CBMC_LIN_S4/cbmc_binsearch-sat-lin.c_a5_s4_satelite.cnf", 12345], [0.032, 0.032, {"__enum__": "StatusType.SUCCESS"}, {}]], [[43, "instances/sat/data/CBMC/CBMC_LIN_S4/cbmc_binsearch-sat-lin.c_a5_s4_satelite.cnf", 12345], [3.912, 3.912, {"__enum__": "StatusType.SUCCESS"}, {}]], [[44, "instances/sat/data/CBMC/CBMC_LIN_S4/cbmc_binsearch-sat-lin.c_a5_s4_satelite.cnf", 12345], [5.0, 5.0, {"__enum__": "StatusType.TIMEOUT"}, {}]], [[38, "instances/sat/data/CBMC/CBMC_LIN_S4/cbmc_binsearch-sat-lin.c_a6_s4_satelite.cnf", 12345], [0.036, 0.036, {"__enum__": "StatusType.SUCCESS"}, {}]], [[39, "instances/sat/data/CBMC/CBMC_LIN_S4/cbmc_binsearch-sat-lin.c_a6_s4_satelite.cnf", 12345], [0.036, 0.036, {"__enum__": "StatusType.SUCCESS"}, {}]], [[42, "instances/sat/data/CBMC/CBMC_LIN_S4/cbmc_binsearch-sat-lin.c_a6_s4_satelite.cnf", 12345], [0.032, 0.032, {"__enum__": "StatusType.SUCCESS"}, {}]], [[43, "instances/sat/data/CBMC/CBMC_LIN_S4/cbmc_binsearch-sat-lin.c_a6_s4_satelite.cnf", 12345], [3.976, 3.976, {"__enum__": "StatusType.SUCCESS"}, {}]], [[38, "instances/sat/data/CBMC/CBMC_LIN_S4/cbmc_binsearch-sat-lin.c_a9_s4_satelite.cnf", 12345], [0.036, 0.036, {"__enum__": "StatusType.SUCCESS"}, {}]], [[39, "instances/sat/data/CBMC/CBMC_LIN_S4/cbmc_binsearch-sat-lin.c_a9_s4_satelite.cnf", 12345], [0.028, 0.028, {"__enum__": "StatusType.SUCCESS"}, {}]], [[42, "instances/sat/data/CBMC/CBMC_LIN_S4/cbmc_binsearch-sat-lin.c_a9_s4_satelite.cnf", 12345], [0.032, 0.032, {"__enum__": "StatusType.SUCCESS"}, {}]], [[39, "instances/sat/data/CBMC/CBMC_LIN_S4/cbmc_binsearch-sat-lin.c_a17_s4_satelite.cnf", 12345], [0.036, 0.036, {"__enum__": "StatusType.SUCCESS"}, {}]], [[42, "instances/sat/data/CBMC/CBMC_LIN_S4/cbmc_binsearch-sat-lin.c_a17_s4_satelite.cnf", 12345], [0.032, 0.032, {"__enum__": "StatusType.SUCCESS"}, {}]], [[42, "instances/sat/data/CBMC/CBMC_LIN_S4/cbmc_binsearch-sat-lin.c_a19_s4_satelite.cnf", 12345], [0.032, 0.032, {"__enum__": "StatusType.SUCCESS"}, {}]], [[42, "instances/sat/data/CBMC/CBMC_LIN_S4/cbmc_binsearch-sat-lin.c_a21_s4_satelite.cnf", 12345], [0.032, 0.032, {"__enum__": "StatusType.SUCCESS"}, {}]], [[42, "instances/sat/data/CBMC/CBMC_LIN_S4/cbmc_binsearch-sat-lin.c_a22_s4_satelite.cnf", 12345], [0.032, 0.032, {"__enum__": "StatusType.SUCCESS"}, {}]], [[42, "instances/sat/data/CBMC/CBMC_LIN_S4/cbmc_binsearch-sat-lin.c_a24_s4_satelite.cnf", 12345], [0.032, 0.032, {"__enum__": "StatusType.SUCCESS"}, {}]], [[24, "instances/sat/data/CBMC/CBMC_LIN_S4/cbmc_binsearch-sat-lin.c_a5_s4_satelite.cnf", 12345], [5.0, 5.0, {"__enum__": "StatusType.TIMEOUT"}, {}]], [[35, "instances/sat/data/CBMC/CBMC_LIN_S4/cbmc_binsearch-sat-lin.c_a5_s4_satelite.cnf", 12345], [5.0, 5.0, {"__enum__": "StatusType.TIMEOUT"}, {}]], [[35, "instances/sat/data/CBMC/CBMC_LIN_S4/cbmc_binsearch-sat-lin.c_a6_s4_satelite.cnf", 12345], [5.0, 5.0, {"__enum__": "StatusType.TIMEOUT"}, {}]], [[23, "instances/sat/data/CBMC/CBMC_LIN_S4/cbmc_binsearch-sat-lin.c_a22_s4_satelite.cnf", 12345], [0.032, 0.032, {"__enum__": "StatusType.SUCCESS"}, {}]], [[22, "instances/sat/data/CBMC/CBMC_LIN_S4/cbmc_binsearch-sat-lin.c_a21_s4_satelite.cnf", 12345], [0.032, 0.032, {"__enum__": "StatusType.SUCCESS"}, {}]], [[22, "instances/sat/data/CBMC/CBMC_LIN_S4/cbmc_binsearch-sat-lin.c_a22_s4_satelite.cnf", 12345], [0.032, 0.032, {"__enum__": "StatusType.SUCCESS"}, {}]], [[22, "instances/sat/data/CBMC/CBMC_LIN_S4/cbmc_binsearch-sat-lin.c_a24_s4_satelite.cnf", 12345], [0.032, 0.032, {"__enum__": "StatusType.SUCCESS"}, {}]], [[21, "instances/sat/data/CBMC/CBMC_LIN_S4/cbmc_binsearch-sat-lin.c_a17_s4_satelite.cnf", 12345], [0.04, 0.04, {"__enum__": "StatusType.SUCCESS"}, {}]], [[21, "instances/sat/data/CBMC/CBMC_LIN_S4/cbmc_binsearch-sat-lin.c_a19_s4_satelite.cnf", 12345], [0.04, 0.04, {"__enum__": "StatusType.SUCCESS"}, {}]], [[45, "instances/sat/data/CBMC/CBMC_LIN_S4/cbmc_binsearch-sat-lin.c_a2_s4_satelite.cnf", 12345], [0.028, 0.028, {"__enum__": "StatusType.SUCCESS"}, {}]], [[45, "instances/sat/data/CBMC/CBMC_LIN_S4/cbmc_binsearch-sat-lin.c_a3_s4_satelite.cnf", 12345], [0.028, 0.028, {"__enum__": "StatusType.SUCCESS"}, {}]], [[45, "instances/sat/data/CBMC/CBMC_LIN_S4/cbmc_binsearch-sat-lin.c_a5_s4_satelite.cnf", 12345], [0.028, 0.028, {"__enum__": "StatusType.SUCCESS"}, {}]], [[45, "instances/sat/data/CBMC/CBMC_LIN_S4/cbmc_binsearch-sat-lin.c_a6_s4_satelite.cnf", 12345], [0.028, 0.028, {"__enum__": "StatusType.SUCCESS"}, {}]], [[45, "instances/sat/data/CBMC/CBMC_LIN_S4/cbmc_binsearch-sat-lin.c_a9_s4_satelite.cnf", 12345], [0.04, 0.04, {"__enum__": "StatusType.SUCCESS"}, {}]], [[23, "instances/sat/data/CBMC/CBMC_LIN_S4/cbmc_binsearch-sat-lin.c_a24_s4_satelite.cnf", 12345], [0.032, 0.032, {"__enum__": "StatusType.SUCCESS"}, {}]], [[24, "instances/sat/data/CBMC/CBMC_LIN_S4/cbmc_binsearch-sat-lin.c_a6_s4_satelite.cnf", 12345], [5.0, 5.0, {"__enum__": "StatusType.TIMEOUT"}, {}]], [[21, "instances/sat/data/CBMC/CBMC_LIN_S4/cbmc_binsearch-sat-lin.c_a21_s4_satelite.cnf", 12345], [0.04, 0.04, {"__enum__": "StatusType.SUCCESS"}, {}]], [[46, "instances/sat/data/CBMC/CBMC_LIN_S4/cbmc_binsearch-sat-lin.c_a2_s4_satelite.cnf", 12345], [0.044, 0.044, {"__enum__": "StatusType.SUCCESS"}, {}]], [[46, "instances/sat/data/CBMC/CBMC_LIN_S4/cbmc_binsearch-sat-lin.c_a3_s4_satelite.cnf", 12345], [0.04, 0.04, {"__enum__": "StatusType.SUCCESS"}, {}]], [[46, "instances/sat/data/CBMC/CBMC_LIN_S4/cbmc_binsearch-sat-lin.c_a5_s4_satelite.cnf", 12345], [0.044, 0.044, {"__enum__": "StatusType.SUCCESS"}, {}]], [[46, "instances/sat/data/CBMC/CBMC_LIN_S4/cbmc_binsearch-sat-lin.c_a6_s4_satelite.cnf", 12345], [0.04, 0.04, {"__enum__": "StatusType.SUCCESS"}, {}]], [[46, "instances/sat/data/CBMC/CBMC_LIN_S4/cbmc_binsearch-sat-lin.c_a9_s4_satelite.cnf", 12345], [0.032, 0.032, {"__enum__": "StatusType.SUCCESS"}, {}]], [[47, "instances/sat/data/CBMC/CBMC_LIN_S4/cbmc_binsearch-sat-lin.c_a2_s4_satelite.cnf", 12345], [0.044, 0.044, {"__enum__": "StatusType.SUCCESS"}, {}]], [[48, "instances/sat/data/CBMC/CBMC_LIN_S4/cbmc_binsearch-sat-lin.c_a2_s4_satelite.cnf", 12345], [0.032, 0.032, {"__enum__": "StatusType.SUCCESS"}, {}]], [[49, "instances/sat/data/CBMC/CBMC_LIN_S4/cbmc_binsearch-sat-lin.c_a2_s4_satelite.cnf", 12345], [0.04, 0.04, {"__enum__": "StatusType.SUCCESS"}, {}]], [[50, "instances/sat/data/CBMC/CBMC_LIN_S4/cbmc_binsearch-sat-lin.c_a2_s4_satelite.cnf", 12345], [0.032, 0.032, {"__enum__": "StatusType.SUCCESS"}, {}]], [[51, "instances/sat/data/CBMC/CBMC_LIN_S4/cbmc_binsearch-sat-lin.c_a2_s4_satelite.cnf", 12345], [5.0, 5.0, {"__enum__": "StatusType.TIMEOUT"}, {}]], [[52, "instances/sat/data/CBMC/CBMC_LIN_S4/cbmc_binsearch-sat-lin.c_a2_s4_satelite.cnf", 12345], [5.0, 5.0, {"__enum__": "StatusType.SUCCESS"}, {}]], [[53, "instances/sat/data/CBMC/CBMC_LIN_S4/cbmc_binsearch-sat-lin.c_a2_s4_satelite.cnf", 12345], [5.0, 5.0, {"__enum__": "StatusType.TIMEOUT"}, {}]], [[47, "instances/sat/data/CBMC/CBMC_LIN_S4/cbmc_binsearch-sat-lin.c_a3_s4_satelite.cnf", 12345], [0.044, 0.044, {"__enum__": "StatusType.SUCCESS"}, {}]], [[48, "instances/sat/data/CBMC/CBMC_LIN_S4/cbmc_binsearch-sat-lin.c_a3_s4_satelite.cnf", 12345], [0.032, 0.032, {"__enum__": "StatusType.SUCCESS"}, {}]], [[49, "instances/sat/data/CBMC/CBMC_LIN_S4/cbmc_binsearch-sat-lin.c_a3_s4_satelite.cnf", 12345], [0.036, 0.036, {"__enum__": "StatusType.SUCCESS"}, {}]], [[50, "instances/sat/data/CBMC/CBMC_LIN_S4/cbmc_binsearch-sat-lin.c_a3_s4_satelite.cnf", 12345], [0.032, 0.032, {"__enum__": "StatusType.SUCCESS"}, {}]], [[52, "instances/sat/data/CBMC/CBMC_LIN_S4/cbmc_binsearch-sat-lin.c_a3_s4_satelite.cnf", 12345], [5.0, 5.0, {"__enum__": "StatusType.SUCCESS"}, {}]], [[53, "instances/sat/data/CBMC/CBMC_LIN_S4/cbmc_binsearch-sat-lin.c_a3_s4_satelite.cnf", 12345], [5.0, 5.0, {"__enum__": "StatusType.TIMEOUT"}, {}]], [[47, "instances/sat/data/CBMC/CBMC_LIN_S4/cbmc_binsearch-sat-lin.c_a5_s4_satelite.cnf", 12345], [0.044, 0.044, {"__enum__": "StatusType.SUCCESS"}, {}]], [[48, "instances/sat/data/CBMC/CBMC_LIN_S4/cbmc_binsearch-sat-lin.c_a5_s4_satelite.cnf", 12345], [0.032, 0.032, {"__enum__": "StatusType.SUCCESS"}, {}]], [[50, "instances/sat/data/CBMC/CBMC_LIN_S4/cbmc_binsearch-sat-lin.c_a5_s4_satelite.cnf", 12345], [0.032, 0.032, {"__enum__": "StatusType.SUCCESS"}, {}]], [[49, "instances/sat/data/CBMC/CBMC_LIN_S4/cbmc_binsearch-sat-lin.c_a5_s4_satelite.cnf", 12345], [0.036, 0.036, {"__enum__": "StatusType.SUCCESS"}, {}]], [[53, "instances/sat/data/CBMC/CBMC_LIN_S4/cbmc_binsearch-sat-lin.c_a5_s4_satelite.cnf", 12345], [5.0, 5.0, {"__enum__": "StatusType.TIMEOUT"}, {}]], [[47, "instances/sat/data/CBMC/CBMC_LIN_S4/cbmc_binsearch-sat-lin.c_a6_s4_satelite.cnf", 12345], [0.044, 0.044, {"__enum__": "StatusType.SUCCESS"}, {}]], [[48, "instances/sat/data/CBMC/CBMC_LIN_S4/cbmc_binsearch-sat-lin.c_a6_s4_satelite.cnf", 12345], [0.032, 0.032, {"__enum__": "StatusType.SUCCESS"}, {}]], [[50, "instances/sat/data/CBMC/CBMC_LIN_S4/cbmc_binsearch-sat-lin.c_a6_s4_satelite.cnf", 12345], [0.032, 0.032, {"__enum__": "StatusType.SUCCESS"}, {}]], [[49, "instances/sat/data/CBMC/CBMC_LIN_S4/cbmc_binsearch-sat-lin.c_a6_s4_satelite.cnf", 12345], [0.036, 0.036, {"__enum__": "StatusType.SUCCESS"}, {}]], [[48, "instances/sat/data/CBMC/CBMC_LIN_S4/cbmc_binsearch-sat-lin.c_a9_s4_satelite.cnf", 12345], [0.052, 0.052, {"__enum__": "StatusType.SUCCESS"}, {}]], [[49, "instances/sat/data/CBMC/CBMC_LIN_S4/cbmc_binsearch-sat-lin.c_a9_s4_satelite.cnf", 12345], [0.04, 0.04, {"__enum__": "StatusType.SUCCESS"}, {}]], [[50, "instances/sat/data/CBMC/CBMC_LIN_S4/cbmc_binsearch-sat-lin.c_a9_s4_satelite.cnf", 12345], [0.068, 0.068, {"__enum__": "StatusType.SUCCESS"}, {}]], [[48, "instances/sat/data/CBMC/CBMC_LIN_S4/cbmc_binsearch-sat-lin.c_a17_s4_satelite.cnf", 12345], [0.032, 0.032, {"__enum__": "StatusType.SUCCESS"}, {}]], [[49, "instances/sat/data/CBMC/CBMC_LIN_S4/cbmc_binsearch-sat-lin.c_a17_s4_satelite.cnf", 12345], [0.036, 0.036, {"__enum__": "StatusType.SUCCESS"}, {}]], [[48, "instances/sat/data/CBMC/CBMC_LIN_S4/cbmc_binsearch-sat-lin.c_a19_s4_satelite.cnf", 12345], [0.032, 0.032, {"__enum__": "StatusType.SUCCESS"}, {}]], [[48, "instances/sat/data/CBMC/CBMC_LIN_S4/cbmc_binsearch-sat-lin.c_a21_s4_satelite.cnf", 12345], [0.032, 0.032, {"__enum__": "StatusType.SUCCESS"}, {}]], [[54, "instances/sat/data/CBMC/CBMC_LIN_S4/cbmc_binsearch-sat-lin.c_a2_s4_satelite.cnf", 12345], [0.036, 0.036, {"__enum__": "StatusType.SUCCESS"}, {}]], [[55, "instances/sat/data/CBMC/CBMC_LIN_S4/cbmc_binsearch-sat-lin.c_a2_s4_satelite.cnf", 12345], [0.044, 0.044, {"__enum__": "StatusType.SUCCESS"}, {}]], [[56, "instances/sat/data/CBMC/CBMC_LIN_S4/cbmc_binsearch-sat-lin.c_a2_s4_satelite.cnf", 12345], [5.0, 5.0, {"__enum__": "StatusType.TIMEOUT"}, {}]], [[57, "instances/sat/data/CBMC/CBMC_LIN_S4/cbmc_binsearch-sat-lin.c_a2_s4_satelite.cnf", 12345], [5.0, 5.0, {"__enum__": "StatusType.TIMEOUT"}, {}]], [[54, "instances/sat/data/CBMC/CBMC_LIN_S4/cbmc_binsearch-sat-lin.c_a3_s4_satelite.cnf", 12345], [0.036, 0.036, {"__enum__": "StatusType.SUCCESS"}, {}]], [[55, "instances/sat/data/CBMC/CBMC_LIN_S4/cbmc_binsearch-sat-lin.c_a3_s4_satelite.cnf", 12345], [0.044, 0.044, {"__enum__": "StatusType.SUCCESS"}, {}]], [[57, "instances/sat/data/CBMC/CBMC_LIN_S4/cbmc_binsearch-sat-lin.c_a3_s4_satelite.cnf", 12345], [5.0, 5.0, {"__enum__": "StatusType.TIMEOUT"}, {}]], [[54, "instances/sat/data/CBMC/CBMC_LIN_S4/cbmc_binsearch-sat-lin.c_a5_s4_satelite.cnf", 12345], [0.036, 0.036, {"__enum__": "StatusType.SUCCESS"}, {}]], [[55, "instances/sat/data/CBMC/CBMC_LIN_S4/cbmc_binsearch-sat-lin.c_a5_s4_satelite.cnf", 12345], [0.044, 0.044, {"__enum__": "StatusType.SUCCESS"}, {}]], [[57, "instances/sat/data/CBMC/CBMC_LIN_S4/cbmc_binsearch-sat-lin.c_a5_s4_satelite.cnf", 12345], [5.0, 5.0, {"__enum__": "StatusType.TIMEOUT"}, {}]], [[54, "instances/sat/data/CBMC/CBMC_LIN_S4/cbmc_binsearch-sat-lin.c_a6_s4_satelite.cnf", 12345], [0.036, 0.036, {"__enum__": "StatusType.SUCCESS"}, {}]], [[55, "instances/sat/data/CBMC/CBMC_LIN_S4/cbmc_binsearch-sat-lin.c_a6_s4_satelite.cnf", 12345], [0.044, 0.044, {"__enum__": "StatusType.SUCCESS"}, {}]], [[54, "instances/sat/data/CBMC/CBMC_LIN_S4/cbmc_binsearch-sat-lin.c_a9_s4_satelite.cnf", 12345], [0.032, 0.032, {"__enum__": "StatusType.SUCCESS"}, {}]], [[55, "instances/sat/data/CBMC/CBMC_LIN_S4/cbmc_binsearch-sat-lin.c_a9_s4_satelite.cnf", 12345], [0.04, 0.04, {"__enum__": "StatusType.SUCCESS"}, {}]], [[54, "instances/sat/data/CBMC/CBMC_LIN_S4/cbmc_binsearch-sat-lin.c_a17_s4_satelite.cnf", 12345], [0.036, 0.036, {"__enum__": "StatusType.SUCCESS"}, {}]], [[45, "instances/sat/data/CBMC/CBMC_LIN_S4/cbmc_binsearch-sat-lin.c_a17_s4_satelite.cnf", 12345], [0.028, 0.028, {"__enum__": "StatusType.SUCCESS"}, {}]], [[45, "instances/sat/data/CBMC/CBMC_LIN_S4/cbmc_binsearch-sat-lin.c_a19_s4_satelite.cnf", 12345], [0.028, 0.028, {"__enum__": "StatusType.SUCCESS"}, {}]], [[45, "instances/sat/data/CBMC/CBMC_LIN_S4/cbmc_binsearch-sat-lin.c_a21_s4_satelite.cnf", 12345], [0.028, 0.028, {"__enum__": "StatusType.SUCCESS"}, {}]], [[45, "instances/sat/data/CBMC/CBMC_LIN_S4/cbmc_binsearch-sat-lin.c_a22_s4_satelite.cnf", 12345], [0.028, 0.028, {"__enum__": "StatusType.SUCCESS"}, {}]], [[45, "instances/sat/data/CBMC/CBMC_LIN_S4/cbmc_binsearch-sat-lin.c_a24_s4_satelite.cnf", 12345], [0.028, 0.028, {"__enum__": "StatusType.SUCCESS"}, {}]], [[58, "instances/sat/data/CBMC/CBMC_LIN_S4/cbmc_binsearch-sat-lin.c_a2_s4_satelite.cnf", 12345], [0.04, 0.04, {"__enum__": "StatusType.SUCCESS"}, {}]], [[59, "instances/sat/data/CBMC/CBMC_LIN_S4/cbmc_binsearch-sat-lin.c_a2_s4_satelite.cnf", 12345], [5.0, 5.0, {"__enum__": "StatusType.TIMEOUT"}, {}]], [[60, "instances/sat/data/CBMC/CBMC_LIN_S4/cbmc_binsearch-sat-lin.c_a2_s4_satelite.cnf", 12345], [0.036, 0.036, {"__enum__": "StatusType.SUCCESS"}, {}]], [[61, "instances/sat/data/CBMC/CBMC_LIN_S4/cbmc_binsearch-sat-lin.c_a2_s4_satelite.cnf", 12345], [0.04, 0.04, {"__enum__": "StatusType.SUCCESS"}, {}]], [[62, "instances/sat/data/CBMC/CBMC_LIN_S4/cbmc_binsearch-sat-lin.c_a2_s4_satelite.cnf", 12345], [0.028, 0.028, {"__enum__": "StatusType.SUCCESS"}, {}]], [[63, "instances/sat/data/CBMC/CBMC_LIN_S4/cbmc_binsearch-sat-lin.c_a2_s4_satelite.cnf", 12345], [5.0, 5.0, {"__enum__": "StatusType.TIMEOUT"}, {}]], [[58, "instances/sat/data/CBMC/CBMC_LIN_S4/cbmc_binsearch-sat-lin.c_a3_s4_satelite.cnf", 12345], [0.04, 0.04, {"__enum__": "StatusType.SUCCESS"}, {}]], [[59, "instances/sat/data/CBMC/CBMC_LIN_S4/cbmc_binsearch-sat-lin.c_a3_s4_satelite.cnf", 12345], [5.0, 5.0, {"__enum__": "StatusType.TIMEOUT"}, {}]], [[60, "instances/sat/data/CBMC/CBMC_LIN_S4/cbmc_binsearch-sat-lin.c_a3_s4_satelite.cnf", 12345], [0.036, 0.036, {"__enum__": "StatusType.SUCCESS"}, {}]], [[63, "instances/sat/data/CBMC/CBMC_LIN_S4/cbmc_binsearch-sat-lin.c_a3_s4_satelite.cnf", 12345], [5.0, 5.0, {"__enum__": "StatusType.TIMEOUT"}, {}]], [[61, "instances/sat/data/CBMC/CBMC_LIN_S4/cbmc_binsearch-sat-lin.c_a3_s4_satelite.cnf", 12345], [0.04, 0.04, {"__enum__": "StatusType.SUCCESS"}, {}]], [[62, "instances/sat/data/CBMC/CBMC_LIN_S4/cbmc_binsearch-sat-lin.c_a3_s4_satelite.cnf", 12345], [0.028, 0.028, {"__enum__": "StatusType.SUCCESS"}, {}]], [[58, "instances/sat/data/CBMC/CBMC_LIN_S4/cbmc_binsearch-sat-lin.c_a5_s4_satelite.cnf", 12345], [0.04, 0.04, {"__enum__": "StatusType.SUCCESS"}, {}]], [[60, "instances/sat/data/CBMC/CBMC_LIN_S4/cbmc_binsearch-sat-lin.c_a5_s4_satelite.cnf", 12345], [0.036, 0.036, {"__enum__": "StatusType.SUCCESS"}, {}]], [[61, "instances/sat/data/CBMC/CBMC_LIN_S4/cbmc_binsearch-sat-lin.c_a5_s4_satelite.cnf", 12345], [0.04, 0.04, {"__enum__": "StatusType.SUCCESS"}, {}]], [[62, "instances/sat/data/CBMC/CBMC_LIN_S4/cbmc_binsearch-sat-lin.c_a5_s4_satelite.cnf", 12345], [0.028, 0.028, {"__enum__": "StatusType.SUCCESS"}, {}]], [[63, "instances/sat/data/CBMC/CBMC_LIN_S4/cbmc_binsearch-sat-lin.c_a5_s4_satelite.cnf", 12345], [5.0, 5.0, {"__enum__": "StatusType.TIMEOUT"}, {}]], [[58, "instances/sat/data/CBMC/CBMC_LIN_S4/cbmc_binsearch-sat-lin.c_a6_s4_satelite.cnf", 12345], [0.04, 0.04, {"__enum__": "StatusType.SUCCESS"}, {}]], [[60, "instances/sat/data/CBMC/CBMC_LIN_S4/cbmc_binsearch-sat-lin.c_a6_s4_satelite.cnf", 12345], [0.032, 0.032, {"__enum__": "StatusType.SUCCESS"}, {}]], [[61, "instances/sat/data/CBMC/CBMC_LIN_S4/cbmc_binsearch-sat-lin.c_a6_s4_satelite.cnf", 12345], [0.04, 0.04, {"__enum__": "StatusType.SUCCESS"}, {}]], [[62, "instances/sat/data/CBMC/CBMC_LIN_S4/cbmc_binsearch-sat-lin.c_a6_s4_satelite.cnf", 12345], [0.028, 0.028, {"__enum__": "StatusType.SUCCESS"}, {}]], [[60, "instances/sat/data/CBMC/CBMC_LIN_S4/cbmc_binsearch-sat-lin.c_a9_s4_satelite.cnf", 12345], [0.036, 0.036, {"__enum__": "StatusType.SUCCESS"}, {}]], [[61, "instances/sat/data/CBMC/CBMC_LIN_S4/cbmc_binsearch-sat-lin.c_a9_s4_satelite.cnf", 12345], [0.036, 0.036, {"__enum__": "StatusType.SUCCESS"}, {}]], [[62, "instances/sat/data/CBMC/CBMC_LIN_S4/cbmc_binsearch-sat-lin.c_a9_s4_satelite.cnf", 12345], [0.044, 0.044, {"__enum__": "StatusType.SUCCESS"}, {}]], [[29, "instances/sat/data/CBMC/CBMC_LIN_S4/cbmc_binsearch-sat-lin.c_a17_s4_satelite.cnf", 12345], [0.028, 0.028, {"__enum__": "StatusType.SUCCESS"}, {}]], [[60, "instances/sat/data/CBMC/CBMC_LIN_S4/cbmc_binsearch-sat-lin.c_a17_s4_satelite.cnf", 12345], [0.036, 0.036, {"__enum__": "StatusType.SUCCESS"}, {}]], [[61, "instances/sat/data/CBMC/CBMC_LIN_S4/cbmc_binsearch-sat-lin.c_a17_s4_satelite.cnf", 12345], [0.04, 0.04, {"__enum__": "StatusType.SUCCESS"}, {}]], [[29, "instances/sat/data/CBMC/CBMC_LIN_S4/cbmc_binsearch-sat-lin.c_a19_s4_satelite.cnf", 12345], [0.028, 0.028, {"__enum__": "StatusType.SUCCESS"}, {}]], [[60, "instances/sat/data/CBMC/CBMC_LIN_S4/cbmc_binsearch-sat-lin.c_a19_s4_satelite.cnf", 12345], [0.032, 0.032, {"__enum__": "StatusType.SUCCESS"}, {}]], [[29, "instances/sat/data/CBMC/CBMC_LIN_S4/cbmc_binsearch-sat-lin.c_a21_s4_satelite.cnf", 12345], [0.028, 0.028, {"__enum__": "StatusType.SUCCESS"}, {}]], [[60, "instances/sat/data/CBMC/CBMC_LIN_S4/cbmc_binsearch-sat-lin.c_a21_s4_satelite.cnf", 12345], [0.032, 0.032, {"__enum__": "StatusType.SUCCESS"}, {}]], [[29, "instances/sat/data/CBMC/CBMC_LIN_S4/cbmc_binsearch-sat-lin.c_a22_s4_satelite.cnf", 12345], [0.028, 0.028, {"__enum__": "StatusType.SUCCESS"}, {}]], [[64, "instances/sat/data/CBMC/CBMC_LIN_S4/cbmc_binsearch-sat-lin.c_a2_s4_satelite.cnf", 12345], [5.0, 5.0, {"__enum__": "StatusType.TIMEOUT"}, {}]], [[64, "instances/sat/data/CBMC/CBMC_LIN_S4/cbmc_binsearch-sat-lin.c_a3_s4_satelite.cnf", 12345], [5.0, 5.0, {"__enum__": "StatusType.TIMEOUT"}, {}]], [[64, "instances/sat/data/CBMC/CBMC_LIN_S4/cbmc_binsearch-sat-lin.c_a5_s4_satelite.cnf", 12345], [5.0, 5.0, {"__enum__": "StatusType.TIMEOUT"}, {}]], [[15, "instances/sat/data/CBMC/CBMC_LIN_S4/cbmc_binsearch-sat-lin.c_a6_s4_satelite.cnf", 12345], [5.0, 5.0, {"__enum__": "StatusType.TIMEOUT"}, {}]], [[58, "instances/sat/data/CBMC/CBMC_LIN_S4/cbmc_binsearch-sat-lin.c_a9_s4_satelite.cnf", 12345], [0.04, 0.04, {"__enum__": "StatusType.SUCCESS"}, {}]], [[62, "instances/sat/data/CBMC/CBMC_LIN_S4/cbmc_binsearch-sat-lin.c_a17_s4_satelite.cnf", 12345], [0.028, 0.028, {"__enum__": "StatusType.SUCCESS"}, {}]], [[58, "instances/sat/data/CBMC/CBMC_LIN_S4/cbmc_binsearch-sat-lin.c_a17_s4_satelite.cnf", 12345], [0.04, 0.04, {"__enum__": "StatusType.SUCCESS"}, {}]], [[62, "instances/sat/data/CBMC/CBMC_LIN_S4/cbmc_binsearch-sat-lin.c_a19_s4_satelite.cnf", 12345], [0.028, 0.028, {"__enum__": "StatusType.SUCCESS"}, {}]], [[61, "instances/sat/data/CBMC/CBMC_LIN_S4/cbmc_binsearch-sat-lin.c_a19_s4_satelite.cnf", 12345], [0.04, 0.04, {"__enum__": "StatusType.SUCCESS"}, {}]], [[62, "instances/sat/data/CBMC/CBMC_LIN_S4/cbmc_binsearch-sat-lin.c_a21_s4_satelite.cnf", 12345], [0.028, 0.028, {"__enum__": "StatusType.SUCCESS"}, {}]], [[62, "instances/sat/data/CBMC/CBMC_LIN_S4/cbmc_binsearch-sat-lin.c_a22_s4_satelite.cnf", 12345], [0.028, 0.028, {"__enum__": "StatusType.SUCCESS"}, {}]], [[62, "instances/sat/data/CBMC/CBMC_LIN_S4/cbmc_binsearch-sat-lin.c_a24_s4_satelite.cnf", 12345], [0.028, 0.028, {"__enum__": "StatusType.SUCCESS"}, {}]], [[65, "instances/sat/data/CBMC/CBMC_LIN_S4/cbmc_binsearch-sat-lin.c_a2_s4_satelite.cnf", 12345], [0.04, 0.04, {"__enum__": "StatusType.SUCCESS"}, {}]], [[66, "instances/sat/data/CBMC/CBMC_LIN_S4/cbmc_binsearch-sat-lin.c_a2_s4_satelite.cnf", 12345], [0.028, 0.028, {"__enum__": "StatusType.SUCCESS"}, {}]], [[67, "instances/sat/data/CBMC/CBMC_LIN_S4/cbmc_binsearch-sat-lin.c_a2_s4_satelite.cnf", 12345], [5.0, 5.0, {"__enum__": "StatusType.TIMEOUT"}, {}]], [[68, "instances/sat/data/CBMC/CBMC_LIN_S4/cbmc_binsearch-sat-lin.c_a2_s4_satelite.cnf", 12345], [0.04, 0.04, {"__enum__": "StatusType.SUCCESS"}, {}]], [[69, "instances/sat/data/CBMC/CBMC_LIN_S4/cbmc_binsearch-sat-lin.c_a2_s4_satelite.cnf", 12345], [0.032, 0.032, {"__enum__": "StatusType.SUCCESS"}, {}]], [[70, "instances/sat/data/CBMC/CBMC_LIN_S4/cbmc_binsearch-sat-lin.c_a2_s4_satelite.cnf", 12345], [5.0, 5.0, {"__enum__": "StatusType.TIMEOUT"}, {}]], [[65, "instances/sat/data/CBMC/CBMC_LIN_S4/cbmc_binsearch-sat-lin.c_a3_s4_satelite.cnf", 12345], [0.04, 0.04, {"__enum__": "StatusType.SUCCESS"}, {}]], [[66, "instances/sat/data/CBMC/CBMC_LIN_S4/cbmc_binsearch-sat-lin.c_a3_s4_satelite.cnf", 12345], [0.028, 0.028, {"__enum__": "StatusType.SUCCESS"}, {}]], [[68, "instances/sat/data/CBMC/CBMC_LIN_S4/cbmc_binsearch-sat-lin.c_a3_s4_satelite.cnf", 12345], [0.04, 0.04, {"__enum__": "StatusType.SUCCESS"}, {}]], [[67, "instances/sat/data/CBMC/CBMC_LIN_S4/cbmc_binsearch-sat-lin.c_a3_s4_satelite.cnf", 12345], [5.0, 5.0, {"__enum__": "StatusType.TIMEOUT"}, {}]], [[69, "instances/sat/data/CBMC/CBMC_LIN_S4/cbmc_binsearch-sat-lin.c_a3_s4_satelite.cnf", 12345], [0.036, 0.036, {"__enum__": "StatusType.SUCCESS"}, {}]], [[70, "instances/sat/data/CBMC/CBMC_LIN_S4/cbmc_binsearch-sat-lin.c_a3_s4_satelite.cnf", 12345], [5.0, 5.0, {"__enum__": "StatusType.TIMEOUT"}, {}]], [[65, "instances/sat/data/CBMC/CBMC_LIN_S4/cbmc_binsearch-sat-lin.c_a5_s4_satelite.cnf", 12345], [0.04, 0.04, {"__enum__": "StatusType.SUCCESS"}, {}]], [[66, "instances/sat/data/CBMC/CBMC_LIN_S4/cbmc_binsearch-sat-lin.c_a5_s4_satelite.cnf", 12345], [0.028, 0.028, {"__enum__": "StatusType.SUCCESS"}, {}]], [[68, "instances/sat/data/CBMC/CBMC_LIN_S4/cbmc_binsearch-sat-lin.c_a5_s4_satelite.cnf", 12345], [0.04, 0.04, {"__enum__": "StatusType.SUCCESS"}, {}]], [[69, "instances/sat/data/CBMC/CBMC_LIN_S4/cbmc_binsearch-sat-lin.c_a5_s4_satelite.cnf", 12345], [0.036, 0.036, {"__enum__": "StatusType.SUCCESS"}, {}]], [[70, "instances/sat/data/CBMC/CBMC_LIN_S4/cbmc_binsearch-sat-lin.c_a5_s4_satelite.cnf", 12345], [5.0, 5.0, {"__enum__": "StatusType.TIMEOUT"}, {}]], [[65, "instances/sat/data/CBMC/CBMC_LIN_S4/cbmc_binsearch-sat-lin.c_a6_s4_satelite.cnf", 12345], [0.04, 0.04, {"__enum__": "StatusType.SUCCESS"}, {}]], [[66, "instances/sat/data/CBMC/CBMC_LIN_S4/cbmc_binsearch-sat-lin.c_a6_s4_satelite.cnf", 12345], [0.028, 0.028, {"__enum__": "StatusType.SUCCESS"}, {}]], [[69, "instances/sat/data/CBMC/CBMC_LIN_S4/cbmc_binsearch-sat-lin.c_a6_s4_satelite.cnf", 12345], [0.036, 0.036, {"__enum__": "StatusType.SUCCESS"}, {}]], [[68, "instances/sat/data/CBMC/CBMC_LIN_S4/cbmc_binsearch-sat-lin.c_a6_s4_satelite.cnf", 12345], [0.04, 0.04, {"__enum__": "StatusType.SUCCESS"}, {}]], [[66, "instances/sat/data/CBMC/CBMC_LIN_S4/cbmc_binsearch-sat-lin.c_a9_s4_satelite.cnf", 12345], [0.04, 0.04, {"__enum__": "StatusType.SUCCESS"}, {}]], [[68, "instances/sat/data/CBMC/CBMC_LIN_S4/cbmc_binsearch-sat-lin.c_a9_s4_satelite.cnf", 12345], [0.04, 0.04, {"__enum__": "StatusType.SUCCESS"}, {}]], [[69, "instances/sat/data/CBMC/CBMC_LIN_S4/cbmc_binsearch-sat-lin.c_a9_s4_satelite.cnf", 12345], [0.036, 0.036, {"__enum__": "StatusType.SUCCESS"}, {}]], [[66, "instances/sat/data/CBMC/CBMC_LIN_S4/cbmc_binsearch-sat-lin.c_a17_s4_satelite.cnf", 12345], [0.028, 0.028, {"__enum__": "StatusType.SUCCESS"}, {}]], [[68, "instances/sat/data/CBMC/CBMC_LIN_S4/cbmc_binsearch-sat-lin.c_a17_s4_satelite.cnf", 12345], [0.04, 0.04, {"__enum__": "StatusType.SUCCESS"}, {}]], [[69, "instances/sat/data/CBMC/CBMC_LIN_S4/cbmc_binsearch-sat-lin.c_a17_s4_satelite.cnf", 12345], [0.032, 0.032, {"__enum__": "StatusType.SUCCESS"}, {}]], [[66, "instances/sat/data/CBMC/CBMC_LIN_S4/cbmc_binsearch-sat-lin.c_a19_s4_satelite.cnf", 12345], [0.028, 0.028, {"__enum__": "StatusType.SUCCESS"}, {}]], [[54, "instances/sat/data/CBMC/CBMC_LIN_S4/cbmc_binsearch-sat-lin.c_a19_s4_satelite.cnf", 12345], [0.036, 0.036, {"__enum__": "StatusType.SUCCESS"}, {}]], [[69, "instances/sat/data/CBMC/CBMC_LIN_S4/cbmc_binsearch-sat-lin.c_a19_s4_satelite.cnf", 12345], [0.032, 0.032, {"__enum__": "StatusType.SUCCESS"}, {}]], [[66, "instances/sat/data/CBMC/CBMC_LIN_S4/cbmc_binsearch-sat-lin.c_a21_s4_satelite.cnf", 12345], [0.028, 0.028, {"__enum__": "StatusType.SUCCESS"}, {}]], [[69, "instances/sat/data/CBMC/CBMC_LIN_S4/cbmc_binsearch-sat-lin.c_a21_s4_satelite.cnf", 12345], [0.032, 0.032, {"__enum__": "StatusType.SUCCESS"}, {}]], [[66, "instances/sat/data/CBMC/CBMC_LIN_S4/cbmc_binsearch-sat-lin.c_a22_s4_satelite.cnf", 12345], [0.028, 0.028, {"__enum__": "StatusType.SUCCESS"}, {}]], [[59, "instances/sat/data/CBMC/CBMC_LIN_S4/cbmc_binsearch-sat-lin.c_a5_s4_satelite.cnf", 12345], [5.0, 5.0, {"__enum__": "StatusType.TIMEOUT"}, {}]], [[59, "instances/sat/data/CBMC/CBMC_LIN_S4/cbmc_binsearch-sat-lin.c_a6_s4_satelite.cnf", 12345], [5.0, 5.0, {"__enum__": "StatusType.TIMEOUT"}, {}]], [[58, "instances/sat/data/CBMC/CBMC_LIN_S4/cbmc_binsearch-sat-lin.c_a19_s4_satelite.cnf", 12345], [0.04, 0.04, {"__enum__": "StatusType.SUCCESS"}, {}]], [[63, "instances/sat/data/CBMC/CBMC_LIN_S4/cbmc_binsearch-sat-lin.c_a6_s4_satelite.cnf", 12345], [5.0, 5.0, {"__enum__": "StatusType.TIMEOUT"}, {}]], [[29, "instances/sat/data/CBMC/CBMC_LIN_S4/cbmc_binsearch-sat-lin.c_a24_s4_satelite.cnf", 12345], [0.028, 0.028, {"__enum__": "StatusType.SUCCESS"}, {}]], [[71, "instances/sat/data/CBMC/CBMC_LIN_S4/cbmc_binsearch-sat-lin.c_a2_s4_satelite.cnf", 12345], [0.04, 0.04, {"__enum__": "StatusType.SUCCESS"}, {}]], [[72, "instances/sat/data/CBMC/CBMC_LIN_S4/cbmc_binsearch-sat-lin.c_a2_s4_satelite.cnf", 12345], [0.04, 0.04, {"__enum__": "StatusType.SUCCESS"}, {}]], [[73, "instances/sat/data/CBMC/CBMC_LIN_S4/cbmc_binsearch-sat-lin.c_a2_s4_satelite.cnf", 12345], [5.0, 5.0, {"__enum__": "StatusType.TIMEOUT"}, {}]], [[74, "instances/sat/data/CBMC/CBMC_LIN_S4/cbmc_binsearch-sat-lin.c_a2_s4_satelite.cnf", 12345], [5.0, 5.0, {"__enum__": "StatusType.TIMEOUT"}, {}]], [[71, "instances/sat/data/CBMC/CBMC_LIN_S4/cbmc_binsearch-sat-lin.c_a3_s4_satelite.cnf", 12345], [0.04, 0.04, {"__enum__": "StatusType.SUCCESS"}, {}]], [[72, "instances/sat/data/CBMC/CBMC_LIN_S4/cbmc_binsearch-sat-lin.c_a3_s4_satelite.cnf", 12345], [0.04, 0.04, {"__enum__": "StatusType.SUCCESS"}, {}]], [[74, "instances/sat/data/CBMC/CBMC_LIN_S4/cbmc_binsearch-sat-lin.c_a3_s4_satelite.cnf", 12345], [5.0, 5.0, {"__enum__": "StatusType.TIMEOUT"}, {}]], [[71, "instances/sat/data/CBMC/CBMC_LIN_S4/cbmc_binsearch-sat-lin.c_a5_s4_satelite.cnf", 12345], [0.04, 0.04, {"__enum__": "StatusType.SUCCESS"}, {}]], [[72, "instances/sat/data/CBMC/CBMC_LIN_S4/cbmc_binsearch-sat-lin.c_a5_s4_satelite.cnf", 12345], [0.04, 0.04, {"__enum__": "StatusType.SUCCESS"}, {}]], [[71, "instances/sat/data/CBMC/CBMC_LIN_S4/cbmc_binsearch-sat-lin.c_a6_s4_satelite.cnf", 12345], [0.04, 0.04, {"__enum__": "StatusType.SUCCESS"}, {}]], [[72, "instances/sat/data/CBMC/CBMC_LIN_S4/cbmc_binsearch-sat-lin.c_a6_s4_satelite.cnf", 12345], [0.04, 0.04, {"__enum__": "StatusType.SUCCESS"}, {}]], [[71, "instances/sat/data/CBMC/CBMC_LIN_S4/cbmc_binsearch-sat-lin.c_a9_s4_satelite.cnf", 12345], [0.04, 0.04, {"__enum__": "StatusType.SUCCESS"}, {}]], [[72, "instances/sat/data/CBMC/CBMC_LIN_S4/cbmc_binsearch-sat-lin.c_a9_s4_satelite.cnf", 12345], [0.036, 0.036, {"__enum__": "StatusType.SUCCESS"}, {}]], [[71, "instances/sat/data/CBMC/CBMC_LIN_S4/cbmc_binsearch-sat-lin.c_a17_s4_satelite.cnf", 12345], [0.04, 0.04, {"__enum__": "StatusType.SUCCESS"}, {}]], [[38, "instances/sat/data/CBMC/CBMC_LIN_S4/cbmc_binsearch-sat-lin.c_a17_s4_satelite.cnf", 12345], [0.036, 0.036, {"__enum__": "StatusType.SUCCESS"}, {}]], [[72, "instances/sat/data/CBMC/CBMC_LIN_S4/cbmc_binsearch-sat-lin.c_a17_s4_satelite.cnf", 12345], [0.04, 0.04, {"__enum__": "StatusType.SUCCESS"}, {}]], [[38, "instances/sat/data/CBMC/CBMC_LIN_S4/cbmc_binsearch-sat-lin.c_a19_s4_satelite.cnf", 12345], [0.036, 0.036, {"__enum__": "StatusType.SUCCESS"}, {}]], [[72, "instances/sat/data/CBMC/CBMC_LIN_S4/cbmc_binsearch-sat-lin.c_a19_s4_satelite.cnf", 12345], [0.04, 0.04, {"__enum__": "StatusType.SUCCESS"}, {}]], [[38, "instances/sat/data/CBMC/CBMC_LIN_S4/cbmc_binsearch-sat-lin.c_a21_s4_satelite.cnf", 12345], [0.032, 0.032, {"__enum__": "StatusType.SUCCESS"}, {}]], [[38, "instances/sat/data/CBMC/CBMC_LIN_S4/cbmc_binsearch-sat-lin.c_a22_s4_satelite.cnf", 12345], [0.032, 0.032, {"__enum__": "StatusType.SUCCESS"}, {}]], [[73, "instances/sat/data/CBMC/CBMC_LIN_S4/cbmc_binsearch-sat-lin.c_a3_s4_satelite.cnf", 12345], [5.0, 5.0, {"__enum__": "StatusType.TIMEOUT"}, {}]], [[73, "instances/sat/data/CBMC/CBMC_LIN_S4/cbmc_binsearch-sat-lin.c_a5_s4_satelite.cnf", 12345], [5.0, 5.0, {"__enum__": "StatusType.TIMEOUT"}, {}]], [[66, "instances/sat/data/CBMC/CBMC_LIN_S4/cbmc_binsearch-sat-lin.c_a24_s4_satelite.cnf", 12345], [0.028, 0.028, {"__enum__": "StatusType.SUCCESS"}, {}]], [[65, "instances/sat/data/CBMC/CBMC_LIN_S4/cbmc_binsearch-sat-lin.c_a9_s4_satelite.cnf", 12345], [0.036, 0.036, {"__enum__": "StatusType.SUCCESS"}, {}]], [[65, "instances/sat/data/CBMC/CBMC_LIN_S4/cbmc_binsearch-sat-lin.c_a17_s4_satelite.cnf", 12345], [0.04, 0.04, {"__enum__": "StatusType.SUCCESS"}, {}]], [[65, "instances/sat/data/CBMC/CBMC_LIN_S4/cbmc_binsearch-sat-lin.c_a19_s4_satelite.cnf", 12345], [0.04, 0.04, {"__enum__": "StatusType.SUCCESS"}, {}]], [[67, "instances/sat/data/CBMC/CBMC_LIN_S4/cbmc_binsearch-sat-lin.c_a5_s4_satelite.cnf", 12345], [5.0, 5.0, {"__enum__": "StatusType.TIMEOUT"}, {}]], [[68, "instances/sat/data/CBMC/CBMC_LIN_S4/cbmc_binsearch-sat-lin.c_a19_s4_satelite.cnf", 12345], [0.04, 0.04, {"__enum__": "StatusType.SUCCESS"}, {}]], [[75, "instances/sat/data/CBMC/CBMC_LIN_S4/cbmc_binsearch-sat-lin.c_a2_s4_satelite.cnf", 12345], [0.04, 0.04, {"__enum__": "StatusType.SUCCESS"}, {}]], [[76, "instances/sat/data/CBMC/CBMC_LIN_S4/cbmc_binsearch-sat-lin.c_a2_s4_satelite.cnf", 12345], [0.036, 0.036, {"__enum__": "StatusType.SUCCESS"}, {}]], [[77, "instances/sat/data/CBMC/CBMC_LIN_S4/cbmc_binsearch-sat-lin.c_a2_s4_satelite.cnf", 12345], [0.036, 0.036, {"__enum__": "StatusType.SUCCESS"}, {}]], [[78, "instances/sat/data/CBMC/CBMC_LIN_S4/cbmc_binsearch-sat-lin.c_a2_s4_satelite.cnf", 12345], [5.0, 5.0, {"__enum__": "StatusType.TIMEOUT"}, {}]], [[79, "instances/sat/data/CBMC/CBMC_LIN_S4/cbmc_binsearch-sat-lin.c_a2_s4_satelite.cnf", 12345], [0.04, 0.04, {"__enum__": "StatusType.SUCCESS"}, {}]], [[75, "instances/sat/data/CBMC/CBMC_LIN_S4/cbmc_binsearch-sat-lin.c_a3_s4_satelite.cnf", 12345], [0.04, 0.04, {"__enum__": "StatusType.SUCCESS"}, {}]], [[76, "instances/sat/data/CBMC/CBMC_LIN_S4/cbmc_binsearch-sat-lin.c_a3_s4_satelite.cnf", 12345], [0.04, 0.04, {"__enum__": "StatusType.SUCCESS"}, {}]], [[77, "instances/sat/data/CBMC/CBMC_LIN_S4/cbmc_binsearch-sat-lin.c_a3_s4_satelite.cnf", 12345], [0.036, 0.036, {"__enum__": "StatusType.SUCCESS"}, {}]], [[79, "instances/sat/data/CBMC/CBMC_LIN_S4/cbmc_binsearch-sat-lin.c_a3_s4_satelite.cnf", 12345], [0.04, 0.04, {"__enum__": "StatusType.SUCCESS"}, {}]], [[75, "instances/sat/data/CBMC/CBMC_LIN_S4/cbmc_binsearch-sat-lin.c_a5_s4_satelite.cnf", 12345], [0.04, 0.04, {"__enum__": "StatusType.SUCCESS"}, {}]], [[76, "instances/sat/data/CBMC/CBMC_LIN_S4/cbmc_binsearch-sat-lin.c_a5_s4_satelite.cnf", 12345], [0.04, 0.04, {"__enum__": "StatusType.SUCCESS"}, {}]], [[77, "instances/sat/data/CBMC/CBMC_LIN_S4/cbmc_binsearch-sat-lin.c_a5_s4_satelite.cnf", 12345], [0.036, 0.036, {"__enum__": "StatusType.SUCCESS"}, {}]], [[79, "instances/sat/data/CBMC/CBMC_LIN_S4/cbmc_binsearch-sat-lin.c_a5_s4_satelite.cnf", 12345], [0.04, 0.04, {"__enum__": "StatusType.SUCCESS"}, {}]], [[75, "instances/sat/data/CBMC/CBMC_LIN_S4/cbmc_binsearch-sat-lin.c_a6_s4_satelite.cnf", 12345], [0.04, 0.04, {"__enum__": "StatusType.SUCCESS"}, {}]], [[76, "instances/sat/data/CBMC/CBMC_LIN_S4/cbmc_binsearch-sat-lin.c_a6_s4_satelite.cnf", 12345], [0.036, 0.036, {"__enum__": "StatusType.SUCCESS"}, {}]], [[77, "instances/sat/data/CBMC/CBMC_LIN_S4/cbmc_binsearch-sat-lin.c_a6_s4_satelite.cnf", 12345], [0.036, 0.036, {"__enum__": "StatusType.SUCCESS"}, {}]], [[79, "instances/sat/data/CBMC/CBMC_LIN_S4/cbmc_binsearch-sat-lin.c_a6_s4_satelite.cnf", 12345], [0.04, 0.04, {"__enum__": "StatusType.SUCCESS"}, {}]], [[76, "instances/sat/data/CBMC/CBMC_LIN_S4/cbmc_binsearch-sat-lin.c_a9_s4_satelite.cnf", 12345], [0.032, 0.032, {"__enum__": "StatusType.SUCCESS"}, {}]], [[77, "instances/sat/data/CBMC/CBMC_LIN_S4/cbmc_binsearch-sat-lin.c_a9_s4_satelite.cnf", 12345], [0.036, 0.036, {"__enum__": "StatusType.SUCCESS"}, {}]], [[79, "instances/sat/data/CBMC/CBMC_LIN_S4/cbmc_binsearch-sat-lin.c_a9_s4_satelite.cnf", 12345], [0.04, 0.04, {"__enum__": "StatusType.SUCCESS"}, {}]], [[76, "instances/sat/data/CBMC/CBMC_LIN_S4/cbmc_binsearch-sat-lin.c_a17_s4_satelite.cnf", 12345], [0.036, 0.036, {"__enum__": "StatusType.SUCCESS"}, {}]], [[77, "instances/sat/data/CBMC/CBMC_LIN_S4/cbmc_binsearch-sat-lin.c_a17_s4_satelite.cnf", 12345], [0.032, 0.032, {"__enum__": "StatusType.SUCCESS"}, {}]], [[79, "instances/sat/data/CBMC/CBMC_LIN_S4/cbmc_binsearch-sat-lin.c_a17_s4_satelite.cnf", 12345], [0.04, 0.04, {"__enum__": "StatusType.SUCCESS"}, {}]], [[76, "instances/sat/data/CBMC/CBMC_LIN_S4/cbmc_binsearch-sat-lin.c_a19_s4_satelite.cnf", 12345], [0.036, 0.036, {"__enum__": "StatusType.SUCCESS"}, {}]], [[77, "instances/sat/data/CBMC/CBMC_LIN_S4/cbmc_binsearch-sat-lin.c_a19_s4_satelite.cnf", 12345], [0.036, 0.036, {"__enum__": "StatusType.SUCCESS"}, {}]], [[36, "instances/sat/data/CBMC/CBMC_LIN_S4/cbmc_binsearch-sat-lin.c_a19_s4_satelite.cnf", 12345], [0.04, 0.04, {"__enum__": "StatusType.SUCCESS"}, {}]], [[76, "instances/sat/data/CBMC/CBMC_LIN_S4/cbmc_binsearch-sat-lin.c_a21_s4_satelite.cnf", 12345], [0.036, 0.036, {"__enum__": "StatusType.SUCCESS"}, {}]], [[77, "instances/sat/data/CBMC/CBMC_LIN_S4/cbmc_binsearch-sat-lin.c_a21_s4_satelite.cnf", 12345], [0.036, 0.036, {"__enum__": "StatusType.SUCCESS"}, {}]], [[77, "instances/sat/data/CBMC/CBMC_LIN_S4/cbmc_binsearch-sat-lin.c_a22_s4_satelite.cnf", 12345], [0.036, 0.036, {"__enum__": "StatusType.SUCCESS"}, {}]], [[80, "instances/sat/data/CBMC/CBMC_LIN_S4/cbmc_binsearch-sat-lin.c_a2_s4_satelite.cnf", 12345], [0.036, 0.036, {"__enum__": "StatusType.SUCCESS"}, {}]], [[80, "instances/sat/data/CBMC/CBMC_LIN_S4/cbmc_binsearch-sat-lin.c_a3_s4_satelite.cnf", 12345], [0.036, 0.036, {"__enum__": "StatusType.SUCCESS"}, {}]], [[80, "instances/sat/data/CBMC/CBMC_LIN_S4/cbmc_binsearch-sat-lin.c_a5_s4_satelite.cnf", 12345], [0.036, 0.036, {"__enum__": "StatusType.SUCCESS"}, {}]], [[80, "instances/sat/data/CBMC/CBMC_LIN_S4/cbmc_binsearch-sat-lin.c_a6_s4_satelite.cnf", 12345], [0.032, 0.032, {"__enum__": "StatusType.SUCCESS"}, {}]], [[80, "instances/sat/data/CBMC/CBMC_LIN_S4/cbmc_binsearch-sat-lin.c_a9_s4_satelite.cnf", 12345], [0.028, 0.028, {"__enum__": "StatusType.SUCCESS"}, {}]], [[75, "instances/sat/data/CBMC/CBMC_LIN_S4/cbmc_binsearch-sat-lin.c_a9_s4_satelite.cnf", 12345], [0.036, 0.036, {"__enum__": "StatusType.SUCCESS"}, {}]], [[80, "instances/sat/data/CBMC/CBMC_LIN_S4/cbmc_binsearch-sat-lin.c_a17_s4_satelite.cnf", 12345], [0.036, 0.036, {"__enum__": "StatusType.SUCCESS"}, {}]], [[75, "instances/sat/data/CBMC/CBMC_LIN_S4/cbmc_binsearch-sat-lin.c_a17_s4_satelite.cnf", 12345], [0.04, 0.04, {"__enum__": "StatusType.SUCCESS"}, {}]], [[80, "instances/sat/data/CBMC/CBMC_LIN_S4/cbmc_binsearch-sat-lin.c_a19_s4_satelite.cnf", 12345], [0.036, 0.036, {"__enum__": "StatusType.SUCCESS"}, {}]], [[80, "instances/sat/data/CBMC/CBMC_LIN_S4/cbmc_binsearch-sat-lin.c_a21_s4_satelite.cnf", 12345], [0.036, 0.036, {"__enum__": "StatusType.SUCCESS"}, {}]], [[80, "instances/sat/data/CBMC/CBMC_LIN_S4/cbmc_binsearch-sat-lin.c_a22_s4_satelite.cnf", 12345], [0.036, 0.036, {"__enum__": "StatusType.SUCCESS"}, {}]], [[58, "instances/sat/data/CBMC/CBMC_LIN_S4/cbmc_binsearch-sat-lin.c_a21_s4_satelite.cnf", 12345], [0.04, 0.04, {"__enum__": "StatusType.SUCCESS"}, {}]], [[64, "instances/sat/data/CBMC/CBMC_LIN_S4/cbmc_binsearch-sat-lin.c_a6_s4_satelite.cnf", 12345], [5.0, 5.0, {"__enum__": "StatusType.TIMEOUT"}, {}]]], "configs": {"1": {"adaptivenoisescheme": "1", "clausepen": "1", "theta": 6, "CONadaptpromwalkprob": "0", "adaptwalkprob": "0", "adaptiveprom": "0", "performrandomwalk": "0", "singleclause": "1", "phi": 5, "selectclause": "1", "performalternatenovelty": "1", "tabusearch": "0", "decreasingvariable": "3", "updateschemepromlist": "3", "adaptive": "1", "ps": 0.4, "heuristic": "2", "wp": 0.01, "smoothingscheme": "1", "promisinglist": "1"}, "2": {"adaptivenoisescheme": "1", "clausepen": "1", "DLSscoringmeasure": "2", "DLSrho": 0.8072720602709728, "tabu": 11, "performrandomwalk": "0", "singleclause": "0", "DLSalpha": 1.0769042556349127, "adaptive": "1", "DLSwp": 0.030272986935594586, "DLSsapsthresh": -0.3280435516295861, "tabusearch": "1", "DLStiebreaking": "1", "smoothingscheme": "1"}, "3": {"tabusearch": "1", "clausepen": "2", "DLSscoringmeasure": "2", "adaptive": "1", "tabu": 19, "performrandomwalk": "0", "adaptivenoisescheme": "2", "singleclause": "0", "DLStiebreaking": "3"}, "4": {"tabusearch": "0", "clausepen": "2", "DLSscoringmeasure": "1", "adaptive": "1", "performrandomwalk": "0", "adaptivenoisescheme": "2", "singleclause": "0", "DLStiebreaking": "4"}, "5": {"adaptivenoisescheme": "2", "clausepen": "1", "adaptwalkprob": "0", "performrandomwalk": "0", "singleclause": "1", "selectclause": "1", "tabusearch": "0", "adaptive": "1", "ps": 0.857374466442646, "heuristic": "8", "smoothingscheme": "1", "promisinglist": "0"}, "6": {"adaptivenoisescheme": "2", "clausepen": "0", "theta": 10, "adaptwalkprob": "0", "decreasingvariable": "1", "performrandomwalk": "0", "CONselectclause": "1", "phi": 8, "performalternatenovelty": "0", "tabusearch": "1", "tabu": 5, "updateschemepromlist": "3", "adaptive": "1", "tiebreaking": 3, "adaptpromwalkprob": "1", "heuristic": "1", "adaptiveprom": "1", "singleclause": "1", "promisinglist": "1"}, "7": {"tabusearch": "1", "clausepen": "2", "DLSscoringmeasure": "1", "adaptive": "0", "randomwalk": "5", "tabu": 14, "performrandomwalk": "1", "singleclause": "0", "DLStiebreaking": "1", "rfp": 0.09182462323082227}, "8": {"tabusearch": "0", "clausepen": "0", "DLSscoringmeasure": "3", "adaptive": "0", "randomwalk": "1", "rwp": 0.023837911263729673, "performrandomwalk": "1", "singleclause": "0", "DLStiebreaking": "3"}, "9": {"clausepen": "0", "singleclause": "1", "c": 0.038129848828780614, "performrandomwalk": "1", "CONselectclause": "1", "s": 0.08060738743945678, "rfp": 0.10995511826424822, "tabusearch": "0", "adaptive": "0", "randomwalk": "5", "novnoise": 0.34334995083974285, "CONadaptwalkprob": "0", "heuristic": "5", "promisinglist": "0"}, "10": {"tabusearch": "0", "clausepen": "0", "DLSscoringmeasure": "1", "adaptive": "1", "randomwalk": "1", "rwp": 0.08197491002432584, "performrandomwalk": "1", "adaptivenoisescheme": "2", "singleclause": "0", "DLStiebreaking": "4"}, "11": {"tabusearch": "1", "clausepen": "2", "DLSscoringmeasure": "2", "adaptive": "1", "tabu": 15, "performrandomwalk": "0", "adaptivenoisescheme": "2", "singleclause": "0", "DLStiebreaking": "1"}, "12": {"tabusearch": "1", "clausepen": "2", "DLSscoringmeasure": "1", "adaptive": "1", "tabu": 1, "performrandomwalk": "0", "adaptivenoisescheme": "2", "singleclause": "0", "DLStiebreaking": "4"}, "13": {"tabusearch": "0", "clausepen": "2", "DLSscoringmeasure": "1", "adaptive": "0", "performrandomwalk": "0", "DLSc": 0.010000000000000014, "DLSs": 0.010000000000000004, "DLStiebreaking": "4", "singleclause": "0"}, "14": {"tabusearch": "0", "clausepen": "2", "DLSscoringmeasure": "3", "adaptive": "1", "performrandomwalk": "0", "adaptivenoisescheme": "2", "singleclause": "0", "DLStiebreaking": "4"}, "15": {"adaptivenoisescheme": "2", "clausepen": "2", "theta": 6, "adaptwalkprob": "0", "decreasingvariable": "3", "performrandomwalk": "0", "singleclause": "1", "CONadaptpromwalkprob": "0", "performalternatenovelty": "1", "tabusearch": "0", "adaptiveprom": "0", "updateschemepromlist": "3", "adaptive": "1", "phi": 5, "heuristic": "2", "wp": 0.01, "promisinglist": "1"}, "16": {"tabusearch": "0", "clausepen": "2", "DLSscoringmeasure": "1", "adaptive": "1", "performrandomwalk": "0", "adaptivenoisescheme": "1", "singleclause": "0", "DLStiebreaking": "4"}, "17": {"tabusearch": "0", "clausepen": "2", "DLSscoringmeasure": "1", "adaptive": "1", "performrandomwalk": "0", "adaptivenoisescheme": "2", "singleclause": "0", "DLStiebreaking": "3"}, "18": {"adaptivenoisescheme": "2", "clausepen": "1", "DLSscoringmeasure": "1", "DLSrho": 0.5, "performrandomwalk": "0", "singleclause": "0", "DLSalpha": 1.189, "adaptive": "1", "DLSwp": 0.03, "DLSsapsthresh": -0.1, "tabusearch": "0", "DLStiebreaking": "4", "smoothingscheme": "1"}, "19": {"tabusearch": "0", "clausepen": "0", "DLSscoringmeasure": "1", "adaptive": "1", "performrandomwalk": "0", "adaptivenoisescheme": "2", "singleclause": "0", "DLStiebreaking": "4"}, "20": {"tabusearch": "0", "clausepen": "2", "DLSscoringmeasure": "2", "adaptive": "1", "performrandomwalk": "0", "adaptivenoisescheme": "2", "singleclause": "0", "DLStiebreaking": "4"}, "21": {"tabusearch": "0", "clausepen": "2", "DLSscoringmeasure": "1", "adaptive": "1", "randomwalk": "1", "rwp": 0.01, "performrandomwalk": "1", "adaptivenoisescheme": "2", "singleclause": "0", "DLStiebreaking": "3"}, "22": {"tabusearch": "1", "clausepen": "2", "DLSscoringmeasure": "1", "adaptive": "1", "tabu": 1, "performrandomwalk": "0", "adaptivenoisescheme": "2", "singleclause": "0", "DLStiebreaking": "3"}, "23": {"tabusearch": "0", "clausepen": "2", "DLSscoringmeasure": "1", "adaptive": "1", "performrandomwalk": "0", "adaptivenoisescheme": "2", "singleclause": "0", "DLStiebreaking": "1"}, "24": {"tabusearch": "0", "clausepen": "2", "DLSscoringmeasure": "1", "adaptive": "0", "performrandomwalk": "0", "singleclause": "0", "DLStiebreaking": "3"}, "25": {"tabusearch": "0", "clausepen": "0", "DLSscoringmeasure": "1", "adaptive": "1", "performrandomwalk": "0", "adaptivenoisescheme": "2", "singleclause": "0", "DLStiebreaking": "3"}, "26": {"adaptivenoisescheme": "2", "clausepen": "1", "DLSscoringmeasure": "1", "DLSrho": 0.5, "performrandomwalk": "0", "singleclause": "0", "DLSalpha": 1.189, "adaptive": "1", "DLSwp": 0.03, "DLSsapsthresh": -0.1, "tabusearch": "0", "DLStiebreaking": "3", "smoothingscheme": "1"}, "27": {"tabusearch": "0", "clausepen": "2", "DLSscoringmeasure": "1", "adaptive": "1", "performrandomwalk": "0", "adaptivenoisescheme": "1", "singleclause": "0", "DLStiebreaking": "3"}, "28": {"tabusearch": "0", "clausepen": "2", "DLSscoringmeasure": "1", "adaptive": "1", "randomwalk": "1", "rwp": 0.01, "performrandomwalk": "1", "adaptivenoisescheme": "1", "singleclause": "0", "DLStiebreaking": "3"}, "29": {"tabusearch": "0", "clausepen": "2", "DLSscoringmeasure": "1", "adaptive": "1", "performrandomwalk": "0", "adaptivenoisescheme": "1", "singleclause": "0", "DLStiebreaking": "2"}, "30": {"adaptivenoisescheme": "1", "clausepen": "2", "theta": 6, "adaptwalkprob": "0", "decreasingvariable": "3", "performrandomwalk": "0", "singleclause": "1", "CONadaptpromwalkprob": "0", "performalternatenovelty": "1", "tabusearch": "0", "adaptiveprom": "0", "updateschemepromlist": "3", "adaptive": "1", "phi": 5, "heuristic": "2", "wp": 0.01, "promisinglist": "1"}, "31": {"tabusearch": "1", "clausepen": "2", "DLSscoringmeasure": "1", "adaptive": "1", "tabu": 1, "performrandomwalk": "0", "adaptivenoisescheme": "1", "singleclause": "0", "DLStiebreaking": "3"}, "32": {"tabusearch": "0", "clausepen": "2", "DLSscoringmeasure": "1", "adaptive": "1", "performrandomwalk": "0", "adaptivenoisescheme": "1", "singleclause": "0", "DLStiebreaking": "1"}, "33": {"tabusearch": "0", "clausepen": "0", "DLSscoringmeasure": "1", "adaptive": "1", "performrandomwalk": "0", "adaptivenoisescheme": "1", "singleclause": "0", "DLStiebreaking": "3"}, "34": {"tabusearch": "0", "clausepen": "2", "DLSscoringmeasure": "3", "adaptive": "1", "performrandomwalk": "0", "adaptivenoisescheme": "2", "singleclause": "0", "DLStiebreaking": "3"}, "35": {"tabusearch": "0", "clausepen": "2", "DLSscoringmeasure": "2", "adaptive": "1", "performrandomwalk": "0", "adaptivenoisescheme": "2", "singleclause": "0", "DLStiebreaking": "3"}, "36": {"tabusearch": "0", "clausepen": "2", "DLSscoringmeasure": "3", "adaptive": "1", "performrandomwalk": "0", "adaptivenoisescheme": "1", "singleclause": "0", "DLStiebreaking": "3"}, "37": {"tabusearch": "0", "clausepen": "2", "DLSscoringmeasure": "2", "adaptive": "1", "performrandomwalk": "0", "adaptivenoisescheme": "1", "singleclause": "0", "DLStiebreaking": "3"}, "38": {"tabusearch": "1", "clausepen": "2", "DLSscoringmeasure": "1", "adaptive": "1", "tabu": 1, "performrandomwalk": "0", "adaptivenoisescheme": "1", "singleclause": "0", "DLStiebreaking": "2"}, "39": {"tabusearch": "1", "clausepen": "2", "DLSscoringmeasure": "1", "adaptive": "1", "tabu": 3, "performrandomwalk": "0", "adaptivenoisescheme": "1", "singleclause": "0", "DLStiebreaking": "3"}, "40": {"tabusearch": "1", "clausepen": "2", "DLSscoringmeasure": "1", "adaptive": "0", "tabu": 1, "performrandomwalk": "0", "singleclause": "0", "DLStiebreaking": "3"}, "41": {"tabusearch": "1", "clausepen": "2", "DLSscoringmeasure": "2", "adaptive": "1", "tabu": 1, "performrandomwalk": "0", "adaptivenoisescheme": "1", "singleclause": "0", "DLStiebreaking": "3"}, "42": {"tabusearch": "1", "clausepen": "2", "DLSscoringmeasure": "1", "adaptive": "1", "tabu": 1, "performrandomwalk": "0", "adaptivenoisescheme": "1", "singleclause": "0", "DLStiebreaking": "4"}, "43": {"adaptivenoisescheme": "1", "clausepen": "2", "theta": 6, "adaptwalkprob": "0", "decreasingvariable": "3", "performrandomwalk": "0", "singleclause": "1", "CONadaptpromwalkprob": "0", "performalternatenovelty": "1", "tabusearch": "1", "tabu": 1, "updateschemepromlist": "3", "adaptive": "1", "phi": 5, "heuristic": "2", "adaptiveprom": "0", "wp": 0.01, "promisinglist": "1"}, "44": {"tabusearch": "1", "clausepen": "0", "DLSscoringmeasure": "1", "adaptive": "1", "tabu": 1, "performrandomwalk": "0", "adaptivenoisescheme": "1", "singleclause": "0", "DLStiebreaking": "3"}, "45": {"tabusearch": "0", "clausepen": "2", "DLSscoringmeasure": "1", "adaptive": "1", "performrandomwalk": "0", "adaptivenoisescheme": "2", "singleclause": "0", "DLStiebreaking": "2"}, "46": {"adaptivenoisescheme": "1", "clausepen": "1", "DLSscoringmeasure": "1", "DLSrho": 0.5, "performrandomwalk": "0", "singleclause": "0", "DLSalpha": 1.189, "adaptive": "1", "DLSwp": 0.03, "DLSsapsthresh": -0.1, "tabusearch": "0", "DLStiebreaking": "3", "smoothingscheme": "1"}, "47": {"tabusearch": "1", "clausepen": "2", "DLSscoringmeasure": "1", "adaptive": "1", "tabu": 1, "performrandomwalk": "0", "adaptivenoisescheme": "2", "singleclause": "0", "DLStiebreaking": "1"}, "48": {"tabusearch": "1", "clausepen": "2", "DLSscoringmeasure": "1", "adaptive": "1", "tabu": 7, "performrandomwalk": "0", "adaptivenoisescheme": "2", "singleclause": "0", "DLStiebreaking": "3"}, "49": {"tabusearch": "1", "clausepen": "2", "DLSscoringmeasure": "3", "adaptive": "1", "tabu": 1, "performrandomwalk": "0", "adaptivenoisescheme": "2", "singleclause": "0", "DLStiebreaking": "3"}, "50": {"tabusearch": "1", "clausepen": "2", "DLSscoringmeasure": "1", "adaptive": "1", "randomwalk": "1", "rwp": 0.01, "tabu": 1, "performrandomwalk": "1", "adaptivenoisescheme": "2", "singleclause": "0", "DLStiebreaking": "3"}, "51": {"tabusearch": "1", "clausepen": "2", "DLSscoringmeasure": "2", "adaptive": "1", "tabu": 1, "performrandomwalk": "0", "adaptivenoisescheme": "2", "singleclause": "0", "DLStiebreaking": "3"}, "52": {"adaptivenoisescheme": "2", "clausepen": "2", "theta": 6, "adaptwalkprob": "0", "decreasingvariable": "3", "performrandomwalk": "0", "singleclause": "1", "CONadaptpromwalkprob": "0", "performalternatenovelty": "1", "tabusearch": "1", "tabu": 1, "updateschemepromlist": "3", "adaptive": "1", "phi": 5, "heuristic": "2", "adaptiveprom": "0", "wp": 0.01, "promisinglist": "1"}, "53": {"tabusearch": "1", "clausepen": "0", "DLSscoringmeasure": "1", "adaptive": "1", "tabu": 1, "performrandomwalk": "0", "adaptivenoisescheme": "2", "singleclause": "0", "DLStiebreaking": "3"}, "54": {"tabusearch": "0", "clausepen": "2", "DLSscoringmeasure": "3", "adaptive": "1", "performrandomwalk": "0", "adaptivenoisescheme": "2", "singleclause": "0", "DLStiebreaking": "1"}, "55": {"tabusearch": "0", "clausepen": "2", "DLSscoringmeasure": "1", "adaptive": "1", "randomwalk": "1", "rwp": 0.01, "performrandomwalk": "1", "adaptivenoisescheme": "2", "singleclause": "0", "DLStiebreaking": "1"}, "56": {"tabusearch": "0", "clausepen": "2", "DLSscoringmeasure": "2", "adaptive": "1", "performrandomwalk": "0", "adaptivenoisescheme": "2", "singleclause": "0", "DLStiebreaking": "1"}, "57": {"tabusearch": "0", "clausepen": "2", "DLSscoringmeasure": "1", "adaptive": "0", "performrandomwalk": "0", "singleclause": "0", "DLStiebreaking": "1"}, "58": {"adaptivenoisescheme": "2", "clausepen": "1", "DLSscoringmeasure": "1", "DLSrho": 0.5, "performrandomwalk": "0", "singleclause": "0", "DLSalpha": 1.189, "adaptive": "1", "DLSwp": 0.03, "DLSsapsthresh": -0.1, "tabusearch": "0", "DLStiebreaking": "2", "smoothingscheme": "1"}, "59": {"tabusearch": "0", "clausepen": "0", "DLSscoringmeasure": "1", "adaptive": "1", "performrandomwalk": "0", "adaptivenoisescheme": "2", "singleclause": "0", "DLStiebreaking": "2"}, "60": {"tabusearch": "1", "clausepen": "2", "DLSscoringmeasure": "1", "adaptive": "1", "tabu": 1, "performrandomwalk": "0", "adaptivenoisescheme": "2", "singleclause": "0", "DLStiebreaking": "2"}, "61": {"tabusearch": "0", "clausepen": "2", "DLSscoringmeasure": "1", "adaptive": "1", "randomwalk": "1", "rwp": 0.01, "performrandomwalk": "1", "adaptivenoisescheme": "2", "singleclause": "0", "DLStiebreaking": "2"}, "62": {"tabusearch": "0", "clausepen": "2", "DLSscoringmeasure": "3", "adaptive": "1", "performrandomwalk": "0", "adaptivenoisescheme": "2", "singleclause": "0", "DLStiebreaking": "2"}, "63": {"tabusearch": "0", "clausepen": "2", "DLSscoringmeasure": "2", "adaptive": "1", "performrandomwalk": "0", "adaptivenoisescheme": "2", "singleclause": "0", "DLStiebreaking": "2"}, "64": {"tabusearch": "0", "clausepen": "2", "DLSscoringmeasure": "1", "adaptive": "0", "performrandomwalk": "0", "singleclause": "0", "DLStiebreaking": "2"}, "65": {"tabusearch": "0", "clausepen": "2", "DLSscoringmeasure": "3", "adaptive": "1", "randomwalk": "1", "rwp": 0.01, "performrandomwalk": "1", "adaptivenoisescheme": "2", "singleclause": "0", "DLStiebreaking": "2"}, "66": {"tabusearch": "0", "clausepen": "2", "DLSscoringmeasure": "3", "adaptive": "1", "performrandomwalk": "0", "adaptivenoisescheme": "1", "singleclause": "0", "DLStiebreaking": "2"}, "67": {"tabusearch": "0", "clausepen": "2", "DLSscoringmeasure": "3", "adaptive": "0", "performrandomwalk": "0", "singleclause": "0", "DLStiebreaking": "2"}, "68": {"adaptivenoisescheme": "2", "clausepen": "1", "DLSscoringmeasure": "3", "DLSrho": 0.5, "performrandomwalk": "0", "singleclause": "0", "DLSalpha": 1.189, "adaptive": "1", "DLSwp": 0.03, "DLSsapsthresh": -0.1, "tabusearch": "0", "DLStiebreaking": "2", "smoothingscheme": "1"}, "69": {"tabusearch": "1", "clausepen": "2", "DLSscoringmeasure": "3", "adaptive": "1", "tabu": 1, "performrandomwalk": "0", "adaptivenoisescheme": "2", "singleclause": "0", "DLStiebreaking": "2"}, "70": {"tabusearch": "0", "clausepen": "0", "DLSscoringmeasure": "3", "adaptive": "1", "performrandomwalk": "0", "adaptivenoisescheme": "2", "singleclause": "0", "DLStiebreaking": "2"}, "71": {"adaptivenoisescheme": "1", "clausepen": "1", "DLSscoringmeasure": "1", "DLSrho": 0.5, "performrandomwalk": "0", "singleclause": "0", "DLSalpha": 1.189, "adaptive": "1", "DLSwp": 0.03, "DLSsapsthresh": -0.1, "tabusearch": "0", "DLStiebreaking": "2", "smoothingscheme": "1"}, "72": {"tabusearch": "0", "clausepen": "2", "DLSscoringmeasure": "1", "adaptive": "1", "randomwalk": "1", "rwp": 0.01, "performrandomwalk": "1", "adaptivenoisescheme": "1", "singleclause": "0", "DLStiebreaking": "2"}, "73": {"tabusearch": "0", "clausepen": "0", "DLSscoringmeasure": "1", "adaptive": "1", "performrandomwalk": "0", "adaptivenoisescheme": "1", "singleclause": "0", "DLStiebreaking": "2"}, "74": {"tabusearch": "0", "clausepen": "2", "DLSscoringmeasure": "2", "adaptive": "1", "performrandomwalk": "0", "adaptivenoisescheme": "1", "singleclause": "0", "DLStiebreaking": "2"}, "75": {"tabusearch": "0", "clausepen": "2", "DLSscoringmeasure": "3", "adaptive": "1", "randomwalk": "1", "rwp": 0.01, "performrandomwalk": "1", "adaptivenoisescheme": "1", "singleclause": "0", "DLStiebreaking": "2"}, "76": {"tabusearch": "0", "clausepen": "2", "DLSscoringmeasure": "3", "adaptive": "1", "performrandomwalk": "0", "adaptivenoisescheme": "1", "singleclause": "0", "DLStiebreaking": "1"}, "77": {"tabusearch": "1", "clausepen": "2", "DLSscoringmeasure": "3", "adaptive": "1", "tabu": 1, "performrandomwalk": "0", "adaptivenoisescheme": "1", "singleclause": "0", "DLStiebreaking": "2"}, "78": {"tabusearch": "0", "clausepen": "0", "DLSscoringmeasure": "3", "adaptive": "1", "performrandomwalk": "0", "adaptivenoisescheme": "1", "singleclause": "0", "DLStiebreaking": "2"}, "79": {"adaptivenoisescheme": "1", "clausepen": "1", "DLSscoringmeasure": "3", "DLSrho": 0.5, "performrandomwalk": "0", "singleclause": "0", "DLSalpha": 1.189, "adaptive": "1", "DLSwp": 0.03, "DLSsapsthresh": -0.1, "tabusearch": "0", "DLStiebreaking": "2", "smoothingscheme": "1"}, "80": {"tabusearch": "0", "clausepen": "2", "DLSscoringmeasure": "3", "adaptive": "1", "performrandomwalk": "0", "adaptivenoisescheme": "1", "singleclause": "0", "DLStiebreaking": "4"}}}