{"wallclock_time": 0.0015277862548828125, "cost": 2147483648, "total_cpu_time": null, "evaluations": 0, "cpu_time": 0, "incumbent": ["adaptive=''1''", "clausepen=''1''", "performrandomwalk=''0''", "singleclause=''1''", "tabusearch=''0''", "adaptivenoisescheme=''1''", "adaptwalkprob=''0''", "heuristic=''2''", "promisinglist=''1''", "ps='0.4'", "selectclause=''1''", "smoothingscheme=''1''", "adaptiveprom=''0''", "decreasingvariable=''3''", "performalternatenovelty=''1''", "phi='5'", "theta='6'", "updateschemepromlist=''3''", "wp='0.01'", "CONadaptpromwalkprob=''0''"]}
{"wallclock_time": 1.8613615036010742, "cost": 1.384, "total_cpu_time": null, "evaluations": 1, "cpu_time": 1.384, "incumbent": ["adaptive=''1''", "clausepen=''1''", "performrandomwalk=''0''", "singleclause=''1''", "tabusearch=''0''", "adaptivenoisescheme=''1''", "adaptwalkprob=''0''", "heuristic=''2''", "promisinglist=''1''", "ps='0.4'", "selectclause=''1''", "smoothingscheme=''1''", "adaptiveprom=''0''", "decreasingvariable=''3''", "performalternatenovelty=''1''", "phi='5'", "theta='6'", "updateschemepromlist=''3''", "wp='0.01'", "CONadaptpromwalkprob=''0''"]}
{"wallclock_time": 48.70921850204468, "cost": 0.00352, "total_cpu_time": null, "evaluations": 65, "cpu_time": 51.64399999999999, "incumbent": ["adaptive=''0''", "clausepen=''1''", "performrandomwalk=''0''", "singleclause=''0''", "tabusearch=''1''", "DLSscoringmeasure=''3''", "DLStiebreaking=''4''", "smoothingscheme=''2''", "tabu='4'", "DLSc='0.00013687629875901617'", "DLSmaxinc='10'", "DLSpflat='0.19488978828709635'", "DLSs='0.013596926587650904'"]}
{"wallclock_time": 735.4143466949463, "cost": 0.0033600000000000006, "total_cpu_time": null, "evaluations": 780, "cpu_time": 1075.6559999999977, "incumbent": ["adaptive=''0''", "clausepen=''1''", "performrandomwalk=''0''", "singleclause=''0''", "tabusearch=''1''", "DLSscoringmeasure=''3''", "DLStiebreaking=''4''", "smoothingscheme=''2''", "tabu='4'", "DLSc='2.6787865257354863e-05'", "DLSmaxinc='10'", "DLSpflat='0.19488978828709635'", "DLSs='0.013596926587650904'"]}
