{"evaluations": 0, "incumbent": ["adaptive=''1''", "clausepen=''1''", "performrandomwalk=''0''", "singleclause=''1''", "tabusearch=''0''", "adaptivenoisescheme=''1''", "adaptwalkprob=''0''", "heuristic=''2''", "promisinglist=''1''", "ps='0.4'", "selectclause=''1''", "smoothingscheme=''1''", "adaptiveprom=''0''", "decreasingvariable=''3''", "performalternatenovelty=''1''", "phi='5'", "theta='6'", "updateschemepromlist=''3''", "wp='0.01'", "CONadaptpromwalkprob=''0''"], "wallclock_time": 0.0016422271728515625, "cost": 2147483648, "cpu_time": 0, "total_cpu_time": null}
{"evaluations": 1, "incumbent": ["adaptive=''1''", "clausepen=''1''", "performrandomwalk=''0''", "singleclause=''1''", "tabusearch=''0''", "adaptivenoisescheme=''1''", "adaptwalkprob=''0''", "heuristic=''2''", "promisinglist=''1''", "ps='0.4'", "selectclause=''1''", "smoothingscheme=''1''", "adaptiveprom=''0''", "decreasingvariable=''3''", "performalternatenovelty=''1''", "phi='5'", "theta='6'", "updateschemepromlist=''3''", "wp='0.01'", "CONadaptpromwalkprob=''0''"], "wallclock_time": 7.66019868850708, "cost": 50, "cpu_time": 5.0, "total_cpu_time": null}
{"evaluations": 65, "incumbent": ["adaptive=''1''", "clausepen=''1''", "performrandomwalk=''1''", "singleclause=''0''", "tabusearch=''0''", "DLSscoringmeasure=''3''", "DLStiebreaking=''4''", "adaptivenoisescheme=''1''", "randomwalk=''3''", "smoothingscheme=''1''", "DLSalpha='1.2104786214022534'", "DLSrho='0.8283965041719044'", "DLSsapsthresh='-0.33612938681905596'", "DLSwp='0.04215903948399469'", "rdp='0.12045948590594434'"], "wallclock_time": 67.81567478179932, "cost": 0.003280000000000001, "cpu_time": 86.18799999999997, "total_cpu_time": null}
{"evaluations": 520, "incumbent": ["adaptive=''1''", "clausepen=''1''", "performrandomwalk=''1''", "singleclause=''0''", "tabusearch=''0''", "DLSscoringmeasure=''3''", "DLStiebreaking=''4''", "adaptivenoisescheme=''1''", "randomwalk=''3''", "smoothingscheme=''1''", "DLSalpha='1.2104786214022534'", "DLSrho='0.9449038051159062'", "DLSsapsthresh='-0.33612938681905596'", "DLSwp='0.04215903948399469'", "rdp='0.12045948590594434'"], "wallclock_time": 244.34879851341248, "cost": 0.00284, "cpu_time": 149.66000000000034, "total_cpu_time": null}
{"evaluations": 1755, "incumbent": ["adaptive=''1''", "clausepen=''1''", "performrandomwalk=''1''", "singleclause=''0''", "tabusearch=''0''", "DLSscoringmeasure=''3''", "DLStiebreaking=''4''", "adaptivenoisescheme=''2''", "randomwalk=''3''", "smoothingscheme=''1''", "DLSalpha='1.2104786214022534'", "DLSrho='0.9449038051159062'", "DLSsapsthresh='-0.3694202171637787'", "DLSwp='0.04215903948399469'", "rdp='0.12045948590594434'"], "wallclock_time": 705.0959866046906, "cost": 0.0028000000000000004, "cpu_time": 312.5680000000032, "total_cpu_time": null}
