{"evaluations": 0, "cost": 2147483648, "total_cpu_time": null, "wallclock_time": 0.0014376640319824219, "cpu_time": 0, "incumbent": ["adaptive=''1''", "clausepen=''1''", "performrandomwalk=''0''", "singleclause=''1''", "tabusearch=''0''", "adaptivenoisescheme=''1''", "adaptwalkprob=''0''", "heuristic=''2''", "promisinglist=''1''", "ps='0.4'", "selectclause=''1''", "smoothingscheme=''1''", "adaptiveprom=''0''", "decreasingvariable=''3''", "performalternatenovelty=''1''", "phi='5'", "theta='6'", "updateschemepromlist=''3''", "wp='0.01'", "CONadaptpromwalkprob=''0''"]}
{"evaluations": 1, "cost": 50, "total_cpu_time": null, "wallclock_time": 7.636516809463501, "cpu_time": 5.0, "incumbent": ["adaptive=''1''", "clausepen=''1''", "performrandomwalk=''0''", "singleclause=''1''", "tabusearch=''0''", "adaptivenoisescheme=''1''", "adaptwalkprob=''0''", "heuristic=''2''", "promisinglist=''1''", "ps='0.4'", "selectclause=''1''", "smoothingscheme=''1''", "adaptiveprom=''0''", "decreasingvariable=''3''", "performalternatenovelty=''1''", "phi='5'", "theta='6'", "updateschemepromlist=''3''", "wp='0.01'", "CONadaptpromwalkprob=''0''"]}
{"evaluations": 65, "cost": 0.0031600000000000005, "total_cpu_time": null, "wallclock_time": 94.16133117675781, "cpu_time": 86.09199999999997, "incumbent": ["adaptive=''1''", "clausepen=''1''", "performrandomwalk=''1''", "singleclause=''0''", "tabusearch=''0''", "DLSscoringmeasure=''3''", "DLStiebreaking=''4''", "adaptivenoisescheme=''1''", "randomwalk=''3''", "smoothingscheme=''1''", "DLSalpha='1.2104786214022534'", "DLSrho='0.8283965041719044'", "DLSsapsthresh='-0.33612938681905596'", "DLSwp='0.04215903948399469'", "rdp='0.12045948590594434'"]}
{"evaluations": 1690, "cost": 0.0029200000000000003, "total_cpu_time": null, "wallclock_time": 2362.1331853866577, "cpu_time": 2431.2779999999916, "incumbent": ["adaptive=''1''", "clausepen=''2''", "performrandomwalk=''0''", "singleclause=''0''", "tabusearch=''0''", "DLSscoringmeasure=''3''", "DLStiebreaking=''2''", "adaptivenoisescheme=''1''"]}
