{"cost": 2147483648, "cpu_time": 0, "wallclock_time": 0.0009589195251464844, "incumbent": ["sp-clause-activity-inc='1.0'", "sp-clause-decay='1.4'", "sp-clause-del-heur=''2''", "sp-first-restart='100'", "sp-learned-clause-sort-heur=''0''", "sp-learned-clauses-inc='1.3'", "sp-learned-size-factor='0.4'", "sp-orig-clause-sort-heur=''0''", "sp-phase-dec-heur=''5''", "sp-rand-var-dec-freq=''0.001''", "sp-resolution=''1''", "sp-restart-inc='1.5'", "sp-update-dec-queue=''1''", "sp-use-pure-literal-rule=''1''", "sp-var-activity-inc='1.0'", "sp-var-dec-heur=''0''", "sp-variable-decay='1.4'", "sp-max-res-lit-inc='1.0'", "sp-max-res-runs='4'", "sp-rand-phase-dec-freq=''0.001''", "sp-rand-var-dec-scaling='1.0'", "sp-res-cutoff-cls='8'", "sp-res-cutoff-lits='400'", "sp-res-order-heur=''0''", "sp-rand-phase-scaling='1.0'"], "total_cpu_time": null, "evaluations": 0}
{"cost": 0.012, "cpu_time": 0.012, "wallclock_time": 0.18036150932312012, "incumbent": ["sp-clause-activity-inc='1.0'", "sp-clause-decay='1.4'", "sp-clause-del-heur=''2''", "sp-first-restart='100'", "sp-learned-clause-sort-heur=''0''", "sp-learned-clauses-inc='1.3'", "sp-learned-size-factor='0.4'", "sp-orig-clause-sort-heur=''0''", "sp-phase-dec-heur=''5''", "sp-rand-var-dec-freq=''0.001''", "sp-resolution=''1''", "sp-restart-inc='1.5'", "sp-update-dec-queue=''1''", "sp-use-pure-literal-rule=''1''", "sp-var-activity-inc='1.0'", "sp-var-dec-heur=''0''", "sp-variable-decay='1.4'", "sp-max-res-lit-inc='1.0'", "sp-max-res-runs='4'", "sp-rand-phase-dec-freq=''0.001''", "sp-rand-var-dec-scaling='1.0'", "sp-res-cutoff-cls='8'", "sp-res-cutoff-lits='400'", "sp-res-order-heur=''0''", "sp-rand-phase-scaling='1.0'"], "total_cpu_time": null, "evaluations": 1}
{"cost": 0.06428402366863904, "cpu_time": 78.69600000000001, "wallclock_time": 60.5229058265686, "incumbent": ["sp-clause-activity-inc='1.0'", "sp-clause-decay='1.4'", "sp-clause-del-heur=''2''", "sp-first-restart='100'", "sp-learned-clause-sort-heur=''0''", "sp-learned-clauses-inc='1.3'", "sp-learned-size-factor='0.3098818034310452'", "sp-orig-clause-sort-heur=''0''", "sp-phase-dec-heur=''5''", "sp-rand-var-dec-freq=''0.001''", "sp-resolution=''1''", "sp-restart-inc='1.5'", "sp-update-dec-queue=''1''", "sp-use-pure-literal-rule=''1''", "sp-var-activity-inc='1.0'", "sp-var-dec-heur=''0''", "sp-variable-decay='1.4'", "sp-max-res-lit-inc='1.0'", "sp-max-res-runs='4'", "sp-rand-phase-dec-freq=''0.001''", "sp-rand-var-dec-scaling='1.0'", "sp-res-cutoff-cls='8'", "sp-res-cutoff-lits='400'", "sp-res-order-heur=''0''", "sp-rand-phase-scaling='1.0'"], "total_cpu_time": null, "evaluations": 81}
{"cost": 0.063265625, "cpu_time": 174.98800000000003, "wallclock_time": 137.29536724090576, "incumbent": ["sp-clause-activity-inc='1.0'", "sp-clause-decay='1.4'", "sp-clause-del-heur=''2''", "sp-first-restart='100'", "sp-learned-clause-sort-heur=''0''", "sp-learned-clauses-inc='1.3'", "sp-learned-size-factor='0.3098818034310452'", "sp-orig-clause-sort-heur=''0''", "sp-phase-dec-heur=''5''", "sp-rand-var-dec-freq=''0.05''", "sp-resolution=''0''", "sp-restart-inc='1.2470280478742741'", "sp-update-dec-queue=''1''", "sp-use-pure-literal-rule=''1''", "sp-var-activity-inc='1.0'", "sp-var-dec-heur=''0''", "sp-variable-decay='1.4'", "sp-rand-phase-dec-freq=''0.001''", "sp-rand-var-dec-scaling='1.0'", "sp-rand-phase-scaling='1.0'"], "total_cpu_time": null, "evaluations": 161}
{"cost": 0.04790909090909093, "cpu_time": 416.9000000000003, "wallclock_time": 313.0787672996521, "incumbent": ["sp-clause-activity-inc='1.0'", "sp-clause-decay='1.362935091547915'", "sp-clause-del-heur=''2''", "sp-first-restart='100'", "sp-learned-clause-sort-heur=''0''", "sp-learned-clauses-inc='1.3'", "sp-learned-size-factor='0.3098818034310452'", "sp-orig-clause-sort-heur=''0''", "sp-phase-dec-heur=''5''", "sp-rand-var-dec-freq=''0.05''", "sp-resolution=''0''", "sp-restart-inc='1.2470280478742741'", "sp-update-dec-queue=''1''", "sp-use-pure-literal-rule=''1''", "sp-var-activity-inc='1.0'", "sp-var-dec-heur=''0''", "sp-variable-decay='1.2961312440059127'", "sp-rand-phase-dec-freq=''0.001''", "sp-rand-var-dec-scaling='1.0'", "sp-rand-phase-scaling='1.0'"], "total_cpu_time": null, "evaluations": 375}
{"cost": 0.04127999999999999, "cpu_time": 562.3400000000004, "wallclock_time": 418.0187578201294, "incumbent": ["sp-clause-activity-inc='0.8473538866242266'", "sp-clause-decay='1.362935091547915'", "sp-clause-del-heur=''2''", "sp-first-restart='100'", "sp-learned-clause-sort-heur=''0''", "sp-learned-clauses-inc='1.3'", "sp-learned-size-factor='0.3098818034310452'", "sp-orig-clause-sort-heur=''0''", "sp-phase-dec-heur=''5''", "sp-rand-var-dec-freq=''0.05''", "sp-resolution=''0''", "sp-restart-inc='1.2470280478742741'", "sp-update-dec-queue=''1''", "sp-use-pure-literal-rule=''1''", "sp-var-activity-inc='1.0'", "sp-var-dec-heur=''0''", "sp-variable-decay='1.2961312440059127'", "sp-rand-phase-dec-freq=''0.001''", "sp-rand-var-dec-scaling='1.0'", "sp-rand-phase-scaling='1.0'"], "total_cpu_time": null, "evaluations": 515}
{"cost": 0.039106508875739625, "cpu_time": 614.5520000000004, "wallclock_time": 453.9720857143402, "incumbent": ["sp-clause-activity-inc='0.8473538866242266'", "sp-clause-decay='1.362935091547915'", "sp-clause-del-heur=''2''", "sp-first-restart='100'", "sp-learned-clause-sort-heur=''0''", "sp-learned-clauses-inc='1.3'", "sp-learned-size-factor='0.3098818034310452'", "sp-orig-clause-sort-heur=''0''", "sp-phase-dec-heur=''5''", "sp-rand-var-dec-freq=''0.05''", "sp-resolution=''0''", "sp-restart-inc='1.2470280478742741'", "sp-update-dec-queue=''0''", "sp-use-pure-literal-rule=''1''", "sp-var-activity-inc='1.0'", "sp-var-dec-heur=''0''", "sp-variable-decay='1.2961312440059127'", "sp-rand-phase-dec-freq=''0.001''", "sp-rand-var-dec-scaling='1.0'", "sp-rand-phase-scaling='1.0'"], "total_cpu_time": null, "evaluations": 566}
{"cost": 0.029207133058984907, "cpu_time": 653.9280000000001, "wallclock_time": 484.9127802848816, "incumbent": ["sp-clause-activity-inc='0.8473538866242266'", "sp-clause-decay='1.362935091547915'", "sp-clause-del-heur=''2''", "sp-first-restart='100'", "sp-learned-clause-sort-heur=''0''", "sp-learned-clauses-inc='1.3'", "sp-learned-size-factor='0.3098818034310452'", "sp-orig-clause-sort-heur=''0''", "sp-phase-dec-heur=''5''", "sp-rand-var-dec-freq=''0.05''", "sp-resolution=''0''", "sp-restart-inc='1.2470280478742741'", "sp-update-dec-queue=''0''", "sp-use-pure-literal-rule=''1''", "sp-var-activity-inc='1.0'", "sp-var-dec-heur=''0''", "sp-variable-decay='1.2961312440059127'", "sp-rand-phase-dec-freq=''0.01''", "sp-rand-var-dec-scaling='1.0'", "sp-rand-phase-scaling='1.0'"], "total_cpu_time": null, "evaluations": 610}
{"cost": 0.025398335315101075, "cpu_time": 740.0379999999993, "wallclock_time": 547.8251352310181, "incumbent": ["sp-clause-activity-inc='0.8473538866242266'", "sp-clause-decay='1.362935091547915'", "sp-clause-del-heur=''1''", "sp-first-restart='100'", "sp-learned-clause-sort-heur=''0''", "sp-learned-clauses-inc='1.3'", "sp-learned-size-factor='0.3098818034310452'", "sp-orig-clause-sort-heur=''0''", "sp-phase-dec-heur=''5''", "sp-rand-var-dec-freq=''0.05''", "sp-resolution=''0''", "sp-restart-inc='1.2470280478742741'", "sp-update-dec-queue=''0''", "sp-use-pure-literal-rule=''1''", "sp-var-activity-inc='1.0'", "sp-var-dec-heur=''0''", "sp-variable-decay='1.2961312440059127'", "sp-rand-phase-dec-freq=''0.01''", "sp-rand-var-dec-scaling='1.0'", "sp-rand-phase-scaling='1.0'"], "total_cpu_time": null, "evaluations": 720}
{"cost": 0.026769531249999996, "cpu_time": 897.3579999999984, "wallclock_time": 671.0240092277527, "incumbent": ["sp-clause-activity-inc='0.8473538866242266'", "sp-clause-decay='1.362935091547915'", "sp-clause-del-heur=''1''", "sp-first-restart='100'", "sp-learned-clause-sort-heur=''0''", "sp-learned-clauses-inc='1.3'", "sp-learned-size-factor='0.3098818034310452'", "sp-orig-clause-sort-heur=''0''", "sp-phase-dec-heur=''5''", "sp-rand-var-dec-freq=''0.0001''", "sp-resolution=''0''", "sp-restart-inc='1.2470280478742741'", "sp-update-dec-queue=''0''", "sp-use-pure-literal-rule=''1''", "sp-var-activity-inc='0.9925494658664327'", "sp-var-dec-heur=''0''", "sp-variable-decay='1.2961312440059127'", "sp-rand-phase-dec-freq=''0.01''", "sp-rand-var-dec-scaling='0.8845838848047873'", "sp-rand-phase-scaling='1.0'"], "total_cpu_time": null, "evaluations": 900}
{"cost": 0.025864691358024692, "cpu_time": 2029.0619999999933, "wallclock_time": 1510.2734713554382, "incumbent": ["sp-clause-activity-inc='0.8473538866242266'", "sp-clause-decay='1.2838323226204693'", "sp-clause-del-heur=''1''", "sp-first-restart='100'", "sp-learned-clause-sort-heur=''0''", "sp-learned-clauses-inc='1.2034801335073393'", "sp-learned-size-factor='0.3098818034310452'", "sp-orig-clause-sort-heur=''0''", "sp-phase-dec-heur=''2''", "sp-rand-var-dec-freq=''0.0001''", "sp-resolution=''0''", "sp-restart-inc='1.3356642479493797'", "sp-update-dec-queue=''0''", "sp-use-pure-literal-rule=''0''", "sp-var-activity-inc='1.0'", "sp-var-dec-heur=''0''", "sp-variable-decay='1.2961312440059127'", "sp-rand-var-dec-scaling='0.949826765246164'"], "total_cpu_time": null, "evaluations": 1894}
{"cost": 0.02533459357277882, "cpu_time": 2135.097999999992, "wallclock_time": 1585.9246504306793, "incumbent": ["sp-clause-activity-inc='0.8473538866242266'", "sp-clause-decay='1.2838323226204693'", "sp-clause-del-heur=''1''", "sp-first-restart='100'", "sp-learned-clause-sort-heur=''0''", "sp-learned-clauses-inc='1.2034801335073393'", "sp-learned-size-factor='0.6618269255751938'", "sp-orig-clause-sort-heur=''0''", "sp-phase-dec-heur=''2''", "sp-rand-var-dec-freq=''0.0001''", "sp-resolution=''0''", "sp-restart-inc='1.3356642479493797'", "sp-update-dec-queue=''0''", "sp-use-pure-literal-rule=''0''", "sp-var-activity-inc='1.0'", "sp-var-dec-heur=''0''", "sp-variable-decay='1.2961312440059127'", "sp-rand-var-dec-scaling='0.949826765246164'"], "total_cpu_time": null, "evaluations": 1985}
{"cost": 0.019276041666666664, "cpu_time": 2328.317999999992, "wallclock_time": 1727.8405895233154, "incumbent": ["sp-clause-activity-inc='0.8473538866242266'", "sp-clause-decay='1.2838323226204693'", "sp-clause-del-heur=''1''", "sp-first-restart='100'", "sp-learned-clause-sort-heur=''0''", "sp-learned-clauses-inc='1.2034801335073393'", "sp-learned-size-factor='0.6618269255751938'", "sp-orig-clause-sort-heur=''0''", "sp-phase-dec-heur=''2''", "sp-rand-var-dec-freq=''0.0001''", "sp-resolution=''1''", "sp-restart-inc='1.3356642479493797'", "sp-update-dec-queue=''0''", "sp-use-pure-literal-rule=''0''", "sp-var-activity-inc='1.0'", "sp-var-dec-heur=''0''", "sp-variable-decay='1.1094838585194173'", "sp-max-res-lit-inc='1.0'", "sp-max-res-runs='4'", "sp-rand-var-dec-scaling='0.949826765246164'", "sp-res-cutoff-cls='8'", "sp-res-cutoff-lits='400'", "sp-res-order-heur=''0''"], "total_cpu_time": null, "evaluations": 2162}
{"cost": 0.01917538461538461, "cpu_time": 4590.3959999999815, "wallclock_time": 3394.6986191272736, "incumbent": ["sp-clause-activity-inc='0.6864922431165713'", "sp-clause-decay='1.4259962344426431'", "sp-clause-del-heur=''1''", "sp-first-restart='100'", "sp-learned-clause-sort-heur=''0''", "sp-learned-clauses-inc='1.2034801335073393'", "sp-learned-size-factor='0.46728756951284617'", "sp-orig-clause-sort-heur=''0''", "sp-phase-dec-heur=''2''", "sp-rand-var-dec-freq=''0.0001''", "sp-resolution=''1''", "sp-restart-inc='1.3356642479493797'", "sp-update-dec-queue=''1''", "sp-use-pure-literal-rule=''1''", "sp-var-activity-inc='1.0'", "sp-var-dec-heur=''17''", "sp-variable-decay='1.357709596487439'", "sp-max-res-lit-inc='0.6952180009126269'", "sp-max-res-runs='4'", "sp-rand-var-dec-scaling='0.9478880020135099'", "sp-res-cutoff-cls='11'", "sp-res-cutoff-lits='400'", "sp-res-order-heur=''0''"], "total_cpu_time": null, "evaluations": 4068}
{"cost": 0.017660899653979236, "cpu_time": 5077.623999999971, "wallclock_time": 3755.863264799118, "incumbent": ["sp-clause-activity-inc='0.6864922431165713'", "sp-clause-decay='1.8802807974005469'", "sp-clause-del-heur=''1''", "sp-first-restart='100'", "sp-learned-clause-sort-heur=''0''", "sp-learned-clauses-inc='1.2034801335073393'", "sp-learned-size-factor='0.46728756951284617'", "sp-orig-clause-sort-heur=''0''", "sp-phase-dec-heur=''2''", "sp-rand-var-dec-freq=''0.0001''", "sp-resolution=''1''", "sp-restart-inc='1.3356642479493797'", "sp-update-dec-queue=''1''", "sp-use-pure-literal-rule=''1''", "sp-var-activity-inc='1.0'", "sp-var-dec-heur=''17''", "sp-variable-decay='1.357709596487439'", "sp-max-res-lit-inc='0.6952180009126269'", "sp-max-res-runs='4'", "sp-rand-var-dec-scaling='0.9478880020135099'", "sp-res-cutoff-cls='11'", "sp-res-cutoff-lits='400'", "sp-res-order-heur=''0''"], "total_cpu_time": null, "evaluations": 4464}
{"cost": 0.017330812854442348, "cpu_time": 5241.66399999997, "wallclock_time": 3876.072885274887, "incumbent": ["sp-clause-activity-inc='0.6864922431165713'", "sp-clause-decay='1.8802807974005469'", "sp-clause-del-heur=''1''", "sp-first-restart='100'", "sp-learned-clause-sort-heur=''0''", "sp-learned-clauses-inc='1.2034801335073393'", "sp-learned-size-factor='0.46728756951284617'", "sp-orig-clause-sort-heur=''0''", "sp-phase-dec-heur=''2''", "sp-rand-var-dec-freq=''0.0001''", "sp-resolution=''1''", "sp-restart-inc='1.3356642479493797'", "sp-update-dec-queue=''1''", "sp-use-pure-literal-rule=''1''", "sp-var-activity-inc='1.0'", "sp-var-dec-heur=''17''", "sp-variable-decay='1.357709596487439'", "sp-max-res-lit-inc='0.6952180009126269'", "sp-max-res-runs='4'", "sp-rand-var-dec-scaling='0.9478880020135099'", "sp-res-cutoff-cls='3'", "sp-res-cutoff-lits='400'", "sp-res-order-heur=''0''"], "total_cpu_time": null, "evaluations": 4601}
{"cost": 0.016871836734693873, "cpu_time": 5406.835999999966, "wallclock_time": 3997.563102722168, "incumbent": ["sp-clause-activity-inc='0.6864922431165713'", "sp-clause-decay='1.8802807974005469'", "sp-clause-del-heur=''1''", "sp-first-restart='100'", "sp-learned-clause-sort-heur=''0''", "sp-learned-clauses-inc='1.2034801335073393'", "sp-learned-size-factor='0.46728756951284617'", "sp-orig-clause-sort-heur=''0''", "sp-phase-dec-heur=''2''", "sp-rand-var-dec-freq=''0.0001''", "sp-resolution=''1''", "sp-restart-inc='1.3356642479493797'", "sp-update-dec-queue=''1''", "sp-use-pure-literal-rule=''1''", "sp-var-activity-inc='1.0'", "sp-var-dec-heur=''17''", "sp-variable-decay='1.357709596487439'", "sp-max-res-lit-inc='0.6952180009126269'", "sp-max-res-runs='4'", "sp-rand-var-dec-scaling='0.9478880020135099'", "sp-res-cutoff-cls='11'", "sp-res-cutoff-lits='400'", "sp-res-order-heur=''0''"], "total_cpu_time": null, "evaluations": 4740}
{"cost": 0.016454869581534994, "cpu_time": 5917.8879999999535, "wallclock_time": 4382.085880041122, "incumbent": ["sp-clause-activity-inc='0.6864922431165713'", "sp-clause-decay='1.8802807974005469'", "sp-clause-del-heur=''2''", "sp-first-restart='100'", "sp-learned-clause-sort-heur=''0''", "sp-learned-clauses-inc='1.2034801335073393'", "sp-learned-size-factor='0.46728756951284617'", "sp-orig-clause-sort-heur=''0''", "sp-phase-dec-heur=''2''", "sp-rand-var-dec-freq=''0.0001''", "sp-resolution=''1''", "sp-restart-inc='1.3356642479493797'", "sp-update-dec-queue=''1''", "sp-use-pure-literal-rule=''1''", "sp-var-activity-inc='1.0'", "sp-var-dec-heur=''17''", "sp-variable-decay='1.357709596487439'", "sp-max-res-lit-inc='0.6952180009126269'", "sp-max-res-runs='4'", "sp-rand-var-dec-scaling='0.9478880020135099'", "sp-res-cutoff-cls='11'", "sp-res-cutoff-lits='400'", "sp-res-order-heur=''0''"], "total_cpu_time": null, "evaluations": 5166}
{"cost": 0.01570221606648199, "cpu_time": 6446.419999999949, "wallclock_time": 4770.053119421005, "incumbent": ["sp-clause-activity-inc='0.6864922431165713'", "sp-clause-decay='1.8609911870700573'", "sp-clause-del-heur=''2''", "sp-first-restart='100'", "sp-learned-clause-sort-heur=''0''", "sp-learned-clauses-inc='1.114504411000557'", "sp-learned-size-factor='0.46728756951284617'", "sp-orig-clause-sort-heur=''0''", "sp-phase-dec-heur=''2''", "sp-rand-var-dec-freq=''0.0001''", "sp-resolution=''1''", "sp-restart-inc='1.3356642479493797'", "sp-update-dec-queue=''1''", "sp-use-pure-literal-rule=''1''", "sp-var-activity-inc='1.296361531347486'", "sp-var-dec-heur=''17''", "sp-variable-decay='1.357709596487439'", "sp-max-res-lit-inc='0.6952180009126269'", "sp-max-res-runs='4'", "sp-rand-var-dec-scaling='0.9478880020135099'", "sp-res-cutoff-cls='11'", "sp-res-cutoff-lits='400'", "sp-res-order-heur=''0''"], "total_cpu_time": null, "evaluations": 5603}
{"cost": 0.01536852757631979, "cpu_time": 6628.279999999945, "wallclock_time": 4903.8609256744385, "incumbent": ["sp-clause-activity-inc='0.6864922431165713'", "sp-clause-decay='1.8609911870700573'", "sp-clause-del-heur=''2''", "sp-first-restart='100'", "sp-learned-clause-sort-heur=''0''", "sp-learned-clauses-inc='1.114504411000557'", "sp-learned-size-factor='0.46728756951284617'", "sp-orig-clause-sort-heur=''8''", "sp-phase-dec-heur=''2''", "sp-rand-var-dec-freq=''0.0001''", "sp-resolution=''1''", "sp-restart-inc='1.3356642479493797'", "sp-update-dec-queue=''1''", "sp-use-pure-literal-rule=''1''", "sp-var-activity-inc='1.296361531347486'", "sp-var-dec-heur=''17''", "sp-variable-decay='1.357709596487439'", "sp-max-res-lit-inc='0.6952180009126269'", "sp-max-res-runs='4'", "sp-rand-var-dec-scaling='0.9478880020135099'", "sp-res-cutoff-cls='11'", "sp-res-cutoff-lits='400'", "sp-res-order-heur=''0''"], "total_cpu_time": null, "evaluations": 5756}
{"cost": 0.014987341772151892, "cpu_time": 6998.951999999947, "wallclock_time": 5170.2881553173065, "incumbent": ["sp-clause-activity-inc='0.6864922431165713'", "sp-clause-decay='1.8609911870700573'", "sp-clause-del-heur=''2''", "sp-first-restart='100'", "sp-learned-clause-sort-heur=''0''", "sp-learned-clauses-inc='1.114504411000557'", "sp-learned-size-factor='0.46728756951284617'", "sp-orig-clause-sort-heur=''0''", "sp-phase-dec-heur=''2''", "sp-rand-var-dec-freq=''0.0001''", "sp-resolution=''1''", "sp-restart-inc='1.3356642479493797'", "sp-update-dec-queue=''1''", "sp-use-pure-literal-rule=''1''", "sp-var-activity-inc='1.296361531347486'", "sp-var-dec-heur=''17''", "sp-variable-decay='1.357709596487439'", "sp-max-res-lit-inc='0.6952180009126269'", "sp-max-res-runs='4'", "sp-rand-var-dec-scaling='0.9478880020135099'", "sp-res-cutoff-cls='11'", "sp-res-cutoff-lits='400'", "sp-res-order-heur=''0''"], "total_cpu_time": null, "evaluations": 6067}
{"cost": 0.014278124999999992, "cpu_time": 7179.995999999949, "wallclock_time": 5299.246390342712, "incumbent": ["sp-clause-activity-inc='0.6864922431165713'", "sp-clause-decay='1.8609911870700573'", "sp-clause-del-heur=''2''", "sp-first-restart='100'", "sp-learned-clause-sort-heur=''5''", "sp-learned-clauses-inc='1.114504411000557'", "sp-learned-size-factor='0.46728756951284617'", "sp-orig-clause-sort-heur=''0''", "sp-phase-dec-heur=''4''", "sp-rand-var-dec-freq=''0.0001''", "sp-resolution=''1''", "sp-restart-inc='1.3356642479493797'", "sp-update-dec-queue=''1''", "sp-use-pure-literal-rule=''1''", "sp-var-activity-inc='1.296361531347486'", "sp-var-dec-heur=''17''", "sp-variable-decay='1.357709596487439'", "sp-max-res-lit-inc='0.6952180009126269'", "sp-max-res-runs='4'", "sp-rand-phase-dec-freq=''0.001''", "sp-rand-var-dec-scaling='0.9478880020135099'", "sp-res-cutoff-cls='11'", "sp-res-cutoff-lits='400'", "sp-res-order-heur=''0''", "sp-rand-phase-scaling='1.0'"], "total_cpu_time": null, "evaluations": 6222}
{"cost": 0.013674036281179122, "cpu_time": 7913.383999999967, "wallclock_time": 5835.436025857925, "incumbent": ["sp-clause-activity-inc='0.6864922431165713'", "sp-clause-decay='1.8609911870700573'", "sp-clause-del-heur=''2''", "sp-first-restart='100'", "sp-learned-clause-sort-heur=''5''", "sp-learned-clauses-inc='1.114504411000557'", "sp-learned-size-factor='0.46728756951284617'", "sp-orig-clause-sort-heur=''2''", "sp-phase-dec-heur=''4''", "sp-rand-var-dec-freq=''0.0001''", "sp-resolution=''1''", "sp-restart-inc='1.3356642479493797'", "sp-update-dec-queue=''1''", "sp-use-pure-literal-rule=''1''", "sp-var-activity-inc='1.296361531347486'", "sp-var-dec-heur=''17''", "sp-variable-decay='1.357709596487439'", "sp-max-res-lit-inc='0.6952180009126269'", "sp-max-res-runs='4'", "sp-rand-phase-dec-freq=''0.001''", "sp-rand-var-dec-scaling='0.9478880020135099'", "sp-res-cutoff-cls='11'", "sp-res-cutoff-lits='400'", "sp-res-order-heur=''0''", "sp-rand-phase-scaling='1.0'"], "total_cpu_time": null, "evaluations": 6827}
{"cost": 0.01324553812871822, "cpu_time": 8293.591999999973, "wallclock_time": 6115.915668964386, "incumbent": ["sp-clause-activity-inc='0.6864922431165713'", "sp-clause-decay='1.8609911870700573'", "sp-clause-del-heur=''2''", "sp-first-restart='100'", "sp-learned-clause-sort-heur=''5''", "sp-learned-clauses-inc='1.114504411000557'", "sp-learned-size-factor='0.46728756951284617'", "sp-orig-clause-sort-heur=''2''", "sp-phase-dec-heur=''4''", "sp-rand-var-dec-freq=''0.0001''", "sp-resolution=''1''", "sp-restart-inc='1.3356642479493797'", "sp-update-dec-queue=''1''", "sp-use-pure-literal-rule=''1''", "sp-var-activity-inc='1.4216755497295568'", "sp-var-dec-heur=''17''", "sp-variable-decay='1.357709596487439'", "sp-max-res-lit-inc='0.6952180009126269'", "sp-max-res-runs='4'", "sp-rand-phase-dec-freq=''0.001''", "sp-rand-var-dec-scaling='0.9478880020135099'", "sp-res-cutoff-cls='11'", "sp-res-cutoff-lits='400'", "sp-res-order-heur=''0''", "sp-rand-phase-scaling='1.0'"], "total_cpu_time": null, "evaluations": 7162}
{"cost": 0.01310962962962963, "cpu_time": 9120.19999999998, "wallclock_time": 6731.506027460098, "incumbent": ["sp-clause-activity-inc='0.6864922431165713'", "sp-clause-decay='1.8609911870700573'", "sp-clause-del-heur=''2''", "sp-first-restart='95'", "sp-learned-clause-sort-heur=''5''", "sp-learned-clauses-inc='1.114504411000557'", "sp-learned-size-factor='0.46728756951284617'", "sp-orig-clause-sort-heur=''2''", "sp-phase-dec-heur=''4''", "sp-rand-var-dec-freq=''0.0001''", "sp-resolution=''1''", "sp-restart-inc='1.3356642479493797'", "sp-update-dec-queue=''1''", "sp-use-pure-literal-rule=''1''", "sp-var-activity-inc='1.4216755497295568'", "sp-var-dec-heur=''17''", "sp-variable-decay='1.357709596487439'", "sp-max-res-lit-inc='0.6952180009126269'", "sp-max-res-runs='4'", "sp-rand-phase-dec-freq=''0.001''", "sp-rand-var-dec-scaling='0.9478880020135099'", "sp-res-cutoff-cls='11'", "sp-res-cutoff-lits='885'", "sp-res-order-heur=''0''", "sp-rand-phase-scaling='1.0'"], "total_cpu_time": null, "evaluations": 7863}
{"cost": 0.012900374350923803, "cpu_time": 9332.771999999975, "wallclock_time": 6887.343646526337, "incumbent": ["sp-clause-activity-inc='0.6864922431165713'", "sp-clause-decay='1.8668237322549632'", "sp-clause-del-heur=''2''", "sp-first-restart='95'", "sp-learned-clause-sort-heur=''5''", "sp-learned-clauses-inc='1.114504411000557'", "sp-learned-size-factor='0.46728756951284617'", "sp-orig-clause-sort-heur=''2''", "sp-phase-dec-heur=''4''", "sp-rand-var-dec-freq=''0.0001''", "sp-resolution=''1''", "sp-restart-inc='1.3356642479493797'", "sp-update-dec-queue=''1''", "sp-use-pure-literal-rule=''0''", "sp-var-activity-inc='1.4216755497295568'", "sp-var-dec-heur=''17''", "sp-variable-decay='1.357709596487439'", "sp-max-res-lit-inc='0.6952180009126269'", "sp-max-res-runs='4'", "sp-rand-phase-dec-freq=''0.001''", "sp-rand-var-dec-scaling='0.9478880020135099'", "sp-res-cutoff-cls='11'", "sp-res-cutoff-lits='885'", "sp-res-order-heur=''0''", "sp-rand-phase-scaling='1.0'"], "total_cpu_time": null, "evaluations": 8042}
{"cost": 0.012687618147448022, "cpu_time": 9546.487999999974, "wallclock_time": 7044.178341150284, "incumbent": ["sp-clause-activity-inc='0.6864922431165713'", "sp-clause-decay='1.8668237322549632'", "sp-clause-del-heur=''2''", "sp-first-restart='95'", "sp-learned-clause-sort-heur=''5''", "sp-learned-clauses-inc='1.114504411000557'", "sp-learned-size-factor='0.46728756951284617'", "sp-orig-clause-sort-heur=''2''", "sp-phase-dec-heur=''4''", "sp-rand-var-dec-freq=''0.0001''", "sp-resolution=''1''", "sp-restart-inc='1.3356642479493797'", "sp-update-dec-queue=''1''", "sp-use-pure-literal-rule=''0''", "sp-var-activity-inc='1.4216755497295568'", "sp-var-dec-heur=''17''", "sp-variable-decay='1.357709596487439'", "sp-max-res-lit-inc='0.6952180009126269'", "sp-max-res-runs='4'", "sp-rand-phase-dec-freq=''0.001''", "sp-rand-var-dec-scaling='0.9478880020135099'", "sp-res-cutoff-cls='11'", "sp-res-cutoff-lits='1017'", "sp-res-order-heur=''0''", "sp-rand-phase-scaling='1.0'"], "total_cpu_time": null, "evaluations": 8224}
{"cost": 0.012435491172476235, "cpu_time": 9973.151999999965, "wallclock_time": 7357.718072652817, "incumbent": ["sp-clause-activity-inc='0.6864922431165713'", "sp-clause-decay='1.8668237322549632'", "sp-clause-del-heur=''2''", "sp-first-restart='95'", "sp-learned-clause-sort-heur=''5''", "sp-learned-clauses-inc='1.114504411000557'", "sp-learned-size-factor='0.46728756951284617'", "sp-orig-clause-sort-heur=''2''", "sp-phase-dec-heur=''4''", "sp-rand-var-dec-freq=''0.0001''", "sp-resolution=''1''", "sp-restart-inc='1.3356642479493797'", "sp-update-dec-queue=''1''", "sp-use-pure-literal-rule=''0''", "sp-var-activity-inc='1.4216755497295568'", "sp-var-dec-heur=''17''", "sp-variable-decay='1.357709596487439'", "sp-max-res-lit-inc='0.6952180009126269'", "sp-max-res-runs='4'", "sp-rand-phase-dec-freq=''0''", "sp-rand-var-dec-scaling='0.9478880020135099'", "sp-res-cutoff-cls='11'", "sp-res-cutoff-lits='1017'", "sp-res-order-heur=''0''"], "total_cpu_time": null, "evaluations": 8538}
{"cost": 0.01216443213296399, "cpu_time": 10190.18399999996, "wallclock_time": 7513.317099809647, "incumbent": ["sp-clause-activity-inc='0.6864922431165713'", "sp-clause-decay='1.8668237322549632'", "sp-clause-del-heur=''2''", "sp-first-restart='95'", "sp-learned-clause-sort-heur=''5''", "sp-learned-clauses-inc='1.114504411000557'", "sp-learned-size-factor='0.46728756951284617'", "sp-orig-clause-sort-heur=''2''", "sp-phase-dec-heur=''4''", "sp-rand-var-dec-freq=''0.0001''", "sp-resolution=''1''", "sp-restart-inc='1.3356642479493797'", "sp-update-dec-queue=''1''", "sp-use-pure-literal-rule=''0''", "sp-var-activity-inc='1.4216755497295568'", "sp-var-dec-heur=''17''", "sp-variable-decay='1.357709596487439'", "sp-max-res-lit-inc='0.6952180009126269'", "sp-max-res-runs='3'", "sp-rand-phase-dec-freq=''0''", "sp-rand-var-dec-scaling='0.9478880020135099'", "sp-res-cutoff-cls='11'", "sp-res-cutoff-lits='1017'", "sp-res-order-heur=''0''"], "total_cpu_time": null, "evaluations": 8725}
{"cost": 0.011730895950685516, "cpu_time": 10626.771999999955, "wallclock_time": 7827.058484792709, "incumbent": ["sp-clause-activity-inc='0.6864922431165713'", "sp-clause-decay='1.8668237322549632'", "sp-clause-del-heur=''2''", "sp-first-restart='95'", "sp-learned-clause-sort-heur=''5''", "sp-learned-clauses-inc='1.114504411000557'", "sp-learned-size-factor='0.46728756951284617'", "sp-orig-clause-sort-heur=''2''", "sp-phase-dec-heur=''4''", "sp-rand-var-dec-freq=''0.0001''", "sp-resolution=''1''", "sp-restart-inc='1.3356642479493797'", "sp-update-dec-queue=''1''", "sp-use-pure-literal-rule=''0''", "sp-var-activity-inc='1.4216755497295568'", "sp-var-dec-heur=''17''", "sp-variable-decay='1.357709596487439'", "sp-max-res-lit-inc='0.6952180009126269'", "sp-max-res-runs='3'", "sp-rand-phase-dec-freq=''0''", "sp-rand-var-dec-scaling='0.9478880020135099'", "sp-res-cutoff-cls='9'", "sp-res-cutoff-lits='1017'", "sp-res-order-heur=''0''"], "total_cpu_time": null, "evaluations": 9101}
{"cost": 0.011327415569839806, "cpu_time": 11067.99599999996, "wallclock_time": 8143.620216846466, "incumbent": ["sp-clause-activity-inc='0.6864922431165713'", "sp-clause-decay='1.8668237322549632'", "sp-clause-del-heur=''2''", "sp-first-restart='95'", "sp-learned-clause-sort-heur=''5''", "sp-learned-clauses-inc='1.114504411000557'", "sp-learned-size-factor='0.46728756951284617'", "sp-orig-clause-sort-heur=''2''", "sp-phase-dec-heur=''4''", "sp-rand-var-dec-freq=''0.0001''", "sp-resolution=''1''", "sp-restart-inc='1.3356642479493797'", "sp-update-dec-queue=''1''", "sp-use-pure-literal-rule=''0''", "sp-var-activity-inc='1.4216755497295568'", "sp-var-dec-heur=''17''", "sp-variable-decay='1.357709596487439'", "sp-max-res-lit-inc='0.6952180009126269'", "sp-max-res-runs='3'", "sp-rand-phase-dec-freq=''0''", "sp-rand-var-dec-scaling='0.9478880020135099'", "sp-res-cutoff-cls='9'", "sp-res-cutoff-lits='1017'", "sp-res-order-heur=''11''"], "total_cpu_time": null, "evaluations": 9486}
{"cost": 0.011009800000000004, "cpu_time": 11284.609999999959, "wallclock_time": 8299.726972818375, "incumbent": ["sp-clause-activity-inc='0.6864922431165713'", "sp-clause-decay='1.8668237322549632'", "sp-clause-del-heur=''2''", "sp-first-restart='95'", "sp-learned-clause-sort-heur=''5''", "sp-learned-clauses-inc='1.114504411000557'", "sp-learned-size-factor='0.45844679979359515'", "sp-orig-clause-sort-heur=''2''", "sp-phase-dec-heur=''5''", "sp-rand-var-dec-freq=''0.0001''", "sp-resolution=''1''", "sp-restart-inc='1.3356642479493797'", "sp-update-dec-queue=''1''", "sp-use-pure-literal-rule=''0''", "sp-var-activity-inc='1.4216755497295568'", "sp-var-dec-heur=''17''", "sp-variable-decay='1.357709596487439'", "sp-max-res-lit-inc='0.6952180009126269'", "sp-max-res-runs='3'", "sp-rand-phase-dec-freq=''0''", "sp-rand-var-dec-scaling='0.9478880020135099'", "sp-res-cutoff-cls='9'", "sp-res-cutoff-lits='1017'", "sp-res-order-heur=''11''"], "total_cpu_time": null, "evaluations": 9677}
{"cost": 0.010172303310786756, "cpu_time": 12600.901999999924, "wallclock_time": 9257.272358894348, "incumbent": ["sp-clause-activity-inc='0.6864922431165713'", "sp-clause-decay='1.8668237322549632'", "sp-clause-del-heur=''2''", "sp-first-restart='95'", "sp-learned-clause-sort-heur=''5''", "sp-learned-clauses-inc='1.114504411000557'", "sp-learned-size-factor='0.45844679979359515'", "sp-orig-clause-sort-heur=''2''", "sp-phase-dec-heur=''5''", "sp-rand-var-dec-freq=''0''", "sp-resolution=''1''", "sp-restart-inc='1.3356642479493797'", "sp-update-dec-queue=''1''", "sp-use-pure-literal-rule=''0''", "sp-var-activity-inc='1.4216755497295568'", "sp-var-dec-heur=''17''", "sp-variable-decay='1.357709596487439'", "sp-max-res-lit-inc='0.6952180009126269'", "sp-max-res-runs='3'", "sp-rand-phase-dec-freq=''0''", "sp-res-cutoff-cls='9'", "sp-res-cutoff-lits='1017'", "sp-res-order-heur=''11''"], "total_cpu_time": null, "evaluations": 10825}
{"cost": 0.009785665294924554, "cpu_time": 13048.469999999937, "wallclock_time": 9587.442703723907, "incumbent": ["sp-clause-activity-inc='0.6864922431165713'", "sp-clause-decay='1.8668237322549632'", "sp-clause-del-heur=''2''", "sp-first-restart='95'", "sp-learned-clause-sort-heur=''5''", "sp-learned-clauses-inc='1.114504411000557'", "sp-learned-size-factor='0.45844679979359515'", "sp-orig-clause-sort-heur=''2''", "sp-phase-dec-heur=''5''", "sp-rand-var-dec-freq=''0''", "sp-resolution=''1''", "sp-restart-inc='1.3356642479493797'", "sp-update-dec-queue=''1''", "sp-use-pure-literal-rule=''0''", "sp-var-activity-inc='1.4216755497295568'", "sp-var-dec-heur=''17''", "sp-variable-decay='1.357709596487439'", "sp-max-res-lit-inc='0.6952180009126269'", "sp-max-res-runs='2'", "sp-rand-phase-dec-freq=''0''", "sp-res-cutoff-cls='9'", "sp-res-cutoff-lits='1017'", "sp-res-order-heur=''11''"], "total_cpu_time": null, "evaluations": 11236}
{"cost": 0.00951702479338843, "cpu_time": 13496.67799999996, "wallclock_time": 9919.97645187378, "incumbent": ["sp-clause-activity-inc='0.6864922431165713'", "sp-clause-decay='1.8668237322549632'", "sp-clause-del-heur=''2''", "sp-first-restart='95'", "sp-learned-clause-sort-heur=''5''", "sp-learned-clauses-inc='1.114504411000557'", "sp-learned-size-factor='0.45844679979359515'", "sp-orig-clause-sort-heur=''2''", "sp-phase-dec-heur=''5''", "sp-rand-var-dec-freq=''0''", "sp-resolution=''1''", "sp-restart-inc='1.3356642479493797'", "sp-update-dec-queue=''1''", "sp-use-pure-literal-rule=''0''", "sp-var-activity-inc='1.4216755497295568'", "sp-var-dec-heur=''17''", "sp-variable-decay='1.357709596487439'", "sp-max-res-lit-inc='0.5942719267265315'", "sp-max-res-runs='2'", "sp-rand-phase-dec-freq=''0''", "sp-res-cutoff-cls='9'", "sp-res-cutoff-lits='1017'", "sp-res-order-heur=''11''"], "total_cpu_time": null, "evaluations": 11663}
{"cost": 0.00912723214285714, "cpu_time": 13954.001999999975, "wallclock_time": 10251.752900362015, "incumbent": ["sp-clause-activity-inc='0.6864922431165713'", "sp-clause-decay='1.8668237322549632'", "sp-clause-del-heur=''2''", "sp-first-restart='95'", "sp-learned-clause-sort-heur=''5''", "sp-learned-clauses-inc='1.114504411000557'", "sp-learned-size-factor='0.45844679979359515'", "sp-orig-clause-sort-heur=''2''", "sp-phase-dec-heur=''5''", "sp-rand-var-dec-freq=''0''", "sp-resolution=''2''", "sp-restart-inc='1.3356642479493797'", "sp-update-dec-queue=''1''", "sp-use-pure-literal-rule=''0''", "sp-var-activity-inc='1.4216755497295568'", "sp-var-dec-heur=''17''", "sp-variable-decay='1.357709596487439'", "sp-max-res-lit-inc='0.5942719267265315'", "sp-max-res-runs='2'", "sp-rand-phase-dec-freq=''0''", "sp-res-cutoff-cls='9'", "sp-res-cutoff-lits='1017'", "sp-res-order-heur=''11''"], "total_cpu_time": null, "evaluations": 12099}
{"cost": 0.0089748609914637, "cpu_time": 14178.153999999979, "wallclock_time": 10417.843638658524, "incumbent": ["sp-clause-activity-inc='0.6864922431165713'", "sp-clause-decay='1.8668237322549632'", "sp-clause-del-heur=''2''", "sp-first-restart='95'", "sp-learned-clause-sort-heur=''5''", "sp-learned-clauses-inc='1.114504411000557'", "sp-learned-size-factor='0.45844679979359515'", "sp-orig-clause-sort-heur=''2''", "sp-phase-dec-heur=''5''", "sp-rand-var-dec-freq=''0''", "sp-resolution=''2''", "sp-restart-inc='1.3356642479493797'", "sp-update-dec-queue=''1''", "sp-use-pure-literal-rule=''0''", "sp-var-activity-inc='1.4216755497295568'", "sp-var-dec-heur=''17''", "sp-variable-decay='1.357709596487439'", "sp-max-res-lit-inc='0.5942719267265315'", "sp-max-res-runs='2'", "sp-rand-phase-dec-freq=''0''", "sp-res-cutoff-cls='9'", "sp-res-cutoff-lits='1600'", "sp-res-order-heur=''11''"], "total_cpu_time": null, "evaluations": 12316}
{"cost": 0.008911665127731606, "cpu_time": 14408.437999999993, "wallclock_time": 10585.090179920197, "incumbent": ["sp-clause-activity-inc='0.6864922431165713'", "sp-clause-decay='1.8668237322549632'", "sp-clause-del-heur=''2''", "sp-first-restart='95'", "sp-learned-clause-sort-heur=''5''", "sp-learned-clauses-inc='1.114504411000557'", "sp-learned-size-factor='0.45844679979359515'", "sp-orig-clause-sort-heur=''2''", "sp-phase-dec-heur=''5''", "sp-rand-var-dec-freq=''0''", "sp-resolution=''2''", "sp-restart-inc='1.3356642479493797'", "sp-update-dec-queue=''1''", "sp-use-pure-literal-rule=''0''", "sp-var-activity-inc='1.4216755497295568'", "sp-var-dec-heur=''17''", "sp-variable-decay='1.357709596487439'", "sp-max-res-lit-inc='0.5942719267265315'", "sp-max-res-runs='2'", "sp-rand-phase-dec-freq=''0''", "sp-res-cutoff-cls='9'", "sp-res-cutoff-lits='1600'", "sp-res-order-heur=''19''"], "total_cpu_time": null, "evaluations": 12543}
{"cost": 0.008571846007743444, "cpu_time": 15101.358000000024, "wallclock_time": 11096.060091495514, "incumbent": ["sp-clause-activity-inc='0.6864922431165713'", "sp-clause-decay='1.8668237322549632'", "sp-clause-del-heur=''2''", "sp-first-restart='95'", "sp-learned-clause-sort-heur=''5''", "sp-learned-clauses-inc='1.114504411000557'", "sp-learned-size-factor='0.45844679979359515'", "sp-orig-clause-sort-heur=''2''", "sp-phase-dec-heur=''5''", "sp-rand-var-dec-freq=''0.001''", "sp-resolution=''2''", "sp-restart-inc='1.3356642479493797'", "sp-update-dec-queue=''1''", "sp-use-pure-literal-rule=''0''", "sp-var-activity-inc='1.4216755497295568'", "sp-var-dec-heur=''17''", "sp-variable-decay='1.357709596487439'", "sp-max-res-lit-inc='0.5942719267265315'", "sp-max-res-runs='2'", "sp-rand-phase-dec-freq=''0''", "sp-rand-var-dec-scaling='1.0'", "sp-res-cutoff-cls='9'", "sp-res-cutoff-lits='1600'", "sp-res-order-heur=''19''"], "total_cpu_time": null, "evaluations": 13214}
{"cost": 0.008279230106291295, "cpu_time": 15330.974000000037, "wallclock_time": 11266.366027355194, "incumbent": ["sp-clause-activity-inc='0.6864922431165713'", "sp-clause-decay='1.8668237322549632'", "sp-clause-del-heur=''2''", "sp-first-restart='95'", "sp-learned-clause-sort-heur=''5''", "sp-learned-clauses-inc='1.114504411000557'", "sp-learned-size-factor='0.7221450199191033'", "sp-orig-clause-sort-heur=''2''", "sp-phase-dec-heur=''5''", "sp-rand-var-dec-freq=''0.001''", "sp-resolution=''2''", "sp-restart-inc='1.3356642479493797'", "sp-update-dec-queue=''1''", "sp-use-pure-literal-rule=''0''", "sp-var-activity-inc='1.4216755497295568'", "sp-var-dec-heur=''17''", "sp-variable-decay='1.357709596487439'", "sp-max-res-lit-inc='0.5942719267265315'", "sp-max-res-runs='2'", "sp-rand-phase-dec-freq=''0''", "sp-rand-var-dec-scaling='1.0408524465692481'", "sp-res-cutoff-cls='9'", "sp-res-cutoff-lits='1600'", "sp-res-order-heur=''19''"], "total_cpu_time": null, "evaluations": 13440}
{"cost": 0.008200550808558721, "cpu_time": 15560.98600000005, "wallclock_time": 11436.112212657928, "incumbent": ["sp-clause-activity-inc='0.6864922431165713'", "sp-clause-decay='1.8668237322549632'", "sp-clause-del-heur=''0''", "sp-first-restart='95'", "sp-learned-clause-sort-heur=''5''", "sp-learned-clauses-inc='1.114504411000557'", "sp-learned-size-factor='0.7221450199191033'", "sp-orig-clause-sort-heur=''2''", "sp-phase-dec-heur=''5''", "sp-rand-var-dec-freq=''0.001''", "sp-resolution=''2''", "sp-restart-inc='1.3356642479493797'", "sp-update-dec-queue=''1''", "sp-use-pure-literal-rule=''0''", "sp-var-activity-inc='1.4216755497295568'", "sp-var-dec-heur=''17''", "sp-variable-decay='1.357709596487439'", "sp-max-res-lit-inc='0.5942719267265315'", "sp-max-res-runs='2'", "sp-rand-phase-dec-freq=''0''", "sp-rand-var-dec-scaling='1.0408524465692481'", "sp-res-cutoff-cls='9'", "sp-res-cutoff-lits='1600'", "sp-res-order-heur=''19''"], "total_cpu_time": null, "evaluations": 13672}
{"cost": 0.007997499999999998, "cpu_time": 15789.87800000007, "wallclock_time": 11606.484078168869, "incumbent": ["sp-clause-activity-inc='0.6864922431165713'", "sp-clause-decay='1.6326736956618548'", "sp-clause-del-heur=''0''", "sp-first-restart='95'", "sp-learned-clause-sort-heur=''5''", "sp-learned-clauses-inc='1.114504411000557'", "sp-learned-size-factor='0.7221450199191033'", "sp-orig-clause-sort-heur=''2''", "sp-phase-dec-heur=''5''", "sp-rand-var-dec-freq=''0.001''", "sp-resolution=''2''", "sp-restart-inc='1.3356642479493797'", "sp-update-dec-queue=''1''", "sp-use-pure-literal-rule=''0''", "sp-var-activity-inc='1.4216755497295568'", "sp-var-dec-heur=''17''", "sp-variable-decay='1.357709596487439'", "sp-max-res-lit-inc='0.5942719267265315'", "sp-max-res-runs='2'", "sp-rand-phase-dec-freq=''0''", "sp-rand-var-dec-scaling='1.0408524465692481'", "sp-res-cutoff-cls='9'", "sp-res-cutoff-lits='1600'", "sp-res-order-heur=''19''"], "total_cpu_time": null, "evaluations": 13905}
{"cost": 0.007882794891059355, "cpu_time": 16018.96200000009, "wallclock_time": 11777.137162685394, "incumbent": ["sp-clause-activity-inc='0.6864922431165713'", "sp-clause-decay='1.8668237322549632'", "sp-clause-del-heur=''0''", "sp-first-restart='95'", "sp-learned-clause-sort-heur=''5''", "sp-learned-clauses-inc='1.114504411000557'", "sp-learned-size-factor='0.7221450199191033'", "sp-orig-clause-sort-heur=''2''", "sp-phase-dec-heur=''5''", "sp-rand-var-dec-freq=''0.001''", "sp-resolution=''2''", "sp-restart-inc='1.3356642479493797'", "sp-update-dec-queue=''1''", "sp-use-pure-literal-rule=''0''", "sp-var-activity-inc='1.4216755497295568'", "sp-var-dec-heur=''17''", "sp-variable-decay='1.5282739509929384'", "sp-max-res-lit-inc='0.5942719267265315'", "sp-max-res-runs='2'", "sp-rand-phase-dec-freq=''0''", "sp-rand-var-dec-scaling='1.0408524465692481'", "sp-res-cutoff-cls='9'", "sp-res-cutoff-lits='1600'", "sp-res-order-heur=''19''"], "total_cpu_time": null, "evaluations": 14139}
{"cost": 0.007672152819089172, "cpu_time": 16482.55000000011, "wallclock_time": 12122.3128221035, "incumbent": ["sp-clause-activity-inc='0.6864922431165713'", "sp-clause-decay='1.8668237322549632'", "sp-clause-del-heur=''0''", "sp-first-restart='95'", "sp-learned-clause-sort-heur=''5''", "sp-learned-clauses-inc='1.114504411000557'", "sp-learned-size-factor='0.7221450199191033'", "sp-orig-clause-sort-heur=''2''", "sp-phase-dec-heur=''5''", "sp-rand-var-dec-freq=''0.001''", "sp-resolution=''2''", "sp-restart-inc='1.3356642479493797'", "sp-update-dec-queue=''1''", "sp-use-pure-literal-rule=''0''", "sp-var-activity-inc='1.4216755497295568'", "sp-var-dec-heur=''17''", "sp-variable-decay='1.5395729292228462'", "sp-max-res-lit-inc='0.5942719267265315'", "sp-max-res-runs='2'", "sp-rand-phase-dec-freq=''0''", "sp-rand-var-dec-scaling='1.0408524465692481'", "sp-res-cutoff-cls='9'", "sp-res-cutoff-lits='1600'", "sp-res-order-heur=''19''"], "total_cpu_time": null, "evaluations": 14612}
{"cost": 0.007592448000000005, "cpu_time": 16954.486000000146, "wallclock_time": 12475.496215105057, "incumbent": ["sp-clause-activity-inc='0.6864922431165713'", "sp-clause-decay='1.8668237322549632'", "sp-clause-del-heur=''0''", "sp-first-restart='95'", "sp-learned-clause-sort-heur=''18''", "sp-learned-clauses-inc='1.114504411000557'", "sp-learned-size-factor='0.7221450199191033'", "sp-orig-clause-sort-heur=''2''", "sp-phase-dec-heur=''5''", "sp-rand-var-dec-freq=''0.001''", "sp-resolution=''2''", "sp-restart-inc='1.3356642479493797'", "sp-update-dec-queue=''1''", "sp-use-pure-literal-rule=''0''", "sp-var-activity-inc='1.4216755497295568'", "sp-var-dec-heur=''17''", "sp-variable-decay='1.5395729292228462'", "sp-max-res-lit-inc='0.5942719267265315'", "sp-max-res-runs='2'", "sp-rand-phase-dec-freq=''0''", "sp-rand-var-dec-scaling='1.0408524465692481'", "sp-res-cutoff-cls='9'", "sp-res-cutoff-lits='1600'", "sp-res-order-heur=''19''"], "total_cpu_time": null, "evaluations": 15097}
{"cost": 0.007467624086671706, "cpu_time": 17191.01400000017, "wallclock_time": 12652.791970729828, "incumbent": ["sp-clause-activity-inc='0.6864922431165713'", "sp-clause-decay='1.8668237322549632'", "sp-clause-del-heur=''0''", "sp-first-restart='95'", "sp-learned-clause-sort-heur=''18''", "sp-learned-clauses-inc='1.114504411000557'", "sp-learned-size-factor='0.7221450199191033'", "sp-orig-clause-sort-heur=''8''", "sp-phase-dec-heur=''5''", "sp-rand-var-dec-freq=''0.001''", "sp-resolution=''2''", "sp-restart-inc='1.3356642479493797'", "sp-update-dec-queue=''1''", "sp-use-pure-literal-rule=''0''", "sp-var-activity-inc='1.4216755497295568'", "sp-var-dec-heur=''17''", "sp-variable-decay='1.5395729292228462'", "sp-max-res-lit-inc='0.5942719267265315'", "sp-max-res-runs='2'", "sp-rand-phase-dec-freq=''0''", "sp-rand-var-dec-scaling='1.0408524465692481'", "sp-res-cutoff-cls='9'", "sp-res-cutoff-lits='1600'", "sp-res-order-heur=''19''"], "total_cpu_time": null, "evaluations": 15345}
{"cost": 0.007181058830599124, "cpu_time": 17903.170000000267, "wallclock_time": 13186.686668872833, "incumbent": ["sp-clause-activity-inc='0.6864922431165713'", "sp-clause-decay='1.8668237322549632'", "sp-clause-del-heur=''0''", "sp-first-restart='95'", "sp-learned-clause-sort-heur=''18''", "sp-learned-clauses-inc='1.114504411000557'", "sp-learned-size-factor='0.7221450199191033'", "sp-orig-clause-sort-heur=''8''", "sp-phase-dec-heur=''5''", "sp-rand-var-dec-freq=''0.001''", "sp-resolution=''2''", "sp-restart-inc='1.3356642479493797'", "sp-update-dec-queue=''0''", "sp-use-pure-literal-rule=''0''", "sp-var-activity-inc='1.4216755497295568'", "sp-var-dec-heur=''17''", "sp-variable-decay='1.5395729292228462'", "sp-max-res-lit-inc='0.5942719267265315'", "sp-max-res-runs='2'", "sp-rand-phase-dec-freq=''0''", "sp-rand-var-dec-scaling='1.0408524465692481'", "sp-res-cutoff-cls='9'", "sp-res-cutoff-lits='1600'", "sp-res-order-heur=''19''"], "total_cpu_time": null, "evaluations": 16103}
{"cost": 0.007254355806771172, "cpu_time": 18392.242000000326, "wallclock_time": 13559.43508219719, "incumbent": ["sp-clause-activity-inc='0.6864922431165713'", "sp-clause-decay='1.5984496030508957'", "sp-clause-del-heur=''0''", "sp-first-restart='95'", "sp-learned-clause-sort-heur=''18''", "sp-learned-clauses-inc='1.114504411000557'", "sp-learned-size-factor='0.7221450199191033'", "sp-orig-clause-sort-heur=''8''", "sp-phase-dec-heur=''5''", "sp-rand-var-dec-freq=''0.001''", "sp-resolution=''2''", "sp-restart-inc='1.3356642479493797'", "sp-update-dec-queue=''0''", "sp-use-pure-literal-rule=''0''", "sp-var-activity-inc='1.4216755497295568'", "sp-var-dec-heur=''17''", "sp-variable-decay='1.5395729292228462'", "sp-max-res-lit-inc='0.5942719267265315'", "sp-max-res-runs='2'", "sp-rand-phase-dec-freq=''0''", "sp-rand-var-dec-scaling='1.0408524465692481'", "sp-res-cutoff-cls='9'", "sp-res-cutoff-lits='1600'", "sp-res-order-heur=''19''"], "total_cpu_time": null, "evaluations": 16622}
{"cost": 0.007392616880547236, "cpu_time": 18906.85800000039, "wallclock_time": 13945.987427949905, "incumbent": ["sp-clause-activity-inc='0.6864922431165713'", "sp-clause-decay='1.5984496030508957'", "sp-clause-del-heur=''0''", "sp-first-restart='95'", "sp-learned-clause-sort-heur=''18''", "sp-learned-clauses-inc='1.114504411000557'", "sp-learned-size-factor='0.7221450199191033'", "sp-orig-clause-sort-heur=''8''", "sp-phase-dec-heur=''5''", "sp-rand-var-dec-freq=''0.001''", "sp-resolution=''2''", "sp-restart-inc='1.3356642479493797'", "sp-update-dec-queue=''0''", "sp-use-pure-literal-rule=''0''", "sp-var-activity-inc='1.4216755497295568'", "sp-var-dec-heur=''17''", "sp-variable-decay='1.8877875913586197'", "sp-max-res-lit-inc='0.5942719267265315'", "sp-max-res-runs='2'", "sp-rand-phase-dec-freq=''0''", "sp-rand-var-dec-scaling='1.0408524465692481'", "sp-res-cutoff-cls='9'", "sp-res-cutoff-lits='1600'", "sp-res-order-heur=''19''"], "total_cpu_time": null, "evaluations": 17150}
{"cost": 0.006847057605713989, "cpu_time": 20496.218000000594, "wallclock_time": 15133.678160429, "incumbent": ["sp-clause-activity-inc='0.6864922431165713'", "sp-clause-decay='1.5984496030508957'", "sp-clause-del-heur=''0''", "sp-first-restart='173'", "sp-learned-clause-sort-heur=''18''", "sp-learned-clauses-inc='1.114504411000557'", "sp-learned-size-factor='0.7221450199191033'", "sp-orig-clause-sort-heur=''8''", "sp-phase-dec-heur=''5''", "sp-rand-var-dec-freq=''0.001''", "sp-resolution=''2''", "sp-restart-inc='1.3356642479493797'", "sp-update-dec-queue=''0''", "sp-use-pure-literal-rule=''0''", "sp-var-activity-inc='1.4216755497295568'", "sp-var-dec-heur=''17''", "sp-variable-decay='1.8877875913586197'", "sp-max-res-lit-inc='0.5942719267265315'", "sp-max-res-runs='1'", "sp-rand-phase-dec-freq=''0''", "sp-rand-var-dec-scaling='1.0408524465692481'", "sp-res-cutoff-cls='9'", "sp-res-cutoff-lits='1600'", "sp-res-order-heur=''19''"], "total_cpu_time": null, "evaluations": 18769}
{"cost": 0.006802474724611438, "cpu_time": 21041.34200000066, "wallclock_time": 15534.745165348053, "incumbent": ["sp-clause-activity-inc='0.6864922431165713'", "sp-clause-decay='1.5984496030508957'", "sp-clause-del-heur=''0''", "sp-first-restart='95'", "sp-learned-clause-sort-heur=''18''", "sp-learned-clauses-inc='1.114504411000557'", "sp-learned-size-factor='0.7221450199191033'", "sp-orig-clause-sort-heur=''8''", "sp-phase-dec-heur=''5''", "sp-rand-var-dec-freq=''0.001''", "sp-resolution=''2''", "sp-restart-inc='1.3356642479493797'", "sp-update-dec-queue=''0''", "sp-use-pure-literal-rule=''1''", "sp-var-activity-inc='1.4216755497295568'", "sp-var-dec-heur=''17''", "sp-variable-decay='1.8877875913586197'", "sp-max-res-lit-inc='0.5942719267265315'", "sp-max-res-runs='1'", "sp-rand-phase-dec-freq=''0''", "sp-rand-var-dec-scaling='1.0408524465692481'", "sp-res-cutoff-cls='9'", "sp-res-cutoff-lits='1600'", "sp-res-order-heur=''19''"], "total_cpu_time": null, "evaluations": 19318}
{"cost": 0.006707994445546521, "cpu_time": 21310.67800000071, "wallclock_time": 15734.716593503952, "incumbent": ["sp-clause-activity-inc='0.6864922431165713'", "sp-clause-decay='1.5984496030508957'", "sp-clause-del-heur=''0''", "sp-first-restart='95'", "sp-learned-clause-sort-heur=''18''", "sp-learned-clauses-inc='1.114504411000557'", "sp-learned-size-factor='0.7221450199191033'", "sp-orig-clause-sort-heur=''8''", "sp-phase-dec-heur=''5''", "sp-rand-var-dec-freq=''0.001''", "sp-resolution=''2''", "sp-restart-inc='1.3356642479493797'", "sp-update-dec-queue=''0''", "sp-use-pure-literal-rule=''0''", "sp-var-activity-inc='1.4216755497295568'", "sp-var-dec-heur=''17''", "sp-variable-decay='1.8877875913586197'", "sp-max-res-lit-inc='0.5942719267265315'", "sp-max-res-runs='1'", "sp-rand-phase-dec-freq=''0''", "sp-rand-var-dec-scaling='1.0408524465692481'", "sp-res-cutoff-cls='9'", "sp-res-cutoff-lits='1600'", "sp-res-order-heur=''19''"], "total_cpu_time": null, "evaluations": 19595}
{"cost": 0.006673578170081664, "cpu_time": 21582.68800000077, "wallclock_time": 15934.265824079514, "incumbent": ["sp-clause-activity-inc='0.6864922431165713'", "sp-clause-decay='1.5984496030508957'", "sp-clause-del-heur=''0''", "sp-first-restart='283'", "sp-learned-clause-sort-heur=''18''", "sp-learned-clauses-inc='1.114504411000557'", "sp-learned-size-factor='0.7221450199191033'", "sp-orig-clause-sort-heur=''8''", "sp-phase-dec-heur=''5''", "sp-rand-var-dec-freq=''0.001''", "sp-resolution=''2''", "sp-restart-inc='1.3356642479493797'", "sp-update-dec-queue=''0''", "sp-use-pure-literal-rule=''0''", "sp-var-activity-inc='1.4216755497295568'", "sp-var-dec-heur=''17''", "sp-variable-decay='1.8877875913586197'", "sp-max-res-lit-inc='0.5942719267265315'", "sp-max-res-runs='1'", "sp-rand-phase-dec-freq=''0''", "sp-rand-var-dec-scaling='1.0408524465692481'", "sp-res-cutoff-cls='9'", "sp-res-cutoff-lits='1600'", "sp-res-order-heur=''19''"], "total_cpu_time": null, "evaluations": 19877}
{"cost": 0.006608181647588657, "cpu_time": 22414.4140000009, "wallclock_time": 16567.57230448723, "incumbent": ["sp-clause-activity-inc='0.6864922431165713'", "sp-clause-decay='1.5984496030508957'", "sp-clause-del-heur=''0''", "sp-first-restart='95'", "sp-learned-clause-sort-heur=''18''", "sp-learned-clauses-inc='1.114504411000557'", "sp-learned-size-factor='0.7221450199191033'", "sp-orig-clause-sort-heur=''8''", "sp-phase-dec-heur=''5''", "sp-rand-var-dec-freq=''0.001''", "sp-resolution=''2''", "sp-restart-inc='1.190945220086806'", "sp-update-dec-queue=''0''", "sp-use-pure-literal-rule=''0''", "sp-var-activity-inc='1.4216755497295568'", "sp-var-dec-heur=''17''", "sp-variable-decay='1.8877875913586197'", "sp-max-res-lit-inc='0.5942719267265315'", "sp-max-res-runs='1'", "sp-rand-phase-dec-freq=''0''", "sp-rand-var-dec-scaling='1.0408524465692481'", "sp-res-cutoff-cls='9'", "sp-res-cutoff-lits='1600'", "sp-res-order-heur=''13''"], "total_cpu_time": null, "evaluations": 20741}
{"cost": 0.006504882224998842, "cpu_time": 22690.766000000945, "wallclock_time": 16779.01367211342, "incumbent": ["sp-clause-activity-inc='0.6864922431165713'", "sp-clause-decay='1.5984496030508957'", "sp-clause-del-heur=''0''", "sp-first-restart='95'", "sp-learned-clause-sort-heur=''18''", "sp-learned-clauses-inc='1.114504411000557'", "sp-learned-size-factor='0.7221450199191033'", "sp-orig-clause-sort-heur=''6''", "sp-phase-dec-heur=''5''", "sp-rand-var-dec-freq=''0.001''", "sp-resolution=''2''", "sp-restart-inc='1.190945220086806'", "sp-update-dec-queue=''0''", "sp-use-pure-literal-rule=''0''", "sp-var-activity-inc='1.4216755497295568'", "sp-var-dec-heur=''17''", "sp-variable-decay='1.8877875913586197'", "sp-max-res-lit-inc='0.5942719267265315'", "sp-max-res-runs='1'", "sp-rand-phase-dec-freq=''0''", "sp-rand-var-dec-scaling='1.0408524465692481'", "sp-res-cutoff-cls='9'", "sp-res-cutoff-lits='1600'", "sp-res-order-heur=''13''"], "total_cpu_time": null, "evaluations": 21031}
{"cost": 0.006436084733382028, "cpu_time": 22967.570000000997, "wallclock_time": 16990.233154296875, "incumbent": ["sp-clause-activity-inc='0.6864922431165713'", "sp-clause-decay='1.5984496030508957'", "sp-clause-del-heur=''0''", "sp-first-restart='95'", "sp-learned-clause-sort-heur=''18''", "sp-learned-clauses-inc='1.114504411000557'", "sp-learned-size-factor='0.7221450199191033'", "sp-orig-clause-sort-heur=''8''", "sp-phase-dec-heur=''5''", "sp-rand-var-dec-freq=''0.001''", "sp-resolution=''1''", "sp-restart-inc='1.190945220086806'", "sp-update-dec-queue=''0''", "sp-use-pure-literal-rule=''0''", "sp-var-activity-inc='1.4216755497295568'", "sp-var-dec-heur=''17''", "sp-variable-decay='1.8877875913586197'", "sp-max-res-lit-inc='0.5942719267265315'", "sp-max-res-runs='1'", "sp-rand-phase-dec-freq=''0''", "sp-rand-var-dec-scaling='1.0408524465692481'", "sp-res-cutoff-cls='9'", "sp-res-cutoff-lits='1600'", "sp-res-order-heur=''13''"], "total_cpu_time": null, "evaluations": 21322}
{"cost": 0.006405837574884006, "cpu_time": 23251.01800000104, "wallclock_time": 17203.658060073853, "incumbent": ["sp-clause-activity-inc='0.6864922431165713'", "sp-clause-decay='1.5984496030508957'", "sp-clause-del-heur=''0''", "sp-first-restart='95'", "sp-learned-clause-sort-heur=''18''", "sp-learned-clauses-inc='1.114504411000557'", "sp-learned-size-factor='0.7221450199191033'", "sp-orig-clause-sort-heur=''8''", "sp-phase-dec-heur=''5''", "sp-rand-var-dec-freq=''0.001''", "sp-resolution=''2''", "sp-restart-inc='1.190945220086806'", "sp-update-dec-queue=''0''", "sp-use-pure-literal-rule=''0''", "sp-var-activity-inc='1.4216755497295568'", "sp-var-dec-heur=''17''", "sp-variable-decay='1.8877875913586197'", "sp-max-res-lit-inc='0.5942719267265315'", "sp-max-res-runs='1'", "sp-rand-phase-dec-freq=''0''", "sp-rand-var-dec-scaling='1.0408524465692481'", "sp-res-cutoff-cls='9'", "sp-res-cutoff-lits='1600'", "sp-res-order-heur=''13''"], "total_cpu_time": null, "evaluations": 21619}
{"cost": 0.006340809090520737, "cpu_time": 24426.934000001187, "wallclock_time": 18091.479197502136, "incumbent": ["sp-clause-activity-inc='0.6864922431165713'", "sp-clause-decay='1.5984496030508957'", "sp-clause-del-heur=''0''", "sp-first-restart='95'", "sp-learned-clause-sort-heur=''18''", "sp-learned-clauses-inc='1.114504411000557'", "sp-learned-size-factor='0.7221450199191033'", "sp-orig-clause-sort-heur=''8''", "sp-phase-dec-heur=''5''", "sp-rand-var-dec-freq=''0.001''", "sp-resolution=''2''", "sp-restart-inc='1.190945220086806'", "sp-update-dec-queue=''0''", "sp-use-pure-literal-rule=''0''", "sp-var-activity-inc='1.4216755497295568'", "sp-var-dec-heur=''17''", "sp-variable-decay='1.6625427542152933'", "sp-max-res-lit-inc='0.5942719267265315'", "sp-max-res-runs='1'", "sp-rand-phase-dec-freq=''0''", "sp-rand-var-dec-scaling='1.0408524465692481'", "sp-res-cutoff-cls='9'", "sp-res-cutoff-lits='1600'", "sp-res-order-heur=''11''"], "total_cpu_time": null, "evaluations": 22749}
