"CPU Time Used","Estimated Training Performance","Wallclock Time","Incumbent ID","Automatic Configurator (CPU) Time","Configuration..."
0.000000, 2147483648.000000, 0.000959, 1, 0.000959, sp-clause-activity-inc='1.0', sp-clause-decay='1.4', sp-clause-del-heur=''2'', sp-first-restart='100', sp-learned-clause-sort-heur=''0'', sp-learned-clauses-inc='1.3', sp-learned-size-factor='0.4', sp-orig-clause-sort-heur=''0'', sp-phase-dec-heur=''5'', sp-rand-var-dec-freq=''0.001'', sp-resolution=''1'', sp-restart-inc='1.5', sp-update-dec-queue=''1'', sp-use-pure-literal-rule=''1'', sp-var-activity-inc='1.0', sp-var-dec-heur=''0'', sp-variable-decay='1.4', sp-max-res-lit-inc='1.0', sp-max-res-runs='4', sp-rand-phase-dec-freq=''0.001'', sp-rand-var-dec-scaling='1.0', sp-res-cutoff-cls='8', sp-res-cutoff-lits='400', sp-res-order-heur=''0'', sp-rand-phase-scaling='1.0'
0.012000, 0.012000, 0.180362, 1, 0.168362, sp-clause-activity-inc='1.0', sp-clause-decay='1.4', sp-clause-del-heur=''2'', sp-first-restart='100', sp-learned-clause-sort-heur=''0'', sp-learned-clauses-inc='1.3', sp-learned-size-factor='0.4', sp-orig-clause-sort-heur=''0'', sp-phase-dec-heur=''5'', sp-rand-var-dec-freq=''0.001'', sp-resolution=''1'', sp-restart-inc='1.5', sp-update-dec-queue=''1'', sp-use-pure-literal-rule=''1'', sp-var-activity-inc='1.0', sp-var-dec-heur=''0'', sp-variable-decay='1.4', sp-max-res-lit-inc='1.0', sp-max-res-runs='4', sp-rand-phase-dec-freq=''0.001'', sp-rand-var-dec-scaling='1.0', sp-res-cutoff-cls='8', sp-res-cutoff-lits='400', sp-res-order-heur=''0'', sp-rand-phase-scaling='1.0'
78.696000, 0.064284, 60.522906, 4, -18.173094, sp-clause-activity-inc='1.0', sp-clause-decay='1.4', sp-clause-del-heur=''2'', sp-first-restart='100', sp-learned-clause-sort-heur=''0'', sp-learned-clauses-inc='1.3', sp-learned-size-factor='0.3098818034310452', sp-orig-clause-sort-heur=''0'', sp-phase-dec-heur=''5'', sp-rand-var-dec-freq=''0.001'', sp-resolution=''1'', sp-restart-inc='1.5', sp-update-dec-queue=''1'', sp-use-pure-literal-rule=''1'', sp-var-activity-inc='1.0', sp-var-dec-heur=''0'', sp-variable-decay='1.4', sp-max-res-lit-inc='1.0', sp-max-res-runs='4', sp-rand-phase-dec-freq=''0.001'', sp-rand-var-dec-scaling='1.0', sp-res-cutoff-cls='8', sp-res-cutoff-lits='400', sp-res-order-heur=''0'', sp-rand-phase-scaling='1.0'
174.988000, 0.063266, 137.295367, 8, -37.692633, sp-clause-activity-inc='1.0', sp-clause-decay='1.4', sp-clause-del-heur=''2'', sp-first-restart='100', sp-learned-clause-sort-heur=''0'', sp-learned-clauses-inc='1.3', sp-learned-size-factor='0.3098818034310452', sp-orig-clause-sort-heur=''0'', sp-phase-dec-heur=''5'', sp-rand-var-dec-freq=''0.05'', sp-resolution=''0'', sp-restart-inc='1.2470280478742741', sp-update-dec-queue=''1'', sp-use-pure-literal-rule=''1'', sp-var-activity-inc='1.0', sp-var-dec-heur=''0'', sp-variable-decay='1.4', sp-rand-phase-dec-freq=''0.001'', sp-rand-var-dec-scaling='1.0', sp-rand-phase-scaling='1.0'
416.900000, 0.047909, 313.078767, 14, -103.821233, sp-clause-activity-inc='1.0', sp-clause-decay='1.362935091547915', sp-clause-del-heur=''2'', sp-first-restart='100', sp-learned-clause-sort-heur=''0'', sp-learned-clauses-inc='1.3', sp-learned-size-factor='0.3098818034310452', sp-orig-clause-sort-heur=''0'', sp-phase-dec-heur=''5'', sp-rand-var-dec-freq=''0.05'', sp-resolution=''0'', sp-restart-inc='1.2470280478742741', sp-update-dec-queue=''1'', sp-use-pure-literal-rule=''1'', sp-var-activity-inc='1.0', sp-var-dec-heur=''0'', sp-variable-decay='1.2961312440059127', sp-rand-phase-dec-freq=''0.001'', sp-rand-var-dec-scaling='1.0', sp-rand-phase-scaling='1.0'
562.340000, 0.041280, 418.018758, 17, -144.321242, sp-clause-activity-inc='0.8473538866242266', sp-clause-decay='1.362935091547915', sp-clause-del-heur=''2'', sp-first-restart='100', sp-learned-clause-sort-heur=''0'', sp-learned-clauses-inc='1.3', sp-learned-size-factor='0.3098818034310452', sp-orig-clause-sort-heur=''0'', sp-phase-dec-heur=''5'', sp-rand-var-dec-freq=''0.05'', sp-resolution=''0'', sp-restart-inc='1.2470280478742741', sp-update-dec-queue=''1'', sp-use-pure-literal-rule=''1'', sp-var-activity-inc='1.0', sp-var-dec-heur=''0'', sp-variable-decay='1.2961312440059127', sp-rand-phase-dec-freq=''0.001'', sp-rand-var-dec-scaling='1.0', sp-rand-phase-scaling='1.0'
614.552000, 0.039107, 453.972086, 18, -160.579914, sp-clause-activity-inc='0.8473538866242266', sp-clause-decay='1.362935091547915', sp-clause-del-heur=''2'', sp-first-restart='100', sp-learned-clause-sort-heur=''0'', sp-learned-clauses-inc='1.3', sp-learned-size-factor='0.3098818034310452', sp-orig-clause-sort-heur=''0'', sp-phase-dec-heur=''5'', sp-rand-var-dec-freq=''0.05'', sp-resolution=''0'', sp-restart-inc='1.2470280478742741', sp-update-dec-queue=''0'', sp-use-pure-literal-rule=''1'', sp-var-activity-inc='1.0', sp-var-dec-heur=''0'', sp-variable-decay='1.2961312440059127', sp-rand-phase-dec-freq=''0.001'', sp-rand-var-dec-scaling='1.0', sp-rand-phase-scaling='1.0'
653.928000, 0.029207, 484.912780, 19, -169.015220, sp-clause-activity-inc='0.8473538866242266', sp-clause-decay='1.362935091547915', sp-clause-del-heur=''2'', sp-first-restart='100', sp-learned-clause-sort-heur=''0'', sp-learned-clauses-inc='1.3', sp-learned-size-factor='0.3098818034310452', sp-orig-clause-sort-heur=''0'', sp-phase-dec-heur=''5'', sp-rand-var-dec-freq=''0.05'', sp-resolution=''0'', sp-restart-inc='1.2470280478742741', sp-update-dec-queue=''0'', sp-use-pure-literal-rule=''1'', sp-var-activity-inc='1.0', sp-var-dec-heur=''0'', sp-variable-decay='1.2961312440059127', sp-rand-phase-dec-freq=''0.01'', sp-rand-var-dec-scaling='1.0', sp-rand-phase-scaling='1.0'
740.038000, 0.025398, 547.825135, 21, -192.212865, sp-clause-activity-inc='0.8473538866242266', sp-clause-decay='1.362935091547915', sp-clause-del-heur=''1'', sp-first-restart='100', sp-learned-clause-sort-heur=''0'', sp-learned-clauses-inc='1.3', sp-learned-size-factor='0.3098818034310452', sp-orig-clause-sort-heur=''0'', sp-phase-dec-heur=''5'', sp-rand-var-dec-freq=''0.05'', sp-resolution=''0'', sp-restart-inc='1.2470280478742741', sp-update-dec-queue=''0'', sp-use-pure-literal-rule=''1'', sp-var-activity-inc='1.0', sp-var-dec-heur=''0'', sp-variable-decay='1.2961312440059127', sp-rand-phase-dec-freq=''0.01'', sp-rand-var-dec-scaling='1.0', sp-rand-phase-scaling='1.0'
897.358000, 0.026770, 671.024009, 24, -226.333991, sp-clause-activity-inc='0.8473538866242266', sp-clause-decay='1.362935091547915', sp-clause-del-heur=''1'', sp-first-restart='100', sp-learned-clause-sort-heur=''0'', sp-learned-clauses-inc='1.3', sp-learned-size-factor='0.3098818034310452', sp-orig-clause-sort-heur=''0'', sp-phase-dec-heur=''5'', sp-rand-var-dec-freq=''0.0001'', sp-resolution=''0'', sp-restart-inc='1.2470280478742741', sp-update-dec-queue=''0'', sp-use-pure-literal-rule=''1'', sp-var-activity-inc='0.9925494658664327', sp-var-dec-heur=''0'', sp-variable-decay='1.2961312440059127', sp-rand-phase-dec-freq=''0.01'', sp-rand-var-dec-scaling='0.8845838848047873', sp-rand-phase-scaling='1.0'
2029.062000, 0.025865, 1510.273471, 34, -518.788529, sp-clause-activity-inc='0.8473538866242266', sp-clause-decay='1.2838323226204693', sp-clause-del-heur=''1'', sp-first-restart='100', sp-learned-clause-sort-heur=''0'', sp-learned-clauses-inc='1.2034801335073393', sp-learned-size-factor='0.3098818034310452', sp-orig-clause-sort-heur=''0'', sp-phase-dec-heur=''2'', sp-rand-var-dec-freq=''0.0001'', sp-resolution=''0'', sp-restart-inc='1.3356642479493797', sp-update-dec-queue=''0'', sp-use-pure-literal-rule=''0'', sp-var-activity-inc='1.0', sp-var-dec-heur=''0'', sp-variable-decay='1.2961312440059127', sp-rand-var-dec-scaling='0.949826765246164'
2135.098000, 0.025335, 1585.924650, 37, -549.173350, sp-clause-activity-inc='0.8473538866242266', sp-clause-decay='1.2838323226204693', sp-clause-del-heur=''1'', sp-first-restart='100', sp-learned-clause-sort-heur=''0'', sp-learned-clauses-inc='1.2034801335073393', sp-learned-size-factor='0.6618269255751938', sp-orig-clause-sort-heur=''0'', sp-phase-dec-heur=''2'', sp-rand-var-dec-freq=''0.0001'', sp-resolution=''0'', sp-restart-inc='1.3356642479493797', sp-update-dec-queue=''0'', sp-use-pure-literal-rule=''0'', sp-var-activity-inc='1.0', sp-var-dec-heur=''0'', sp-variable-decay='1.2961312440059127', sp-rand-var-dec-scaling='0.949826765246164'
2328.318000, 0.019276, 1727.840590, 39, -600.477410, sp-clause-activity-inc='0.8473538866242266', sp-clause-decay='1.2838323226204693', sp-clause-del-heur=''1'', sp-first-restart='100', sp-learned-clause-sort-heur=''0'', sp-learned-clauses-inc='1.2034801335073393', sp-learned-size-factor='0.6618269255751938', sp-orig-clause-sort-heur=''0'', sp-phase-dec-heur=''2'', sp-rand-var-dec-freq=''0.0001'', sp-resolution=''1'', sp-restart-inc='1.3356642479493797', sp-update-dec-queue=''0'', sp-use-pure-literal-rule=''0'', sp-var-activity-inc='1.0', sp-var-dec-heur=''0'', sp-variable-decay='1.1094838585194173', sp-max-res-lit-inc='1.0', sp-max-res-runs='4', sp-rand-var-dec-scaling='0.949826765246164', sp-res-cutoff-cls='8', sp-res-cutoff-lits='400', sp-res-order-heur=''0''
4590.396000, 0.019175, 3394.698619, 56, -1195.697381, sp-clause-activity-inc='0.6864922431165713', sp-clause-decay='1.4259962344426431', sp-clause-del-heur=''1'', sp-first-restart='100', sp-learned-clause-sort-heur=''0'', sp-learned-clauses-inc='1.2034801335073393', sp-learned-size-factor='0.46728756951284617', sp-orig-clause-sort-heur=''0'', sp-phase-dec-heur=''2'', sp-rand-var-dec-freq=''0.0001'', sp-resolution=''1'', sp-restart-inc='1.3356642479493797', sp-update-dec-queue=''1'', sp-use-pure-literal-rule=''1'', sp-var-activity-inc='1.0', sp-var-dec-heur=''17'', sp-variable-decay='1.357709596487439', sp-max-res-lit-inc='0.6952180009126269', sp-max-res-runs='4', sp-rand-var-dec-scaling='0.9478880020135099', sp-res-cutoff-cls='11', sp-res-cutoff-lits='400', sp-res-order-heur=''0''
5077.624000, 0.017661, 3755.863265, 58, -1321.760735, sp-clause-activity-inc='0.6864922431165713', sp-clause-decay='1.8802807974005469', sp-clause-del-heur=''1'', sp-first-restart='100', sp-learned-clause-sort-heur=''0'', sp-learned-clauses-inc='1.2034801335073393', sp-learned-size-factor='0.46728756951284617', sp-orig-clause-sort-heur=''0'', sp-phase-dec-heur=''2'', sp-rand-var-dec-freq=''0.0001'', sp-resolution=''1'', sp-restart-inc='1.3356642479493797', sp-update-dec-queue=''1'', sp-use-pure-literal-rule=''1'', sp-var-activity-inc='1.0', sp-var-dec-heur=''17'', sp-variable-decay='1.357709596487439', sp-max-res-lit-inc='0.6952180009126269', sp-max-res-runs='4', sp-rand-var-dec-scaling='0.9478880020135099', sp-res-cutoff-cls='11', sp-res-cutoff-lits='400', sp-res-order-heur=''0''
5241.664000, 0.017331, 3876.072885, 60, -1365.591115, sp-clause-activity-inc='0.6864922431165713', sp-clause-decay='1.8802807974005469', sp-clause-del-heur=''1'', sp-first-restart='100', sp-learned-clause-sort-heur=''0'', sp-learned-clauses-inc='1.2034801335073393', sp-learned-size-factor='0.46728756951284617', sp-orig-clause-sort-heur=''0'', sp-phase-dec-heur=''2'', sp-rand-var-dec-freq=''0.0001'', sp-resolution=''1'', sp-restart-inc='1.3356642479493797', sp-update-dec-queue=''1'', sp-use-pure-literal-rule=''1'', sp-var-activity-inc='1.0', sp-var-dec-heur=''17'', sp-variable-decay='1.357709596487439', sp-max-res-lit-inc='0.6952180009126269', sp-max-res-runs='4', sp-rand-var-dec-scaling='0.9478880020135099', sp-res-cutoff-cls='3', sp-res-cutoff-lits='400', sp-res-order-heur=''0''
5406.836000, 0.016872, 3997.563103, 58, -1409.272897, sp-clause-activity-inc='0.6864922431165713', sp-clause-decay='1.8802807974005469', sp-clause-del-heur=''1'', sp-first-restart='100', sp-learned-clause-sort-heur=''0'', sp-learned-clauses-inc='1.2034801335073393', sp-learned-size-factor='0.46728756951284617', sp-orig-clause-sort-heur=''0'', sp-phase-dec-heur=''2'', sp-rand-var-dec-freq=''0.0001'', sp-resolution=''1'', sp-restart-inc='1.3356642479493797', sp-update-dec-queue=''1'', sp-use-pure-literal-rule=''1'', sp-var-activity-inc='1.0', sp-var-dec-heur=''17'', sp-variable-decay='1.357709596487439', sp-max-res-lit-inc='0.6952180009126269', sp-max-res-runs='4', sp-rand-var-dec-scaling='0.9478880020135099', sp-res-cutoff-cls='11', sp-res-cutoff-lits='400', sp-res-order-heur=''0''
5917.888000, 0.016455, 4382.085880, 61, -1535.802120, sp-clause-activity-inc='0.6864922431165713', sp-clause-decay='1.8802807974005469', sp-clause-del-heur=''2'', sp-first-restart='100', sp-learned-clause-sort-heur=''0'', sp-learned-clauses-inc='1.2034801335073393', sp-learned-size-factor='0.46728756951284617', sp-orig-clause-sort-heur=''0'', sp-phase-dec-heur=''2'', sp-rand-var-dec-freq=''0.0001'', sp-resolution=''1'', sp-restart-inc='1.3356642479493797', sp-update-dec-queue=''1'', sp-use-pure-literal-rule=''1'', sp-var-activity-inc='1.0', sp-var-dec-heur=''17'', sp-variable-decay='1.357709596487439', sp-max-res-lit-inc='0.6952180009126269', sp-max-res-runs='4', sp-rand-var-dec-scaling='0.9478880020135099', sp-res-cutoff-cls='11', sp-res-cutoff-lits='400', sp-res-order-heur=''0''
6446.420000, 0.015702, 4770.053119, 67, -1676.366881, sp-clause-activity-inc='0.6864922431165713', sp-clause-decay='1.8609911870700573', sp-clause-del-heur=''2'', sp-first-restart='100', sp-learned-clause-sort-heur=''0'', sp-learned-clauses-inc='1.114504411000557', sp-learned-size-factor='0.46728756951284617', sp-orig-clause-sort-heur=''0'', sp-phase-dec-heur=''2'', sp-rand-var-dec-freq=''0.0001'', sp-resolution=''1'', sp-restart-inc='1.3356642479493797', sp-update-dec-queue=''1'', sp-use-pure-literal-rule=''1'', sp-var-activity-inc='1.296361531347486', sp-var-dec-heur=''17'', sp-variable-decay='1.357709596487439', sp-max-res-lit-inc='0.6952180009126269', sp-max-res-runs='4', sp-rand-var-dec-scaling='0.9478880020135099', sp-res-cutoff-cls='11', sp-res-cutoff-lits='400', sp-res-order-heur=''0''
6628.280000, 0.015369, 4903.860926, 68, -1724.419074, sp-clause-activity-inc='0.6864922431165713', sp-clause-decay='1.8609911870700573', sp-clause-del-heur=''2'', sp-first-restart='100', sp-learned-clause-sort-heur=''0'', sp-learned-clauses-inc='1.114504411000557', sp-learned-size-factor='0.46728756951284617', sp-orig-clause-sort-heur=''8'', sp-phase-dec-heur=''2'', sp-rand-var-dec-freq=''0.0001'', sp-resolution=''1'', sp-restart-inc='1.3356642479493797', sp-update-dec-queue=''1'', sp-use-pure-literal-rule=''1'', sp-var-activity-inc='1.296361531347486', sp-var-dec-heur=''17'', sp-variable-decay='1.357709596487439', sp-max-res-lit-inc='0.6952180009126269', sp-max-res-runs='4', sp-rand-var-dec-scaling='0.9478880020135099', sp-res-cutoff-cls='11', sp-res-cutoff-lits='400', sp-res-order-heur=''0''
6998.952000, 0.014987, 5170.288155, 67, -1828.663845, sp-clause-activity-inc='0.6864922431165713', sp-clause-decay='1.8609911870700573', sp-clause-del-heur=''2'', sp-first-restart='100', sp-learned-clause-sort-heur=''0'', sp-learned-clauses-inc='1.114504411000557', sp-learned-size-factor='0.46728756951284617', sp-orig-clause-sort-heur=''0'', sp-phase-dec-heur=''2'', sp-rand-var-dec-freq=''0.0001'', sp-resolution=''1'', sp-restart-inc='1.3356642479493797', sp-update-dec-queue=''1'', sp-use-pure-literal-rule=''1'', sp-var-activity-inc='1.296361531347486', sp-var-dec-heur=''17'', sp-variable-decay='1.357709596487439', sp-max-res-lit-inc='0.6952180009126269', sp-max-res-runs='4', sp-rand-var-dec-scaling='0.9478880020135099', sp-res-cutoff-cls='11', sp-res-cutoff-lits='400', sp-res-order-heur=''0''
7179.996000, 0.014278, 5299.246390, 71, -1880.749610, sp-clause-activity-inc='0.6864922431165713', sp-clause-decay='1.8609911870700573', sp-clause-del-heur=''2'', sp-first-restart='100', sp-learned-clause-sort-heur=''5'', sp-learned-clauses-inc='1.114504411000557', sp-learned-size-factor='0.46728756951284617', sp-orig-clause-sort-heur=''0'', sp-phase-dec-heur=''4'', sp-rand-var-dec-freq=''0.0001'', sp-resolution=''1'', sp-restart-inc='1.3356642479493797', sp-update-dec-queue=''1'', sp-use-pure-literal-rule=''1'', sp-var-activity-inc='1.296361531347486', sp-var-dec-heur=''17'', sp-variable-decay='1.357709596487439', sp-max-res-lit-inc='0.6952180009126269', sp-max-res-runs='4', sp-rand-phase-dec-freq=''0.001'', sp-rand-var-dec-scaling='0.9478880020135099', sp-res-cutoff-cls='11', sp-res-cutoff-lits='400', sp-res-order-heur=''0'', sp-rand-phase-scaling='1.0'
7913.384000, 0.013674, 5835.436026, 75, -2077.947974, sp-clause-activity-inc='0.6864922431165713', sp-clause-decay='1.8609911870700573', sp-clause-del-heur=''2'', sp-first-restart='100', sp-learned-clause-sort-heur=''5'', sp-learned-clauses-inc='1.114504411000557', sp-learned-size-factor='0.46728756951284617', sp-orig-clause-sort-heur=''2'', sp-phase-dec-heur=''4'', sp-rand-var-dec-freq=''0.0001'', sp-resolution=''1'', sp-restart-inc='1.3356642479493797', sp-update-dec-queue=''1'', sp-use-pure-literal-rule=''1'', sp-var-activity-inc='1.296361531347486', sp-var-dec-heur=''17'', sp-variable-decay='1.357709596487439', sp-max-res-lit-inc='0.6952180009126269', sp-max-res-runs='4', sp-rand-phase-dec-freq=''0.001'', sp-rand-var-dec-scaling='0.9478880020135099', sp-res-cutoff-cls='11', sp-res-cutoff-lits='400', sp-res-order-heur=''0'', sp-rand-phase-scaling='1.0'
8293.592000, 0.013246, 6115.915669, 76, -2177.676331, sp-clause-activity-inc='0.6864922431165713', sp-clause-decay='1.8609911870700573', sp-clause-del-heur=''2'', sp-first-restart='100', sp-learned-clause-sort-heur=''5'', sp-learned-clauses-inc='1.114504411000557', sp-learned-size-factor='0.46728756951284617', sp-orig-clause-sort-heur=''2'', sp-phase-dec-heur=''4'', sp-rand-var-dec-freq=''0.0001'', sp-resolution=''1'', sp-restart-inc='1.3356642479493797', sp-update-dec-queue=''1'', sp-use-pure-literal-rule=''1'', sp-var-activity-inc='1.4216755497295568', sp-var-dec-heur=''17'', sp-variable-decay='1.357709596487439', sp-max-res-lit-inc='0.6952180009126269', sp-max-res-runs='4', sp-rand-phase-dec-freq=''0.001'', sp-rand-var-dec-scaling='0.9478880020135099', sp-res-cutoff-cls='11', sp-res-cutoff-lits='400', sp-res-order-heur=''0'', sp-rand-phase-scaling='1.0'
9120.200000, 0.013110, 6731.506027, 79, -2388.693973, sp-clause-activity-inc='0.6864922431165713', sp-clause-decay='1.8609911870700573', sp-clause-del-heur=''2'', sp-first-restart='95', sp-learned-clause-sort-heur=''5'', sp-learned-clauses-inc='1.114504411000557', sp-learned-size-factor='0.46728756951284617', sp-orig-clause-sort-heur=''2'', sp-phase-dec-heur=''4'', sp-rand-var-dec-freq=''0.0001'', sp-resolution=''1'', sp-restart-inc='1.3356642479493797', sp-update-dec-queue=''1'', sp-use-pure-literal-rule=''1'', sp-var-activity-inc='1.4216755497295568', sp-var-dec-heur=''17'', sp-variable-decay='1.357709596487439', sp-max-res-lit-inc='0.6952180009126269', sp-max-res-runs='4', sp-rand-phase-dec-freq=''0.001'', sp-rand-var-dec-scaling='0.9478880020135099', sp-res-cutoff-cls='11', sp-res-cutoff-lits='885', sp-res-order-heur=''0'', sp-rand-phase-scaling='1.0'
9332.772000, 0.012900, 6887.343647, 82, -2445.428353, sp-clause-activity-inc='0.6864922431165713', sp-clause-decay='1.8668237322549632', sp-clause-del-heur=''2'', sp-first-restart='95', sp-learned-clause-sort-heur=''5'', sp-learned-clauses-inc='1.114504411000557', sp-learned-size-factor='0.46728756951284617', sp-orig-clause-sort-heur=''2'', sp-phase-dec-heur=''4'', sp-rand-var-dec-freq=''0.0001'', sp-resolution=''1'', sp-restart-inc='1.3356642479493797', sp-update-dec-queue=''1'', sp-use-pure-literal-rule=''0'', sp-var-activity-inc='1.4216755497295568', sp-var-dec-heur=''17'', sp-variable-decay='1.357709596487439', sp-max-res-lit-inc='0.6952180009126269', sp-max-res-runs='4', sp-rand-phase-dec-freq=''0.001'', sp-rand-var-dec-scaling='0.9478880020135099', sp-res-cutoff-cls='11', sp-res-cutoff-lits='885', sp-res-order-heur=''0'', sp-rand-phase-scaling='1.0'
9546.488000, 0.012688, 7044.178341, 83, -2502.309659, sp-clause-activity-inc='0.6864922431165713', sp-clause-decay='1.8668237322549632', sp-clause-del-heur=''2'', sp-first-restart='95', sp-learned-clause-sort-heur=''5'', sp-learned-clauses-inc='1.114504411000557', sp-learned-size-factor='0.46728756951284617', sp-orig-clause-sort-heur=''2'', sp-phase-dec-heur=''4'', sp-rand-var-dec-freq=''0.0001'', sp-resolution=''1'', sp-restart-inc='1.3356642479493797', sp-update-dec-queue=''1'', sp-use-pure-literal-rule=''0'', sp-var-activity-inc='1.4216755497295568', sp-var-dec-heur=''17'', sp-variable-decay='1.357709596487439', sp-max-res-lit-inc='0.6952180009126269', sp-max-res-runs='4', sp-rand-phase-dec-freq=''0.001'', sp-rand-var-dec-scaling='0.9478880020135099', sp-res-cutoff-cls='11', sp-res-cutoff-lits='1017', sp-res-order-heur=''0'', sp-rand-phase-scaling='1.0'
9973.152000, 0.012435, 7357.718073, 84, -2615.433927, sp-clause-activity-inc='0.6864922431165713', sp-clause-decay='1.8668237322549632', sp-clause-del-heur=''2'', sp-first-restart='95', sp-learned-clause-sort-heur=''5'', sp-learned-clauses-inc='1.114504411000557', sp-learned-size-factor='0.46728756951284617', sp-orig-clause-sort-heur=''2'', sp-phase-dec-heur=''4'', sp-rand-var-dec-freq=''0.0001'', sp-resolution=''1'', sp-restart-inc='1.3356642479493797', sp-update-dec-queue=''1'', sp-use-pure-literal-rule=''0'', sp-var-activity-inc='1.4216755497295568', sp-var-dec-heur=''17'', sp-variable-decay='1.357709596487439', sp-max-res-lit-inc='0.6952180009126269', sp-max-res-runs='4', sp-rand-phase-dec-freq=''0'', sp-rand-var-dec-scaling='0.9478880020135099', sp-res-cutoff-cls='11', sp-res-cutoff-lits='1017', sp-res-order-heur=''0''
10190.184000, 0.012164, 7513.317100, 86, -2676.866900, sp-clause-activity-inc='0.6864922431165713', sp-clause-decay='1.8668237322549632', sp-clause-del-heur=''2'', sp-first-restart='95', sp-learned-clause-sort-heur=''5'', sp-learned-clauses-inc='1.114504411000557', sp-learned-size-factor='0.46728756951284617', sp-orig-clause-sort-heur=''2'', sp-phase-dec-heur=''4'', sp-rand-var-dec-freq=''0.0001'', sp-resolution=''1'', sp-restart-inc='1.3356642479493797', sp-update-dec-queue=''1'', sp-use-pure-literal-rule=''0'', sp-var-activity-inc='1.4216755497295568', sp-var-dec-heur=''17'', sp-variable-decay='1.357709596487439', sp-max-res-lit-inc='0.6952180009126269', sp-max-res-runs='3', sp-rand-phase-dec-freq=''0'', sp-rand-var-dec-scaling='0.9478880020135099', sp-res-cutoff-cls='11', sp-res-cutoff-lits='1017', sp-res-order-heur=''0''
10626.772000, 0.011731, 7827.058485, 88, -2799.713515, sp-clause-activity-inc='0.6864922431165713', sp-clause-decay='1.8668237322549632', sp-clause-del-heur=''2'', sp-first-restart='95', sp-learned-clause-sort-heur=''5'', sp-learned-clauses-inc='1.114504411000557', sp-learned-size-factor='0.46728756951284617', sp-orig-clause-sort-heur=''2'', sp-phase-dec-heur=''4'', sp-rand-var-dec-freq=''0.0001'', sp-resolution=''1'', sp-restart-inc='1.3356642479493797', sp-update-dec-queue=''1'', sp-use-pure-literal-rule=''0'', sp-var-activity-inc='1.4216755497295568', sp-var-dec-heur=''17'', sp-variable-decay='1.357709596487439', sp-max-res-lit-inc='0.6952180009126269', sp-max-res-runs='3', sp-rand-phase-dec-freq=''0'', sp-rand-var-dec-scaling='0.9478880020135099', sp-res-cutoff-cls='9', sp-res-cutoff-lits='1017', sp-res-order-heur=''0''
11067.996000, 0.011327, 8143.620217, 89, -2924.375783, sp-clause-activity-inc='0.6864922431165713', sp-clause-decay='1.8668237322549632', sp-clause-del-heur=''2'', sp-first-restart='95', sp-learned-clause-sort-heur=''5'', sp-learned-clauses-inc='1.114504411000557', sp-learned-size-factor='0.46728756951284617', sp-orig-clause-sort-heur=''2'', sp-phase-dec-heur=''4'', sp-rand-var-dec-freq=''0.0001'', sp-resolution=''1'', sp-restart-inc='1.3356642479493797', sp-update-dec-queue=''1'', sp-use-pure-literal-rule=''0'', sp-var-activity-inc='1.4216755497295568', sp-var-dec-heur=''17'', sp-variable-decay='1.357709596487439', sp-max-res-lit-inc='0.6952180009126269', sp-max-res-runs='3', sp-rand-phase-dec-freq=''0'', sp-rand-var-dec-scaling='0.9478880020135099', sp-res-cutoff-cls='9', sp-res-cutoff-lits='1017', sp-res-order-heur=''11''
11284.610000, 0.011010, 8299.726973, 91, -2984.883027, sp-clause-activity-inc='0.6864922431165713', sp-clause-decay='1.8668237322549632', sp-clause-del-heur=''2'', sp-first-restart='95', sp-learned-clause-sort-heur=''5'', sp-learned-clauses-inc='1.114504411000557', sp-learned-size-factor='0.45844679979359515', sp-orig-clause-sort-heur=''2'', sp-phase-dec-heur=''5'', sp-rand-var-dec-freq=''0.0001'', sp-resolution=''1'', sp-restart-inc='1.3356642479493797', sp-update-dec-queue=''1'', sp-use-pure-literal-rule=''0'', sp-var-activity-inc='1.4216755497295568', sp-var-dec-heur=''17'', sp-variable-decay='1.357709596487439', sp-max-res-lit-inc='0.6952180009126269', sp-max-res-runs='3', sp-rand-phase-dec-freq=''0'', sp-rand-var-dec-scaling='0.9478880020135099', sp-res-cutoff-cls='9', sp-res-cutoff-lits='1017', sp-res-order-heur=''11''
12600.902000, 0.010172, 9257.272359, 97, -3343.629641, sp-clause-activity-inc='0.6864922431165713', sp-clause-decay='1.8668237322549632', sp-clause-del-heur=''2'', sp-first-restart='95', sp-learned-clause-sort-heur=''5'', sp-learned-clauses-inc='1.114504411000557', sp-learned-size-factor='0.45844679979359515', sp-orig-clause-sort-heur=''2'', sp-phase-dec-heur=''5'', sp-rand-var-dec-freq=''0'', sp-resolution=''1'', sp-restart-inc='1.3356642479493797', sp-update-dec-queue=''1'', sp-use-pure-literal-rule=''0'', sp-var-activity-inc='1.4216755497295568', sp-var-dec-heur=''17'', sp-variable-decay='1.357709596487439', sp-max-res-lit-inc='0.6952180009126269', sp-max-res-runs='3', sp-rand-phase-dec-freq=''0'', sp-res-cutoff-cls='9', sp-res-cutoff-lits='1017', sp-res-order-heur=''11''
13048.470000, 0.009786, 9587.442704, 98, -3461.027296, sp-clause-activity-inc='0.6864922431165713', sp-clause-decay='1.8668237322549632', sp-clause-del-heur=''2'', sp-first-restart='95', sp-learned-clause-sort-heur=''5'', sp-learned-clauses-inc='1.114504411000557', sp-learned-size-factor='0.45844679979359515', sp-orig-clause-sort-heur=''2'', sp-phase-dec-heur=''5'', sp-rand-var-dec-freq=''0'', sp-resolution=''1'', sp-restart-inc='1.3356642479493797', sp-update-dec-queue=''1'', sp-use-pure-literal-rule=''0'', sp-var-activity-inc='1.4216755497295568', sp-var-dec-heur=''17'', sp-variable-decay='1.357709596487439', sp-max-res-lit-inc='0.6952180009126269', sp-max-res-runs='2', sp-rand-phase-dec-freq=''0'', sp-res-cutoff-cls='9', sp-res-cutoff-lits='1017', sp-res-order-heur=''11''
13496.678000, 0.009517, 9919.976452, 100, -3576.701548, sp-clause-activity-inc='0.6864922431165713', sp-clause-decay='1.8668237322549632', sp-clause-del-heur=''2'', sp-first-restart='95', sp-learned-clause-sort-heur=''5'', sp-learned-clauses-inc='1.114504411000557', sp-learned-size-factor='0.45844679979359515', sp-orig-clause-sort-heur=''2'', sp-phase-dec-heur=''5'', sp-rand-var-dec-freq=''0'', sp-resolution=''1'', sp-restart-inc='1.3356642479493797', sp-update-dec-queue=''1'', sp-use-pure-literal-rule=''0'', sp-var-activity-inc='1.4216755497295568', sp-var-dec-heur=''17'', sp-variable-decay='1.357709596487439', sp-max-res-lit-inc='0.5942719267265315', sp-max-res-runs='2', sp-rand-phase-dec-freq=''0'', sp-res-cutoff-cls='9', sp-res-cutoff-lits='1017', sp-res-order-heur=''11''
13954.002000, 0.009127, 10251.752900, 102, -3702.249100, sp-clause-activity-inc='0.6864922431165713', sp-clause-decay='1.8668237322549632', sp-clause-del-heur=''2'', sp-first-restart='95', sp-learned-clause-sort-heur=''5'', sp-learned-clauses-inc='1.114504411000557', sp-learned-size-factor='0.45844679979359515', sp-orig-clause-sort-heur=''2'', sp-phase-dec-heur=''5'', sp-rand-var-dec-freq=''0'', sp-resolution=''2'', sp-restart-inc='1.3356642479493797', sp-update-dec-queue=''1'', sp-use-pure-literal-rule=''0'', sp-var-activity-inc='1.4216755497295568', sp-var-dec-heur=''17'', sp-variable-decay='1.357709596487439', sp-max-res-lit-inc='0.5942719267265315', sp-max-res-runs='2', sp-rand-phase-dec-freq=''0'', sp-res-cutoff-cls='9', sp-res-cutoff-lits='1017', sp-res-order-heur=''11''
14178.154000, 0.008975, 10417.843639, 103, -3760.310361, sp-clause-activity-inc='0.6864922431165713', sp-clause-decay='1.8668237322549632', sp-clause-del-heur=''2'', sp-first-restart='95', sp-learned-clause-sort-heur=''5'', sp-learned-clauses-inc='1.114504411000557', sp-learned-size-factor='0.45844679979359515', sp-orig-clause-sort-heur=''2'', sp-phase-dec-heur=''5'', sp-rand-var-dec-freq=''0'', sp-resolution=''2'', sp-restart-inc='1.3356642479493797', sp-update-dec-queue=''1'', sp-use-pure-literal-rule=''0'', sp-var-activity-inc='1.4216755497295568', sp-var-dec-heur=''17'', sp-variable-decay='1.357709596487439', sp-max-res-lit-inc='0.5942719267265315', sp-max-res-runs='2', sp-rand-phase-dec-freq=''0'', sp-res-cutoff-cls='9', sp-res-cutoff-lits='1600', sp-res-order-heur=''11''
14408.438000, 0.008912, 10585.090180, 105, -3823.347820, sp-clause-activity-inc='0.6864922431165713', sp-clause-decay='1.8668237322549632', sp-clause-del-heur=''2'', sp-first-restart='95', sp-learned-clause-sort-heur=''5'', sp-learned-clauses-inc='1.114504411000557', sp-learned-size-factor='0.45844679979359515', sp-orig-clause-sort-heur=''2'', sp-phase-dec-heur=''5'', sp-rand-var-dec-freq=''0'', sp-resolution=''2'', sp-restart-inc='1.3356642479493797', sp-update-dec-queue=''1'', sp-use-pure-literal-rule=''0'', sp-var-activity-inc='1.4216755497295568', sp-var-dec-heur=''17'', sp-variable-decay='1.357709596487439', sp-max-res-lit-inc='0.5942719267265315', sp-max-res-runs='2', sp-rand-phase-dec-freq=''0'', sp-res-cutoff-cls='9', sp-res-cutoff-lits='1600', sp-res-order-heur=''19''
15101.358000, 0.008572, 11096.060091, 107, -4005.297909, sp-clause-activity-inc='0.6864922431165713', sp-clause-decay='1.8668237322549632', sp-clause-del-heur=''2'', sp-first-restart='95', sp-learned-clause-sort-heur=''5'', sp-learned-clauses-inc='1.114504411000557', sp-learned-size-factor='0.45844679979359515', sp-orig-clause-sort-heur=''2'', sp-phase-dec-heur=''5'', sp-rand-var-dec-freq=''0.001'', sp-resolution=''2'', sp-restart-inc='1.3356642479493797', sp-update-dec-queue=''1'', sp-use-pure-literal-rule=''0'', sp-var-activity-inc='1.4216755497295568', sp-var-dec-heur=''17'', sp-variable-decay='1.357709596487439', sp-max-res-lit-inc='0.5942719267265315', sp-max-res-runs='2', sp-rand-phase-dec-freq=''0'', sp-rand-var-dec-scaling='1.0', sp-res-cutoff-cls='9', sp-res-cutoff-lits='1600', sp-res-order-heur=''19''
15330.974000, 0.008279, 11266.366027, 109, -4064.607973, sp-clause-activity-inc='0.6864922431165713', sp-clause-decay='1.8668237322549632', sp-clause-del-heur=''2'', sp-first-restart='95', sp-learned-clause-sort-heur=''5'', sp-learned-clauses-inc='1.114504411000557', sp-learned-size-factor='0.7221450199191033', sp-orig-clause-sort-heur=''2'', sp-phase-dec-heur=''5'', sp-rand-var-dec-freq=''0.001'', sp-resolution=''2'', sp-restart-inc='1.3356642479493797', sp-update-dec-queue=''1'', sp-use-pure-literal-rule=''0'', sp-var-activity-inc='1.4216755497295568', sp-var-dec-heur=''17'', sp-variable-decay='1.357709596487439', sp-max-res-lit-inc='0.5942719267265315', sp-max-res-runs='2', sp-rand-phase-dec-freq=''0'', sp-rand-var-dec-scaling='1.0408524465692481', sp-res-cutoff-cls='9', sp-res-cutoff-lits='1600', sp-res-order-heur=''19''
15560.986000, 0.008201, 11436.112213, 110, -4124.873787, sp-clause-activity-inc='0.6864922431165713', sp-clause-decay='1.8668237322549632', sp-clause-del-heur=''0'', sp-first-restart='95', sp-learned-clause-sort-heur=''5'', sp-learned-clauses-inc='1.114504411000557', sp-learned-size-factor='0.7221450199191033', sp-orig-clause-sort-heur=''2'', sp-phase-dec-heur=''5'', sp-rand-var-dec-freq=''0.001'', sp-resolution=''2'', sp-restart-inc='1.3356642479493797', sp-update-dec-queue=''1'', sp-use-pure-literal-rule=''0'', sp-var-activity-inc='1.4216755497295568', sp-var-dec-heur=''17'', sp-variable-decay='1.357709596487439', sp-max-res-lit-inc='0.5942719267265315', sp-max-res-runs='2', sp-rand-phase-dec-freq=''0'', sp-rand-var-dec-scaling='1.0408524465692481', sp-res-cutoff-cls='9', sp-res-cutoff-lits='1600', sp-res-order-heur=''19''
15789.878000, 0.007997, 11606.484078, 111, -4183.393922, sp-clause-activity-inc='0.6864922431165713', sp-clause-decay='1.6326736956618548', sp-clause-del-heur=''0'', sp-first-restart='95', sp-learned-clause-sort-heur=''5'', sp-learned-clauses-inc='1.114504411000557', sp-learned-size-factor='0.7221450199191033', sp-orig-clause-sort-heur=''2'', sp-phase-dec-heur=''5'', sp-rand-var-dec-freq=''0.001'', sp-resolution=''2'', sp-restart-inc='1.3356642479493797', sp-update-dec-queue=''1'', sp-use-pure-literal-rule=''0'', sp-var-activity-inc='1.4216755497295568', sp-var-dec-heur=''17'', sp-variable-decay='1.357709596487439', sp-max-res-lit-inc='0.5942719267265315', sp-max-res-runs='2', sp-rand-phase-dec-freq=''0'', sp-rand-var-dec-scaling='1.0408524465692481', sp-res-cutoff-cls='9', sp-res-cutoff-lits='1600', sp-res-order-heur=''19''
16018.962000, 0.007883, 11777.137163, 112, -4241.824837, sp-clause-activity-inc='0.6864922431165713', sp-clause-decay='1.8668237322549632', sp-clause-del-heur=''0'', sp-first-restart='95', sp-learned-clause-sort-heur=''5'', sp-learned-clauses-inc='1.114504411000557', sp-learned-size-factor='0.7221450199191033', sp-orig-clause-sort-heur=''2'', sp-phase-dec-heur=''5'', sp-rand-var-dec-freq=''0.001'', sp-resolution=''2'', sp-restart-inc='1.3356642479493797', sp-update-dec-queue=''1'', sp-use-pure-literal-rule=''0'', sp-var-activity-inc='1.4216755497295568', sp-var-dec-heur=''17'', sp-variable-decay='1.5282739509929384', sp-max-res-lit-inc='0.5942719267265315', sp-max-res-runs='2', sp-rand-phase-dec-freq=''0'', sp-rand-var-dec-scaling='1.0408524465692481', sp-res-cutoff-cls='9', sp-res-cutoff-lits='1600', sp-res-order-heur=''19''
16482.550000, 0.007672, 12122.312822, 113, -4360.237178, sp-clause-activity-inc='0.6864922431165713', sp-clause-decay='1.8668237322549632', sp-clause-del-heur=''0'', sp-first-restart='95', sp-learned-clause-sort-heur=''5'', sp-learned-clauses-inc='1.114504411000557', sp-learned-size-factor='0.7221450199191033', sp-orig-clause-sort-heur=''2'', sp-phase-dec-heur=''5'', sp-rand-var-dec-freq=''0.001'', sp-resolution=''2'', sp-restart-inc='1.3356642479493797', sp-update-dec-queue=''1'', sp-use-pure-literal-rule=''0'', sp-var-activity-inc='1.4216755497295568', sp-var-dec-heur=''17'', sp-variable-decay='1.5395729292228462', sp-max-res-lit-inc='0.5942719267265315', sp-max-res-runs='2', sp-rand-phase-dec-freq=''0'', sp-rand-var-dec-scaling='1.0408524465692481', sp-res-cutoff-cls='9', sp-res-cutoff-lits='1600', sp-res-order-heur=''19''
16954.486000, 0.007592, 12475.496215, 114, -4478.989785, sp-clause-activity-inc='0.6864922431165713', sp-clause-decay='1.8668237322549632', sp-clause-del-heur=''0'', sp-first-restart='95', sp-learned-clause-sort-heur=''18'', sp-learned-clauses-inc='1.114504411000557', sp-learned-size-factor='0.7221450199191033', sp-orig-clause-sort-heur=''2'', sp-phase-dec-heur=''5'', sp-rand-var-dec-freq=''0.001'', sp-resolution=''2'', sp-restart-inc='1.3356642479493797', sp-update-dec-queue=''1'', sp-use-pure-literal-rule=''0'', sp-var-activity-inc='1.4216755497295568', sp-var-dec-heur=''17'', sp-variable-decay='1.5395729292228462', sp-max-res-lit-inc='0.5942719267265315', sp-max-res-runs='2', sp-rand-phase-dec-freq=''0'', sp-rand-var-dec-scaling='1.0408524465692481', sp-res-cutoff-cls='9', sp-res-cutoff-lits='1600', sp-res-order-heur=''19''
17191.014000, 0.007468, 12652.791971, 117, -4538.222029, sp-clause-activity-inc='0.6864922431165713', sp-clause-decay='1.8668237322549632', sp-clause-del-heur=''0'', sp-first-restart='95', sp-learned-clause-sort-heur=''18'', sp-learned-clauses-inc='1.114504411000557', sp-learned-size-factor='0.7221450199191033', sp-orig-clause-sort-heur=''8'', sp-phase-dec-heur=''5'', sp-rand-var-dec-freq=''0.001'', sp-resolution=''2'', sp-restart-inc='1.3356642479493797', sp-update-dec-queue=''1'', sp-use-pure-literal-rule=''0'', sp-var-activity-inc='1.4216755497295568', sp-var-dec-heur=''17'', sp-variable-decay='1.5395729292228462', sp-max-res-lit-inc='0.5942719267265315', sp-max-res-runs='2', sp-rand-phase-dec-freq=''0'', sp-rand-var-dec-scaling='1.0408524465692481', sp-res-cutoff-cls='9', sp-res-cutoff-lits='1600', sp-res-order-heur=''19''
17903.170000, 0.007181, 13186.686669, 119, -4716.483331, sp-clause-activity-inc='0.6864922431165713', sp-clause-decay='1.8668237322549632', sp-clause-del-heur=''0'', sp-first-restart='95', sp-learned-clause-sort-heur=''18'', sp-learned-clauses-inc='1.114504411000557', sp-learned-size-factor='0.7221450199191033', sp-orig-clause-sort-heur=''8'', sp-phase-dec-heur=''5'', sp-rand-var-dec-freq=''0.001'', sp-resolution=''2'', sp-restart-inc='1.3356642479493797', sp-update-dec-queue=''0'', sp-use-pure-literal-rule=''0'', sp-var-activity-inc='1.4216755497295568', sp-var-dec-heur=''17'', sp-variable-decay='1.5395729292228462', sp-max-res-lit-inc='0.5942719267265315', sp-max-res-runs='2', sp-rand-phase-dec-freq=''0'', sp-rand-var-dec-scaling='1.0408524465692481', sp-res-cutoff-cls='9', sp-res-cutoff-lits='1600', sp-res-order-heur=''19''
18392.242000, 0.007254, 13559.435082, 122, -4832.806918, sp-clause-activity-inc='0.6864922431165713', sp-clause-decay='1.5984496030508957', sp-clause-del-heur=''0'', sp-first-restart='95', sp-learned-clause-sort-heur=''18'', sp-learned-clauses-inc='1.114504411000557', sp-learned-size-factor='0.7221450199191033', sp-orig-clause-sort-heur=''8'', sp-phase-dec-heur=''5'', sp-rand-var-dec-freq=''0.001'', sp-resolution=''2'', sp-restart-inc='1.3356642479493797', sp-update-dec-queue=''0'', sp-use-pure-literal-rule=''0'', sp-var-activity-inc='1.4216755497295568', sp-var-dec-heur=''17'', sp-variable-decay='1.5395729292228462', sp-max-res-lit-inc='0.5942719267265315', sp-max-res-runs='2', sp-rand-phase-dec-freq=''0'', sp-rand-var-dec-scaling='1.0408524465692481', sp-res-cutoff-cls='9', sp-res-cutoff-lits='1600', sp-res-order-heur=''19''
18906.858000, 0.007393, 13945.987428, 124, -4960.870572, sp-clause-activity-inc='0.6864922431165713', sp-clause-decay='1.5984496030508957', sp-clause-del-heur=''0'', sp-first-restart='95', sp-learned-clause-sort-heur=''18'', sp-learned-clauses-inc='1.114504411000557', sp-learned-size-factor='0.7221450199191033', sp-orig-clause-sort-heur=''8'', sp-phase-dec-heur=''5'', sp-rand-var-dec-freq=''0.001'', sp-resolution=''2'', sp-restart-inc='1.3356642479493797', sp-update-dec-queue=''0'', sp-use-pure-literal-rule=''0'', sp-var-activity-inc='1.4216755497295568', sp-var-dec-heur=''17'', sp-variable-decay='1.8877875913586197', sp-max-res-lit-inc='0.5942719267265315', sp-max-res-runs='2', sp-rand-phase-dec-freq=''0'', sp-rand-var-dec-scaling='1.0408524465692481', sp-res-cutoff-cls='9', sp-res-cutoff-lits='1600', sp-res-order-heur=''19''
20496.218000, 0.006847, 15133.678160, 130, -5362.539840, sp-clause-activity-inc='0.6864922431165713', sp-clause-decay='1.5984496030508957', sp-clause-del-heur=''0'', sp-first-restart='173', sp-learned-clause-sort-heur=''18'', sp-learned-clauses-inc='1.114504411000557', sp-learned-size-factor='0.7221450199191033', sp-orig-clause-sort-heur=''8'', sp-phase-dec-heur=''5'', sp-rand-var-dec-freq=''0.001'', sp-resolution=''2'', sp-restart-inc='1.3356642479493797', sp-update-dec-queue=''0'', sp-use-pure-literal-rule=''0'', sp-var-activity-inc='1.4216755497295568', sp-var-dec-heur=''17'', sp-variable-decay='1.8877875913586197', sp-max-res-lit-inc='0.5942719267265315', sp-max-res-runs='1', sp-rand-phase-dec-freq=''0'', sp-rand-var-dec-scaling='1.0408524465692481', sp-res-cutoff-cls='9', sp-res-cutoff-lits='1600', sp-res-order-heur=''19''
21041.342000, 0.006802, 15534.745165, 132, -5506.596835, sp-clause-activity-inc='0.6864922431165713', sp-clause-decay='1.5984496030508957', sp-clause-del-heur=''0'', sp-first-restart='95', sp-learned-clause-sort-heur=''18'', sp-learned-clauses-inc='1.114504411000557', sp-learned-size-factor='0.7221450199191033', sp-orig-clause-sort-heur=''8'', sp-phase-dec-heur=''5'', sp-rand-var-dec-freq=''0.001'', sp-resolution=''2'', sp-restart-inc='1.3356642479493797', sp-update-dec-queue=''0'', sp-use-pure-literal-rule=''1'', sp-var-activity-inc='1.4216755497295568', sp-var-dec-heur=''17'', sp-variable-decay='1.8877875913586197', sp-max-res-lit-inc='0.5942719267265315', sp-max-res-runs='1', sp-rand-phase-dec-freq=''0'', sp-rand-var-dec-scaling='1.0408524465692481', sp-res-cutoff-cls='9', sp-res-cutoff-lits='1600', sp-res-order-heur=''19''
21310.678000, 0.006708, 15734.716594, 129, -5575.961406, sp-clause-activity-inc='0.6864922431165713', sp-clause-decay='1.5984496030508957', sp-clause-del-heur=''0'', sp-first-restart='95', sp-learned-clause-sort-heur=''18'', sp-learned-clauses-inc='1.114504411000557', sp-learned-size-factor='0.7221450199191033', sp-orig-clause-sort-heur=''8'', sp-phase-dec-heur=''5'', sp-rand-var-dec-freq=''0.001'', sp-resolution=''2'', sp-restart-inc='1.3356642479493797', sp-update-dec-queue=''0'', sp-use-pure-literal-rule=''0'', sp-var-activity-inc='1.4216755497295568', sp-var-dec-heur=''17'', sp-variable-decay='1.8877875913586197', sp-max-res-lit-inc='0.5942719267265315', sp-max-res-runs='1', sp-rand-phase-dec-freq=''0'', sp-rand-var-dec-scaling='1.0408524465692481', sp-res-cutoff-cls='9', sp-res-cutoff-lits='1600', sp-res-order-heur=''19''
21582.688000, 0.006674, 15934.265824, 134, -5648.422176, sp-clause-activity-inc='0.6864922431165713', sp-clause-decay='1.5984496030508957', sp-clause-del-heur=''0'', sp-first-restart='283', sp-learned-clause-sort-heur=''18'', sp-learned-clauses-inc='1.114504411000557', sp-learned-size-factor='0.7221450199191033', sp-orig-clause-sort-heur=''8'', sp-phase-dec-heur=''5'', sp-rand-var-dec-freq=''0.001'', sp-resolution=''2'', sp-restart-inc='1.3356642479493797', sp-update-dec-queue=''0'', sp-use-pure-literal-rule=''0'', sp-var-activity-inc='1.4216755497295568', sp-var-dec-heur=''17'', sp-variable-decay='1.8877875913586197', sp-max-res-lit-inc='0.5942719267265315', sp-max-res-runs='1', sp-rand-phase-dec-freq=''0'', sp-rand-var-dec-scaling='1.0408524465692481', sp-res-cutoff-cls='9', sp-res-cutoff-lits='1600', sp-res-order-heur=''19''
22414.414000, 0.006608, 16567.572304, 136, -5846.841696, sp-clause-activity-inc='0.6864922431165713', sp-clause-decay='1.5984496030508957', sp-clause-del-heur=''0'', sp-first-restart='95', sp-learned-clause-sort-heur=''18'', sp-learned-clauses-inc='1.114504411000557', sp-learned-size-factor='0.7221450199191033', sp-orig-clause-sort-heur=''8'', sp-phase-dec-heur=''5'', sp-rand-var-dec-freq=''0.001'', sp-resolution=''2'', sp-restart-inc='1.190945220086806', sp-update-dec-queue=''0'', sp-use-pure-literal-rule=''0'', sp-var-activity-inc='1.4216755497295568', sp-var-dec-heur=''17'', sp-variable-decay='1.8877875913586197', sp-max-res-lit-inc='0.5942719267265315', sp-max-res-runs='1', sp-rand-phase-dec-freq=''0'', sp-rand-var-dec-scaling='1.0408524465692481', sp-res-cutoff-cls='9', sp-res-cutoff-lits='1600', sp-res-order-heur=''13''
22690.766000, 0.006505, 16779.013672, 138, -5911.752328, sp-clause-activity-inc='0.6864922431165713', sp-clause-decay='1.5984496030508957', sp-clause-del-heur=''0'', sp-first-restart='95', sp-learned-clause-sort-heur=''18'', sp-learned-clauses-inc='1.114504411000557', sp-learned-size-factor='0.7221450199191033', sp-orig-clause-sort-heur=''6'', sp-phase-dec-heur=''5'', sp-rand-var-dec-freq=''0.001'', sp-resolution=''2'', sp-restart-inc='1.190945220086806', sp-update-dec-queue=''0'', sp-use-pure-literal-rule=''0'', sp-var-activity-inc='1.4216755497295568', sp-var-dec-heur=''17'', sp-variable-decay='1.8877875913586197', sp-max-res-lit-inc='0.5942719267265315', sp-max-res-runs='1', sp-rand-phase-dec-freq=''0'', sp-rand-var-dec-scaling='1.0408524465692481', sp-res-cutoff-cls='9', sp-res-cutoff-lits='1600', sp-res-order-heur=''13''
22967.570000, 0.006436, 16990.233154, 139, -5977.336846, sp-clause-activity-inc='0.6864922431165713', sp-clause-decay='1.5984496030508957', sp-clause-del-heur=''0'', sp-first-restart='95', sp-learned-clause-sort-heur=''18'', sp-learned-clauses-inc='1.114504411000557', sp-learned-size-factor='0.7221450199191033', sp-orig-clause-sort-heur=''8'', sp-phase-dec-heur=''5'', sp-rand-var-dec-freq=''0.001'', sp-resolution=''1'', sp-restart-inc='1.190945220086806', sp-update-dec-queue=''0'', sp-use-pure-literal-rule=''0'', sp-var-activity-inc='1.4216755497295568', sp-var-dec-heur=''17'', sp-variable-decay='1.8877875913586197', sp-max-res-lit-inc='0.5942719267265315', sp-max-res-runs='1', sp-rand-phase-dec-freq=''0'', sp-rand-var-dec-scaling='1.0408524465692481', sp-res-cutoff-cls='9', sp-res-cutoff-lits='1600', sp-res-order-heur=''13''
23251.018000, 0.006406, 17203.658060, 136, -6047.359940, sp-clause-activity-inc='0.6864922431165713', sp-clause-decay='1.5984496030508957', sp-clause-del-heur=''0'', sp-first-restart='95', sp-learned-clause-sort-heur=''18'', sp-learned-clauses-inc='1.114504411000557', sp-learned-size-factor='0.7221450199191033', sp-orig-clause-sort-heur=''8'', sp-phase-dec-heur=''5'', sp-rand-var-dec-freq=''0.001'', sp-resolution=''2'', sp-restart-inc='1.190945220086806', sp-update-dec-queue=''0'', sp-use-pure-literal-rule=''0'', sp-var-activity-inc='1.4216755497295568', sp-var-dec-heur=''17'', sp-variable-decay='1.8877875913586197', sp-max-res-lit-inc='0.5942719267265315', sp-max-res-runs='1', sp-rand-phase-dec-freq=''0'', sp-rand-var-dec-scaling='1.0408524465692481', sp-res-cutoff-cls='9', sp-res-cutoff-lits='1600', sp-res-order-heur=''13''
