"CPU Time Used","Estimated Training Performance","Wallclock Time","Incumbent ID","Automatic Configurator (CPU) Time","Configuration..."
0.000000, 2147483648.000000, 0.001586, 1, 0.001586, adaptive=''1'', clausepen=''1'', performrandomwalk=''0'', singleclause=''1'', tabusearch=''0'', adaptivenoisescheme=''1'', adaptwalkprob=''0'', heuristic=''2'', promisinglist=''1'', ps='0.4', selectclause=''1'', smoothingscheme=''1'', adaptiveprom=''0'', decreasingvariable=''3'', performalternatenovelty=''1'', phi='5', theta='6', updateschemepromlist=''3'', wp='0.01', CONadaptpromwalkprob=''0''
5.000000, 50.000000, 7.663505, 1, 2.663505, adaptive=''1'', clausepen=''1'', performrandomwalk=''0'', singleclause=''1'', tabusearch=''0'', adaptivenoisescheme=''1'', adaptwalkprob=''0'', heuristic=''2'', promisinglist=''1'', ps='0.4', selectclause=''1'', smoothingscheme=''1'', adaptiveprom=''0'', decreasingvariable=''3'', performalternatenovelty=''1'', phi='5', theta='6', updateschemepromlist=''3'', wp='0.01', CONadaptpromwalkprob=''0''
7.712000, 0.004920, 14.527215, 2, 6.815215, adaptive=''1'', clausepen=''2'', performrandomwalk=''1'', singleclause=''0'', tabusearch=''0'', DLSscoringmeasure=''3'', DLStiebreaking=''2'', adaptivenoisescheme=''2'', randomwalk=''3'', rdp='0.08575794873259769'
609.020000, 0.002250, 294.708797, 23, -314.311203, adaptive=''1'', clausepen=''2'', performrandomwalk=''1'', singleclause=''0'', tabusearch=''0'', DLSscoringmeasure=''1'', DLStiebreaking=''4'', adaptivenoisescheme=''2'', randomwalk=''3'', rdp='0.0811474144668926'
643.828000, 0.001740, 340.442982, 35, -303.385018, adaptive=''1'', clausepen=''2'', performrandomwalk=''1'', singleclause=''0'', tabusearch=''0'', DLSscoringmeasure=''3'', DLStiebreaking=''4'', adaptivenoisescheme=''2'', randomwalk=''3'', rdp='0.06511781823699081'
1676.440000, 0.001422, 847.752090, 62, -828.687910, adaptive=''1'', clausepen=''2'', performrandomwalk=''1'', singleclause=''0'', tabusearch=''0'', DLSscoringmeasure=''3'', DLStiebreaking=''2'', adaptivenoisescheme=''2'', randomwalk=''5'', rfp='0.14583617539578644'
3284.424000, 0.000875, 1611.047601, 90, -1673.376399, adaptive=''1'', clausepen=''2'', performrandomwalk=''0'', singleclause=''0'', tabusearch=''0'', DLSscoringmeasure=''3'', DLStiebreaking=''4'', adaptivenoisescheme=''1''
6826.836000, 0.000797, 3181.195388, 116, -3645.640612, adaptive=''1'', clausepen=''0'', performrandomwalk=''0'', singleclause=''1'', tabusearch=''0'', CONselectclause=''1'', adaptivenoisescheme=''2'', adaptwalkprob=''1'', heuristic=''7'', promisinglist=''0'', phi='5', theta='4'
