{"evaluations": 0, "cpu_time": 0, "cost": 2147483648, "wallclock_time": 0.0015861988067626953, "total_cpu_time": null, "incumbent": ["adaptive=''1''", "clausepen=''1''", "performrandomwalk=''0''", "singleclause=''1''", "tabusearch=''0''", "adaptivenoisescheme=''1''", "adaptwalkprob=''0''", "heuristic=''2''", "promisinglist=''1''", "ps='0.4'", "selectclause=''1''", "smoothingscheme=''1''", "adaptiveprom=''0''", "decreasingvariable=''3''", "performalternatenovelty=''1''", "phi='5'", "theta='6'", "updateschemepromlist=''3''", "wp='0.01'", "CONadaptpromwalkprob=''0''"]}
{"evaluations": 1, "cpu_time": 5.0, "cost": 50, "wallclock_time": 7.6635050773620605, "total_cpu_time": null, "incumbent": ["adaptive=''1''", "clausepen=''1''", "performrandomwalk=''0''", "singleclause=''1''", "tabusearch=''0''", "adaptivenoisescheme=''1''", "adaptwalkprob=''0''", "heuristic=''2''", "promisinglist=''1''", "ps='0.4'", "selectclause=''1''", "smoothingscheme=''1''", "adaptiveprom=''0''", "decreasingvariable=''3''", "performalternatenovelty=''1''", "phi='5'", "theta='6'", "updateschemepromlist=''3''", "wp='0.01'", "CONadaptpromwalkprob=''0''"]}
{"evaluations": 16, "cpu_time": 7.711999999999999, "cost": 0.004919999999999999, "wallclock_time": 14.527214527130127, "total_cpu_time": null, "incumbent": ["adaptive=''1''", "clausepen=''2''", "performrandomwalk=''1''", "singleclause=''0''", "tabusearch=''0''", "DLSscoringmeasure=''3''", "DLStiebreaking=''2''", "adaptivenoisescheme=''2''", "randomwalk=''3''", "rdp='0.08575794873259769'"]}
{"evaluations": 223, "cpu_time": 609.0199999999984, "cost": 0.0022499999999999994, "wallclock_time": 294.70879673957825, "total_cpu_time": null, "incumbent": ["adaptive=''1''", "clausepen=''2''", "performrandomwalk=''1''", "singleclause=''0''", "tabusearch=''0''", "DLSscoringmeasure=''1''", "DLStiebreaking=''4''", "adaptivenoisescheme=''2''", "randomwalk=''3''", "rdp='0.0811474144668926'"]}
{"evaluations": 368, "cpu_time": 643.8280000000009, "cost": 0.001739612188365652, "wallclock_time": 340.4429819583893, "total_cpu_time": null, "incumbent": ["adaptive=''1''", "clausepen=''2''", "performrandomwalk=''1''", "singleclause=''0''", "tabusearch=''0''", "DLSscoringmeasure=''3''", "DLStiebreaking=''4''", "adaptivenoisescheme=''2''", "randomwalk=''3''", "rdp='0.06511781823699081'"]}
{"evaluations": 1018, "cpu_time": 1676.439999999999, "cost": 0.0014221165279429259, "wallclock_time": 847.752090215683, "total_cpu_time": null, "incumbent": ["adaptive=''1''", "clausepen=''2''", "performrandomwalk=''1''", "singleclause=''0''", "tabusearch=''0''", "DLSscoringmeasure=''3''", "DLStiebreaking=''2''", "adaptivenoisescheme=''2''", "randomwalk=''5''", "rfp='0.14583617539578644'"]}
{"evaluations": 1982, "cpu_time": 3284.4239999999736, "cost": 0.0008750000000000005, "wallclock_time": 1611.0476014614105, "total_cpu_time": null, "incumbent": ["adaptive=''1''", "clausepen=''2''", "performrandomwalk=''0''", "singleclause=''0''", "tabusearch=''0''", "DLSscoringmeasure=''3''", "DLStiebreaking=''4''", "adaptivenoisescheme=''1''"]}
{"evaluations": 3557, "cpu_time": 6826.83599999998, "cost": 0.0007969821673525382, "wallclock_time": 3181.195387840271, "total_cpu_time": null, "incumbent": ["adaptive=''1''", "clausepen=''0''", "performrandomwalk=''0''", "singleclause=''1''", "tabusearch=''0''", "CONselectclause=''1''", "adaptivenoisescheme=''2''", "adaptwalkprob=''1''", "heuristic=''7''", "promisinglist=''0''", "phi='5'", "theta='4'"]}
