{"incumbent": ["adaptive=''1''", "clausepen=''1''", "performrandomwalk=''0''", "singleclause=''1''", "tabusearch=''0''", "adaptivenoisescheme=''1''", "adaptwalkprob=''0''", "heuristic=''2''", "promisinglist=''1''", "ps='0.4'", "selectclause=''1''", "smoothingscheme=''1''", "adaptiveprom=''0''", "decreasingvariable=''3''", "performalternatenovelty=''1''", "phi='5'", "theta='6'", "updateschemepromlist=''3''", "wp='0.01'", "CONadaptpromwalkprob=''0''"], "wallclock_time": 0.0015914440155029297, "cpu_time": 0, "total_cpu_time": null, "cost": 2147483648, "evaluations": 0}
{"incumbent": ["adaptive=''1''", "clausepen=''1''", "performrandomwalk=''0''", "singleclause=''1''", "tabusearch=''0''", "adaptivenoisescheme=''1''", "adaptwalkprob=''0''", "heuristic=''2''", "promisinglist=''1''", "ps='0.4'", "selectclause=''1''", "smoothingscheme=''1''", "adaptiveprom=''0''", "decreasingvariable=''3''", "performalternatenovelty=''1''", "phi='5'", "theta='6'", "updateschemepromlist=''3''", "wp='0.01'", "CONadaptpromwalkprob=''0''"], "wallclock_time": 7.66973352432251, "cpu_time": 5.0, "total_cpu_time": null, "cost": 50, "evaluations": 1}
{"incumbent": ["adaptive=''1''", "clausepen=''2''", "performrandomwalk=''0''", "singleclause=''1''", "tabusearch=''0''", "adaptivenoisescheme=''1''", "adaptwalkprob=''0''", "heuristic=''5''", "promisinglist=''0''", "phi='5'", "theta='6'"], "wallclock_time": 108.72132921218872, "cpu_time": 118.716, "total_cpu_time": null, "cost": 0.45454545454545453, "evaluations": 32}
{"incumbent": ["adaptive=''1''", "clausepen=''2''", "performrandomwalk=''0''", "singleclause=''1''", "tabusearch=''1''", "adaptivenoisescheme=''1''", "adaptwalkprob=''0''", "heuristic=''8''", "promisinglist=''0''", "tabu='1'"], "wallclock_time": 121.38947677612305, "cpu_time": 129.45999999999998, "total_cpu_time": null, "cost": 0.0398888888888889, "evaluations": 45}
{"incumbent": ["adaptive=''1''", "clausepen=''2''", "performrandomwalk=''1''", "singleclause=''1''", "tabusearch=''1''", "adaptivenoisescheme=''1''", "adaptwalkprob=''0''", "heuristic=''8''", "promisinglist=''0''", "randomwalk=''1''", "tabu='1'", "rwp='0.01'"], "wallclock_time": 151.3027925491333, "cpu_time": 153.45199999999977, "total_cpu_time": null, "cost": 0.033448979591836736, "evaluations": 86}
{"incumbent": ["adaptive=''1''", "clausepen=''2''", "performrandomwalk=''1''", "singleclause=''1''", "tabusearch=''1''", "adaptivenoisescheme=''1''", "adaptwalkprob=''0''", "heuristic=''8''", "promisinglist=''0''", "randomwalk=''1''", "tabu='1'", "rwp='0.04244320357407845'"], "wallclock_time": 220.2256829738617, "cpu_time": 216.64799999999948, "total_cpu_time": null, "cost": 0.025950617283950622, "evaluations": 210}
{"incumbent": ["adaptive=''1''", "clausepen=''2''", "performrandomwalk=''1''", "singleclause=''1''", "tabusearch=''1''", "adaptivenoisescheme=''1''", "adaptwalkprob=''1''", "heuristic=''8''", "promisinglist=''0''", "randomwalk=''1''", "tabu='1'", "rwp='0.01'"], "wallclock_time": 240.22569823265076, "cpu_time": 234.07999999999944, "total_cpu_time": null, "cost": 0.02473130193905817, "evaluations": 247}
{"incumbent": ["adaptive=''1''", "clausepen=''2''", "performrandomwalk=''1''", "singleclause=''1''", "tabusearch=''1''", "adaptivenoisescheme=''1''", "adaptwalkprob=''0''", "heuristic=''8''", "promisinglist=''0''", "randomwalk=''1''", "tabu='1'", "rwp='0.01'"], "wallclock_time": 260.8665337562561, "cpu_time": 252.39599999999947, "total_cpu_time": null, "cost": 0.02345, "evaluations": 285}
{"incumbent": ["adaptive=''1''", "clausepen=''0''", "performrandomwalk=''1''", "singleclause=''1''", "tabusearch=''1''", "CONselectclause=''1''", "adaptivenoisescheme=''1''", "adaptwalkprob=''0''", "heuristic=''8''", "promisinglist=''0''", "randomwalk=''1''", "tabu='1'", "rwp='0.01'"], "wallclock_time": 275.2187571525574, "cpu_time": 260.44799999999935, "total_cpu_time": null, "cost": 0.004380952380952383, "evaluations": 319}
{"incumbent": ["adaptive=''1''", "clausepen=''0''", "performrandomwalk=''1''", "singleclause=''1''", "tabusearch=''1''", "CONselectclause=''1''", "adaptivenoisescheme=''2''", "adaptwalkprob=''0''", "heuristic=''8''", "promisinglist=''0''", "randomwalk=''1''", "tabu='1'", "rwp='0.01'"], "wallclock_time": 321.8663070201874, "cpu_time": 275.82799999999844, "total_cpu_time": null, "cost": 0.003833333333333335, "evaluations": 431}
{"incumbent": ["adaptive=''1''", "clausepen=''0''", "performrandomwalk=''1''", "singleclause=''1''", "tabusearch=''1''", "CONselectclause=''1''", "adaptivenoisescheme=''2''", "adaptwalkprob=''0''", "heuristic=''8''", "promisinglist=''0''", "randomwalk=''3''", "tabu='1'", "rdp='0.05'"], "wallclock_time": 378.12848138809204, "cpu_time": 298.83999999999844, "total_cpu_time": null, "cost": 0.0032592592592592612, "evaluations": 561}
{"incumbent": ["adaptive=''1''", "clausepen=''0''", "performrandomwalk=''1''", "singleclause=''1''", "tabusearch=''1''", "CONselectclause=''1''", "adaptivenoisescheme=''2''", "adaptwalkprob=''0''", "heuristic=''8''", "promisinglist=''0''", "randomwalk=''3''", "tabu='1'", "rdp='0.09248218272608541'"], "wallclock_time": 647.0686898231506, "cpu_time": 422.4920000000059, "total_cpu_time": null, "cost": 0.0020512820512820526, "evaluations": 1215}
{"incumbent": ["adaptive=''1''", "clausepen=''0''", "performrandomwalk=''1''", "singleclause=''1''", "tabusearch=''1''", "CONselectclause=''1''", "adaptivenoisescheme=''2''", "adaptwalkprob=''0''", "heuristic=''3''", "promisinglist=''0''", "randomwalk=''3''", "tabu='1'", "dp='0.05'", "performalternatenovelty=''1''", "phi='5'", "rdp='0.09248218272608541'", "theta='6'"], "wallclock_time": 962.1059939861298, "cpu_time": 576.5640000000105, "total_cpu_time": null, "cost": 0.0011200000000000008, "evaluations": 1960}
{"incumbent": ["adaptive=''1''", "clausepen=''0''", "performrandomwalk=''1''", "singleclause=''1''", "tabusearch=''1''", "CONselectclause=''1''", "adaptivenoisescheme=''2''", "adaptwalkprob=''0''", "heuristic=''3''", "promisinglist=''0''", "randomwalk=''3''", "tabu='1'", "dp='0.05074003458784384'", "performalternatenovelty=''1''", "phi='5'", "rdp='0.09248218272608541'", "theta='6'"], "wallclock_time": 1507.6156022548676, "cpu_time": 820.5040000000379, "total_cpu_time": null, "cost": 0.0007147928994082845, "evaluations": 3362}
{"incumbent": ["adaptive=''1''", "clausepen=''0''", "performrandomwalk=''1''", "singleclause=''1''", "tabusearch=''1''", "CONselectclause=''1''", "adaptivenoisescheme=''2''", "adaptwalkprob=''0''", "heuristic=''3''", "promisinglist=''0''", "randomwalk=''3''", "tabu='1'", "dp='0.05074003458784384'", "performalternatenovelty=''0''", "phi='5'", "rdp='0.09248218272608541'", "theta='6'"], "wallclock_time": 1547.7290768623352, "cpu_time": 826.560000000037, "total_cpu_time": null, "cost": 0.000703397612488522, "evaluations": 3493}
{"incumbent": ["adaptive=''1''", "clausepen=''0''", "performrandomwalk=''1''", "singleclause=''1''", "tabusearch=''0''", "CONselectclause=''1''", "adaptivenoisescheme=''1''", "adaptwalkprob=''0''", "heuristic=''3''", "promisinglist=''0''", "randomwalk=''3''", "dp='0.05074003458784384'", "performalternatenovelty=''0''", "phi='5'", "rdp='0.09248218272608541'", "theta='6'"], "wallclock_time": 1678.8443069458008, "cpu_time": 866.8720000000328, "total_cpu_time": null, "cost": 0.0006376811594202902, "evaluations": 3838}
{"incumbent": ["adaptive=''1''", "clausepen=''0''", "performrandomwalk=''1''", "singleclause=''1''", "tabusearch=''0''", "CONselectclause=''1''", "adaptivenoisescheme=''1''", "adaptwalkprob=''0''", "heuristic=''9''", "promisinglist=''0''", "randomwalk=''3''", "phi='5'", "rdp='0.09248218272608541'", "theta='6'"], "wallclock_time": 1957.9553275108337, "cpu_time": 921.2960000000278, "total_cpu_time": null, "cost": 0.00041884444444444455, "evaluations": 4670}
{"incumbent": ["adaptive=''1''", "clausepen=''0''", "performrandomwalk=''1''", "singleclause=''1''", "tabusearch=''0''", "CONselectclause=''1''", "adaptivenoisescheme=''1''", "adaptwalkprob=''1''", "heuristic=''9''", "promisinglist=''0''", "randomwalk=''3''", "phi='5'", "rdp='0.09248218272608541'", "theta='6'"], "wallclock_time": 2253.7565953731537, "cpu_time": 987.9160000000437, "total_cpu_time": null, "cost": 0.0003889650967840268, "evaluations": 5536}
{"incumbent": ["adaptive=''1''", "clausepen=''0''", "performrandomwalk=''1''", "singleclause=''1''", "tabusearch=''0''", "CONselectclause=''1''", "adaptivenoisescheme=''1''", "adaptwalkprob=''0''", "heuristic=''9''", "promisinglist=''0''", "randomwalk=''3''", "phi='5'", "rdp='0.09248218272608541'", "theta='6'"], "wallclock_time": 2304.2134552001953, "cpu_time": 995.580000000044, "total_cpu_time": null, "cost": 0.0003813206424747176, "evaluations": 5697}
{"incumbent": ["adaptive=''1''", "clausepen=''0''", "performrandomwalk=''1''", "singleclause=''1''", "tabusearch=''0''", "CONselectclause=''1''", "adaptivenoisescheme=''2''", "adaptwalkprob=''0''", "heuristic=''9''", "promisinglist=''0''", "randomwalk=''3''", "phi='5'", "rdp='0.09248218272608541'", "theta='6'"], "wallclock_time": 2461.5627007484436, "cpu_time": 1024.524000000054, "total_cpu_time": null, "cost": 0.00036816608996539826, "evaluations": 6180}
{"incumbent": ["adaptive=''1''", "clausepen=''0''", "performrandomwalk=''1''", "singleclause=''1''", "tabusearch=''0''", "CONselectclause=''1''", "adaptivenoisescheme=''1''", "adaptwalkprob=''0''", "heuristic=''9''", "promisinglist=''0''", "randomwalk=''3''", "phi='5'", "rdp='0.09248218272608541'", "theta='6'"], "wallclock_time": 2515.204251050949, "cpu_time": 1038.9880000000444, "total_cpu_time": null, "cost": 0.0003634396971335859, "evaluations": 6336}
{"incumbent": ["adaptive=''1''", "clausepen=''0''", "performrandomwalk=''1''", "singleclause=''1''", "tabusearch=''0''", "CONselectclause=''1''", "adaptivenoisescheme=''1''", "adaptwalkprob=''1''", "heuristic=''9''", "promisinglist=''0''", "randomwalk=''3''", "phi='5'", "rdp='0.09248218272608541'", "theta='6'"], "wallclock_time": 2793.8768577575684, "cpu_time": 1144.9200000000192, "total_cpu_time": null, "cost": 0.0003458519502475547, "evaluations": 7083}
{"incumbent": ["adaptive=''1''", "clausepen=''0''", "performrandomwalk=''1''", "singleclause=''1''", "tabusearch=''0''", "CONselectclause=''1''", "adaptivenoisescheme=''1''", "adaptwalkprob=''0''", "heuristic=''9''", "promisinglist=''0''", "randomwalk=''3''", "phi='5'", "rdp='0.09248218272608541'", "theta='6'"], "wallclock_time": 3149.1542479991913, "cpu_time": 1229.8119999999672, "total_cpu_time": null, "cost": 0.000323094909129557, "evaluations": 8089}
{"incumbent": ["adaptive=''1''", "clausepen=''0''", "performrandomwalk=''1''", "singleclause=''1''", "tabusearch=''0''", "CONselectclause=''1''", "adaptivenoisescheme=''1''", "adaptwalkprob=''1''", "heuristic=''9''", "promisinglist=''0''", "randomwalk=''3''", "phi='5'", "rdp='0.09248218272608541'", "theta='6'"], "wallclock_time": 3521.483106136322, "cpu_time": 1353.583999999934, "total_cpu_time": null, "cost": 0.0003054010745593364, "evaluations": 9141}
{"incumbent": ["adaptive=''1''", "clausepen=''0''", "performrandomwalk=''1''", "singleclause=''1''", "tabusearch=''0''", "CONselectclause=''1''", "adaptivenoisescheme=''1''", "adaptwalkprob=''0''", "heuristic=''9''", "promisinglist=''0''", "randomwalk=''3''", "phi='5'", "rdp='0.09248218272608541'", "theta='6'"], "wallclock_time": 3584.1296894550323, "cpu_time": 1363.271999999935, "total_cpu_time": null, "cost": 0.00030103550295858, "evaluations": 9345}
