"CPU Time Used","Estimated Training Performance","Wallclock Time","Incumbent ID","Automatic Configurator (CPU) Time","Configuration..."
0.000000, 2147483648.000000, 0.001591, 1, 0.001591, adaptive=''1'', clausepen=''1'', performrandomwalk=''0'', singleclause=''1'', tabusearch=''0'', adaptivenoisescheme=''1'', adaptwalkprob=''0'', heuristic=''2'', promisinglist=''1'', ps='0.4', selectclause=''1'', smoothingscheme=''1'', adaptiveprom=''0'', decreasingvariable=''3'', performalternatenovelty=''1'', phi='5', theta='6', updateschemepromlist=''3'', wp='0.01', CONadaptpromwalkprob=''0''
5.000000, 50.000000, 7.669734, 1, 2.669734, adaptive=''1'', clausepen=''1'', performrandomwalk=''0'', singleclause=''1'', tabusearch=''0'', adaptivenoisescheme=''1'', adaptwalkprob=''0'', heuristic=''2'', promisinglist=''1'', ps='0.4', selectclause=''1'', smoothingscheme=''1'', adaptiveprom=''0'', decreasingvariable=''3'', performalternatenovelty=''1'', phi='5', theta='6', updateschemepromlist=''3'', wp='0.01', CONadaptpromwalkprob=''0''
118.716000, 0.454545, 108.721329, 3, -9.994671, adaptive=''1'', clausepen=''2'', performrandomwalk=''0'', singleclause=''1'', tabusearch=''0'', adaptivenoisescheme=''1'', adaptwalkprob=''0'', heuristic=''5'', promisinglist=''0'', phi='5', theta='6'
129.460000, 0.039889, 121.389477, 4, -8.070523, adaptive=''1'', clausepen=''2'', performrandomwalk=''0'', singleclause=''1'', tabusearch=''1'', adaptivenoisescheme=''1'', adaptwalkprob=''0'', heuristic=''8'', promisinglist=''0'', tabu='1'
153.452000, 0.033449, 151.302793, 5, -2.149207, adaptive=''1'', clausepen=''2'', performrandomwalk=''1'', singleclause=''1'', tabusearch=''1'', adaptivenoisescheme=''1'', adaptwalkprob=''0'', heuristic=''8'', promisinglist=''0'', randomwalk=''1'', tabu='1', rwp='0.01'
216.648000, 0.025951, 220.225683, 7, 3.577683, adaptive=''1'', clausepen=''2'', performrandomwalk=''1'', singleclause=''1'', tabusearch=''1'', adaptivenoisescheme=''1'', adaptwalkprob=''0'', heuristic=''8'', promisinglist=''0'', randomwalk=''1'', tabu='1', rwp='0.04244320357407845'
234.080000, 0.024731, 240.225698, 8, 6.145698, adaptive=''1'', clausepen=''2'', performrandomwalk=''1'', singleclause=''1'', tabusearch=''1'', adaptivenoisescheme=''1'', adaptwalkprob=''1'', heuristic=''8'', promisinglist=''0'', randomwalk=''1'', tabu='1', rwp='0.01'
252.396000, 0.023450, 260.866534, 5, 8.470534, adaptive=''1'', clausepen=''2'', performrandomwalk=''1'', singleclause=''1'', tabusearch=''1'', adaptivenoisescheme=''1'', adaptwalkprob=''0'', heuristic=''8'', promisinglist=''0'', randomwalk=''1'', tabu='1', rwp='0.01'
260.448000, 0.004381, 275.218757, 10, 14.770757, adaptive=''1'', clausepen=''0'', performrandomwalk=''1'', singleclause=''1'', tabusearch=''1'', CONselectclause=''1'', adaptivenoisescheme=''1'', adaptwalkprob=''0'', heuristic=''8'', promisinglist=''0'', randomwalk=''1'', tabu='1', rwp='0.01'
275.828000, 0.003833, 321.866307, 12, 46.038307, adaptive=''1'', clausepen=''0'', performrandomwalk=''1'', singleclause=''1'', tabusearch=''1'', CONselectclause=''1'', adaptivenoisescheme=''2'', adaptwalkprob=''0'', heuristic=''8'', promisinglist=''0'', randomwalk=''1'', tabu='1', rwp='0.01'
298.840000, 0.003259, 378.128481, 16, 79.288481, adaptive=''1'', clausepen=''0'', performrandomwalk=''1'', singleclause=''1'', tabusearch=''1'', CONselectclause=''1'', adaptivenoisescheme=''2'', adaptwalkprob=''0'', heuristic=''8'', promisinglist=''0'', randomwalk=''3'', tabu='1', rdp='0.05'
422.492000, 0.002051, 647.068690, 25, 224.576690, adaptive=''1'', clausepen=''0'', performrandomwalk=''1'', singleclause=''1'', tabusearch=''1'', CONselectclause=''1'', adaptivenoisescheme=''2'', adaptwalkprob=''0'', heuristic=''8'', promisinglist=''0'', randomwalk=''3'', tabu='1', rdp='0.09248218272608541'
576.564000, 0.001120, 962.105994, 32, 385.541994, adaptive=''1'', clausepen=''0'', performrandomwalk=''1'', singleclause=''1'', tabusearch=''1'', CONselectclause=''1'', adaptivenoisescheme=''2'', adaptwalkprob=''0'', heuristic=''3'', promisinglist=''0'', randomwalk=''3'', tabu='1', dp='0.05', performalternatenovelty=''1'', phi='5', rdp='0.09248218272608541', theta='6'
820.504000, 0.000715, 1507.615602, 44, 687.111602, adaptive=''1'', clausepen=''0'', performrandomwalk=''1'', singleclause=''1'', tabusearch=''1'', CONselectclause=''1'', adaptivenoisescheme=''2'', adaptwalkprob=''0'', heuristic=''3'', promisinglist=''0'', randomwalk=''3'', tabu='1', dp='0.05074003458784384', performalternatenovelty=''1'', phi='5', rdp='0.09248218272608541', theta='6'
826.560000, 0.000703, 1547.729077, 45, 721.169077, adaptive=''1'', clausepen=''0'', performrandomwalk=''1'', singleclause=''1'', tabusearch=''1'', CONselectclause=''1'', adaptivenoisescheme=''2'', adaptwalkprob=''0'', heuristic=''3'', promisinglist=''0'', randomwalk=''3'', tabu='1', dp='0.05074003458784384', performalternatenovelty=''0'', phi='5', rdp='0.09248218272608541', theta='6'
866.872000, 0.000638, 1678.844307, 48, 811.972307, adaptive=''1'', clausepen=''0'', performrandomwalk=''1'', singleclause=''1'', tabusearch=''0'', CONselectclause=''1'', adaptivenoisescheme=''1'', adaptwalkprob=''0'', heuristic=''3'', promisinglist=''0'', randomwalk=''3'', dp='0.05074003458784384', performalternatenovelty=''0'', phi='5', rdp='0.09248218272608541', theta='6'
921.296000, 0.000419, 1957.955328, 53, 1036.659328, adaptive=''1'', clausepen=''0'', performrandomwalk=''1'', singleclause=''1'', tabusearch=''0'', CONselectclause=''1'', adaptivenoisescheme=''1'', adaptwalkprob=''0'', heuristic=''9'', promisinglist=''0'', randomwalk=''3'', phi='5', rdp='0.09248218272608541', theta='6'
987.916000, 0.000389, 2253.756595, 54, 1265.840595, adaptive=''1'', clausepen=''0'', performrandomwalk=''1'', singleclause=''1'', tabusearch=''0'', CONselectclause=''1'', adaptivenoisescheme=''1'', adaptwalkprob=''1'', heuristic=''9'', promisinglist=''0'', randomwalk=''3'', phi='5', rdp='0.09248218272608541', theta='6'
995.580000, 0.000381, 2304.213455, 53, 1308.633455, adaptive=''1'', clausepen=''0'', performrandomwalk=''1'', singleclause=''1'', tabusearch=''0'', CONselectclause=''1'', adaptivenoisescheme=''1'', adaptwalkprob=''0'', heuristic=''9'', promisinglist=''0'', randomwalk=''3'', phi='5', rdp='0.09248218272608541', theta='6'
1024.524000, 0.000368, 2461.562701, 62, 1437.038701, adaptive=''1'', clausepen=''0'', performrandomwalk=''1'', singleclause=''1'', tabusearch=''0'', CONselectclause=''1'', adaptivenoisescheme=''2'', adaptwalkprob=''0'', heuristic=''9'', promisinglist=''0'', randomwalk=''3'', phi='5', rdp='0.09248218272608541', theta='6'
1038.988000, 0.000363, 2515.204251, 53, 1476.216251, adaptive=''1'', clausepen=''0'', performrandomwalk=''1'', singleclause=''1'', tabusearch=''0'', CONselectclause=''1'', adaptivenoisescheme=''1'', adaptwalkprob=''0'', heuristic=''9'', promisinglist=''0'', randomwalk=''3'', phi='5', rdp='0.09248218272608541', theta='6'
1144.920000, 0.000346, 2793.876858, 54, 1648.956858, adaptive=''1'', clausepen=''0'', performrandomwalk=''1'', singleclause=''1'', tabusearch=''0'', CONselectclause=''1'', adaptivenoisescheme=''1'', adaptwalkprob=''1'', heuristic=''9'', promisinglist=''0'', randomwalk=''3'', phi='5', rdp='0.09248218272608541', theta='6'
1229.812000, 0.000323, 3149.154248, 53, 1919.342248, adaptive=''1'', clausepen=''0'', performrandomwalk=''1'', singleclause=''1'', tabusearch=''0'', CONselectclause=''1'', adaptivenoisescheme=''1'', adaptwalkprob=''0'', heuristic=''9'', promisinglist=''0'', randomwalk=''3'', phi='5', rdp='0.09248218272608541', theta='6'
1353.584000, 0.000305, 3521.483106, 54, 2167.899106, adaptive=''1'', clausepen=''0'', performrandomwalk=''1'', singleclause=''1'', tabusearch=''0'', CONselectclause=''1'', adaptivenoisescheme=''1'', adaptwalkprob=''1'', heuristic=''9'', promisinglist=''0'', randomwalk=''3'', phi='5', rdp='0.09248218272608541', theta='6'
1363.272000, 0.000301, 3584.129689, 53, 2220.857689, adaptive=''1'', clausepen=''0'', performrandomwalk=''1'', singleclause=''1'', tabusearch=''0'', CONselectclause=''1'', adaptivenoisescheme=''1'', adaptwalkprob=''0'', heuristic=''9'', promisinglist=''0'', randomwalk=''3'', phi='5', rdp='0.09248218272608541', theta='6'
