{"total_cpu_time": null, "cost": 2147483648, "incumbent": ["sp-clause-activity-inc='1.0'", "sp-clause-decay='1.4'", "sp-clause-del-heur=''2''", "sp-first-restart='100'", "sp-learned-clause-sort-heur=''0''", "sp-learned-clauses-inc='1.3'", "sp-learned-size-factor='0.4'", "sp-orig-clause-sort-heur=''0''", "sp-phase-dec-heur=''5''", "sp-rand-var-dec-freq=''0.001''", "sp-resolution=''1''", "sp-restart-inc='1.5'", "sp-update-dec-queue=''1''", "sp-use-pure-literal-rule=''1''", "sp-var-activity-inc='1.0'", "sp-var-dec-heur=''0''", "sp-variable-decay='1.4'", "sp-max-res-lit-inc='1.0'", "sp-max-res-runs='4'", "sp-rand-phase-dec-freq=''0.001''", "sp-rand-var-dec-scaling='1.0'", "sp-res-cutoff-cls='8'", "sp-res-cutoff-lits='400'", "sp-res-order-heur=''0''", "sp-rand-phase-scaling='1.0'"], "evaluations": 0, "cpu_time": 0, "wallclock_time": 0.0008680820465087891}
{"total_cpu_time": null, "cost": 0.064, "incumbent": ["sp-clause-activity-inc='1.0'", "sp-clause-decay='1.4'", "sp-clause-del-heur=''2''", "sp-first-restart='100'", "sp-learned-clause-sort-heur=''0''", "sp-learned-clauses-inc='1.3'", "sp-learned-size-factor='0.4'", "sp-orig-clause-sort-heur=''0''", "sp-phase-dec-heur=''5''", "sp-rand-var-dec-freq=''0.001''", "sp-resolution=''1''", "sp-restart-inc='1.5'", "sp-update-dec-queue=''1''", "sp-use-pure-literal-rule=''1''", "sp-var-activity-inc='1.0'", "sp-var-dec-heur=''0''", "sp-variable-decay='1.4'", "sp-max-res-lit-inc='1.0'", "sp-max-res-runs='4'", "sp-rand-phase-dec-freq=''0.001''", "sp-rand-var-dec-scaling='1.0'", "sp-res-cutoff-cls='8'", "sp-res-cutoff-lits='400'", "sp-res-order-heur=''0''", "sp-rand-phase-scaling='1.0'"], "evaluations": 1, "cpu_time": 0.064, "wallclock_time": 0.20525360107421875}
{"total_cpu_time": null, "cost": 0.0721875, "incumbent": ["sp-clause-activity-inc='1.0761589553685877'", "sp-clause-decay='1.0418627363940112'", "sp-clause-del-heur=''2''", "sp-first-restart='127'", "sp-learned-clause-sort-heur=''5''", "sp-learned-clauses-inc='1.4866106081106598'", "sp-learned-size-factor='0.8226709286146456'", "sp-orig-clause-sort-heur=''9''", "sp-phase-dec-heur=''5''", "sp-rand-var-dec-freq=''0''", "sp-resolution=''1''", "sp-restart-inc='1.7025539789598128'", "sp-update-dec-queue=''0''", "sp-use-pure-literal-rule=''0''", "sp-var-activity-inc='1.0739013651357414'", "sp-var-dec-heur=''16''", "sp-variable-decay='1.6901592315527627'", "sp-max-res-lit-inc='0.7980994113145364'", "sp-max-res-runs='3'", "sp-rand-phase-dec-freq=''0.05''", "sp-res-cutoff-cls='5'", "sp-res-cutoff-lits='485'", "sp-res-order-heur=''10''", "sp-rand-phase-scaling='0.586361197337226'"], "evaluations": 91, "cpu_time": 127.57600000000002, "wallclock_time": 253.18608140945435}
{"total_cpu_time": null, "cost": 0.06462283737024221, "incumbent": ["sp-clause-activity-inc='1.305496563419331'", "sp-clause-decay='1.3253898938113036'", "sp-clause-del-heur=''2''", "sp-first-restart='127'", "sp-learned-clause-sort-heur=''15''", "sp-learned-clauses-inc='1.4817812387041256'", "sp-learned-size-factor='0.8226709286146456'", "sp-orig-clause-sort-heur=''15''", "sp-phase-dec-heur=''5''", "sp-rand-var-dec-freq=''0''", "sp-resolution=''1''", "sp-restart-inc='1.7025539789598128'", "sp-update-dec-queue=''0''", "sp-use-pure-literal-rule=''0''", "sp-var-activity-inc='1.0739013651357414'", "sp-var-dec-heur=''16''", "sp-variable-decay='1.6901592315527627'", "sp-max-res-lit-inc='0.4706850767002834'", "sp-max-res-runs='3'", "sp-rand-phase-dec-freq=''0.005''", "sp-res-cutoff-cls='7'", "sp-res-cutoff-lits='485'", "sp-res-order-heur=''10''", "sp-rand-phase-scaling='0.8864665134702727'"], "evaluations": 108, "cpu_time": 146.252, "wallclock_time": 320.0001151561737}
{"total_cpu_time": null, "cost": 0.057037037037037025, "incumbent": ["sp-clause-activity-inc='1.0838105787344157'", "sp-clause-decay='1.2672052492799823'", "sp-clause-del-heur=''2''", "sp-first-restart='127'", "sp-learned-clause-sort-heur=''15''", "sp-learned-clauses-inc='1.3741899726946205'", "sp-learned-size-factor='0.8226709286146456'", "sp-orig-clause-sort-heur=''6''", "sp-phase-dec-heur=''5''", "sp-rand-var-dec-freq=''0''", "sp-resolution=''1''", "sp-restart-inc='1.7025539789598128'", "sp-update-dec-queue=''0''", "sp-use-pure-literal-rule=''0''", "sp-var-activity-inc='1.0739013651357414'", "sp-var-dec-heur=''16''", "sp-variable-decay='1.6901592315527627'", "sp-max-res-lit-inc='0.4706850767002834'", "sp-max-res-runs='3'", "sp-rand-phase-dec-freq=''0.005''", "sp-res-cutoff-cls='9'", "sp-res-cutoff-lits='485'", "sp-res-order-heur=''10''", "sp-rand-phase-scaling='0.586361197337226'"], "evaluations": 126, "cpu_time": 164.73200000000003, "wallclock_time": 396.5468924045563}
{"total_cpu_time": null, "cost": 0.05141274238227147, "incumbent": ["sp-clause-activity-inc='1.0202092629750266'", "sp-clause-decay='1.2488620283687173'", "sp-clause-del-heur=''2''", "sp-first-restart='127'", "sp-learned-clause-sort-heur=''17''", "sp-learned-clauses-inc='1.487735307366444'", "sp-learned-size-factor='0.8226709286146456'", "sp-orig-clause-sort-heur=''10''", "sp-phase-dec-heur=''5''", "sp-rand-var-dec-freq=''0''", "sp-resolution=''1''", "sp-restart-inc='1.6615774049203837'", "sp-update-dec-queue=''0''", "sp-use-pure-literal-rule=''0''", "sp-var-activity-inc='1.0739013651357414'", "sp-var-dec-heur=''16''", "sp-variable-decay='1.6901592315527627'", "sp-max-res-lit-inc='0.4706850767002834'", "sp-max-res-runs='3'", "sp-rand-phase-dec-freq=''0.05''", "sp-res-cutoff-cls='14'", "sp-res-cutoff-lits='236'", "sp-res-order-heur=''10''", "sp-rand-phase-scaling='0.6320157795084145'"], "evaluations": 145, "cpu_time": 183.29200000000003, "wallclock_time": 484.41332244873047}
{"total_cpu_time": null, "cost": 0.04753999999999999, "incumbent": ["sp-clause-activity-inc='1.004291367035323'", "sp-clause-decay='1.3732992343270602'", "sp-clause-del-heur=''2''", "sp-first-restart='127'", "sp-learned-clause-sort-heur=''8''", "sp-learned-clauses-inc='1.3838151831758339'", "sp-learned-size-factor='0.8226709286146456'", "sp-orig-clause-sort-heur=''7''", "sp-phase-dec-heur=''5''", "sp-rand-var-dec-freq=''0''", "sp-resolution=''1''", "sp-restart-inc='1.7025539789598128'", "sp-update-dec-queue=''0''", "sp-use-pure-literal-rule=''0''", "sp-var-activity-inc='1.0739013651357414'", "sp-var-dec-heur=''16''", "sp-variable-decay='1.6901592315527627'", "sp-max-res-lit-inc='0.5922535740396123'", "sp-max-res-runs='3'", "sp-rand-phase-dec-freq=''0.05''", "sp-res-cutoff-cls='5'", "sp-res-cutoff-lits='269'", "sp-res-order-heur=''10''", "sp-rand-phase-scaling='0.586361197337226'"], "evaluations": 165, "cpu_time": 202.30800000000005, "wallclock_time": 562.5680861473083}
{"total_cpu_time": null, "cost": 0.042829931972789115, "incumbent": ["sp-clause-activity-inc='0.9463531026822738'", "sp-clause-decay='1.3832331961923254'", "sp-clause-del-heur=''2''", "sp-first-restart='127'", "sp-learned-clause-sort-heur=''8''", "sp-learned-clauses-inc='1.3741899726946205'", "sp-learned-size-factor='0.8226709286146456'", "sp-orig-clause-sort-heur=''10''", "sp-phase-dec-heur=''5''", "sp-rand-var-dec-freq=''0''", "sp-resolution=''0''", "sp-restart-inc='1.5192897682727344'", "sp-update-dec-queue=''0''", "sp-use-pure-literal-rule=''0''", "sp-var-activity-inc='1.0739013651357414'", "sp-var-dec-heur=''16''", "sp-variable-decay='1.6901592315527627'", "sp-rand-phase-dec-freq=''0.001''", "sp-rand-phase-scaling='0.6301149760126961'"], "evaluations": 186, "cpu_time": 221.19600000000003, "wallclock_time": 638.3818960189819}
{"total_cpu_time": null, "cost": 0.039247933884297516, "incumbent": ["sp-clause-activity-inc='0.9463531026822738'", "sp-clause-decay='1.3832331961923254'", "sp-clause-del-heur=''2''", "sp-first-restart='127'", "sp-learned-clause-sort-heur=''5''", "sp-learned-clauses-inc='1.3770387998095797'", "sp-learned-size-factor='0.8226709286146456'", "sp-orig-clause-sort-heur=''10''", "sp-phase-dec-heur=''5''", "sp-rand-var-dec-freq=''0''", "sp-resolution=''1''", "sp-restart-inc='1.6709295127551549'", "sp-update-dec-queue=''0''", "sp-use-pure-literal-rule=''0''", "sp-var-activity-inc='1.0739013651357414'", "sp-var-dec-heur=''16''", "sp-variable-decay='1.6901592315527627'", "sp-max-res-lit-inc='0.6905755295621928'", "sp-max-res-runs='2'", "sp-rand-phase-dec-freq=''0.001''", "sp-res-cutoff-cls='9'", "sp-res-cutoff-lits='314'", "sp-res-order-heur=''0''", "sp-rand-phase-scaling='0.6301149760126961'"], "evaluations": 208, "cpu_time": 240.19200000000004, "wallclock_time": 737.6207046508789}
{"total_cpu_time": null, "cost": 0.0358109640831758, "incumbent": ["sp-clause-activity-inc='0.9999949852277477'", "sp-clause-decay='1.4504636551475916'", "sp-clause-del-heur=''2''", "sp-first-restart='127'", "sp-learned-clause-sort-heur=''1''", "sp-learned-clauses-inc='1.4872124401276205'", "sp-learned-size-factor='0.8226709286146456'", "sp-orig-clause-sort-heur=''10''", "sp-phase-dec-heur=''5''", "sp-rand-var-dec-freq=''0''", "sp-resolution=''1''", "sp-restart-inc='1.4145295336871697'", "sp-update-dec-queue=''0''", "sp-use-pure-literal-rule=''0''", "sp-var-activity-inc='1.0739013651357414'", "sp-var-dec-heur=''16''", "sp-variable-decay='1.6901592315527627'", "sp-max-res-lit-inc='1.9637552197609385'", "sp-max-res-runs='4'", "sp-rand-phase-dec-freq=''0.005''", "sp-res-cutoff-cls='7'", "sp-res-cutoff-lits='475'", "sp-res-order-heur=''10''", "sp-rand-phase-scaling='0.6262948548197161'"], "evaluations": 231, "cpu_time": 259.1360000000001, "wallclock_time": 838.7802460193634}
{"total_cpu_time": null, "cost": 0.032986111111111105, "incumbent": ["sp-clause-activity-inc='0.7386260975507927'", "sp-clause-decay='1.2719322984544654'", "sp-clause-del-heur=''2''", "sp-first-restart='127'", "sp-learned-clause-sort-heur=''12''", "sp-learned-clauses-inc='1.363383473309761'", "sp-learned-size-factor='0.8226709286146456'", "sp-orig-clause-sort-heur=''5''", "sp-phase-dec-heur=''5''", "sp-rand-var-dec-freq=''0''", "sp-resolution=''1''", "sp-restart-inc='1.4145295336871697'", "sp-update-dec-queue=''0''", "sp-use-pure-literal-rule=''0''", "sp-var-activity-inc='0.7625098867032558'", "sp-var-dec-heur=''16''", "sp-variable-decay='1.6901592315527627'", "sp-max-res-lit-inc='1.9637552197609385'", "sp-max-res-runs='4'", "sp-rand-phase-dec-freq=''0.01''", "sp-res-cutoff-cls='5'", "sp-res-cutoff-lits='391'", "sp-res-order-heur=''10''", "sp-rand-phase-scaling='0.6308230115448877'"], "evaluations": 255, "cpu_time": 278.1360000000001, "wallclock_time": 948.4853904247284}
{"total_cpu_time": null, "cost": 0.03082879999999999, "incumbent": ["sp-clause-activity-inc='0.6879123921504651'", "sp-clause-decay='1.441121933276219'", "sp-clause-del-heur=''2''", "sp-first-restart='127'", "sp-learned-clause-sort-heur=''17''", "sp-learned-clauses-inc='1.445734642794232'", "sp-learned-size-factor='0.8226709286146456'", "sp-orig-clause-sort-heur=''6''", "sp-phase-dec-heur=''5''", "sp-rand-var-dec-freq=''0''", "sp-resolution=''0''", "sp-restart-inc='1.3940020054446158'", "sp-update-dec-queue=''0''", "sp-use-pure-literal-rule=''0''", "sp-var-activity-inc='0.8671143800788068'", "sp-var-dec-heur=''0''", "sp-variable-decay='1.6901592315527627'", "sp-rand-phase-dec-freq=''0.05''", "sp-rand-phase-scaling='0.6890629089258289'"], "evaluations": 280, "cpu_time": 297.4040000000001, "wallclock_time": 1034.23020529747}
{"total_cpu_time": null, "cost": 0.028898929845422108, "incumbent": ["sp-clause-activity-inc='0.9317059679714996'", "sp-clause-decay='1.3374811998114484'", "sp-clause-del-heur=''2''", "sp-first-restart='127'", "sp-learned-clause-sort-heur=''8''", "sp-learned-clauses-inc='1.2819999835143858'", "sp-learned-size-factor='0.4015996364000046'", "sp-orig-clause-sort-heur=''3''", "sp-phase-dec-heur=''5''", "sp-rand-var-dec-freq=''0''", "sp-resolution=''1''", "sp-restart-inc='1.5124014877849632'", "sp-update-dec-queue=''0''", "sp-use-pure-literal-rule=''0''", "sp-var-activity-inc='1.1140138925960632'", "sp-var-dec-heur=''16''", "sp-variable-decay='1.6901592315527627'", "sp-max-res-lit-inc='2.29308380065925'", "sp-max-res-runs='2'", "sp-rand-phase-dec-freq=''0.0001''", "sp-res-cutoff-cls='12'", "sp-res-cutoff-lits='352'", "sp-res-order-heur=''7''", "sp-rand-phase-scaling='0.6669011023684752'"], "evaluations": 390, "cpu_time": 419.05200000000013, "wallclock_time": 1531.1382005214691}
{"total_cpu_time": null, "cost": 0.026340720221606648, "incumbent": ["sp-clause-activity-inc='1.0456605202120084'", "sp-clause-decay='1.3715495223359673'", "sp-clause-del-heur=''2''", "sp-first-restart='127'", "sp-learned-clause-sort-heur=''5''", "sp-learned-clauses-inc='1.1088584923911824'", "sp-learned-size-factor='0.8452062006162419'", "sp-orig-clause-sort-heur=''6''", "sp-phase-dec-heur=''2''", "sp-rand-var-dec-freq=''0''", "sp-resolution=''0''", "sp-restart-inc='1.8492640837854508'", "sp-update-dec-queue=''1''", "sp-use-pure-literal-rule=''0''", "sp-var-activity-inc='1.4726218929733035'", "sp-var-dec-heur=''16''", "sp-variable-decay='1.6901592315527627'"], "evaluations": 696, "cpu_time": 723.8839999999991, "wallclock_time": 2550.1202166080475}
{"total_cpu_time": null, "cost": 0.025605, "incumbent": ["sp-clause-activity-inc='1.0202092629750266'", "sp-clause-decay='1.3406390088540585'", "sp-clause-del-heur=''2''", "sp-first-restart='127'", "sp-learned-clause-sort-heur=''5''", "sp-learned-clauses-inc='1.487735307366444'", "sp-learned-size-factor='1.5655922974001477'", "sp-orig-clause-sort-heur=''10''", "sp-phase-dec-heur=''5''", "sp-rand-var-dec-freq=''0''", "sp-resolution=''0''", "sp-restart-inc='1.7651970458105875'", "sp-update-dec-queue=''0''", "sp-use-pure-literal-rule=''0''", "sp-var-activity-inc='1.476977241793553'", "sp-var-dec-heur=''16''", "sp-variable-decay='1.6901592315527627'", "sp-rand-phase-dec-freq=''0.005''", "sp-rand-phase-scaling='1.0'"], "evaluations": 775, "cpu_time": 803.9159999999987, "wallclock_time": 2805.8149132728577}
{"total_cpu_time": null, "cost": 0.02410707911957168, "incumbent": ["sp-clause-activity-inc='0.9517233664015421'", "sp-clause-decay='1.1536725681469597'", "sp-clause-del-heur=''2''", "sp-first-restart='127'", "sp-learned-clause-sort-heur=''17''", "sp-learned-clauses-inc='1.1093773073481474'", "sp-learned-size-factor='1.3698358513716011'", "sp-orig-clause-sort-heur=''13''", "sp-phase-dec-heur=''1''", "sp-rand-var-dec-freq=''0.0001''", "sp-resolution=''0''", "sp-restart-inc='1.7397457685369542'", "sp-update-dec-queue=''0''", "sp-use-pure-literal-rule=''0''", "sp-var-activity-inc='1.4464280070624502'", "sp-var-dec-heur=''16''", "sp-variable-decay='1.6901592315527627'", "sp-rand-phase-dec-freq=''0''", "sp-rand-var-dec-scaling='1.0'"], "evaluations": 816, "cpu_time": 844.4399999999983, "wallclock_time": 2930.570237636566}
{"total_cpu_time": null, "cost": 0.023435374149659856, "incumbent": ["sp-clause-activity-inc='0.9270427242011878'", "sp-clause-decay='1.1212508689161698'", "sp-clause-del-heur=''2''", "sp-first-restart='127'", "sp-learned-clause-sort-heur=''15''", "sp-learned-clauses-inc='1.1187423662715579'", "sp-learned-size-factor='0.3936143552420602'", "sp-orig-clause-sort-heur=''13''", "sp-phase-dec-heur=''5''", "sp-rand-var-dec-freq=''0.0001''", "sp-resolution=''0''", "sp-restart-inc='1.7734297699109902'", "sp-update-dec-queue=''0''", "sp-use-pure-literal-rule=''0''", "sp-var-activity-inc='1.415033370170452'", "sp-var-dec-heur=''16''", "sp-variable-decay='1.6901592315527627'", "sp-rand-phase-dec-freq=''0.01''", "sp-rand-var-dec-scaling='1.0'", "sp-rand-phase-scaling='0.9512040059895599'"], "evaluations": 858, "cpu_time": 885.7799999999982, "wallclock_time": 3047.8661093711853}
{"total_cpu_time": null, "cost": 0.022271604938271607, "incumbent": ["sp-clause-activity-inc='0.9270427242011878'", "sp-clause-decay='1.3455267238248196'", "sp-clause-del-heur=''2''", "sp-first-restart='127'", "sp-learned-clause-sort-heur=''15''", "sp-learned-clauses-inc='1.1089679457339159'", "sp-learned-size-factor='0.3936143552420602'", "sp-orig-clause-sort-heur=''11''", "sp-phase-dec-heur=''1''", "sp-rand-var-dec-freq=''0''", "sp-resolution=''0''", "sp-restart-inc='1.4453573137969713'", "sp-update-dec-queue=''0''", "sp-use-pure-literal-rule=''0''", "sp-var-activity-inc='1.4759578509257432'", "sp-var-dec-heur=''16''", "sp-variable-decay='1.6901592315527627'", "sp-rand-phase-dec-freq=''0''"], "evaluations": 990, "cpu_time": 1025.5159999999978, "wallclock_time": 3417.520716190338}
{"total_cpu_time": null, "cost": 0.02109008601177003, "incumbent": ["sp-clause-activity-inc='0.9149678190470343'", "sp-clause-decay='1.3200915271056048'", "sp-clause-del-heur=''2''", "sp-first-restart='127'", "sp-learned-clause-sort-heur=''15''", "sp-learned-clauses-inc='1.1085836703535168'", "sp-learned-size-factor='0.4732841556365818'", "sp-orig-clause-sort-heur=''16''", "sp-phase-dec-heur=''4''", "sp-rand-var-dec-freq=''0.0001''", "sp-resolution=''0''", "sp-restart-inc='1.8810865274972228'", "sp-update-dec-queue=''1''", "sp-use-pure-literal-rule=''0''", "sp-var-activity-inc='0.9349535694742219'", "sp-var-dec-heur=''16''", "sp-variable-decay='1.6901592315527627'", "sp-rand-phase-dec-freq=''0''", "sp-rand-var-dec-scaling='1.0'"], "evaluations": 1083, "cpu_time": 1119.7439999999965, "wallclock_time": 3684.751204252243}
{"total_cpu_time": null, "cost": 0.019188671386922106, "incumbent": ["sp-clause-activity-inc='1.1389531863261453'", "sp-clause-decay='1.0484341350692714'", "sp-clause-del-heur=''2''", "sp-first-restart='127'", "sp-learned-clause-sort-heur=''15''", "sp-learned-clauses-inc='1.1080739431074142'", "sp-learned-size-factor='0.479367829580848'", "sp-orig-clause-sort-heur=''0''", "sp-phase-dec-heur=''0''", "sp-rand-var-dec-freq=''0.0001''", "sp-resolution=''0''", "sp-restart-inc='1.8392927617811057'", "sp-update-dec-queue=''0''", "sp-use-pure-literal-rule=''0''", "sp-var-activity-inc='1.054392835292386'", "sp-var-dec-heur=''16''", "sp-variable-decay='1.6901592315527627'", "sp-rand-phase-dec-freq=''0.01''", "sp-rand-var-dec-scaling='1.0'", "sp-rand-phase-scaling='0.5702670235909245'"], "evaluations": 1180, "cpu_time": 1215.4159999999954, "wallclock_time": 3938.1821019649506}
{"total_cpu_time": null, "cost": 0.018587199999999998, "incumbent": ["sp-clause-activity-inc='1.3243639654165102'", "sp-clause-decay='1.342899509416322'", "sp-clause-del-heur=''2''", "sp-first-restart='127'", "sp-learned-clause-sort-heur=''1''", "sp-learned-clauses-inc='1.1187423662715579'", "sp-learned-size-factor='0.4771138390838246'", "sp-orig-clause-sort-heur=''13''", "sp-phase-dec-heur=''1''", "sp-rand-var-dec-freq=''0''", "sp-resolution=''0''", "sp-restart-inc='1.8791824407332367'", "sp-update-dec-queue=''0''", "sp-use-pure-literal-rule=''0''", "sp-var-activity-inc='1.4776082771256367'", "sp-var-dec-heur=''16''", "sp-variable-decay='1.6901592315527627'", "sp-rand-phase-dec-freq=''0''"], "evaluations": 1230, "cpu_time": 1261.8839999999948, "wallclock_time": 4062.2899692058563}
{"total_cpu_time": null, "cost": 0.018141484044598227, "incumbent": ["sp-clause-activity-inc='0.9149678190470343'", "sp-clause-decay='1.3450529897352645'", "sp-clause-del-heur=''2''", "sp-first-restart='127'", "sp-learned-clause-sort-heur=''5''", "sp-learned-clauses-inc='1.1085836703535168'", "sp-learned-size-factor='0.8858826841801066'", "sp-orig-clause-sort-heur=''18''", "sp-phase-dec-heur=''3''", "sp-rand-var-dec-freq=''0''", "sp-resolution=''0''", "sp-restart-inc='1.5914115679299505'", "sp-update-dec-queue=''1''", "sp-use-pure-literal-rule=''0''", "sp-var-activity-inc='1.4927410207560683'", "sp-var-dec-heur=''16''", "sp-variable-decay='1.6901592315527627'", "sp-rand-phase-dec-freq=''0''"], "evaluations": 1281, "cpu_time": 1309.0699999999943, "wallclock_time": 4186.195604562759}
{"total_cpu_time": null, "cost": 0.01695266272189349, "incumbent": ["sp-clause-activity-inc='1.0207694950342479'", "sp-clause-decay='1.3856559900552068'", "sp-clause-del-heur=''2''", "sp-first-restart='127'", "sp-learned-clause-sort-heur=''15''", "sp-learned-clauses-inc='1.1017913699576556'", "sp-learned-size-factor='0.5298917113189648'", "sp-orig-clause-sort-heur=''9''", "sp-phase-dec-heur=''1''", "sp-rand-var-dec-freq=''0.0001''", "sp-resolution=''0''", "sp-restart-inc='1.7499135076663306'", "sp-update-dec-queue=''1''", "sp-use-pure-literal-rule=''0''", "sp-var-activity-inc='1.3292742398459558'", "sp-var-dec-heur=''16''", "sp-variable-decay='1.6901592315527627'", "sp-rand-phase-dec-freq=''0''", "sp-rand-var-dec-scaling='1.0'"], "evaluations": 1333, "cpu_time": 1354.9099999999944, "wallclock_time": 4309.585037946701}
{"total_cpu_time": null, "cost": 0.016243503025987895, "incumbent": ["sp-clause-activity-inc='0.9270427242011878'", "sp-clause-decay='1.3441057738918825'", "sp-clause-del-heur=''2''", "sp-first-restart='127'", "sp-learned-clause-sort-heur=''15''", "sp-learned-clauses-inc='1.1102810860416708'", "sp-learned-size-factor='1.0215377537958357'", "sp-orig-clause-sort-heur=''12''", "sp-phase-dec-heur=''1''", "sp-rand-var-dec-freq=''0.0001''", "sp-resolution=''0''", "sp-restart-inc='1.7275928508538234'", "sp-update-dec-queue=''0''", "sp-use-pure-literal-rule=''0''", "sp-var-activity-inc='1.2526714733090536'", "sp-var-dec-heur=''16''", "sp-variable-decay='1.6901592315527627'", "sp-rand-phase-dec-freq=''0''", "sp-rand-var-dec-scaling='1.0'"], "evaluations": 1386, "cpu_time": 1400.5379999999939, "wallclock_time": 4443.2277092933655}
{"total_cpu_time": null, "cost": 0.015478002378121282, "incumbent": ["sp-clause-activity-inc='1.0104931091545675'", "sp-clause-decay='1.40958395196549'", "sp-clause-del-heur=''2''", "sp-first-restart='127'", "sp-learned-clause-sort-heur=''15''", "sp-learned-clauses-inc='1.1098291310117248'", "sp-learned-size-factor='0.5869301577534421'", "sp-orig-clause-sort-heur=''11''", "sp-phase-dec-heur=''1''", "sp-rand-var-dec-freq=''0.001''", "sp-resolution=''0''", "sp-restart-inc='1.836731024169925'", "sp-update-dec-queue=''0''", "sp-use-pure-literal-rule=''0''", "sp-var-activity-inc='1.2159184984259395'", "sp-var-dec-heur=''16''", "sp-variable-decay='1.6901592315527627'", "sp-rand-phase-dec-freq=''0.01''", "sp-rand-var-dec-scaling='1.0'", "sp-rand-phase-scaling='1.0'"], "evaluations": 1666, "cpu_time": 1668.3359999999905, "wallclock_time": 5128.466678619385}
{"total_cpu_time": null, "cost": 0.015194484343579426, "incumbent": ["sp-clause-activity-inc='0.9415999217150937'", "sp-clause-decay='1.3101994894843858'", "sp-clause-del-heur=''2''", "sp-first-restart='127'", "sp-learned-clause-sort-heur=''15''", "sp-learned-clauses-inc='1.102966328003726'", "sp-learned-size-factor='0.5907974306706031'", "sp-orig-clause-sort-heur=''8''", "sp-phase-dec-heur=''1''", "sp-rand-var-dec-freq=''0.0001''", "sp-resolution=''0''", "sp-restart-inc='1.8687041489738538'", "sp-update-dec-queue=''0''", "sp-use-pure-literal-rule=''0''", "sp-var-activity-inc='1.007048396934175'", "sp-var-dec-heur=''16''", "sp-variable-decay='1.6901592315527627'", "sp-rand-phase-dec-freq=''0.001''", "sp-rand-var-dec-scaling='1.0'", "sp-rand-phase-scaling='1.0'"], "evaluations": 1725, "cpu_time": 1721.22799999999, "wallclock_time": 5265.464399576187}
{"total_cpu_time": null, "cost": 0.014738888888888883, "incumbent": ["sp-clause-activity-inc='0.9879922629401179'", "sp-clause-decay='1.3475325445691653'", "sp-clause-del-heur=''2''", "sp-first-restart='127'", "sp-learned-clause-sort-heur=''1''", "sp-learned-clauses-inc='1.1020457527620797'", "sp-learned-size-factor='0.5636516159588854'", "sp-orig-clause-sort-heur=''8''", "sp-phase-dec-heur=''1''", "sp-rand-var-dec-freq=''0.001''", "sp-resolution=''0''", "sp-restart-inc='1.8566593717347337'", "sp-update-dec-queue=''1''", "sp-use-pure-literal-rule=''0''", "sp-var-activity-inc='1.4953884176848977'", "sp-var-dec-heur=''16''", "sp-variable-decay='1.6901592315527627'", "sp-rand-phase-dec-freq=''0.001''", "sp-rand-var-dec-scaling='1.0'", "sp-rand-phase-scaling='0.987876553309293'"], "evaluations": 1785, "cpu_time": 1774.28799999999, "wallclock_time": 5399.307883501053}
{"total_cpu_time": null, "cost": 0.014154006243496355, "incumbent": ["sp-clause-activity-inc='0.91370703943799'", "sp-clause-decay='1.311070825478564'", "sp-clause-del-heur=''2''", "sp-first-restart='127'", "sp-learned-clause-sort-heur=''1''", "sp-learned-clauses-inc='1.1042160553601124'", "sp-learned-size-factor='0.5762357328484782'", "sp-orig-clause-sort-heur=''9''", "sp-phase-dec-heur=''3''", "sp-rand-var-dec-freq=''0.001''", "sp-resolution=''0''", "sp-restart-inc='1.8566593717347337'", "sp-update-dec-queue=''0''", "sp-use-pure-literal-rule=''0''", "sp-var-activity-inc='1.25071061866669'", "sp-var-dec-heur=''16''", "sp-variable-decay='1.6901592315527627'", "sp-rand-phase-dec-freq=''0.05''", "sp-rand-var-dec-scaling='1.0'", "sp-rand-phase-scaling='1.0'"], "evaluations": 1908, "cpu_time": 1885.7239999999895, "wallclock_time": 5684.407607793808}
{"total_cpu_time": null, "cost": 0.013851834319526624, "incumbent": ["sp-clause-activity-inc='0.91370703943799'", "sp-clause-decay='1.0686423199369823'", "sp-clause-del-heur=''2''", "sp-first-restart='127'", "sp-learned-clause-sort-heur=''5''", "sp-learned-clauses-inc='1.1042160553601124'", "sp-learned-size-factor='0.5762357328484782'", "sp-orig-clause-sort-heur=''13''", "sp-phase-dec-heur=''1''", "sp-rand-var-dec-freq=''0''", "sp-resolution=''0''", "sp-restart-inc='1.849037832731717'", "sp-update-dec-queue=''0''", "sp-use-pure-literal-rule=''0''", "sp-var-activity-inc='1.365061207005961'", "sp-var-dec-heur=''16''", "sp-variable-decay='1.6901592315527627'", "sp-rand-phase-dec-freq=''0''"], "evaluations": 2100, "cpu_time": 2061.1759999999886, "wallclock_time": 6122.167055606842}
{"total_cpu_time": null, "cost": 0.01355280073461892, "incumbent": ["sp-clause-activity-inc='0.9127961054578535'", "sp-clause-decay='1.088201916782443'", "sp-clause-del-heur=''2''", "sp-first-restart='127'", "sp-learned-clause-sort-heur=''5''", "sp-learned-clauses-inc='1.1023907500564865'", "sp-learned-size-factor='0.7420318870039928'", "sp-orig-clause-sort-heur=''19''", "sp-phase-dec-heur=''1''", "sp-rand-var-dec-freq=''0.0001''", "sp-resolution=''0''", "sp-restart-inc='1.469198722827592'", "sp-update-dec-queue=''1''", "sp-use-pure-literal-rule=''0''", "sp-var-activity-inc='0.9988086578459903'", "sp-var-dec-heur=''16''", "sp-variable-decay='1.6901592315527627'", "sp-rand-phase-dec-freq=''0.01''", "sp-rand-var-dec-scaling='1.0'", "sp-rand-phase-scaling='1.0'"], "evaluations": 2166, "cpu_time": 2120.2119999999886, "wallclock_time": 6256.9840359687805}
{"total_cpu_time": null, "cost": 0.013045415224913495, "incumbent": ["sp-clause-activity-inc='1.0013257370737212'", "sp-clause-decay='1.4201572869441086'", "sp-clause-del-heur=''2''", "sp-first-restart='127'", "sp-learned-clause-sort-heur=''5''", "sp-learned-clauses-inc='1.1093177977233657'", "sp-learned-size-factor='0.5554923660355489'", "sp-orig-clause-sort-heur=''17''", "sp-phase-dec-heur=''4''", "sp-rand-var-dec-freq=''0.0001''", "sp-resolution=''0''", "sp-restart-inc='1.8536332988264734'", "sp-update-dec-queue=''1''", "sp-use-pure-literal-rule=''0''", "sp-var-activity-inc='0.946825299030229'", "sp-var-dec-heur=''16''", "sp-variable-decay='1.6901592315527627'", "sp-rand-phase-dec-freq=''0''", "sp-rand-var-dec-scaling='1.0'"], "evaluations": 2301, "cpu_time": 2240.5599999999863, "wallclock_time": 6554.029623270035}
{"total_cpu_time": null, "cost": 0.01227977315689981, "incumbent": ["sp-clause-activity-inc='0.91370703943799'", "sp-clause-decay='1.4153055103848675'", "sp-clause-del-heur=''2''", "sp-first-restart='127'", "sp-learned-clause-sort-heur=''1''", "sp-learned-clauses-inc='1.1042160553601124'", "sp-learned-size-factor='0.8418740472623664'", "sp-orig-clause-sort-heur=''9''", "sp-phase-dec-heur=''4''", "sp-rand-var-dec-freq=''0.001''", "sp-resolution=''0''", "sp-restart-inc='1.8566593717347337'", "sp-update-dec-queue=''1''", "sp-use-pure-literal-rule=''0''", "sp-var-activity-inc='0.9980618610423304'", "sp-var-dec-heur=''16''", "sp-variable-decay='1.6901592315527627'", "sp-rand-phase-dec-freq=''0.0001''", "sp-rand-var-dec-scaling='1.0'", "sp-rand-phase-scaling='1.0685737506518118'"], "evaluations": 2370, "cpu_time": 2299.0239999999853, "wallclock_time": 6698.424381732941}
{"total_cpu_time": null, "cost": 0.012072058547569903, "incumbent": ["sp-clause-activity-inc='0.9107367151767803'", "sp-clause-decay='1.2636516223180876'", "sp-clause-del-heur=''2''", "sp-first-restart='127'", "sp-learned-clause-sort-heur=''15''", "sp-learned-clauses-inc='1.109560567881904'", "sp-learned-size-factor='0.5907974306706031'", "sp-orig-clause-sort-heur=''13''", "sp-phase-dec-heur=''5''", "sp-rand-var-dec-freq=''0''", "sp-resolution=''0''", "sp-restart-inc='1.8687041489738538'", "sp-update-dec-queue=''0''", "sp-use-pure-literal-rule=''0''", "sp-var-activity-inc='1.4484353265988426'", "sp-var-dec-heur=''16''", "sp-variable-decay='1.6901592315527627'", "sp-rand-phase-dec-freq=''0.0001''", "sp-rand-phase-scaling='1.0315062334635479'"], "evaluations": 2656, "cpu_time": 2553.01199999998, "wallclock_time": 7296.1933157444}
{"total_cpu_time": null, "cost": 0.011805697589481374, "incumbent": ["sp-clause-activity-inc='0.9083140500137057'", "sp-clause-decay='1.3296911926346875'", "sp-clause-del-heur=''2''", "sp-first-restart='127'", "sp-learned-clause-sort-heur=''1''", "sp-learned-clauses-inc='1.1042088011357263'", "sp-learned-size-factor='0.5783357331952247'", "sp-orig-clause-sort-heur=''9''", "sp-phase-dec-heur=''3''", "sp-rand-var-dec-freq=''0''", "sp-resolution=''0''", "sp-restart-inc='1.8341113327007341'", "sp-update-dec-queue=''1''", "sp-use-pure-literal-rule=''0''", "sp-var-activity-inc='0.99691426533164'", "sp-var-dec-heur=''16''", "sp-variable-decay='1.6901592315527627'", "sp-rand-phase-dec-freq=''0.001''", "sp-rand-phase-scaling='1.0593236319031252'"], "evaluations": 2730, "cpu_time": 2617.659999999979, "wallclock_time": 7446.9917278289795}
{"total_cpu_time": null, "cost": 0.010480355555555557, "incumbent": ["sp-clause-activity-inc='0.9545572224981893'", "sp-clause-decay='1.5337000544663428'", "sp-clause-del-heur=''2''", "sp-first-restart='127'", "sp-learned-clause-sort-heur=''7''", "sp-learned-clauses-inc='1.1046620248721615'", "sp-learned-size-factor='0.6637630915836567'", "sp-orig-clause-sort-heur=''11''", "sp-phase-dec-heur=''1''", "sp-rand-var-dec-freq=''0''", "sp-resolution=''0''", "sp-restart-inc='1.4449780902131077'", "sp-update-dec-queue=''1''", "sp-use-pure-literal-rule=''0''", "sp-var-activity-inc='1.2079017314383347'", "sp-var-dec-heur=''16''", "sp-variable-decay='1.6901592315527627'", "sp-rand-phase-dec-freq=''0.05''", "sp-rand-phase-scaling='1.070040906740041'"], "evaluations": 2805, "cpu_time": 2676.611999999978, "wallclock_time": 7606.039114713669}
{"total_cpu_time": null, "cost": 0.009819103972950128, "incumbent": ["sp-clause-activity-inc='0.971497272193164'", "sp-clause-decay='1.5267740762485074'", "sp-clause-del-heur=''2''", "sp-first-restart='127'", "sp-learned-clause-sort-heur=''17''", "sp-learned-clauses-inc='1.1152405139854988'", "sp-learned-size-factor='0.9532843802065926'", "sp-orig-clause-sort-heur=''7''", "sp-phase-dec-heur=''4''", "sp-rand-var-dec-freq=''0.0001''", "sp-resolution=''0''", "sp-restart-inc='1.896455302125762'", "sp-update-dec-queue=''0''", "sp-use-pure-literal-rule=''0''", "sp-var-activity-inc='1.283028132970416'", "sp-var-dec-heur=''16''", "sp-variable-decay='1.6901592315527627'", "sp-rand-phase-dec-freq=''0.05''", "sp-rand-var-dec-scaling='1.0'", "sp-rand-phase-scaling='1.0549327190117537'"], "evaluations": 4141, "cpu_time": 3924.9639999999476, "wallclock_time": 10496.77897310257}
{"total_cpu_time": null, "cost": 0.009622395833333337, "incumbent": ["sp-clause-activity-inc='0.9754453368283061'", "sp-clause-decay='1.4967234360137025'", "sp-clause-del-heur=''2''", "sp-first-restart='127'", "sp-learned-clause-sort-heur=''7''", "sp-learned-clauses-inc='1.1107652596073287'", "sp-learned-size-factor='1.0080384506688536'", "sp-orig-clause-sort-heur=''11''", "sp-phase-dec-heur=''3''", "sp-rand-var-dec-freq=''0.001''", "sp-resolution=''0''", "sp-restart-inc='1.8527581260652146'", "sp-update-dec-queue=''0''", "sp-use-pure-literal-rule=''0''", "sp-var-activity-inc='1.1375953638358103'", "sp-var-dec-heur=''16''", "sp-variable-decay='1.6901592315527627'", "sp-rand-phase-dec-freq=''0.05''", "sp-rand-var-dec-scaling='1.0'", "sp-rand-phase-scaling='1.0508977190674127'"], "evaluations": 4611, "cpu_time": 4381.523999999945, "wallclock_time": 11551.41803240776}
{"total_cpu_time": null, "cost": 0.009299181634605169, "incumbent": ["sp-clause-activity-inc='0.966014996109225'", "sp-clause-decay='1.850143007528728'", "sp-clause-del-heur=''2''", "sp-first-restart='127'", "sp-learned-clause-sort-heur=''5''", "sp-learned-clauses-inc='1.118815373965455'", "sp-learned-size-factor='1.3615727877789936'", "sp-orig-clause-sort-heur=''16''", "sp-phase-dec-heur=''4''", "sp-rand-var-dec-freq=''0''", "sp-resolution=''0''", "sp-restart-inc='1.8901590486659745'", "sp-update-dec-queue=''0''", "sp-use-pure-literal-rule=''0''", "sp-var-activity-inc='1.0547247234395327'", "sp-var-dec-heur=''16''", "sp-variable-decay='1.6901592315527627'", "sp-rand-phase-dec-freq=''0.05''", "sp-rand-phase-scaling='1.0508977190674127'"], "evaluations": 4708, "cpu_time": 4469.019999999949, "wallclock_time": 11755.435917139053}
{"total_cpu_time": null, "cost": 0.009164931278633904, "incumbent": ["sp-clause-activity-inc='1.0419228527806825'", "sp-clause-decay='1.5566272256143319'", "sp-clause-del-heur=''2''", "sp-first-restart='127'", "sp-learned-clause-sort-heur=''17''", "sp-learned-clauses-inc='1.1776494111484956'", "sp-learned-size-factor='1.3615727877789936'", "sp-orig-clause-sort-heur=''16''", "sp-phase-dec-heur=''4''", "sp-rand-var-dec-freq=''0.0001''", "sp-resolution=''1''", "sp-restart-inc='1.8901590486659745'", "sp-update-dec-queue=''0''", "sp-use-pure-literal-rule=''0''", "sp-var-activity-inc='1.182480080079059'", "sp-var-dec-heur=''16''", "sp-variable-decay='1.6901592315527627'", "sp-max-res-lit-inc='0.5037973514548328'", "sp-max-res-runs='4'", "sp-rand-phase-dec-freq=''0.05''", "sp-rand-var-dec-scaling='1.0'", "sp-res-cutoff-cls='16'", "sp-res-cutoff-lits='400'", "sp-res-order-heur=''0''", "sp-rand-phase-scaling='1.0508977190674127'"], "evaluations": 4806, "cpu_time": 4557.039999999945, "wallclock_time": 11970.262200593948}
{"total_cpu_time": null, "cost": 0.008970885207332618, "incumbent": ["sp-clause-activity-inc='0.9229935130711386'", "sp-clause-decay='1.531965759926085'", "sp-clause-del-heur=''2''", "sp-first-restart='127'", "sp-learned-clause-sort-heur=''5''", "sp-learned-clauses-inc='1.1307647305427404'", "sp-learned-size-factor='1.4171097100762915'", "sp-orig-clause-sort-heur=''7''", "sp-phase-dec-heur=''4''", "sp-rand-var-dec-freq=''0''", "sp-resolution=''0''", "sp-restart-inc='1.8239659035319877'", "sp-update-dec-queue=''0''", "sp-use-pure-literal-rule=''0''", "sp-var-activity-inc='1.2293467768312254'", "sp-var-dec-heur=''16''", "sp-variable-decay='1.6901592315527627'", "sp-rand-phase-dec-freq=''0.05''", "sp-rand-phase-scaling='1.0527917088487093'"], "evaluations": 5106, "cpu_time": 4834.587999999949, "wallclock_time": 12596.149659633636}
{"total_cpu_time": null, "cost": 0.008878508266051523, "incumbent": ["sp-clause-activity-inc='0.9073189443048482'", "sp-clause-decay='1.7722238290272418'", "sp-clause-del-heur=''2''", "sp-first-restart='127'", "sp-learned-clause-sort-heur=''17''", "sp-learned-clauses-inc='1.1299911321838112'", "sp-learned-size-factor='0.9428423618579717'", "sp-orig-clause-sort-heur=''0''", "sp-phase-dec-heur=''3''", "sp-rand-var-dec-freq=''0.0001''", "sp-resolution=''0''", "sp-restart-inc='1.8718779016332268'", "sp-update-dec-queue=''0''", "sp-use-pure-literal-rule=''0''", "sp-var-activity-inc='1.1738957810014872'", "sp-var-dec-heur=''16''", "sp-variable-decay='1.6901592315527627'", "sp-rand-phase-dec-freq=''0.05''", "sp-rand-var-dec-scaling='1.0'", "sp-rand-phase-scaling='1.0527917088487093'"], "evaluations": 5208, "cpu_time": 4926.959999999946, "wallclock_time": 12803.846036195755}
{"total_cpu_time": null, "cost": 0.00873890532544379, "incumbent": ["sp-clause-activity-inc='0.966014996109225'", "sp-clause-decay='1.850143007528728'", "sp-clause-del-heur=''2''", "sp-first-restart='127'", "sp-learned-clause-sort-heur=''15''", "sp-learned-clauses-inc='1.1206479976451849'", "sp-learned-size-factor='1.5787181317763122'", "sp-orig-clause-sort-heur=''13''", "sp-phase-dec-heur=''0''", "sp-rand-var-dec-freq=''0''", "sp-resolution=''0''", "sp-restart-inc='1.8828084382247068'", "sp-update-dec-queue=''0''", "sp-use-pure-literal-rule=''0''", "sp-var-activity-inc='1.0373553502161463'", "sp-var-dec-heur=''16''", "sp-variable-decay='1.6901592315527627'", "sp-rand-phase-dec-freq=''0.05''", "sp-rand-phase-scaling='1.0508977190674127'"], "evaluations": 5415, "cpu_time": 5116.547999999943, "wallclock_time": 13221.51464009285}
{"total_cpu_time": null, "cost": 0.00861213991769547, "incumbent": ["sp-clause-activity-inc='0.9414601167468111'", "sp-clause-decay='1.4951163984476386'", "sp-clause-del-heur=''2''", "sp-first-restart='127'", "sp-learned-clause-sort-heur=''15''", "sp-learned-clauses-inc='1.4477351359782296'", "sp-learned-size-factor='1.5926302161469295'", "sp-orig-clause-sort-heur=''11''", "sp-phase-dec-heur=''1''", "sp-rand-var-dec-freq=''0''", "sp-resolution=''0''", "sp-restart-inc='1.8821748903404463'", "sp-update-dec-queue=''1''", "sp-use-pure-literal-rule=''0''", "sp-var-activity-inc='0.9675684813028734'", "sp-var-dec-heur=''16''", "sp-variable-decay='1.6901592315527627'", "sp-rand-phase-dec-freq=''0.0001''", "sp-rand-phase-scaling='1.09478732272558'"], "evaluations": 5841, "cpu_time": 5516.2139999999445, "wallclock_time": 14087.127627134323}
{"total_cpu_time": null, "cost": 0.008499173553719007, "incumbent": ["sp-clause-activity-inc='0.9176445549076225'", "sp-clause-decay='1.8441443567917895'", "sp-clause-del-heur=''2''", "sp-first-restart='127'", "sp-learned-clause-sort-heur=''5''", "sp-learned-clauses-inc='1.4992058623544753'", "sp-learned-size-factor='0.8756432070263533'", "sp-orig-clause-sort-heur=''0''", "sp-phase-dec-heur=''3''", "sp-rand-var-dec-freq=''0.0001''", "sp-resolution=''0''", "sp-restart-inc='1.5636041518831063'", "sp-update-dec-queue=''1''", "sp-use-pure-literal-rule=''0''", "sp-var-activity-inc='0.9494204199075262'", "sp-var-dec-heur=''16''", "sp-variable-decay='1.6901592315527627'", "sp-rand-phase-dec-freq=''0.05''", "sp-rand-var-dec-scaling='1.0'", "sp-rand-phase-scaling='1.0842582186261165'"], "evaluations": 6060, "cpu_time": 5722.463999999944, "wallclock_time": 14530.651458978653}
{"total_cpu_time": null, "cost": 0.008348214285714283, "incumbent": ["sp-clause-activity-inc='0.9575864984225031'", "sp-clause-decay='1.8799238458152998'", "sp-clause-del-heur=''2''", "sp-first-restart='127'", "sp-learned-clause-sort-heur=''7''", "sp-learned-clauses-inc='1.2540858107650132'", "sp-learned-size-factor='1.2772145963433021'", "sp-orig-clause-sort-heur=''9''", "sp-phase-dec-heur=''3''", "sp-rand-var-dec-freq=''0.001''", "sp-resolution=''0''", "sp-restart-inc='1.6275269111239363'", "sp-update-dec-queue=''0''", "sp-use-pure-literal-rule=''0''", "sp-var-activity-inc='1.2884759225574856'", "sp-var-dec-heur=''16''", "sp-variable-decay='1.6901592315527627'", "sp-rand-phase-dec-freq=''0.05''", "sp-rand-var-dec-scaling='1.0'", "sp-rand-phase-scaling='1.0963929473489364'"], "evaluations": 6283, "cpu_time": 5931.547999999941, "wallclock_time": 14983.864203453064}
{"total_cpu_time": null, "cost": 0.008031325867334951, "incumbent": ["sp-clause-activity-inc='0.952658357069128'", "sp-clause-decay='1.8899667625135763'", "sp-clause-del-heur=''2''", "sp-first-restart='127'", "sp-learned-clause-sort-heur=''15''", "sp-learned-clauses-inc='1.1514693273096939'", "sp-learned-size-factor='0.8969484233184881'", "sp-orig-clause-sort-heur=''11''", "sp-phase-dec-heur=''3''", "sp-rand-var-dec-freq=''0''", "sp-resolution=''0''", "sp-restart-inc='1.8917331968642197'", "sp-update-dec-queue=''0''", "sp-use-pure-literal-rule=''0''", "sp-var-activity-inc='1.1937615622130804'", "sp-var-dec-heur=''16''", "sp-variable-decay='1.6901592315527627'", "sp-rand-phase-dec-freq=''0.05''", "sp-rand-phase-scaling='1.0899129118897897'"], "evaluations": 6396, "cpu_time": 6034.099999999935, "wallclock_time": 15196.075692176819}
{"total_cpu_time": null, "cost": 0.007959168241965972, "incumbent": ["sp-clause-activity-inc='0.9563627900914037'", "sp-clause-decay='1.8474686174906045'", "sp-clause-del-heur=''2''", "sp-first-restart='127'", "sp-learned-clause-sort-heur=''1''", "sp-learned-clauses-inc='1.1122792845075815'", "sp-learned-size-factor='1.4394524858916513'", "sp-orig-clause-sort-heur=''13''", "sp-phase-dec-heur=''3''", "sp-rand-var-dec-freq=''0''", "sp-resolution=''0''", "sp-restart-inc='1.7891391985879062'", "sp-update-dec-queue=''0''", "sp-use-pure-literal-rule=''0''", "sp-var-activity-inc='0.9542664664324192'", "sp-var-dec-heur=''16''", "sp-variable-decay='1.6901592315527627'", "sp-rand-phase-dec-freq=''0.05''", "sp-rand-phase-scaling='1.0988362277190973'"], "evaluations": 6625, "cpu_time": 6247.939999999935, "wallclock_time": 15651.637984275818}
{"total_cpu_time": null, "cost": 0.007865338882282998, "incumbent": ["sp-clause-activity-inc='0.940417345424369'", "sp-clause-decay='1.8387282794424369'", "sp-clause-del-heur=''2''", "sp-first-restart='127'", "sp-learned-clause-sort-heur=''7''", "sp-learned-clauses-inc='1.2282330282450389'", "sp-learned-size-factor='0.9697081459863728'", "sp-orig-clause-sort-heur=''0''", "sp-phase-dec-heur=''3''", "sp-rand-var-dec-freq=''0''", "sp-resolution=''0''", "sp-restart-inc='1.1421057993038528'", "sp-update-dec-queue=''0''", "sp-use-pure-literal-rule=''0''", "sp-var-activity-inc='1.2007942597933665'", "sp-var-dec-heur=''16''", "sp-variable-decay='1.6901592315527627'", "sp-rand-phase-dec-freq=''0.05''", "sp-rand-phase-scaling='1.0988362277190973'"], "evaluations": 6741, "cpu_time": 6353.7759999999325, "wallclock_time": 15883.414542913437}
{"total_cpu_time": null, "cost": 0.00756373730732705, "incumbent": ["sp-clause-activity-inc='0.9214620121139683'", "sp-clause-decay='1.8330540603834422'", "sp-clause-del-heur=''2''", "sp-first-restart='127'", "sp-learned-clause-sort-heur=''15''", "sp-learned-clauses-inc='1.437754151868444'", "sp-learned-size-factor='0.9336515824762641'", "sp-orig-clause-sort-heur=''11''", "sp-phase-dec-heur=''3''", "sp-rand-var-dec-freq=''0''", "sp-resolution=''1''", "sp-restart-inc='1.8453847544149546'", "sp-update-dec-queue=''0''", "sp-use-pure-literal-rule=''0''", "sp-var-activity-inc='1.1863572051480653'", "sp-var-dec-heur=''16''", "sp-variable-decay='1.6901592315527627'", "sp-max-res-lit-inc='0.9416024537704488'", "sp-max-res-runs='4'", "sp-rand-phase-dec-freq=''0.05''", "sp-res-cutoff-cls='8'", "sp-res-cutoff-lits='400'", "sp-res-order-heur=''0''", "sp-rand-phase-scaling='1.093997157827408'"], "evaluations": 6858, "cpu_time": 6457.31599999993, "wallclock_time": 16120.516082763672}
{"total_cpu_time": null, "cost": 0.007493538591907351, "incumbent": ["sp-clause-activity-inc='0.9214620121139683'", "sp-clause-decay='1.8330540603834422'", "sp-clause-del-heur=''2''", "sp-first-restart='127'", "sp-learned-clause-sort-heur=''5''", "sp-learned-clauses-inc='1.4528536115778268'", "sp-learned-size-factor='0.9418972748278407'", "sp-orig-clause-sort-heur=''0''", "sp-phase-dec-heur=''3''", "sp-rand-var-dec-freq=''0.0001''", "sp-resolution=''0''", "sp-restart-inc='1.8565043765267752'", "sp-update-dec-queue=''1''", "sp-use-pure-literal-rule=''0''", "sp-var-activity-inc='1.1863572051480653'", "sp-var-dec-heur=''16''", "sp-variable-decay='1.6901592315527627'", "sp-rand-phase-dec-freq=''0.05''", "sp-rand-var-dec-scaling='1.0'", "sp-rand-phase-scaling='1.093997157827408'"], "evaluations": 7095, "cpu_time": 6668.687999999925, "wallclock_time": 16568.20420026779}
{"total_cpu_time": null, "cost": 0.007252222222222224, "incumbent": ["sp-clause-activity-inc='0.9073189443048482'", "sp-clause-decay='1.8947892403807554'", "sp-clause-del-heur=''2''", "sp-first-restart='127'", "sp-learned-clause-sort-heur=''17''", "sp-learned-clauses-inc='1.4523448799341074'", "sp-learned-size-factor='1.4161621840204546'", "sp-orig-clause-sort-heur=''0''", "sp-phase-dec-heur=''3''", "sp-rand-var-dec-freq=''0.01''", "sp-resolution=''0''", "sp-restart-inc='1.8956714757020412'", "sp-update-dec-queue=''1''", "sp-use-pure-literal-rule=''0''", "sp-var-activity-inc='1.0622970155262232'", "sp-var-dec-heur=''16''", "sp-variable-decay='1.6901592315527627'", "sp-rand-phase-dec-freq=''0.05''", "sp-rand-var-dec-scaling='1.0'", "sp-rand-phase-scaling='1.0957879844582827'"], "evaluations": 7215, "cpu_time": 6773.119999999923, "wallclock_time": 16817.522191524506}
{"total_cpu_time": null, "cost": 0.0071383102247114276, "incumbent": ["sp-clause-activity-inc='0.9214620121139683'", "sp-clause-decay='1.961321955808418'", "sp-clause-del-heur=''2''", "sp-first-restart='127'", "sp-learned-clause-sort-heur=''7''", "sp-learned-clauses-inc='1.4879920207783703'", "sp-learned-size-factor='1.5019008547969797'", "sp-orig-clause-sort-heur=''11''", "sp-phase-dec-heur=''3''", "sp-rand-var-dec-freq=''0''", "sp-resolution=''0''", "sp-restart-inc='1.8549014802412669'", "sp-update-dec-queue=''1''", "sp-use-pure-literal-rule=''0''", "sp-var-activity-inc='1.1863572051480653'", "sp-var-dec-heur=''16''", "sp-variable-decay='1.6901592315527627'", "sp-rand-phase-dec-freq=''0.05''", "sp-rand-phase-scaling='1.093997157827408'"], "evaluations": 7336, "cpu_time": 6877.631999999922, "wallclock_time": 17039.617956399918}
{"total_cpu_time": null, "cost": 0.006936004162330906, "incumbent": ["sp-clause-activity-inc='0.9101754646620471'", "sp-clause-decay='1.9930457876112666'", "sp-clause-del-heur=''2''", "sp-first-restart='127'", "sp-learned-clause-sort-heur=''17''", "sp-learned-clauses-inc='1.4528151457143665'", "sp-learned-size-factor='1.17575974863484'", "sp-orig-clause-sort-heur=''0''", "sp-phase-dec-heur=''3''", "sp-rand-var-dec-freq=''0''", "sp-resolution=''0''", "sp-restart-inc='1.8602700488866533'", "sp-update-dec-queue=''1''", "sp-use-pure-literal-rule=''0''", "sp-var-activity-inc='0.9834662444462194'", "sp-var-dec-heur=''16''", "sp-variable-decay='1.6901592315527627'", "sp-rand-phase-dec-freq=''0.05''", "sp-rand-phase-scaling='1.0899129118897897'"], "evaluations": 7705, "cpu_time": 7207.299999999924, "wallclock_time": 17741.984946250916}
{"total_cpu_time": null, "cost": 0.006729654824892922, "incumbent": ["sp-clause-activity-inc='0.940417345424369'", "sp-clause-decay='1.8387282794424369'", "sp-clause-del-heur=''2''", "sp-first-restart='127'", "sp-learned-clause-sort-heur=''5''", "sp-learned-clauses-inc='1.4364186510028725'", "sp-learned-size-factor='1.3233519762605641'", "sp-orig-clause-sort-heur=''0''", "sp-phase-dec-heur=''3''", "sp-rand-var-dec-freq=''0''", "sp-resolution=''0''", "sp-restart-inc='1.895296032045587'", "sp-update-dec-queue=''0''", "sp-use-pure-literal-rule=''0''", "sp-var-activity-inc='0.9795839663494754'", "sp-var-dec-heur=''16''", "sp-variable-decay='1.6901592315527627'", "sp-rand-phase-dec-freq=''0.05''", "sp-rand-phase-scaling='1.092943350062407'"], "evaluations": 7956, "cpu_time": 7424.879999999923, "wallclock_time": 18208.1985411644}
