"CPU Time Used","Estimated Training Performance","Wallclock Time","Incumbent ID","Automatic Configurator (CPU) Time","Configuration..."
0.000000, 2147483648.000000, 0.000868, 1, 0.000868, sp-clause-activity-inc='1.0', sp-clause-decay='1.4', sp-clause-del-heur=''2'', sp-first-restart='100', sp-learned-clause-sort-heur=''0'', sp-learned-clauses-inc='1.3', sp-learned-size-factor='0.4', sp-orig-clause-sort-heur=''0'', sp-phase-dec-heur=''5'', sp-rand-var-dec-freq=''0.001'', sp-resolution=''1'', sp-restart-inc='1.5', sp-update-dec-queue=''1'', sp-use-pure-literal-rule=''1'', sp-var-activity-inc='1.0', sp-var-dec-heur=''0'', sp-variable-decay='1.4', sp-max-res-lit-inc='1.0', sp-max-res-runs='4', sp-rand-phase-dec-freq=''0.001'', sp-rand-var-dec-scaling='1.0', sp-res-cutoff-cls='8', sp-res-cutoff-lits='400', sp-res-order-heur=''0'', sp-rand-phase-scaling='1.0'
0.064000, 0.064000, 0.205254, 1, 0.141254, sp-clause-activity-inc='1.0', sp-clause-decay='1.4', sp-clause-del-heur=''2'', sp-first-restart='100', sp-learned-clause-sort-heur=''0'', sp-learned-clauses-inc='1.3', sp-learned-size-factor='0.4', sp-orig-clause-sort-heur=''0'', sp-phase-dec-heur=''5'', sp-rand-var-dec-freq=''0.001'', sp-resolution=''1'', sp-restart-inc='1.5', sp-update-dec-queue=''1'', sp-use-pure-literal-rule=''1'', sp-var-activity-inc='1.0', sp-var-dec-heur=''0'', sp-variable-decay='1.4', sp-max-res-lit-inc='1.0', sp-max-res-runs='4', sp-rand-phase-dec-freq=''0.001'', sp-rand-var-dec-scaling='1.0', sp-res-cutoff-cls='8', sp-res-cutoff-lits='400', sp-res-order-heur=''0'', sp-rand-phase-scaling='1.0'
127.576000, 0.072188, 253.186081, 7, 125.610081, sp-clause-activity-inc='1.0761589553685877', sp-clause-decay='1.0418627363940112', sp-clause-del-heur=''2'', sp-first-restart='127', sp-learned-clause-sort-heur=''5'', sp-learned-clauses-inc='1.4866106081106598', sp-learned-size-factor='0.8226709286146456', sp-orig-clause-sort-heur=''9'', sp-phase-dec-heur=''5'', sp-rand-var-dec-freq=''0'', sp-resolution=''1'', sp-restart-inc='1.7025539789598128', sp-update-dec-queue=''0'', sp-use-pure-literal-rule=''0'', sp-var-activity-inc='1.0739013651357414', sp-var-dec-heur=''16'', sp-variable-decay='1.6901592315527627', sp-max-res-lit-inc='0.7980994113145364', sp-max-res-runs='3', sp-rand-phase-dec-freq=''0.05'', sp-res-cutoff-cls='5', sp-res-cutoff-lits='485', sp-res-order-heur=''10'', sp-rand-phase-scaling='0.586361197337226'
146.252000, 0.064623, 320.000115, 8, 173.748115, sp-clause-activity-inc='1.305496563419331', sp-clause-decay='1.3253898938113036', sp-clause-del-heur=''2'', sp-first-restart='127', sp-learned-clause-sort-heur=''15'', sp-learned-clauses-inc='1.4817812387041256', sp-learned-size-factor='0.8226709286146456', sp-orig-clause-sort-heur=''15'', sp-phase-dec-heur=''5'', sp-rand-var-dec-freq=''0'', sp-resolution=''1'', sp-restart-inc='1.7025539789598128', sp-update-dec-queue=''0'', sp-use-pure-literal-rule=''0'', sp-var-activity-inc='1.0739013651357414', sp-var-dec-heur=''16'', sp-variable-decay='1.6901592315527627', sp-max-res-lit-inc='0.4706850767002834', sp-max-res-runs='3', sp-rand-phase-dec-freq=''0.005'', sp-res-cutoff-cls='7', sp-res-cutoff-lits='485', sp-res-order-heur=''10'', sp-rand-phase-scaling='0.8864665134702727'
164.732000, 0.057037, 396.546892, 9, 231.814892, sp-clause-activity-inc='1.0838105787344157', sp-clause-decay='1.2672052492799823', sp-clause-del-heur=''2'', sp-first-restart='127', sp-learned-clause-sort-heur=''15'', sp-learned-clauses-inc='1.3741899726946205', sp-learned-size-factor='0.8226709286146456', sp-orig-clause-sort-heur=''6'', sp-phase-dec-heur=''5'', sp-rand-var-dec-freq=''0'', sp-resolution=''1'', sp-restart-inc='1.7025539789598128', sp-update-dec-queue=''0'', sp-use-pure-literal-rule=''0'', sp-var-activity-inc='1.0739013651357414', sp-var-dec-heur=''16'', sp-variable-decay='1.6901592315527627', sp-max-res-lit-inc='0.4706850767002834', sp-max-res-runs='3', sp-rand-phase-dec-freq=''0.005'', sp-res-cutoff-cls='9', sp-res-cutoff-lits='485', sp-res-order-heur=''10'', sp-rand-phase-scaling='0.586361197337226'
183.292000, 0.051413, 484.413322, 10, 301.121322, sp-clause-activity-inc='1.0202092629750266', sp-clause-decay='1.2488620283687173', sp-clause-del-heur=''2'', sp-first-restart='127', sp-learned-clause-sort-heur=''17'', sp-learned-clauses-inc='1.487735307366444', sp-learned-size-factor='0.8226709286146456', sp-orig-clause-sort-heur=''10'', sp-phase-dec-heur=''5'', sp-rand-var-dec-freq=''0'', sp-resolution=''1'', sp-restart-inc='1.6615774049203837', sp-update-dec-queue=''0'', sp-use-pure-literal-rule=''0'', sp-var-activity-inc='1.0739013651357414', sp-var-dec-heur=''16'', sp-variable-decay='1.6901592315527627', sp-max-res-lit-inc='0.4706850767002834', sp-max-res-runs='3', sp-rand-phase-dec-freq=''0.05'', sp-res-cutoff-cls='14', sp-res-cutoff-lits='236', sp-res-order-heur=''10'', sp-rand-phase-scaling='0.6320157795084145'
202.308000, 0.047540, 562.568086, 11, 360.260086, sp-clause-activity-inc='1.004291367035323', sp-clause-decay='1.3732992343270602', sp-clause-del-heur=''2'', sp-first-restart='127', sp-learned-clause-sort-heur=''8'', sp-learned-clauses-inc='1.3838151831758339', sp-learned-size-factor='0.8226709286146456', sp-orig-clause-sort-heur=''7'', sp-phase-dec-heur=''5'', sp-rand-var-dec-freq=''0'', sp-resolution=''1'', sp-restart-inc='1.7025539789598128', sp-update-dec-queue=''0'', sp-use-pure-literal-rule=''0'', sp-var-activity-inc='1.0739013651357414', sp-var-dec-heur=''16'', sp-variable-decay='1.6901592315527627', sp-max-res-lit-inc='0.5922535740396123', sp-max-res-runs='3', sp-rand-phase-dec-freq=''0.05'', sp-res-cutoff-cls='5', sp-res-cutoff-lits='269', sp-res-order-heur=''10'', sp-rand-phase-scaling='0.586361197337226'
221.196000, 0.042830, 638.381896, 12, 417.185896, sp-clause-activity-inc='0.9463531026822738', sp-clause-decay='1.3832331961923254', sp-clause-del-heur=''2'', sp-first-restart='127', sp-learned-clause-sort-heur=''8'', sp-learned-clauses-inc='1.3741899726946205', sp-learned-size-factor='0.8226709286146456', sp-orig-clause-sort-heur=''10'', sp-phase-dec-heur=''5'', sp-rand-var-dec-freq=''0'', sp-resolution=''0'', sp-restart-inc='1.5192897682727344', sp-update-dec-queue=''0'', sp-use-pure-literal-rule=''0'', sp-var-activity-inc='1.0739013651357414', sp-var-dec-heur=''16'', sp-variable-decay='1.6901592315527627', sp-rand-phase-dec-freq=''0.001'', sp-rand-phase-scaling='0.6301149760126961'
240.192000, 0.039248, 737.620705, 13, 497.428705, sp-clause-activity-inc='0.9463531026822738', sp-clause-decay='1.3832331961923254', sp-clause-del-heur=''2'', sp-first-restart='127', sp-learned-clause-sort-heur=''5'', sp-learned-clauses-inc='1.3770387998095797', sp-learned-size-factor='0.8226709286146456', sp-orig-clause-sort-heur=''10'', sp-phase-dec-heur=''5'', sp-rand-var-dec-freq=''0'', sp-resolution=''1'', sp-restart-inc='1.6709295127551549', sp-update-dec-queue=''0'', sp-use-pure-literal-rule=''0'', sp-var-activity-inc='1.0739013651357414', sp-var-dec-heur=''16'', sp-variable-decay='1.6901592315527627', sp-max-res-lit-inc='0.6905755295621928', sp-max-res-runs='2', sp-rand-phase-dec-freq=''0.001'', sp-res-cutoff-cls='9', sp-res-cutoff-lits='314', sp-res-order-heur=''0'', sp-rand-phase-scaling='0.6301149760126961'
259.136000, 0.035811, 838.780246, 14, 579.644246, sp-clause-activity-inc='0.9999949852277477', sp-clause-decay='1.4504636551475916', sp-clause-del-heur=''2'', sp-first-restart='127', sp-learned-clause-sort-heur=''1'', sp-learned-clauses-inc='1.4872124401276205', sp-learned-size-factor='0.8226709286146456', sp-orig-clause-sort-heur=''10'', sp-phase-dec-heur=''5'', sp-rand-var-dec-freq=''0'', sp-resolution=''1'', sp-restart-inc='1.4145295336871697', sp-update-dec-queue=''0'', sp-use-pure-literal-rule=''0'', sp-var-activity-inc='1.0739013651357414', sp-var-dec-heur=''16'', sp-variable-decay='1.6901592315527627', sp-max-res-lit-inc='1.9637552197609385', sp-max-res-runs='4', sp-rand-phase-dec-freq=''0.005'', sp-res-cutoff-cls='7', sp-res-cutoff-lits='475', sp-res-order-heur=''10'', sp-rand-phase-scaling='0.6262948548197161'
278.136000, 0.032986, 948.485390, 15, 670.349390, sp-clause-activity-inc='0.7386260975507927', sp-clause-decay='1.2719322984544654', sp-clause-del-heur=''2'', sp-first-restart='127', sp-learned-clause-sort-heur=''12'', sp-learned-clauses-inc='1.363383473309761', sp-learned-size-factor='0.8226709286146456', sp-orig-clause-sort-heur=''5'', sp-phase-dec-heur=''5'', sp-rand-var-dec-freq=''0'', sp-resolution=''1'', sp-restart-inc='1.4145295336871697', sp-update-dec-queue=''0'', sp-use-pure-literal-rule=''0'', sp-var-activity-inc='0.7625098867032558', sp-var-dec-heur=''16'', sp-variable-decay='1.6901592315527627', sp-max-res-lit-inc='1.9637552197609385', sp-max-res-runs='4', sp-rand-phase-dec-freq=''0.01'', sp-res-cutoff-cls='5', sp-res-cutoff-lits='391', sp-res-order-heur=''10'', sp-rand-phase-scaling='0.6308230115448877'
297.404000, 0.030829, 1034.230205, 16, 736.826205, sp-clause-activity-inc='0.6879123921504651', sp-clause-decay='1.441121933276219', sp-clause-del-heur=''2'', sp-first-restart='127', sp-learned-clause-sort-heur=''17'', sp-learned-clauses-inc='1.445734642794232', sp-learned-size-factor='0.8226709286146456', sp-orig-clause-sort-heur=''6'', sp-phase-dec-heur=''5'', sp-rand-var-dec-freq=''0'', sp-resolution=''0'', sp-restart-inc='1.3940020054446158', sp-update-dec-queue=''0'', sp-use-pure-literal-rule=''0'', sp-var-activity-inc='0.8671143800788068', sp-var-dec-heur=''0'', sp-variable-decay='1.6901592315527627', sp-rand-phase-dec-freq=''0.05'', sp-rand-phase-scaling='0.6890629089258289'
419.052000, 0.028899, 1531.138201, 20, 1112.086201, sp-clause-activity-inc='0.9317059679714996', sp-clause-decay='1.3374811998114484', sp-clause-del-heur=''2'', sp-first-restart='127', sp-learned-clause-sort-heur=''8'', sp-learned-clauses-inc='1.2819999835143858', sp-learned-size-factor='0.4015996364000046', sp-orig-clause-sort-heur=''3'', sp-phase-dec-heur=''5'', sp-rand-var-dec-freq=''0'', sp-resolution=''1'', sp-restart-inc='1.5124014877849632', sp-update-dec-queue=''0'', sp-use-pure-literal-rule=''0'', sp-var-activity-inc='1.1140138925960632', sp-var-dec-heur=''16'', sp-variable-decay='1.6901592315527627', sp-max-res-lit-inc='2.29308380065925', sp-max-res-runs='2', sp-rand-phase-dec-freq=''0.0001'', sp-res-cutoff-cls='12', sp-res-cutoff-lits='352', sp-res-order-heur=''7'', sp-rand-phase-scaling='0.6669011023684752'
723.884000, 0.026341, 2550.120217, 29, 1826.236217, sp-clause-activity-inc='1.0456605202120084', sp-clause-decay='1.3715495223359673', sp-clause-del-heur=''2'', sp-first-restart='127', sp-learned-clause-sort-heur=''5'', sp-learned-clauses-inc='1.1088584923911824', sp-learned-size-factor='0.8452062006162419', sp-orig-clause-sort-heur=''6'', sp-phase-dec-heur=''2'', sp-rand-var-dec-freq=''0'', sp-resolution=''0'', sp-restart-inc='1.8492640837854508', sp-update-dec-queue=''1'', sp-use-pure-literal-rule=''0'', sp-var-activity-inc='1.4726218929733035', sp-var-dec-heur=''16'', sp-variable-decay='1.6901592315527627'
803.916000, 0.025605, 2805.814913, 31, 2001.898913, sp-clause-activity-inc='1.0202092629750266', sp-clause-decay='1.3406390088540585', sp-clause-del-heur=''2'', sp-first-restart='127', sp-learned-clause-sort-heur=''5'', sp-learned-clauses-inc='1.487735307366444', sp-learned-size-factor='1.5655922974001477', sp-orig-clause-sort-heur=''10'', sp-phase-dec-heur=''5'', sp-rand-var-dec-freq=''0'', sp-resolution=''0'', sp-restart-inc='1.7651970458105875', sp-update-dec-queue=''0'', sp-use-pure-literal-rule=''0'', sp-var-activity-inc='1.476977241793553', sp-var-dec-heur=''16'', sp-variable-decay='1.6901592315527627', sp-rand-phase-dec-freq=''0.005'', sp-rand-phase-scaling='1.0'
844.440000, 0.024107, 2930.570238, 32, 2086.130238, sp-clause-activity-inc='0.9517233664015421', sp-clause-decay='1.1536725681469597', sp-clause-del-heur=''2'', sp-first-restart='127', sp-learned-clause-sort-heur=''17'', sp-learned-clauses-inc='1.1093773073481474', sp-learned-size-factor='1.3698358513716011', sp-orig-clause-sort-heur=''13'', sp-phase-dec-heur=''1'', sp-rand-var-dec-freq=''0.0001'', sp-resolution=''0'', sp-restart-inc='1.7397457685369542', sp-update-dec-queue=''0'', sp-use-pure-literal-rule=''0'', sp-var-activity-inc='1.4464280070624502', sp-var-dec-heur=''16'', sp-variable-decay='1.6901592315527627', sp-rand-phase-dec-freq=''0'', sp-rand-var-dec-scaling='1.0'
885.780000, 0.023435, 3047.866109, 33, 2162.086109, sp-clause-activity-inc='0.9270427242011878', sp-clause-decay='1.1212508689161698', sp-clause-del-heur=''2'', sp-first-restart='127', sp-learned-clause-sort-heur=''15'', sp-learned-clauses-inc='1.1187423662715579', sp-learned-size-factor='0.3936143552420602', sp-orig-clause-sort-heur=''13'', sp-phase-dec-heur=''5'', sp-rand-var-dec-freq=''0.0001'', sp-resolution=''0'', sp-restart-inc='1.7734297699109902', sp-update-dec-queue=''0'', sp-use-pure-literal-rule=''0'', sp-var-activity-inc='1.415033370170452', sp-var-dec-heur=''16'', sp-variable-decay='1.6901592315527627', sp-rand-phase-dec-freq=''0.01'', sp-rand-var-dec-scaling='1.0', sp-rand-phase-scaling='0.9512040059895599'
1025.516000, 0.022272, 3417.520716, 36, 2392.004716, sp-clause-activity-inc='0.9270427242011878', sp-clause-decay='1.3455267238248196', sp-clause-del-heur=''2'', sp-first-restart='127', sp-learned-clause-sort-heur=''15'', sp-learned-clauses-inc='1.1089679457339159', sp-learned-size-factor='0.3936143552420602', sp-orig-clause-sort-heur=''11'', sp-phase-dec-heur=''1'', sp-rand-var-dec-freq=''0'', sp-resolution=''0'', sp-restart-inc='1.4453573137969713', sp-update-dec-queue=''0'', sp-use-pure-literal-rule=''0'', sp-var-activity-inc='1.4759578509257432', sp-var-dec-heur=''16'', sp-variable-decay='1.6901592315527627', sp-rand-phase-dec-freq=''0''
1119.744000, 0.021090, 3684.751204, 38, 2565.007204, sp-clause-activity-inc='0.9149678190470343', sp-clause-decay='1.3200915271056048', sp-clause-del-heur=''2'', sp-first-restart='127', sp-learned-clause-sort-heur=''15'', sp-learned-clauses-inc='1.1085836703535168', sp-learned-size-factor='0.4732841556365818', sp-orig-clause-sort-heur=''16'', sp-phase-dec-heur=''4'', sp-rand-var-dec-freq=''0.0001'', sp-resolution=''0'', sp-restart-inc='1.8810865274972228', sp-update-dec-queue=''1'', sp-use-pure-literal-rule=''0'', sp-var-activity-inc='0.9349535694742219', sp-var-dec-heur=''16'', sp-variable-decay='1.6901592315527627', sp-rand-phase-dec-freq=''0'', sp-rand-var-dec-scaling='1.0'
1215.416000, 0.019189, 3938.182102, 40, 2722.766102, sp-clause-activity-inc='1.1389531863261453', sp-clause-decay='1.0484341350692714', sp-clause-del-heur=''2'', sp-first-restart='127', sp-learned-clause-sort-heur=''15'', sp-learned-clauses-inc='1.1080739431074142', sp-learned-size-factor='0.479367829580848', sp-orig-clause-sort-heur=''0'', sp-phase-dec-heur=''0'', sp-rand-var-dec-freq=''0.0001'', sp-resolution=''0'', sp-restart-inc='1.8392927617811057', sp-update-dec-queue=''0'', sp-use-pure-literal-rule=''0'', sp-var-activity-inc='1.054392835292386', sp-var-dec-heur=''16'', sp-variable-decay='1.6901592315527627', sp-rand-phase-dec-freq=''0.01'', sp-rand-var-dec-scaling='1.0', sp-rand-phase-scaling='0.5702670235909245'
1261.884000, 0.018587, 4062.289969, 41, 2800.405969, sp-clause-activity-inc='1.3243639654165102', sp-clause-decay='1.342899509416322', sp-clause-del-heur=''2'', sp-first-restart='127', sp-learned-clause-sort-heur=''1'', sp-learned-clauses-inc='1.1187423662715579', sp-learned-size-factor='0.4771138390838246', sp-orig-clause-sort-heur=''13'', sp-phase-dec-heur=''1'', sp-rand-var-dec-freq=''0'', sp-resolution=''0'', sp-restart-inc='1.8791824407332367', sp-update-dec-queue=''0'', sp-use-pure-literal-rule=''0'', sp-var-activity-inc='1.4776082771256367', sp-var-dec-heur=''16'', sp-variable-decay='1.6901592315527627', sp-rand-phase-dec-freq=''0''
1309.070000, 0.018141, 4186.195605, 42, 2877.125605, sp-clause-activity-inc='0.9149678190470343', sp-clause-decay='1.3450529897352645', sp-clause-del-heur=''2'', sp-first-restart='127', sp-learned-clause-sort-heur=''5'', sp-learned-clauses-inc='1.1085836703535168', sp-learned-size-factor='0.8858826841801066', sp-orig-clause-sort-heur=''18'', sp-phase-dec-heur=''3'', sp-rand-var-dec-freq=''0'', sp-resolution=''0'', sp-restart-inc='1.5914115679299505', sp-update-dec-queue=''1'', sp-use-pure-literal-rule=''0'', sp-var-activity-inc='1.4927410207560683', sp-var-dec-heur=''16'', sp-variable-decay='1.6901592315527627', sp-rand-phase-dec-freq=''0''
1354.910000, 0.016953, 4309.585038, 43, 2954.675038, sp-clause-activity-inc='1.0207694950342479', sp-clause-decay='1.3856559900552068', sp-clause-del-heur=''2'', sp-first-restart='127', sp-learned-clause-sort-heur=''15'', sp-learned-clauses-inc='1.1017913699576556', sp-learned-size-factor='0.5298917113189648', sp-orig-clause-sort-heur=''9'', sp-phase-dec-heur=''1'', sp-rand-var-dec-freq=''0.0001'', sp-resolution=''0'', sp-restart-inc='1.7499135076663306', sp-update-dec-queue=''1'', sp-use-pure-literal-rule=''0'', sp-var-activity-inc='1.3292742398459558', sp-var-dec-heur=''16'', sp-variable-decay='1.6901592315527627', sp-rand-phase-dec-freq=''0'', sp-rand-var-dec-scaling='1.0'
1400.538000, 0.016244, 4443.227709, 44, 3042.689709, sp-clause-activity-inc='0.9270427242011878', sp-clause-decay='1.3441057738918825', sp-clause-del-heur=''2'', sp-first-restart='127', sp-learned-clause-sort-heur=''15'', sp-learned-clauses-inc='1.1102810860416708', sp-learned-size-factor='1.0215377537958357', sp-orig-clause-sort-heur=''12'', sp-phase-dec-heur=''1'', sp-rand-var-dec-freq=''0.0001'', sp-resolution=''0'', sp-restart-inc='1.7275928508538234', sp-update-dec-queue=''0'', sp-use-pure-literal-rule=''0'', sp-var-activity-inc='1.2526714733090536', sp-var-dec-heur=''16'', sp-variable-decay='1.6901592315527627', sp-rand-phase-dec-freq=''0'', sp-rand-var-dec-scaling='1.0'
1668.336000, 0.015478, 5128.466679, 49, 3460.130679, sp-clause-activity-inc='1.0104931091545675', sp-clause-decay='1.40958395196549', sp-clause-del-heur=''2'', sp-first-restart='127', sp-learned-clause-sort-heur=''15'', sp-learned-clauses-inc='1.1098291310117248', sp-learned-size-factor='0.5869301577534421', sp-orig-clause-sort-heur=''11'', sp-phase-dec-heur=''1'', sp-rand-var-dec-freq=''0.001'', sp-resolution=''0'', sp-restart-inc='1.836731024169925', sp-update-dec-queue=''0'', sp-use-pure-literal-rule=''0'', sp-var-activity-inc='1.2159184984259395', sp-var-dec-heur=''16'', sp-variable-decay='1.6901592315527627', sp-rand-phase-dec-freq=''0.01'', sp-rand-var-dec-scaling='1.0', sp-rand-phase-scaling='1.0'
1721.228000, 0.015194, 5265.464400, 50, 3544.236400, sp-clause-activity-inc='0.9415999217150937', sp-clause-decay='1.3101994894843858', sp-clause-del-heur=''2'', sp-first-restart='127', sp-learned-clause-sort-heur=''15'', sp-learned-clauses-inc='1.102966328003726', sp-learned-size-factor='0.5907974306706031', sp-orig-clause-sort-heur=''8'', sp-phase-dec-heur=''1'', sp-rand-var-dec-freq=''0.0001'', sp-resolution=''0'', sp-restart-inc='1.8687041489738538', sp-update-dec-queue=''0'', sp-use-pure-literal-rule=''0'', sp-var-activity-inc='1.007048396934175', sp-var-dec-heur=''16'', sp-variable-decay='1.6901592315527627', sp-rand-phase-dec-freq=''0.001'', sp-rand-var-dec-scaling='1.0', sp-rand-phase-scaling='1.0'
1774.288000, 0.014739, 5399.307884, 51, 3625.019884, sp-clause-activity-inc='0.9879922629401179', sp-clause-decay='1.3475325445691653', sp-clause-del-heur=''2'', sp-first-restart='127', sp-learned-clause-sort-heur=''1'', sp-learned-clauses-inc='1.1020457527620797', sp-learned-size-factor='0.5636516159588854', sp-orig-clause-sort-heur=''8'', sp-phase-dec-heur=''1'', sp-rand-var-dec-freq=''0.001'', sp-resolution=''0'', sp-restart-inc='1.8566593717347337', sp-update-dec-queue=''1'', sp-use-pure-literal-rule=''0'', sp-var-activity-inc='1.4953884176848977', sp-var-dec-heur=''16'', sp-variable-decay='1.6901592315527627', sp-rand-phase-dec-freq=''0.001'', sp-rand-var-dec-scaling='1.0', sp-rand-phase-scaling='0.987876553309293'
1885.724000, 0.014154, 5684.407608, 53, 3798.683608, sp-clause-activity-inc='0.91370703943799', sp-clause-decay='1.311070825478564', sp-clause-del-heur=''2'', sp-first-restart='127', sp-learned-clause-sort-heur=''1'', sp-learned-clauses-inc='1.1042160553601124', sp-learned-size-factor='0.5762357328484782', sp-orig-clause-sort-heur=''9'', sp-phase-dec-heur=''3'', sp-rand-var-dec-freq=''0.001'', sp-resolution=''0'', sp-restart-inc='1.8566593717347337', sp-update-dec-queue=''0'', sp-use-pure-literal-rule=''0'', sp-var-activity-inc='1.25071061866669', sp-var-dec-heur=''16'', sp-variable-decay='1.6901592315527627', sp-rand-phase-dec-freq=''0.05'', sp-rand-var-dec-scaling='1.0', sp-rand-phase-scaling='1.0'
2061.176000, 0.013852, 6122.167056, 56, 4060.991056, sp-clause-activity-inc='0.91370703943799', sp-clause-decay='1.0686423199369823', sp-clause-del-heur=''2'', sp-first-restart='127', sp-learned-clause-sort-heur=''5'', sp-learned-clauses-inc='1.1042160553601124', sp-learned-size-factor='0.5762357328484782', sp-orig-clause-sort-heur=''13'', sp-phase-dec-heur=''1'', sp-rand-var-dec-freq=''0'', sp-resolution=''0'', sp-restart-inc='1.849037832731717', sp-update-dec-queue=''0'', sp-use-pure-literal-rule=''0'', sp-var-activity-inc='1.365061207005961', sp-var-dec-heur=''16'', sp-variable-decay='1.6901592315527627', sp-rand-phase-dec-freq=''0''
2120.212000, 0.013553, 6256.984036, 57, 4136.772036, sp-clause-activity-inc='0.9127961054578535', sp-clause-decay='1.088201916782443', sp-clause-del-heur=''2'', sp-first-restart='127', sp-learned-clause-sort-heur=''5'', sp-learned-clauses-inc='1.1023907500564865', sp-learned-size-factor='0.7420318870039928', sp-orig-clause-sort-heur=''19'', sp-phase-dec-heur=''1'', sp-rand-var-dec-freq=''0.0001'', sp-resolution=''0'', sp-restart-inc='1.469198722827592', sp-update-dec-queue=''1'', sp-use-pure-literal-rule=''0'', sp-var-activity-inc='0.9988086578459903', sp-var-dec-heur=''16'', sp-variable-decay='1.6901592315527627', sp-rand-phase-dec-freq=''0.01'', sp-rand-var-dec-scaling='1.0', sp-rand-phase-scaling='1.0'
2240.560000, 0.013045, 6554.029623, 59, 4313.469623, sp-clause-activity-inc='1.0013257370737212', sp-clause-decay='1.4201572869441086', sp-clause-del-heur=''2'', sp-first-restart='127', sp-learned-clause-sort-heur=''5'', sp-learned-clauses-inc='1.1093177977233657', sp-learned-size-factor='0.5554923660355489', sp-orig-clause-sort-heur=''17'', sp-phase-dec-heur=''4'', sp-rand-var-dec-freq=''0.0001'', sp-resolution=''0'', sp-restart-inc='1.8536332988264734', sp-update-dec-queue=''1'', sp-use-pure-literal-rule=''0'', sp-var-activity-inc='0.946825299030229', sp-var-dec-heur=''16'', sp-variable-decay='1.6901592315527627', sp-rand-phase-dec-freq=''0'', sp-rand-var-dec-scaling='1.0'
2299.024000, 0.012280, 6698.424382, 60, 4399.400382, sp-clause-activity-inc='0.91370703943799', sp-clause-decay='1.4153055103848675', sp-clause-del-heur=''2'', sp-first-restart='127', sp-learned-clause-sort-heur=''1'', sp-learned-clauses-inc='1.1042160553601124', sp-learned-size-factor='0.8418740472623664', sp-orig-clause-sort-heur=''9'', sp-phase-dec-heur=''4'', sp-rand-var-dec-freq=''0.001'', sp-resolution=''0'', sp-restart-inc='1.8566593717347337', sp-update-dec-queue=''1'', sp-use-pure-literal-rule=''0'', sp-var-activity-inc='0.9980618610423304', sp-var-dec-heur=''16'', sp-variable-decay='1.6901592315527627', sp-rand-phase-dec-freq=''0.0001'', sp-rand-var-dec-scaling='1.0', sp-rand-phase-scaling='1.0685737506518118'
2553.012000, 0.012072, 7296.193316, 64, 4743.181316, sp-clause-activity-inc='0.9107367151767803', sp-clause-decay='1.2636516223180876', sp-clause-del-heur=''2'', sp-first-restart='127', sp-learned-clause-sort-heur=''15'', sp-learned-clauses-inc='1.109560567881904', sp-learned-size-factor='0.5907974306706031', sp-orig-clause-sort-heur=''13'', sp-phase-dec-heur=''5'', sp-rand-var-dec-freq=''0'', sp-resolution=''0'', sp-restart-inc='1.8687041489738538', sp-update-dec-queue=''0'', sp-use-pure-literal-rule=''0'', sp-var-activity-inc='1.4484353265988426', sp-var-dec-heur=''16'', sp-variable-decay='1.6901592315527627', sp-rand-phase-dec-freq=''0.0001'', sp-rand-phase-scaling='1.0315062334635479'
2617.660000, 0.011806, 7446.991728, 65, 4829.331728, sp-clause-activity-inc='0.9083140500137057', sp-clause-decay='1.3296911926346875', sp-clause-del-heur=''2'', sp-first-restart='127', sp-learned-clause-sort-heur=''1'', sp-learned-clauses-inc='1.1042088011357263', sp-learned-size-factor='0.5783357331952247', sp-orig-clause-sort-heur=''9'', sp-phase-dec-heur=''3'', sp-rand-var-dec-freq=''0'', sp-resolution=''0'', sp-restart-inc='1.8341113327007341', sp-update-dec-queue=''1'', sp-use-pure-literal-rule=''0'', sp-var-activity-inc='0.99691426533164', sp-var-dec-heur=''16'', sp-variable-decay='1.6901592315527627', sp-rand-phase-dec-freq=''0.001'', sp-rand-phase-scaling='1.0593236319031252'
2676.612000, 0.010480, 7606.039115, 66, 4929.427115, sp-clause-activity-inc='0.9545572224981893', sp-clause-decay='1.5337000544663428', sp-clause-del-heur=''2'', sp-first-restart='127', sp-learned-clause-sort-heur=''7'', sp-learned-clauses-inc='1.1046620248721615', sp-learned-size-factor='0.6637630915836567', sp-orig-clause-sort-heur=''11'', sp-phase-dec-heur=''1'', sp-rand-var-dec-freq=''0'', sp-resolution=''0'', sp-restart-inc='1.4449780902131077', sp-update-dec-queue=''1'', sp-use-pure-literal-rule=''0'', sp-var-activity-inc='1.2079017314383347', sp-var-dec-heur=''16'', sp-variable-decay='1.6901592315527627', sp-rand-phase-dec-freq=''0.05'', sp-rand-phase-scaling='1.070040906740041'
3924.964000, 0.009819, 10496.778973, 82, 6571.814973, sp-clause-activity-inc='0.971497272193164', sp-clause-decay='1.5267740762485074', sp-clause-del-heur=''2'', sp-first-restart='127', sp-learned-clause-sort-heur=''17'', sp-learned-clauses-inc='1.1152405139854988', sp-learned-size-factor='0.9532843802065926', sp-orig-clause-sort-heur=''7'', sp-phase-dec-heur=''4'', sp-rand-var-dec-freq=''0.0001'', sp-resolution=''0'', sp-restart-inc='1.896455302125762', sp-update-dec-queue=''0'', sp-use-pure-literal-rule=''0'', sp-var-activity-inc='1.283028132970416', sp-var-dec-heur=''16'', sp-variable-decay='1.6901592315527627', sp-rand-phase-dec-freq=''0.05'', sp-rand-var-dec-scaling='1.0', sp-rand-phase-scaling='1.0549327190117537'
4381.524000, 0.009622, 11551.418032, 87, 7169.894032, sp-clause-activity-inc='0.9754453368283061', sp-clause-decay='1.4967234360137025', sp-clause-del-heur=''2'', sp-first-restart='127', sp-learned-clause-sort-heur=''7'', sp-learned-clauses-inc='1.1107652596073287', sp-learned-size-factor='1.0080384506688536', sp-orig-clause-sort-heur=''11'', sp-phase-dec-heur=''3'', sp-rand-var-dec-freq=''0.001'', sp-resolution=''0'', sp-restart-inc='1.8527581260652146', sp-update-dec-queue=''0'', sp-use-pure-literal-rule=''0'', sp-var-activity-inc='1.1375953638358103', sp-var-dec-heur=''16'', sp-variable-decay='1.6901592315527627', sp-rand-phase-dec-freq=''0.05'', sp-rand-var-dec-scaling='1.0', sp-rand-phase-scaling='1.0508977190674127'
4469.020000, 0.009299, 11755.435917, 88, 7286.415917, sp-clause-activity-inc='0.966014996109225', sp-clause-decay='1.850143007528728', sp-clause-del-heur=''2'', sp-first-restart='127', sp-learned-clause-sort-heur=''5'', sp-learned-clauses-inc='1.118815373965455', sp-learned-size-factor='1.3615727877789936', sp-orig-clause-sort-heur=''16'', sp-phase-dec-heur=''4'', sp-rand-var-dec-freq=''0'', sp-resolution=''0'', sp-restart-inc='1.8901590486659745', sp-update-dec-queue=''0'', sp-use-pure-literal-rule=''0'', sp-var-activity-inc='1.0547247234395327', sp-var-dec-heur=''16'', sp-variable-decay='1.6901592315527627', sp-rand-phase-dec-freq=''0.05'', sp-rand-phase-scaling='1.0508977190674127'
4557.040000, 0.009165, 11970.262201, 89, 7413.222201, sp-clause-activity-inc='1.0419228527806825', sp-clause-decay='1.5566272256143319', sp-clause-del-heur=''2'', sp-first-restart='127', sp-learned-clause-sort-heur=''17'', sp-learned-clauses-inc='1.1776494111484956', sp-learned-size-factor='1.3615727877789936', sp-orig-clause-sort-heur=''16'', sp-phase-dec-heur=''4'', sp-rand-var-dec-freq=''0.0001'', sp-resolution=''1'', sp-restart-inc='1.8901590486659745', sp-update-dec-queue=''0'', sp-use-pure-literal-rule=''0'', sp-var-activity-inc='1.182480080079059', sp-var-dec-heur=''16'', sp-variable-decay='1.6901592315527627', sp-max-res-lit-inc='0.5037973514548328', sp-max-res-runs='4', sp-rand-phase-dec-freq=''0.05'', sp-rand-var-dec-scaling='1.0', sp-res-cutoff-cls='16', sp-res-cutoff-lits='400', sp-res-order-heur=''0'', sp-rand-phase-scaling='1.0508977190674127'
4834.588000, 0.008971, 12596.149660, 92, 7761.561660, sp-clause-activity-inc='0.9229935130711386', sp-clause-decay='1.531965759926085', sp-clause-del-heur=''2'', sp-first-restart='127', sp-learned-clause-sort-heur=''5'', sp-learned-clauses-inc='1.1307647305427404', sp-learned-size-factor='1.4171097100762915', sp-orig-clause-sort-heur=''7'', sp-phase-dec-heur=''4'', sp-rand-var-dec-freq=''0'', sp-resolution=''0'', sp-restart-inc='1.8239659035319877', sp-update-dec-queue=''0'', sp-use-pure-literal-rule=''0'', sp-var-activity-inc='1.2293467768312254', sp-var-dec-heur=''16'', sp-variable-decay='1.6901592315527627', sp-rand-phase-dec-freq=''0.05'', sp-rand-phase-scaling='1.0527917088487093'
4926.960000, 0.008879, 12803.846036, 93, 7876.886036, sp-clause-activity-inc='0.9073189443048482', sp-clause-decay='1.7722238290272418', sp-clause-del-heur=''2'', sp-first-restart='127', sp-learned-clause-sort-heur=''17'', sp-learned-clauses-inc='1.1299911321838112', sp-learned-size-factor='0.9428423618579717', sp-orig-clause-sort-heur=''0'', sp-phase-dec-heur=''3'', sp-rand-var-dec-freq=''0.0001'', sp-resolution=''0'', sp-restart-inc='1.8718779016332268', sp-update-dec-queue=''0'', sp-use-pure-literal-rule=''0'', sp-var-activity-inc='1.1738957810014872', sp-var-dec-heur=''16'', sp-variable-decay='1.6901592315527627', sp-rand-phase-dec-freq=''0.05'', sp-rand-var-dec-scaling='1.0', sp-rand-phase-scaling='1.0527917088487093'
5116.548000, 0.008739, 13221.514640, 95, 8104.966640, sp-clause-activity-inc='0.966014996109225', sp-clause-decay='1.850143007528728', sp-clause-del-heur=''2'', sp-first-restart='127', sp-learned-clause-sort-heur=''15'', sp-learned-clauses-inc='1.1206479976451849', sp-learned-size-factor='1.5787181317763122', sp-orig-clause-sort-heur=''13'', sp-phase-dec-heur=''0'', sp-rand-var-dec-freq=''0'', sp-resolution=''0'', sp-restart-inc='1.8828084382247068', sp-update-dec-queue=''0'', sp-use-pure-literal-rule=''0'', sp-var-activity-inc='1.0373553502161463', sp-var-dec-heur=''16'', sp-variable-decay='1.6901592315527627', sp-rand-phase-dec-freq=''0.05'', sp-rand-phase-scaling='1.0508977190674127'
5516.214000, 0.008612, 14087.127627, 99, 8570.913627, sp-clause-activity-inc='0.9414601167468111', sp-clause-decay='1.4951163984476386', sp-clause-del-heur=''2'', sp-first-restart='127', sp-learned-clause-sort-heur=''15'', sp-learned-clauses-inc='1.4477351359782296', sp-learned-size-factor='1.5926302161469295', sp-orig-clause-sort-heur=''11'', sp-phase-dec-heur=''1'', sp-rand-var-dec-freq=''0'', sp-resolution=''0'', sp-restart-inc='1.8821748903404463', sp-update-dec-queue=''1'', sp-use-pure-literal-rule=''0'', sp-var-activity-inc='0.9675684813028734', sp-var-dec-heur=''16'', sp-variable-decay='1.6901592315527627', sp-rand-phase-dec-freq=''0.0001'', sp-rand-phase-scaling='1.09478732272558'
5722.464000, 0.008499, 14530.651459, 101, 8808.187459, sp-clause-activity-inc='0.9176445549076225', sp-clause-decay='1.8441443567917895', sp-clause-del-heur=''2'', sp-first-restart='127', sp-learned-clause-sort-heur=''5'', sp-learned-clauses-inc='1.4992058623544753', sp-learned-size-factor='0.8756432070263533', sp-orig-clause-sort-heur=''0'', sp-phase-dec-heur=''3'', sp-rand-var-dec-freq=''0.0001'', sp-resolution=''0'', sp-restart-inc='1.5636041518831063', sp-update-dec-queue=''1'', sp-use-pure-literal-rule=''0'', sp-var-activity-inc='0.9494204199075262', sp-var-dec-heur=''16'', sp-variable-decay='1.6901592315527627', sp-rand-phase-dec-freq=''0.05'', sp-rand-var-dec-scaling='1.0', sp-rand-phase-scaling='1.0842582186261165'
5931.548000, 0.008348, 14983.864203, 103, 9052.316203, sp-clause-activity-inc='0.9575864984225031', sp-clause-decay='1.8799238458152998', sp-clause-del-heur=''2'', sp-first-restart='127', sp-learned-clause-sort-heur=''7'', sp-learned-clauses-inc='1.2540858107650132', sp-learned-size-factor='1.2772145963433021', sp-orig-clause-sort-heur=''9'', sp-phase-dec-heur=''3'', sp-rand-var-dec-freq=''0.001'', sp-resolution=''0'', sp-restart-inc='1.6275269111239363', sp-update-dec-queue=''0'', sp-use-pure-literal-rule=''0'', sp-var-activity-inc='1.2884759225574856', sp-var-dec-heur=''16'', sp-variable-decay='1.6901592315527627', sp-rand-phase-dec-freq=''0.05'', sp-rand-var-dec-scaling='1.0', sp-rand-phase-scaling='1.0963929473489364'
6034.100000, 0.008031, 15196.075692, 104, 9161.975692, sp-clause-activity-inc='0.952658357069128', sp-clause-decay='1.8899667625135763', sp-clause-del-heur=''2'', sp-first-restart='127', sp-learned-clause-sort-heur=''15'', sp-learned-clauses-inc='1.1514693273096939', sp-learned-size-factor='0.8969484233184881', sp-orig-clause-sort-heur=''11'', sp-phase-dec-heur=''3'', sp-rand-var-dec-freq=''0'', sp-resolution=''0'', sp-restart-inc='1.8917331968642197', sp-update-dec-queue=''0'', sp-use-pure-literal-rule=''0'', sp-var-activity-inc='1.1937615622130804', sp-var-dec-heur=''16'', sp-variable-decay='1.6901592315527627', sp-rand-phase-dec-freq=''0.05'', sp-rand-phase-scaling='1.0899129118897897'
6247.940000, 0.007959, 15651.637984, 106, 9403.697984, sp-clause-activity-inc='0.9563627900914037', sp-clause-decay='1.8474686174906045', sp-clause-del-heur=''2'', sp-first-restart='127', sp-learned-clause-sort-heur=''1'', sp-learned-clauses-inc='1.1122792845075815', sp-learned-size-factor='1.4394524858916513', sp-orig-clause-sort-heur=''13'', sp-phase-dec-heur=''3'', sp-rand-var-dec-freq=''0'', sp-resolution=''0'', sp-restart-inc='1.7891391985879062', sp-update-dec-queue=''0'', sp-use-pure-literal-rule=''0'', sp-var-activity-inc='0.9542664664324192', sp-var-dec-heur=''16'', sp-variable-decay='1.6901592315527627', sp-rand-phase-dec-freq=''0.05'', sp-rand-phase-scaling='1.0988362277190973'
6353.776000, 0.007865, 15883.414543, 107, 9529.638543, sp-clause-activity-inc='0.940417345424369', sp-clause-decay='1.8387282794424369', sp-clause-del-heur=''2'', sp-first-restart='127', sp-learned-clause-sort-heur=''7'', sp-learned-clauses-inc='1.2282330282450389', sp-learned-size-factor='0.9697081459863728', sp-orig-clause-sort-heur=''0'', sp-phase-dec-heur=''3'', sp-rand-var-dec-freq=''0'', sp-resolution=''0'', sp-restart-inc='1.1421057993038528', sp-update-dec-queue=''0'', sp-use-pure-literal-rule=''0'', sp-var-activity-inc='1.2007942597933665', sp-var-dec-heur=''16'', sp-variable-decay='1.6901592315527627', sp-rand-phase-dec-freq=''0.05'', sp-rand-phase-scaling='1.0988362277190973'
6457.316000, 0.007564, 16120.516083, 108, 9663.200083, sp-clause-activity-inc='0.9214620121139683', sp-clause-decay='1.8330540603834422', sp-clause-del-heur=''2'', sp-first-restart='127', sp-learned-clause-sort-heur=''15'', sp-learned-clauses-inc='1.437754151868444', sp-learned-size-factor='0.9336515824762641', sp-orig-clause-sort-heur=''11'', sp-phase-dec-heur=''3'', sp-rand-var-dec-freq=''0'', sp-resolution=''1'', sp-restart-inc='1.8453847544149546', sp-update-dec-queue=''0'', sp-use-pure-literal-rule=''0'', sp-var-activity-inc='1.1863572051480653', sp-var-dec-heur=''16'', sp-variable-decay='1.6901592315527627', sp-max-res-lit-inc='0.9416024537704488', sp-max-res-runs='4', sp-rand-phase-dec-freq=''0.05'', sp-res-cutoff-cls='8', sp-res-cutoff-lits='400', sp-res-order-heur=''0'', sp-rand-phase-scaling='1.093997157827408'
6668.688000, 0.007494, 16568.204200, 110, 9899.516200, sp-clause-activity-inc='0.9214620121139683', sp-clause-decay='1.8330540603834422', sp-clause-del-heur=''2'', sp-first-restart='127', sp-learned-clause-sort-heur=''5'', sp-learned-clauses-inc='1.4528536115778268', sp-learned-size-factor='0.9418972748278407', sp-orig-clause-sort-heur=''0'', sp-phase-dec-heur=''3'', sp-rand-var-dec-freq=''0.0001'', sp-resolution=''0'', sp-restart-inc='1.8565043765267752', sp-update-dec-queue=''1'', sp-use-pure-literal-rule=''0'', sp-var-activity-inc='1.1863572051480653', sp-var-dec-heur=''16'', sp-variable-decay='1.6901592315527627', sp-rand-phase-dec-freq=''0.05'', sp-rand-var-dec-scaling='1.0', sp-rand-phase-scaling='1.093997157827408'
6773.120000, 0.007252, 16817.522192, 111, 10044.402192, sp-clause-activity-inc='0.9073189443048482', sp-clause-decay='1.8947892403807554', sp-clause-del-heur=''2'', sp-first-restart='127', sp-learned-clause-sort-heur=''17'', sp-learned-clauses-inc='1.4523448799341074', sp-learned-size-factor='1.4161621840204546', sp-orig-clause-sort-heur=''0'', sp-phase-dec-heur=''3'', sp-rand-var-dec-freq=''0.01'', sp-resolution=''0'', sp-restart-inc='1.8956714757020412', sp-update-dec-queue=''1'', sp-use-pure-literal-rule=''0'', sp-var-activity-inc='1.0622970155262232', sp-var-dec-heur=''16'', sp-variable-decay='1.6901592315527627', sp-rand-phase-dec-freq=''0.05'', sp-rand-var-dec-scaling='1.0', sp-rand-phase-scaling='1.0957879844582827'
6877.632000, 0.007138, 17039.617956, 112, 10161.985956, sp-clause-activity-inc='0.9214620121139683', sp-clause-decay='1.961321955808418', sp-clause-del-heur=''2'', sp-first-restart='127', sp-learned-clause-sort-heur=''7'', sp-learned-clauses-inc='1.4879920207783703', sp-learned-size-factor='1.5019008547969797', sp-orig-clause-sort-heur=''11'', sp-phase-dec-heur=''3'', sp-rand-var-dec-freq=''0'', sp-resolution=''0'', sp-restart-inc='1.8549014802412669', sp-update-dec-queue=''1'', sp-use-pure-literal-rule=''0'', sp-var-activity-inc='1.1863572051480653', sp-var-dec-heur=''16'', sp-variable-decay='1.6901592315527627', sp-rand-phase-dec-freq=''0.05'', sp-rand-phase-scaling='1.093997157827408'
7207.300000, 0.006936, 17741.984946, 115, 10534.684946, sp-clause-activity-inc='0.9101754646620471', sp-clause-decay='1.9930457876112666', sp-clause-del-heur=''2'', sp-first-restart='127', sp-learned-clause-sort-heur=''17'', sp-learned-clauses-inc='1.4528151457143665', sp-learned-size-factor='1.17575974863484', sp-orig-clause-sort-heur=''0'', sp-phase-dec-heur=''3'', sp-rand-var-dec-freq=''0'', sp-resolution=''0'', sp-restart-inc='1.8602700488866533', sp-update-dec-queue=''1'', sp-use-pure-literal-rule=''0'', sp-var-activity-inc='0.9834662444462194', sp-var-dec-heur=''16'', sp-variable-decay='1.6901592315527627', sp-rand-phase-dec-freq=''0.05'', sp-rand-phase-scaling='1.0899129118897897'
