"CPU Time Used","Estimated Training Performance","Wallclock Time","Incumbent ID","Automatic Configurator (CPU) Time","Configuration..."
0.000000, 2147483648.000000, 0.000947, 1, 0.000947, sp-clause-activity-inc='1.0', sp-clause-decay='1.4', sp-clause-del-heur=''2'', sp-first-restart='100', sp-learned-clause-sort-heur=''0'', sp-learned-clauses-inc='1.3', sp-learned-size-factor='0.4', sp-orig-clause-sort-heur=''0'', sp-phase-dec-heur=''5'', sp-rand-var-dec-freq=''0.001'', sp-resolution=''1'', sp-restart-inc='1.5', sp-update-dec-queue=''1'', sp-use-pure-literal-rule=''1'', sp-var-activity-inc='1.0', sp-var-dec-heur=''0'', sp-variable-decay='1.4', sp-max-res-lit-inc='1.0', sp-max-res-runs='4', sp-rand-phase-dec-freq=''0.001'', sp-rand-var-dec-scaling='1.0', sp-res-cutoff-cls='8', sp-res-cutoff-lits='400', sp-res-order-heur=''0'', sp-rand-phase-scaling='1.0'
0.012000, 0.012000, 0.172644, 1, 0.160644, sp-clause-activity-inc='1.0', sp-clause-decay='1.4', sp-clause-del-heur=''2'', sp-first-restart='100', sp-learned-clause-sort-heur=''0'', sp-learned-clauses-inc='1.3', sp-learned-size-factor='0.4', sp-orig-clause-sort-heur=''0'', sp-phase-dec-heur=''5'', sp-rand-var-dec-freq=''0.001'', sp-resolution=''1'', sp-restart-inc='1.5', sp-update-dec-queue=''1'', sp-use-pure-literal-rule=''1'', sp-var-activity-inc='1.0', sp-var-dec-heur=''0'', sp-variable-decay='1.4', sp-max-res-lit-inc='1.0', sp-max-res-runs='4', sp-rand-phase-dec-freq=''0.001'', sp-rand-var-dec-scaling='1.0', sp-res-cutoff-cls='8', sp-res-cutoff-lits='400', sp-res-order-heur=''0'', sp-rand-phase-scaling='1.0'
108.452000, 0.131160, 89.898046, 8, -18.553954, sp-clause-activity-inc='0.6040284520122774', sp-clause-decay='1.1324792685518936', sp-clause-del-heur=''2'', sp-first-restart='608', sp-learned-clause-sort-heur=''14'', sp-learned-clauses-inc='1.248787428823709', sp-learned-size-factor='0.1744501448916263', sp-orig-clause-sort-heur=''19'', sp-phase-dec-heur=''3'', sp-rand-var-dec-freq=''0.005'', sp-resolution=''1'', sp-restart-inc='1.4962379277357056', sp-update-dec-queue=''1'', sp-use-pure-literal-rule=''0'', sp-var-activity-inc='1.0703904853509485', sp-var-dec-heur=''16'', sp-variable-decay='1.6177623103592038', sp-max-res-lit-inc='3.8757822369656076', sp-max-res-runs='5', sp-rand-phase-dec-freq=''0.0001'', sp-rand-var-dec-scaling='1.0389350336272483', sp-res-cutoff-cls='3', sp-res-cutoff-lits='108', sp-res-order-heur=''6'', sp-rand-phase-scaling='1.0837961436907888'
179.424000, 0.112240, 205.293427, 18, 25.869427, sp-clause-activity-inc='1.2068267247751447', sp-clause-decay='1.951621167486325', sp-clause-del-heur=''1'', sp-first-restart='1312', sp-learned-clause-sort-heur=''15'', sp-learned-clauses-inc='1.4722126189330442', sp-learned-size-factor='0.4140773336651594', sp-orig-clause-sort-heur=''16'', sp-phase-dec-heur=''0'', sp-rand-var-dec-freq=''0.0001'', sp-resolution=''0'', sp-restart-inc='1.8630304251419225', sp-update-dec-queue=''1'', sp-use-pure-literal-rule=''1'', sp-var-activity-inc='0.7514004116330809', sp-var-dec-heur=''17'', sp-variable-decay='1.372636311722229', sp-rand-phase-dec-freq=''0.001'', sp-rand-var-dec-scaling='0.6223011441735278', sp-rand-phase-scaling='1.0'
860.200000, 0.079360, 1599.638046, 118, 739.438046, sp-clause-activity-inc='0.6595179668055929', sp-clause-decay='1.0286397676974184', sp-clause-del-heur=''0'', sp-first-restart='59', sp-learned-clause-sort-heur=''9'', sp-learned-clauses-inc='1.4341250805847432', sp-learned-size-factor='0.36072379206024', sp-orig-clause-sort-heur=''2'', sp-phase-dec-heur=''5'', sp-rand-var-dec-freq=''0.05'', sp-resolution=''1'', sp-restart-inc='1.4167746476200966', sp-update-dec-queue=''1'', sp-use-pure-literal-rule=''0'', sp-var-activity-inc='0.7274393611168117', sp-var-dec-heur=''3'', sp-variable-decay='1.5598908526425665', sp-max-res-lit-inc='1.0', sp-max-res-runs='26', sp-rand-phase-dec-freq=''0.05'', sp-rand-var-dec-scaling='0.9861108438255608', sp-res-cutoff-cls='8', sp-res-cutoff-lits='400', sp-res-order-heur=''4'', sp-rand-phase-scaling='1.0'
