"CPU Time Used","Estimated Training Performance","Wallclock Time","Incumbent ID","Automatic Configurator (CPU) Time","Configuration..."
0.000000, 2147483648.000000, 0.001388, 1, 0.001388, adaptive=''1'', clausepen=''1'', performrandomwalk=''0'', singleclause=''1'', tabusearch=''0'', adaptivenoisescheme=''1'', adaptwalkprob=''0'', heuristic=''2'', promisinglist=''1'', ps='0.4', selectclause=''1'', smoothingscheme=''1'', adaptiveprom=''0'', decreasingvariable=''3'', performalternatenovelty=''1'', phi='5', theta='6', updateschemepromlist=''3'', wp='0.01', CONadaptpromwalkprob=''0''
5.000000, 50.000000, 7.622431, 1, 2.622431, adaptive=''1'', clausepen=''1'', performrandomwalk=''0'', singleclause=''1'', tabusearch=''0'', adaptivenoisescheme=''1'', adaptwalkprob=''0'', heuristic=''2'', promisinglist=''1'', ps='0.4', selectclause=''1'', smoothingscheme=''1'', adaptiveprom=''0'', decreasingvariable=''3'', performalternatenovelty=''1'', phi='5', theta='6', updateschemepromlist=''3'', wp='0.01', CONadaptpromwalkprob=''0''
118.676000, 0.454545, 106.303712, 3, -12.372288, adaptive=''1'', clausepen=''2'', performrandomwalk=''1'', singleclause=''1'', tabusearch=''1'', adaptivenoisescheme=''2'', adaptwalkprob=''0'', heuristic=''8'', promisinglist=''0'', randomwalk=''5'', tabu='19', rfp='0.12276353009377497'
119.492000, 0.005667, 113.095289, 4, -6.396711, adaptive=''0'', clausepen=''1'', performrandomwalk=''1'', singleclause=''0'', tabusearch=''0'', DLSscoringmeasure=''3'', DLStiebreaking=''1'', randomwalk=''1'', smoothingscheme=''2'', DLSmaxinc='5', DLSpflat='0.1376735266063308', rwp='0.049550034723929354'
122.656000, 0.003077, 120.934539, 5, -1.721461, adaptive=''1'', clausepen=''1'', performrandomwalk=''1'', singleclause=''1'', tabusearch=''0'', adaptivenoisescheme=''1'', adaptwalkprob=''1'', heuristic=''5'', promisinglist=''1'', ps='0.2132333893305503', randomwalk=''4'', selectclause=''7'', smoothingscheme=''2'', adaptiveprom=''1'', decreasingvariable=''3'', phi='3', rfp='0.12534956562005295', theta='9', updateschemepromlist=''3'', adaptpromwalkprob=''1''
234.356000, 0.002444, 233.539340, 16, -0.816660, adaptive=''1'', clausepen=''0'', performrandomwalk=''1'', singleclause=''1'', tabusearch=''0'', CONselectclause=''1'', adaptivenoisescheme=''1'', adaptwalkprob=''1'', heuristic=''4'', promisinglist=''1'', randomwalk=''3'', adaptiveprom=''0'', decreasingvariable=''10'', performalternatenovelty=''1'', phi='9', rdp='0.1431133693694763', theta='4', updateschemepromlist=''2'', CONadaptpromwalkprob=''0'', promnovnoise='0.7630102675731726', CONpromdp='0.06256243200394396'
453.364000, 0.001370, 422.023816, 21, -31.340184, adaptive=''1'', clausepen=''1'', performrandomwalk=''1'', singleclause=''1'', tabusearch=''1'', adaptivenoisescheme=''1'', adaptwalkprob=''1'', heuristic=''10'', promisinglist=''1'', ps='0.633784619531893', randomwalk=''4'', selectclause=''7'', smoothingscheme=''1'', tabu='9', adaptiveprom=''0'', decreasingvariable=''8'', performalternatenovelty=''0'', phi='8', rfp='0.020685568439230816', theta='5', updateschemepromlist=''3'', CONadaptpromwalkprob=''0'', promnovnoise='0.4536257461907649', CONpromdp='0.0866694963655095'
2030.300000, 0.001191, 1673.736105, 39, -356.563895, adaptive=''1'', clausepen=''2'', performrandomwalk=''1'', singleclause=''0'', tabusearch=''0'', DLSscoringmeasure=''1'', DLStiebreaking=''2'', adaptivenoisescheme=''2'', randomwalk=''5'', rfp='0.06956019701611749'
2407.040000, 0.001185, 2026.907006, 51, -380.132994, adaptive=''1'', clausepen=''2'', performrandomwalk=''0'', singleclause=''0'', tabusearch=''0'', DLSscoringmeasure=''1'', DLStiebreaking=''4'', adaptivenoisescheme=''1''
2451.536000, 0.000923, 2102.478524, 57, -349.057476, adaptive=''1'', clausepen=''0'', performrandomwalk=''1'', singleclause=''1'', tabusearch=''1'', CONselectclause=''1'', adaptivenoisescheme=''2'', adaptwalkprob=''1'', heuristic=''6'', promisinglist=''1'', randomwalk=''3'', tabu='8', adaptiveprom=''1'', decreasingvariable=''11'', phi='7', rdp='0.04951549439611766', theta='8', updateschemepromlist=''3'', adaptpromwalkprob=''0'', promphi='6', promtheta='9', promwp='0.031004844999505364'
4038.568000, 0.000771, 3410.502481, 77, -628.065519, adaptive=''1'', clausepen=''1'', performrandomwalk=''1'', singleclause=''1'', tabusearch=''0'', adaptivenoisescheme=''1'', adaptwalkprob=''1'', heuristic=''3'', promisinglist=''1'', ps='0.839106330008201', randomwalk=''5'', selectclause=''7'', smoothingscheme=''1'', adaptiveprom=''0'', decreasingvariable=''5'', performalternatenovelty=''1'', phi='6', rfp='0.08025510234358121', theta='6', updateschemepromlist=''3'', CONadaptpromwalkprob=''0'', tiebreaking='3'
