{"incumbent": ["adaptive=''1''", "clausepen=''1''", "performrandomwalk=''0''", "singleclause=''1''", "tabusearch=''0''", "adaptivenoisescheme=''1''", "adaptwalkprob=''0''", "heuristic=''2''", "promisinglist=''1''", "ps='0.4'", "selectclause=''1''", "smoothingscheme=''1''", "adaptiveprom=''0''", "decreasingvariable=''3''", "performalternatenovelty=''1''", "phi='5'", "theta='6'", "updateschemepromlist=''3''", "wp='0.01'", "CONadaptpromwalkprob=''0''"], "total_cpu_time": null, "cost": 2147483648, "evaluations": 0, "cpu_time": 0, "wallclock_time": 0.0013878345489501953}
{"incumbent": ["adaptive=''1''", "clausepen=''1''", "performrandomwalk=''0''", "singleclause=''1''", "tabusearch=''0''", "adaptivenoisescheme=''1''", "adaptwalkprob=''0''", "heuristic=''2''", "promisinglist=''1''", "ps='0.4'", "selectclause=''1''", "smoothingscheme=''1''", "adaptiveprom=''0''", "decreasingvariable=''3''", "performalternatenovelty=''1''", "phi='5'", "theta='6'", "updateschemepromlist=''3''", "wp='0.01'", "CONadaptpromwalkprob=''0''"], "total_cpu_time": null, "cost": 50, "evaluations": 1, "cpu_time": 5.0, "wallclock_time": 7.622431039810181}
{"incumbent": ["adaptive=''1''", "clausepen=''2''", "performrandomwalk=''1''", "singleclause=''1''", "tabusearch=''1''", "adaptivenoisescheme=''2''", "adaptwalkprob=''0''", "heuristic=''8''", "promisinglist=''0''", "randomwalk=''5''", "tabu='19'", "rfp='0.12276353009377497'"], "total_cpu_time": null, "cost": 0.45454545454545453, "evaluations": 32, "cpu_time": 118.676, "wallclock_time": 106.30371236801147}
{"incumbent": ["adaptive=''0''", "clausepen=''1''", "performrandomwalk=''1''", "singleclause=''0''", "tabusearch=''0''", "DLSscoringmeasure=''3''", "DLStiebreaking=''1''", "randomwalk=''1''", "smoothingscheme=''2''", "DLSmaxinc='5'", "DLSpflat='0.1376735266063308'", "rwp='0.049550034723929354'"], "total_cpu_time": null, "cost": 0.005666666666666668, "evaluations": 44, "cpu_time": 119.49199999999998, "wallclock_time": 113.09528875350952}
{"incumbent": ["adaptive=''1''", "clausepen=''1''", "performrandomwalk=''1''", "singleclause=''1''", "tabusearch=''0''", "adaptivenoisescheme=''1''", "adaptwalkprob=''1''", "heuristic=''5''", "promisinglist=''1''", "ps='0.2132333893305503'", "randomwalk=''4''", "selectclause=''7''", "smoothingscheme=''2''", "adaptiveprom=''1''", "decreasingvariable=''3''", "phi='3'", "rfp='0.12534956562005295'", "theta='9'", "updateschemepromlist=''3''", "adaptpromwalkprob=''1''"], "total_cpu_time": null, "cost": 0.0030769230769230765, "evaluations": 65, "cpu_time": 122.65600000000003, "wallclock_time": 120.93453884124756}
{"incumbent": ["adaptive=''1''", "clausepen=''0''", "performrandomwalk=''1''", "singleclause=''1''", "tabusearch=''0''", "CONselectclause=''1''", "adaptivenoisescheme=''1''", "adaptwalkprob=''1''", "heuristic=''4''", "promisinglist=''1''", "randomwalk=''3''", "adaptiveprom=''0''", "decreasingvariable=''10''", "performalternatenovelty=''1''", "phi='9'", "rdp='0.1431133693694763'", "theta='4'", "updateschemepromlist=''2''", "CONadaptpromwalkprob=''0''", "promnovnoise='0.7630102675731726'", "CONpromdp='0.06256243200394396'"], "total_cpu_time": null, "cost": 0.0024444444444444453, "evaluations": 177, "cpu_time": 234.35600000000002, "wallclock_time": 233.53933954238892}
{"incumbent": ["adaptive=''1''", "clausepen=''1''", "performrandomwalk=''1''", "singleclause=''1''", "tabusearch=''1''", "adaptivenoisescheme=''1''", "adaptwalkprob=''1''", "heuristic=''10''", "promisinglist=''1''", "ps='0.633784619531893'", "randomwalk=''4''", "selectclause=''7''", "smoothingscheme=''1''", "tabu='9'", "adaptiveprom=''0''", "decreasingvariable=''8''", "performalternatenovelty=''0''", "phi='8'", "rfp='0.020685568439230816'", "theta='5'", "updateschemepromlist=''3''", "CONadaptpromwalkprob=''0''", "promnovnoise='0.4536257461907649'", "CONpromdp='0.0866694963655095'"], "total_cpu_time": null, "cost": 0.001369614512471656, "evaluations": 271, "cpu_time": 453.36400000000015, "wallclock_time": 422.0238161087036}
{"incumbent": ["adaptive=''1''", "clausepen=''2''", "performrandomwalk=''1''", "singleclause=''0''", "tabusearch=''0''", "DLSscoringmeasure=''1''", "DLStiebreaking=''2''", "adaptivenoisescheme=''2''", "randomwalk=''5''", "rfp='0.06956019701611749'"], "total_cpu_time": null, "cost": 0.001191111111111111, "evaluations": 663, "cpu_time": 2030.2999999999984, "wallclock_time": 1673.7361052036285}
{"incumbent": ["adaptive=''1''", "clausepen=''2''", "performrandomwalk=''0''", "singleclause=''0''", "tabusearch=''0''", "DLSscoringmeasure=''1''", "DLStiebreaking=''4''", "adaptivenoisescheme=''1''"], "total_cpu_time": null, "cost": 0.0011851851851851858, "evaluations": 952, "cpu_time": 2407.0399999999922, "wallclock_time": 2026.9070055484772}
{"incumbent": ["adaptive=''1''", "clausepen=''0''", "performrandomwalk=''1''", "singleclause=''1''", "tabusearch=''1''", "CONselectclause=''1''", "adaptivenoisescheme=''2''", "adaptwalkprob=''1''", "heuristic=''6''", "promisinglist=''1''", "randomwalk=''3''", "tabu='8'", "adaptiveprom=''1''", "decreasingvariable=''11''", "phi='7'", "rdp='0.04951549439611766'", "theta='8'", "updateschemepromlist=''3''", "adaptpromwalkprob=''0''", "promphi='6'", "promtheta='9'", "promwp='0.031004844999505364'"], "total_cpu_time": null, "cost": 0.0009230769230769234, "evaluations": 1073, "cpu_time": 2451.5359999999923, "wallclock_time": 2102.4785237312317}
{"incumbent": ["adaptive=''1''", "clausepen=''1''", "performrandomwalk=''1''", "singleclause=''1''", "tabusearch=''0''", "adaptivenoisescheme=''1''", "adaptwalkprob=''1''", "heuristic=''3''", "promisinglist=''1''", "ps='0.839106330008201'", "randomwalk=''5''", "selectclause=''7''", "smoothingscheme=''1''", "adaptiveprom=''0''", "decreasingvariable=''5''", "performalternatenovelty=''1''", "phi='6'", "rfp='0.08025510234358121'", "theta='6'", "updateschemepromlist=''3''", "CONadaptpromwalkprob=''0''", "tiebreaking='3'"], "total_cpu_time": null, "cost": 0.0007713452728029992, "evaluations": 1787, "cpu_time": 4038.5679999999807, "wallclock_time": 3410.5024814605713}
