"CPU Time Used","Estimated Training Performance","Wallclock Time","Incumbent ID","Automatic Configurator (CPU) Time","Configuration..."
0.000000, 2147483648.000000, 0.000916, 1, 0.000916, sp-clause-activity-inc='1.0', sp-clause-decay='1.4', sp-clause-del-heur=''2'', sp-first-restart='100', sp-learned-clause-sort-heur=''0'', sp-learned-clauses-inc='1.3', sp-learned-size-factor='0.4', sp-orig-clause-sort-heur=''0'', sp-phase-dec-heur=''5'', sp-rand-var-dec-freq=''0.001'', sp-resolution=''1'', sp-restart-inc='1.5', sp-update-dec-queue=''1'', sp-use-pure-literal-rule=''1'', sp-var-activity-inc='1.0', sp-var-dec-heur=''0'', sp-variable-decay='1.4', sp-max-res-lit-inc='1.0', sp-max-res-runs='4', sp-rand-phase-dec-freq=''0.001'', sp-rand-var-dec-scaling='1.0', sp-res-cutoff-cls='8', sp-res-cutoff-lits='400', sp-res-order-heur=''0'', sp-rand-phase-scaling='1.0'
0.064000, 0.064000, 0.309125, 1, 0.245125, sp-clause-activity-inc='1.0', sp-clause-decay='1.4', sp-clause-del-heur=''2'', sp-first-restart='100', sp-learned-clause-sort-heur=''0'', sp-learned-clauses-inc='1.3', sp-learned-size-factor='0.4', sp-orig-clause-sort-heur=''0'', sp-phase-dec-heur=''5'', sp-rand-var-dec-freq=''0.001'', sp-resolution=''1'', sp-restart-inc='1.5', sp-update-dec-queue=''1'', sp-use-pure-literal-rule=''1'', sp-var-activity-inc='1.0', sp-var-dec-heur=''0'', sp-variable-decay='1.4', sp-max-res-lit-inc='1.0', sp-max-res-runs='4', sp-rand-phase-dec-freq=''0.001'', sp-rand-var-dec-scaling='1.0', sp-res-cutoff-cls='8', sp-res-cutoff-lits='400', sp-res-order-heur=''0'', sp-rand-phase-scaling='1.0'
102.104000, 0.115240, 92.961937, 5, -9.142063, sp-clause-activity-inc='0.810774540875304', sp-clause-decay='1.37248652390427', sp-clause-del-heur=''0'', sp-first-restart='1264', sp-learned-clause-sort-heur=''7'', sp-learned-clauses-inc='1.1981352019753795', sp-learned-size-factor='1.0330041993068666', sp-orig-clause-sort-heur=''4'', sp-phase-dec-heur=''2'', sp-rand-var-dec-freq=''0.005'', sp-resolution=''0'', sp-restart-inc='1.636623266636022', sp-update-dec-queue=''1'', sp-use-pure-literal-rule=''1'', sp-var-activity-inc='0.510153835828418', sp-var-dec-heur=''5'', sp-variable-decay='1.9352754623407449', sp-rand-var-dec-scaling='0.9305510588689139'
508.864000, 0.100560, 401.862878, 46, -107.001122, sp-clause-activity-inc='0.810774540875304', sp-clause-decay='1.37248652390427', sp-clause-del-heur=''0'', sp-first-restart='3200', sp-learned-clause-sort-heur=''7'', sp-learned-clauses-inc='1.1981352019753795', sp-learned-size-factor='1.0330041993068666', sp-orig-clause-sort-heur=''4'', sp-phase-dec-heur=''2'', sp-rand-var-dec-freq=''0.005'', sp-resolution=''0'', sp-restart-inc='1.636623266636022', sp-update-dec-queue=''1'', sp-use-pure-literal-rule=''1'', sp-var-activity-inc='0.510153835828418', sp-var-dec-heur=''5'', sp-variable-decay='1.9352754623407449', sp-rand-var-dec-scaling='0.9305510588689139'
1249.508000, 0.097680, 969.722939, 126, -279.785061, sp-clause-activity-inc='0.810774540875304', sp-clause-decay='1.109656293971416', sp-clause-del-heur=''0'', sp-first-restart='3200', sp-learned-clause-sort-heur=''7'', sp-learned-clauses-inc='1.1981352019753795', sp-learned-size-factor='1.0330041993068666', sp-orig-clause-sort-heur=''4'', sp-phase-dec-heur=''2'', sp-rand-var-dec-freq=''0.005'', sp-resolution=''0'', sp-restart-inc='1.636623266636022', sp-update-dec-queue=''1'', sp-use-pure-literal-rule=''1'', sp-var-activity-inc='0.510153835828418', sp-var-dec-heur=''5'', sp-variable-decay='1.9352754623407449', sp-rand-var-dec-scaling='0.9305510588689139'
2267.386000, 0.097240, 1752.383388, 231, -515.002612, sp-clause-activity-inc='0.810774540875304', sp-clause-decay='1.109656293971416', sp-clause-del-heur=''0'', sp-first-restart='3200', sp-learned-clause-sort-heur=''7'', sp-learned-clauses-inc='1.2417097196352795', sp-learned-size-factor='0.870553059925617', sp-orig-clause-sort-heur=''4'', sp-phase-dec-heur=''2'', sp-rand-var-dec-freq=''0.005'', sp-resolution=''0'', sp-restart-inc='1.636623266636022', sp-update-dec-queue=''1'', sp-use-pure-literal-rule=''1'', sp-var-activity-inc='0.510153835828418', sp-var-dec-heur=''5'', sp-variable-decay='1.9352754623407449', sp-rand-var-dec-scaling='0.9305510588689139'
3447.426000, 0.094920, 2652.457037, 234, -794.968963, sp-clause-activity-inc='0.810774540875304', sp-clause-decay='1.109656293971416', sp-clause-del-heur=''0'', sp-first-restart='3200', sp-learned-clause-sort-heur=''7'', sp-learned-clauses-inc='1.2417097196352795', sp-learned-size-factor='0.870553059925617', sp-orig-clause-sort-heur=''13'', sp-phase-dec-heur=''2'', sp-rand-var-dec-freq=''0.005'', sp-resolution=''0'', sp-restart-inc='1.636623266636022', sp-update-dec-queue=''1'', sp-use-pure-literal-rule=''1'', sp-var-activity-inc='0.510153835828418', sp-var-dec-heur=''5'', sp-variable-decay='1.9352754623407449', sp-rand-var-dec-scaling='0.9305510588689139'
4059.456000, 0.094600, 3119.701652, 347, -939.754348, sp-clause-activity-inc='0.810774540875304', sp-clause-decay='1.109656293971416', sp-clause-del-heur=''2'', sp-first-restart='3200', sp-learned-clause-sort-heur=''7'', sp-learned-clauses-inc='1.2417097196352795', sp-learned-size-factor='0.870553059925617', sp-orig-clause-sort-heur=''13'', sp-phase-dec-heur=''2'', sp-rand-var-dec-freq=''0.005'', sp-resolution=''0'', sp-restart-inc='1.636623266636022', sp-update-dec-queue=''1'', sp-use-pure-literal-rule=''1'', sp-var-activity-inc='0.510153835828418', sp-var-dec-heur=''5'', sp-variable-decay='1.9352754623407449', sp-rand-var-dec-scaling='0.9305510588689139'
5296.588000, 0.094440, 4072.723086, 540, -1223.864914, sp-clause-activity-inc='0.9185710784637833', sp-clause-decay='1.109656293971416', sp-clause-del-heur=''2'', sp-first-restart='3200', sp-learned-clause-sort-heur=''7'', sp-learned-clauses-inc='1.2417097196352795', sp-learned-size-factor='0.870553059925617', sp-orig-clause-sort-heur=''13'', sp-phase-dec-heur=''2'', sp-rand-var-dec-freq=''0.005'', sp-resolution=''0'', sp-restart-inc='1.636623266636022', sp-update-dec-queue=''1'', sp-use-pure-literal-rule=''1'', sp-var-activity-inc='0.510153835828418', sp-var-dec-heur=''5'', sp-variable-decay='1.9352754623407449', sp-rand-var-dec-scaling='0.9305510588689139'
6196.332000, 0.091280, 4771.603897, 637, -1424.728103, sp-clause-activity-inc='0.9185710784637833', sp-clause-decay='1.109656293971416', sp-clause-del-heur=''2'', sp-first-restart='3200', sp-learned-clause-sort-heur=''7'', sp-learned-clauses-inc='1.2417097196352795', sp-learned-size-factor='0.870553059925617', sp-orig-clause-sort-heur=''13'', sp-phase-dec-heur=''2'', sp-rand-var-dec-freq=''0.005'', sp-resolution=''0'', sp-restart-inc='1.636623266636022', sp-update-dec-queue=''1'', sp-use-pure-literal-rule=''1'', sp-var-activity-inc='0.510153835828418', sp-var-dec-heur=''5'', sp-variable-decay='1.9352754623407449', sp-rand-var-dec-scaling='1.0484530156076042'
6575.428000, 0.087840, 5065.325290, 678, -1510.102710, sp-clause-activity-inc='0.9185710784637833', sp-clause-decay='1.109656293971416', sp-clause-del-heur=''2'', sp-first-restart='3200', sp-learned-clause-sort-heur=''7'', sp-learned-clauses-inc='1.136898987340518', sp-learned-size-factor='0.870553059925617', sp-orig-clause-sort-heur=''13'', sp-phase-dec-heur=''2'', sp-rand-var-dec-freq=''0.005'', sp-resolution=''0'', sp-restart-inc='1.636623266636022', sp-update-dec-queue=''1'', sp-use-pure-literal-rule=''1'', sp-var-activity-inc='0.510153835828418', sp-var-dec-heur=''5'', sp-variable-decay='1.9352754623407449', sp-rand-var-dec-scaling='1.0484530156076042'
6652.384000, 0.087800, 5123.586423, 691, -1528.797577, sp-clause-activity-inc='0.9185710784637833', sp-clause-decay='1.109656293971416', sp-clause-del-heur=''2'', sp-first-restart='3200', sp-learned-clause-sort-heur=''7'', sp-learned-clauses-inc='1.136898987340518', sp-learned-size-factor='0.870553059925617', sp-orig-clause-sort-heur=''13'', sp-phase-dec-heur=''2'', sp-rand-var-dec-freq=''0.005'', sp-resolution=''0'', sp-restart-inc='1.636623266636022', sp-update-dec-queue=''1'', sp-use-pure-literal-rule=''0'', sp-var-activity-inc='0.510153835828418', sp-var-dec-heur=''5'', sp-variable-decay='1.9352754623407449', sp-rand-var-dec-scaling='1.0484530156076042'
6720.248000, 0.080880, 5178.581853, 696, -1541.666147, sp-clause-activity-inc='0.9185710784637833', sp-clause-decay='1.109656293971416', sp-clause-del-heur=''2'', sp-first-restart='3200', sp-learned-clause-sort-heur=''7'', sp-learned-clauses-inc='1.136898987340518', sp-learned-size-factor='0.870553059925617', sp-orig-clause-sort-heur=''13'', sp-phase-dec-heur=''2'', sp-rand-var-dec-freq=''0.005'', sp-resolution=''0'', sp-restart-inc='1.6241773925159229', sp-update-dec-queue=''1'', sp-use-pure-literal-rule=''0'', sp-var-activity-inc='0.510153835828418', sp-var-dec-heur=''5'', sp-variable-decay='1.9352754623407449', sp-rand-var-dec-scaling='1.0484530156076042'
7144.196000, 0.078760, 5516.235496, 743, -1627.960504, sp-clause-activity-inc='0.9185710784637833', sp-clause-decay='1.2184179200343876', sp-clause-del-heur=''2'', sp-first-restart='3200', sp-learned-clause-sort-heur=''7'', sp-learned-clauses-inc='1.136898987340518', sp-learned-size-factor='0.870553059925617', sp-orig-clause-sort-heur=''13'', sp-phase-dec-heur=''2'', sp-rand-var-dec-freq=''0.005'', sp-resolution=''0'', sp-restart-inc='1.6241773925159229', sp-update-dec-queue=''1'', sp-use-pure-literal-rule=''0'', sp-var-activity-inc='0.510153835828418', sp-var-dec-heur=''5'', sp-variable-decay='1.9352754623407449', sp-rand-var-dec-scaling='1.0484530156076042'
8200.696000, 0.078720, 6371.132552, 753, -1829.563448, sp-clause-activity-inc='0.9185710784637833', sp-clause-decay='1.2184179200343876', sp-clause-del-heur=''0'', sp-first-restart='3200', sp-learned-clause-sort-heur=''7'', sp-learned-clauses-inc='1.136898987340518', sp-learned-size-factor='0.870553059925617', sp-orig-clause-sort-heur=''13'', sp-phase-dec-heur=''2'', sp-rand-var-dec-freq=''0.005'', sp-resolution=''0'', sp-restart-inc='1.6241773925159229', sp-update-dec-queue=''1'', sp-use-pure-literal-rule=''0'', sp-var-activity-inc='0.510153835828418', sp-var-dec-heur=''5'', sp-variable-decay='1.9352754623407449', sp-rand-var-dec-scaling='1.0484530156076042'
8543.308000, 0.078720, 6650.692396, 905, -1892.615604, sp-clause-activity-inc='0.9185710784637833', sp-clause-decay='1.2184179200343876', sp-clause-del-heur=''0'', sp-first-restart='3200', sp-learned-clause-sort-heur=''7'', sp-learned-clauses-inc='1.136898987340518', sp-learned-size-factor='0.870553059925617', sp-orig-clause-sort-heur=''13'', sp-phase-dec-heur=''2'', sp-rand-var-dec-freq=''0.005'', sp-resolution=''0'', sp-restart-inc='1.6241773925159229', sp-update-dec-queue=''1'', sp-use-pure-literal-rule=''1'', sp-var-activity-inc='0.510153835828418', sp-var-dec-heur=''5'', sp-variable-decay='1.9352754623407449', sp-rand-var-dec-scaling='1.0484530156076042'
9108.696000, 0.078600, 7104.385308, 974, -2004.310692, sp-clause-activity-inc='0.9185710784637833', sp-clause-decay='1.2184179200343876', sp-clause-del-heur=''0'', sp-first-restart='3200', sp-learned-clause-sort-heur=''4'', sp-learned-clauses-inc='1.136898987340518', sp-learned-size-factor='0.829484975685319', sp-orig-clause-sort-heur=''13'', sp-phase-dec-heur=''2'', sp-rand-var-dec-freq=''0.005'', sp-resolution=''0'', sp-restart-inc='1.6241773925159229', sp-update-dec-queue=''1'', sp-use-pure-literal-rule=''1'', sp-var-activity-inc='0.510153835828418', sp-var-dec-heur=''5'', sp-variable-decay='1.9352754623407449', sp-rand-var-dec-scaling='1.0484530156076042'
9645.588000, 0.077720, 7538.910183, 993, -2106.677817, sp-clause-activity-inc='0.9185710784637833', sp-clause-decay='1.2184179200343876', sp-clause-del-heur=''0'', sp-first-restart='3200', sp-learned-clause-sort-heur=''4'', sp-learned-clauses-inc='1.136898987340518', sp-learned-size-factor='0.829484975685319', sp-orig-clause-sort-heur=''13'', sp-phase-dec-heur=''2'', sp-rand-var-dec-freq=''0.005'', sp-resolution=''0'', sp-restart-inc='1.6241773925159229', sp-update-dec-queue=''0'', sp-use-pure-literal-rule=''1'', sp-var-activity-inc='0.510153835828418', sp-var-dec-heur=''5'', sp-variable-decay='1.9352754623407449', sp-rand-var-dec-scaling='1.0484530156076042'
10175.292000, 0.076360, 7976.133968, 1096, -2199.158032, sp-clause-activity-inc='0.9185710784637833', sp-clause-decay='1.2184179200343876', sp-clause-del-heur=''0'', sp-first-restart='3200', sp-learned-clause-sort-heur=''4'', sp-learned-clauses-inc='1.136898987340518', sp-learned-size-factor='0.829484975685319', sp-orig-clause-sort-heur=''14'', sp-phase-dec-heur=''2'', sp-rand-var-dec-freq=''0.005'', sp-resolution=''0'', sp-restart-inc='1.6241773925159229', sp-update-dec-queue=''0'', sp-use-pure-literal-rule=''1'', sp-var-activity-inc='0.510153835828418', sp-var-dec-heur=''5'', sp-variable-decay='1.9352754623407449', sp-rand-var-dec-scaling='1.0484530156076042'
10591.492000, 0.076240, 8321.173711, 1104, -2270.318289, sp-clause-activity-inc='0.9185710784637833', sp-clause-decay='1.2184179200343876', sp-clause-del-heur=''0'', sp-first-restart='3200', sp-learned-clause-sort-heur=''4'', sp-learned-clauses-inc='1.136898987340518', sp-learned-size-factor='0.829484975685319', sp-orig-clause-sort-heur=''14'', sp-phase-dec-heur=''2'', sp-rand-var-dec-freq=''0.005'', sp-resolution=''0'', sp-restart-inc='1.6241773925159229', sp-update-dec-queue=''0'', sp-use-pure-literal-rule=''0'', sp-var-activity-inc='0.510153835828418', sp-var-dec-heur=''5'', sp-variable-decay='1.9352754623407449', sp-rand-var-dec-scaling='1.0484530156076042'
10729.740000, 0.075800, 8433.666554, 1161, -2296.073446, sp-clause-activity-inc='0.9185710784637833', sp-clause-decay='1.1056793351426113', sp-clause-del-heur=''0'', sp-first-restart='3200', sp-learned-clause-sort-heur=''4'', sp-learned-clauses-inc='1.136898987340518', sp-learned-size-factor='0.829484975685319', sp-orig-clause-sort-heur=''14'', sp-phase-dec-heur=''2'', sp-rand-var-dec-freq=''0.005'', sp-resolution=''0'', sp-restart-inc='1.6241773925159229', sp-update-dec-queue=''0'', sp-use-pure-literal-rule=''0'', sp-var-activity-inc='0.510153835828418', sp-var-dec-heur=''5'', sp-variable-decay='1.9352754623407449', sp-rand-var-dec-scaling='1.0484530156076042'
10859.752000, 0.074800, 8543.398779, 1186, -2316.353221, sp-clause-activity-inc='0.9185710784637833', sp-clause-decay='1.1056793351426113', sp-clause-del-heur=''0'', sp-first-restart='3200', sp-learned-clause-sort-heur=''4'', sp-learned-clauses-inc='1.1990948750770407', sp-learned-size-factor='0.7594921259219988', sp-orig-clause-sort-heur=''14'', sp-phase-dec-heur=''2'', sp-rand-var-dec-freq=''0.005'', sp-resolution=''0'', sp-restart-inc='1.6241773925159229', sp-update-dec-queue=''0'', sp-use-pure-literal-rule=''0'', sp-var-activity-inc='0.510153835828418', sp-var-dec-heur=''5'', sp-variable-decay='1.9352754623407449', sp-rand-var-dec-scaling='1.0484530156076042'
14982.812000, 0.073600, 12002.006636, 1600, -2980.805364, sp-clause-activity-inc='0.9185710784637833', sp-clause-decay='1.1056793351426113', sp-clause-del-heur=''0'', sp-first-restart='3200', sp-learned-clause-sort-heur=''4'', sp-learned-clauses-inc='1.1990948750770407', sp-learned-size-factor='0.4112735169610061', sp-orig-clause-sort-heur=''14'', sp-phase-dec-heur=''2'', sp-rand-var-dec-freq=''0.005'', sp-resolution=''0'', sp-restart-inc='1.6241773925159229', sp-update-dec-queue=''0'', sp-use-pure-literal-rule=''0'', sp-var-activity-inc='0.510153835828418', sp-var-dec-heur=''5'', sp-variable-decay='1.9352754623407449', sp-rand-var-dec-scaling='1.0484530156076042'
16784.696000, 0.073560, 13515.737976, 1775, -3268.958024, sp-clause-activity-inc='0.9303027228734719', sp-clause-decay='1.1056793351426113', sp-clause-del-heur=''0'', sp-first-restart='3200', sp-learned-clause-sort-heur=''4'', sp-learned-clauses-inc='1.1990948750770407', sp-learned-size-factor='0.4112735169610061', sp-orig-clause-sort-heur=''14'', sp-phase-dec-heur=''2'', sp-rand-var-dec-freq=''0.005'', sp-resolution=''0'', sp-restart-inc='1.6241773925159229', sp-update-dec-queue=''0'', sp-use-pure-literal-rule=''0'', sp-var-activity-inc='0.510153835828418', sp-var-dec-heur=''5'', sp-variable-decay='1.9352754623407449', sp-rand-var-dec-scaling='1.0484530156076042'
21092.114000, 0.072480, 17172.569992, 1799, -3919.544008, sp-clause-activity-inc='0.9303027228734719', sp-clause-decay='1.1056793351426113', sp-clause-del-heur=''0'', sp-first-restart='3200', sp-learned-clause-sort-heur=''4'', sp-learned-clauses-inc='1.1990948750770407', sp-learned-size-factor='0.4112735169610061', sp-orig-clause-sort-heur=''14'', sp-phase-dec-heur=''2'', sp-rand-var-dec-freq=''0.005'', sp-resolution=''0'', sp-restart-inc='1.6241773925159229', sp-update-dec-queue=''1'', sp-use-pure-literal-rule=''0'', sp-var-activity-inc='0.510153835828418', sp-var-dec-heur=''5'', sp-variable-decay='1.9352754623407449', sp-rand-var-dec-scaling='1.0484530156076042'
