{"evaluations": 0, "total_cpu_time": null, "cpu_time": 0, "cost": 2147483648, "wallclock_time": 0.0009164810180664062, "incumbent": ["sp-clause-activity-inc='1.0'", "sp-clause-decay='1.4'", "sp-clause-del-heur=''2''", "sp-first-restart='100'", "sp-learned-clause-sort-heur=''0''", "sp-learned-clauses-inc='1.3'", "sp-learned-size-factor='0.4'", "sp-orig-clause-sort-heur=''0''", "sp-phase-dec-heur=''5''", "sp-rand-var-dec-freq=''0.001''", "sp-resolution=''1''", "sp-restart-inc='1.5'", "sp-update-dec-queue=''1''", "sp-use-pure-literal-rule=''1''", "sp-var-activity-inc='1.0'", "sp-var-dec-heur=''0''", "sp-variable-decay='1.4'", "sp-max-res-lit-inc='1.0'", "sp-max-res-runs='4'", "sp-rand-phase-dec-freq=''0.001''", "sp-rand-var-dec-scaling='1.0'", "sp-res-cutoff-cls='8'", "sp-res-cutoff-lits='400'", "sp-res-order-heur=''0''", "sp-rand-phase-scaling='1.0'"]}
{"evaluations": 1, "total_cpu_time": null, "cpu_time": 0.064, "cost": 0.064, "wallclock_time": 0.3091251850128174, "incumbent": ["sp-clause-activity-inc='1.0'", "sp-clause-decay='1.4'", "sp-clause-del-heur=''2''", "sp-first-restart='100'", "sp-learned-clause-sort-heur=''0''", "sp-learned-clauses-inc='1.3'", "sp-learned-size-factor='0.4'", "sp-orig-clause-sort-heur=''0''", "sp-phase-dec-heur=''5''", "sp-rand-var-dec-freq=''0.001''", "sp-resolution=''1''", "sp-restart-inc='1.5'", "sp-update-dec-queue=''1''", "sp-use-pure-literal-rule=''1''", "sp-var-activity-inc='1.0'", "sp-var-dec-heur=''0''", "sp-variable-decay='1.4'", "sp-max-res-lit-inc='1.0'", "sp-max-res-runs='4'", "sp-rand-phase-dec-freq=''0.001''", "sp-rand-var-dec-scaling='1.0'", "sp-res-cutoff-cls='8'", "sp-res-cutoff-lits='400'", "sp-res-order-heur=''0''", "sp-rand-phase-scaling='1.0'"]}
{"evaluations": 65, "total_cpu_time": null, "cpu_time": 102.104, "cost": 0.11523999999999998, "wallclock_time": 92.96193742752075, "incumbent": ["sp-clause-activity-inc='0.810774540875304'", "sp-clause-decay='1.37248652390427'", "sp-clause-del-heur=''0''", "sp-first-restart='1264'", "sp-learned-clause-sort-heur=''7''", "sp-learned-clauses-inc='1.1981352019753795'", "sp-learned-size-factor='1.0330041993068666'", "sp-orig-clause-sort-heur=''4''", "sp-phase-dec-heur=''2''", "sp-rand-var-dec-freq=''0.005''", "sp-resolution=''0''", "sp-restart-inc='1.636623266636022'", "sp-update-dec-queue=''1''", "sp-use-pure-literal-rule=''1''", "sp-var-activity-inc='0.510153835828418'", "sp-var-dec-heur=''5''", "sp-variable-decay='1.9352754623407449'", "sp-rand-var-dec-scaling='0.9305510588689139'"]}
{"evaluations": 390, "total_cpu_time": null, "cpu_time": 508.86399999999975, "cost": 0.10056000000000001, "wallclock_time": 401.8628783226013, "incumbent": ["sp-clause-activity-inc='0.810774540875304'", "sp-clause-decay='1.37248652390427'", "sp-clause-del-heur=''0''", "sp-first-restart='3200'", "sp-learned-clause-sort-heur=''7''", "sp-learned-clauses-inc='1.1981352019753795'", "sp-learned-size-factor='1.0330041993068666'", "sp-orig-clause-sort-heur=''4''", "sp-phase-dec-heur=''2''", "sp-rand-var-dec-freq=''0.005''", "sp-resolution=''0''", "sp-restart-inc='1.636623266636022'", "sp-update-dec-queue=''1''", "sp-use-pure-literal-rule=''1''", "sp-var-activity-inc='0.510153835828418'", "sp-var-dec-heur=''5''", "sp-variable-decay='1.9352754623407449'", "sp-rand-var-dec-scaling='0.9305510588689139'"]}
{"evaluations": 975, "total_cpu_time": null, "cpu_time": 1249.5079999999957, "cost": 0.09767999999999999, "wallclock_time": 969.7229387760162, "incumbent": ["sp-clause-activity-inc='0.810774540875304'", "sp-clause-decay='1.109656293971416'", "sp-clause-del-heur=''0''", "sp-first-restart='3200'", "sp-learned-clause-sort-heur=''7''", "sp-learned-clauses-inc='1.1981352019753795'", "sp-learned-size-factor='1.0330041993068666'", "sp-orig-clause-sort-heur=''4''", "sp-phase-dec-heur=''2''", "sp-rand-var-dec-freq=''0.005''", "sp-resolution=''0''", "sp-restart-inc='1.636623266636022'", "sp-update-dec-queue=''1''", "sp-use-pure-literal-rule=''1''", "sp-var-activity-inc='0.510153835828418'", "sp-var-dec-heur=''5''", "sp-variable-decay='1.9352754623407449'", "sp-rand-var-dec-scaling='0.9305510588689139'"]}
{"evaluations": 1820, "total_cpu_time": null, "cpu_time": 2267.386000000006, "cost": 0.09723999999999998, "wallclock_time": 1752.3833878040314, "incumbent": ["sp-clause-activity-inc='0.810774540875304'", "sp-clause-decay='1.109656293971416'", "sp-clause-del-heur=''0''", "sp-first-restart='3200'", "sp-learned-clause-sort-heur=''7''", "sp-learned-clauses-inc='1.2417097196352795'", "sp-learned-size-factor='0.870553059925617'", "sp-orig-clause-sort-heur=''4''", "sp-phase-dec-heur=''2''", "sp-rand-var-dec-freq=''0.005''", "sp-resolution=''0''", "sp-restart-inc='1.636623266636022'", "sp-update-dec-queue=''1''", "sp-use-pure-literal-rule=''1''", "sp-var-activity-inc='0.510153835828418'", "sp-var-dec-heur=''5''", "sp-variable-decay='1.9352754623407449'", "sp-rand-var-dec-scaling='0.9305510588689139'"]}
{"evaluations": 2795, "total_cpu_time": null, "cpu_time": 3447.4260000000313, "cost": 0.09491999999999999, "wallclock_time": 2652.4570367336273, "incumbent": ["sp-clause-activity-inc='0.810774540875304'", "sp-clause-decay='1.109656293971416'", "sp-clause-del-heur=''0''", "sp-first-restart='3200'", "sp-learned-clause-sort-heur=''7''", "sp-learned-clauses-inc='1.2417097196352795'", "sp-learned-size-factor='0.870553059925617'", "sp-orig-clause-sort-heur=''13''", "sp-phase-dec-heur=''2''", "sp-rand-var-dec-freq=''0.005''", "sp-resolution=''0''", "sp-restart-inc='1.636623266636022'", "sp-update-dec-queue=''1''", "sp-use-pure-literal-rule=''1''", "sp-var-activity-inc='0.510153835828418'", "sp-var-dec-heur=''5''", "sp-variable-decay='1.9352754623407449'", "sp-rand-var-dec-scaling='0.9305510588689139'"]}
{"evaluations": 3315, "total_cpu_time": null, "cpu_time": 4059.456000000032, "cost": 0.09459999999999999, "wallclock_time": 3119.701652288437, "incumbent": ["sp-clause-activity-inc='0.810774540875304'", "sp-clause-decay='1.109656293971416'", "sp-clause-del-heur=''2''", "sp-first-restart='3200'", "sp-learned-clause-sort-heur=''7''", "sp-learned-clauses-inc='1.2417097196352795'", "sp-learned-size-factor='0.870553059925617'", "sp-orig-clause-sort-heur=''13''", "sp-phase-dec-heur=''2''", "sp-rand-var-dec-freq=''0.005''", "sp-resolution=''0''", "sp-restart-inc='1.636623266636022'", "sp-update-dec-queue=''1''", "sp-use-pure-literal-rule=''1''", "sp-var-activity-inc='0.510153835828418'", "sp-var-dec-heur=''5''", "sp-variable-decay='1.9352754623407449'", "sp-rand-var-dec-scaling='0.9305510588689139'"]}
{"evaluations": 4355, "total_cpu_time": null, "cpu_time": 5296.5879999999825, "cost": 0.09444000000000001, "wallclock_time": 4072.723085641861, "incumbent": ["sp-clause-activity-inc='0.9185710784637833'", "sp-clause-decay='1.109656293971416'", "sp-clause-del-heur=''2''", "sp-first-restart='3200'", "sp-learned-clause-sort-heur=''7''", "sp-learned-clauses-inc='1.2417097196352795'", "sp-learned-size-factor='0.870553059925617'", "sp-orig-clause-sort-heur=''13''", "sp-phase-dec-heur=''2''", "sp-rand-var-dec-freq=''0.005''", "sp-resolution=''0''", "sp-restart-inc='1.636623266636022'", "sp-update-dec-queue=''1''", "sp-use-pure-literal-rule=''1''", "sp-var-activity-inc='0.510153835828418'", "sp-var-dec-heur=''5''", "sp-variable-decay='1.9352754623407449'", "sp-rand-var-dec-scaling='0.9305510588689139'"]}
{"evaluations": 5135, "total_cpu_time": null, "cpu_time": 6196.331999999925, "cost": 0.09128, "wallclock_time": 4771.603897333145, "incumbent": ["sp-clause-activity-inc='0.9185710784637833'", "sp-clause-decay='1.109656293971416'", "sp-clause-del-heur=''2''", "sp-first-restart='3200'", "sp-learned-clause-sort-heur=''7''", "sp-learned-clauses-inc='1.2417097196352795'", "sp-learned-size-factor='0.870553059925617'", "sp-orig-clause-sort-heur=''13''", "sp-phase-dec-heur=''2''", "sp-rand-var-dec-freq=''0.005''", "sp-resolution=''0''", "sp-restart-inc='1.636623266636022'", "sp-update-dec-queue=''1''", "sp-use-pure-literal-rule=''1''", "sp-var-activity-inc='0.510153835828418'", "sp-var-dec-heur=''5''", "sp-variable-decay='1.9352754623407449'", "sp-rand-var-dec-scaling='1.0484530156076042'"]}
{"evaluations": 5460, "total_cpu_time": null, "cpu_time": 6575.427999999905, "cost": 0.08784, "wallclock_time": 5065.325290441513, "incumbent": ["sp-clause-activity-inc='0.9185710784637833'", "sp-clause-decay='1.109656293971416'", "sp-clause-del-heur=''2''", "sp-first-restart='3200'", "sp-learned-clause-sort-heur=''7''", "sp-learned-clauses-inc='1.136898987340518'", "sp-learned-size-factor='0.870553059925617'", "sp-orig-clause-sort-heur=''13''", "sp-phase-dec-heur=''2''", "sp-rand-var-dec-freq=''0.005''", "sp-resolution=''0''", "sp-restart-inc='1.636623266636022'", "sp-update-dec-queue=''1''", "sp-use-pure-literal-rule=''1''", "sp-var-activity-inc='0.510153835828418'", "sp-var-dec-heur=''5''", "sp-variable-decay='1.9352754623407449'", "sp-rand-var-dec-scaling='1.0484530156076042'"]}
{"evaluations": 5525, "total_cpu_time": null, "cpu_time": 6652.3839999999045, "cost": 0.08780000000000002, "wallclock_time": 5123.586423158646, "incumbent": ["sp-clause-activity-inc='0.9185710784637833'", "sp-clause-decay='1.109656293971416'", "sp-clause-del-heur=''2''", "sp-first-restart='3200'", "sp-learned-clause-sort-heur=''7''", "sp-learned-clauses-inc='1.136898987340518'", "sp-learned-size-factor='0.870553059925617'", "sp-orig-clause-sort-heur=''13''", "sp-phase-dec-heur=''2''", "sp-rand-var-dec-freq=''0.005''", "sp-resolution=''0''", "sp-restart-inc='1.636623266636022'", "sp-update-dec-queue=''1''", "sp-use-pure-literal-rule=''0''", "sp-var-activity-inc='0.510153835828418'", "sp-var-dec-heur=''5''", "sp-variable-decay='1.9352754623407449'", "sp-rand-var-dec-scaling='1.0484530156076042'"]}
{"evaluations": 5590, "total_cpu_time": null, "cpu_time": 6720.247999999905, "cost": 0.08087999999999998, "wallclock_time": 5178.58185338974, "incumbent": ["sp-clause-activity-inc='0.9185710784637833'", "sp-clause-decay='1.109656293971416'", "sp-clause-del-heur=''2''", "sp-first-restart='3200'", "sp-learned-clause-sort-heur=''7''", "sp-learned-clauses-inc='1.136898987340518'", "sp-learned-size-factor='0.870553059925617'", "sp-orig-clause-sort-heur=''13''", "sp-phase-dec-heur=''2''", "sp-rand-var-dec-freq=''0.005''", "sp-resolution=''0''", "sp-restart-inc='1.6241773925159229'", "sp-update-dec-queue=''1''", "sp-use-pure-literal-rule=''0''", "sp-var-activity-inc='0.510153835828418'", "sp-var-dec-heur=''5''", "sp-variable-decay='1.9352754623407449'", "sp-rand-var-dec-scaling='1.0484530156076042'"]}
{"evaluations": 5980, "total_cpu_time": null, "cpu_time": 7144.195999999881, "cost": 0.07876, "wallclock_time": 5516.23549580574, "incumbent": ["sp-clause-activity-inc='0.9185710784637833'", "sp-clause-decay='1.2184179200343876'", "sp-clause-del-heur=''2''", "sp-first-restart='3200'", "sp-learned-clause-sort-heur=''7''", "sp-learned-clauses-inc='1.136898987340518'", "sp-learned-size-factor='0.870553059925617'", "sp-orig-clause-sort-heur=''13''", "sp-phase-dec-heur=''2''", "sp-rand-var-dec-freq=''0.005''", "sp-resolution=''0''", "sp-restart-inc='1.6241773925159229'", "sp-update-dec-queue=''1''", "sp-use-pure-literal-rule=''0''", "sp-var-activity-inc='0.510153835828418'", "sp-var-dec-heur=''5''", "sp-variable-decay='1.9352754623407449'", "sp-rand-var-dec-scaling='1.0484530156076042'"]}
{"evaluations": 6954, "total_cpu_time": null, "cpu_time": 8200.695999999823, "cost": 0.07872, "wallclock_time": 6371.1325516700745, "incumbent": ["sp-clause-activity-inc='0.9185710784637833'", "sp-clause-decay='1.2184179200343876'", "sp-clause-del-heur=''0''", "sp-first-restart='3200'", "sp-learned-clause-sort-heur=''7''", "sp-learned-clauses-inc='1.136898987340518'", "sp-learned-size-factor='0.870553059925617'", "sp-orig-clause-sort-heur=''13''", "sp-phase-dec-heur=''2''", "sp-rand-var-dec-freq=''0.005''", "sp-resolution=''0''", "sp-restart-inc='1.6241773925159229'", "sp-update-dec-queue=''1''", "sp-use-pure-literal-rule=''0''", "sp-var-activity-inc='0.510153835828418'", "sp-var-dec-heur=''5''", "sp-variable-decay='1.9352754623407449'", "sp-rand-var-dec-scaling='1.0484530156076042'"]}
{"evaluations": 7279, "total_cpu_time": null, "cpu_time": 8543.307999999852, "cost": 0.07871999999999998, "wallclock_time": 6650.692395687103, "incumbent": ["sp-clause-activity-inc='0.9185710784637833'", "sp-clause-decay='1.2184179200343876'", "sp-clause-del-heur=''0''", "sp-first-restart='3200'", "sp-learned-clause-sort-heur=''7''", "sp-learned-clauses-inc='1.136898987340518'", "sp-learned-size-factor='0.870553059925617'", "sp-orig-clause-sort-heur=''13''", "sp-phase-dec-heur=''2''", "sp-rand-var-dec-freq=''0.005''", "sp-resolution=''0''", "sp-restart-inc='1.6241773925159229'", "sp-update-dec-queue=''1''", "sp-use-pure-literal-rule=''1''", "sp-var-activity-inc='0.510153835828418'", "sp-var-dec-heur=''5''", "sp-variable-decay='1.9352754623407449'", "sp-rand-var-dec-scaling='1.0484530156076042'"]}
{"evaluations": 7799, "total_cpu_time": null, "cpu_time": 9108.695999999893, "cost": 0.07859999999999998, "wallclock_time": 7104.38530755043, "incumbent": ["sp-clause-activity-inc='0.9185710784637833'", "sp-clause-decay='1.2184179200343876'", "sp-clause-del-heur=''0''", "sp-first-restart='3200'", "sp-learned-clause-sort-heur=''4''", "sp-learned-clauses-inc='1.136898987340518'", "sp-learned-size-factor='0.829484975685319'", "sp-orig-clause-sort-heur=''13''", "sp-phase-dec-heur=''2''", "sp-rand-var-dec-freq=''0.005''", "sp-resolution=''0''", "sp-restart-inc='1.6241773925159229'", "sp-update-dec-queue=''1''", "sp-use-pure-literal-rule=''1''", "sp-var-activity-inc='0.510153835828418'", "sp-var-dec-heur=''5''", "sp-variable-decay='1.9352754623407449'", "sp-rand-var-dec-scaling='1.0484530156076042'"]}
{"evaluations": 8319, "total_cpu_time": null, "cpu_time": 9645.587999999925, "cost": 0.07772000000000001, "wallclock_time": 7538.910182714462, "incumbent": ["sp-clause-activity-inc='0.9185710784637833'", "sp-clause-decay='1.2184179200343876'", "sp-clause-del-heur=''0''", "sp-first-restart='3200'", "sp-learned-clause-sort-heur=''4''", "sp-learned-clauses-inc='1.136898987340518'", "sp-learned-size-factor='0.829484975685319'", "sp-orig-clause-sort-heur=''13''", "sp-phase-dec-heur=''2''", "sp-rand-var-dec-freq=''0.005''", "sp-resolution=''0''", "sp-restart-inc='1.6241773925159229'", "sp-update-dec-queue=''0''", "sp-use-pure-literal-rule=''1''", "sp-var-activity-inc='0.510153835828418'", "sp-var-dec-heur=''5''", "sp-variable-decay='1.9352754623407449'", "sp-rand-var-dec-scaling='1.0484530156076042'"]}
{"evaluations": 8839, "total_cpu_time": null, "cpu_time": 10175.291999999978, "cost": 0.07635999999999998, "wallclock_time": 7976.133967638016, "incumbent": ["sp-clause-activity-inc='0.9185710784637833'", "sp-clause-decay='1.2184179200343876'", "sp-clause-del-heur=''0''", "sp-first-restart='3200'", "sp-learned-clause-sort-heur=''4''", "sp-learned-clauses-inc='1.136898987340518'", "sp-learned-size-factor='0.829484975685319'", "sp-orig-clause-sort-heur=''14''", "sp-phase-dec-heur=''2''", "sp-rand-var-dec-freq=''0.005''", "sp-resolution=''0''", "sp-restart-inc='1.6241773925159229'", "sp-update-dec-queue=''0''", "sp-use-pure-literal-rule=''1''", "sp-var-activity-inc='0.510153835828418'", "sp-var-dec-heur=''5''", "sp-variable-decay='1.9352754623407449'", "sp-rand-var-dec-scaling='1.0484530156076042'"]}
{"evaluations": 9229, "total_cpu_time": null, "cpu_time": 10591.492000000011, "cost": 0.07624, "wallclock_time": 8321.17371058464, "incumbent": ["sp-clause-activity-inc='0.9185710784637833'", "sp-clause-decay='1.2184179200343876'", "sp-clause-del-heur=''0''", "sp-first-restart='3200'", "sp-learned-clause-sort-heur=''4''", "sp-learned-clauses-inc='1.136898987340518'", "sp-learned-size-factor='0.829484975685319'", "sp-orig-clause-sort-heur=''14''", "sp-phase-dec-heur=''2''", "sp-rand-var-dec-freq=''0.005''", "sp-resolution=''0''", "sp-restart-inc='1.6241773925159229'", "sp-update-dec-queue=''0''", "sp-use-pure-literal-rule=''0''", "sp-var-activity-inc='0.510153835828418'", "sp-var-dec-heur=''5''", "sp-variable-decay='1.9352754623407449'", "sp-rand-var-dec-scaling='1.0484530156076042'"]}
{"evaluations": 9359, "total_cpu_time": null, "cpu_time": 10729.740000000025, "cost": 0.07579999999999998, "wallclock_time": 8433.66655421257, "incumbent": ["sp-clause-activity-inc='0.9185710784637833'", "sp-clause-decay='1.1056793351426113'", "sp-clause-del-heur=''0''", "sp-first-restart='3200'", "sp-learned-clause-sort-heur=''4''", "sp-learned-clauses-inc='1.136898987340518'", "sp-learned-size-factor='0.829484975685319'", "sp-orig-clause-sort-heur=''14''", "sp-phase-dec-heur=''2''", "sp-rand-var-dec-freq=''0.005''", "sp-resolution=''0''", "sp-restart-inc='1.6241773925159229'", "sp-update-dec-queue=''0''", "sp-use-pure-literal-rule=''0''", "sp-var-activity-inc='0.510153835828418'", "sp-var-dec-heur=''5''", "sp-variable-decay='1.9352754623407449'", "sp-rand-var-dec-scaling='1.0484530156076042'"]}
{"evaluations": 9489, "total_cpu_time": null, "cpu_time": 10859.752000000039, "cost": 0.07479999999999999, "wallclock_time": 8543.398779153824, "incumbent": ["sp-clause-activity-inc='0.9185710784637833'", "sp-clause-decay='1.1056793351426113'", "sp-clause-del-heur=''0''", "sp-first-restart='3200'", "sp-learned-clause-sort-heur=''4''", "sp-learned-clauses-inc='1.1990948750770407'", "sp-learned-size-factor='0.7594921259219988'", "sp-orig-clause-sort-heur=''14''", "sp-phase-dec-heur=''2''", "sp-rand-var-dec-freq=''0.005''", "sp-resolution=''0''", "sp-restart-inc='1.6241773925159229'", "sp-update-dec-queue=''0''", "sp-use-pure-literal-rule=''0''", "sp-var-activity-inc='0.510153835828418'", "sp-var-dec-heur=''5''", "sp-variable-decay='1.9352754623407449'", "sp-rand-var-dec-scaling='1.0484530156076042'"]}
{"evaluations": 13519, "total_cpu_time": null, "cpu_time": 14982.812000000471, "cost": 0.07359999999999998, "wallclock_time": 12002.006635904312, "incumbent": ["sp-clause-activity-inc='0.9185710784637833'", "sp-clause-decay='1.1056793351426113'", "sp-clause-del-heur=''0''", "sp-first-restart='3200'", "sp-learned-clause-sort-heur=''4''", "sp-learned-clauses-inc='1.1990948750770407'", "sp-learned-size-factor='0.4112735169610061'", "sp-orig-clause-sort-heur=''14''", "sp-phase-dec-heur=''2''", "sp-rand-var-dec-freq=''0.005''", "sp-resolution=''0''", "sp-restart-inc='1.6241773925159229'", "sp-update-dec-queue=''0''", "sp-use-pure-literal-rule=''0''", "sp-var-activity-inc='0.510153835828418'", "sp-var-dec-heur=''5''", "sp-variable-decay='1.9352754623407449'", "sp-rand-var-dec-scaling='1.0484530156076042'"]}
{"evaluations": 15273, "total_cpu_time": null, "cpu_time": 16784.696000000637, "cost": 0.07355999999999999, "wallclock_time": 13515.737976312637, "incumbent": ["sp-clause-activity-inc='0.9303027228734719'", "sp-clause-decay='1.1056793351426113'", "sp-clause-del-heur=''0''", "sp-first-restart='3200'", "sp-learned-clause-sort-heur=''4''", "sp-learned-clauses-inc='1.1990948750770407'", "sp-learned-size-factor='0.4112735169610061'", "sp-orig-clause-sort-heur=''14''", "sp-phase-dec-heur=''2''", "sp-rand-var-dec-freq=''0.005''", "sp-resolution=''0''", "sp-restart-inc='1.6241773925159229'", "sp-update-dec-queue=''0''", "sp-use-pure-literal-rule=''0''", "sp-var-activity-inc='0.510153835828418'", "sp-var-dec-heur=''5''", "sp-variable-decay='1.9352754623407449'", "sp-rand-var-dec-scaling='1.0484530156076042'"]}
{"evaluations": 19563, "total_cpu_time": null, "cpu_time": 21092.114000000594, "cost": 0.07247999999999999, "wallclock_time": 17172.56999182701, "incumbent": ["sp-clause-activity-inc='0.9303027228734719'", "sp-clause-decay='1.1056793351426113'", "sp-clause-del-heur=''0''", "sp-first-restart='3200'", "sp-learned-clause-sort-heur=''4''", "sp-learned-clauses-inc='1.1990948750770407'", "sp-learned-size-factor='0.4112735169610061'", "sp-orig-clause-sort-heur=''14''", "sp-phase-dec-heur=''2''", "sp-rand-var-dec-freq=''0.005''", "sp-resolution=''0''", "sp-restart-inc='1.6241773925159229'", "sp-update-dec-queue=''1''", "sp-use-pure-literal-rule=''0''", "sp-var-activity-inc='0.510153835828418'", "sp-var-dec-heur=''5''", "sp-variable-decay='1.9352754623407449'", "sp-rand-var-dec-scaling='1.0484530156076042'"]}
