{"cost": 2147483648, "total_cpu_time": null, "wallclock_time": 0.0014929771423339844, "evaluations": 0, "incumbent": ["adaptive=''1''", "clausepen=''1''", "performrandomwalk=''0''", "singleclause=''1''", "tabusearch=''0''", "adaptivenoisescheme=''1''", "adaptwalkprob=''0''", "heuristic=''2''", "promisinglist=''1''", "ps='0.4'", "selectclause=''1''", "smoothingscheme=''1''", "adaptiveprom=''0''", "decreasingvariable=''3''", "performalternatenovelty=''1''", "phi='5'", "theta='6'", "updateschemepromlist=''3''", "wp='0.01'", "CONadaptpromwalkprob=''0''"], "cpu_time": 0}
{"cost": 0.032, "total_cpu_time": null, "wallclock_time": 0.544327974319458, "evaluations": 1, "incumbent": ["adaptive=''1''", "clausepen=''1''", "performrandomwalk=''0''", "singleclause=''1''", "tabusearch=''0''", "adaptivenoisescheme=''1''", "adaptwalkprob=''0''", "heuristic=''2''", "promisinglist=''1''", "ps='0.4'", "selectclause=''1''", "smoothingscheme=''1''", "adaptiveprom=''0''", "decreasingvariable=''3''", "performalternatenovelty=''1''", "phi='5'", "theta='6'", "updateschemepromlist=''3''", "wp='0.01'", "CONadaptpromwalkprob=''0''"], "cpu_time": 0.032}
{"cost": 0.004679999999999999, "total_cpu_time": null, "wallclock_time": 79.70126843452454, "evaluations": 65, "incumbent": ["adaptive=''1''", "clausepen=''1''", "performrandomwalk=''0''", "singleclause=''0''", "tabusearch=''0''", "DLSscoringmeasure=''1''", "DLStiebreaking=''4''", "adaptivenoisescheme=''1''", "smoothingscheme=''1''", "DLSalpha='1.2267849386380776'", "DLSrho='0.06478069588150237'", "DLSsapsthresh='-0.11898793829008447'", "DLSwp='0.006310128559314705'"], "cpu_time": 70.77600000000002}
{"cost": 0.003320000000000001, "total_cpu_time": null, "wallclock_time": 118.13900589942932, "evaluations": 130, "incumbent": ["adaptive=''1''", "clausepen=''1''", "performrandomwalk=''0''", "singleclause=''0''", "tabusearch=''0''", "DLSscoringmeasure=''1''", "DLStiebreaking=''4''", "adaptivenoisescheme=''1''", "smoothingscheme=''1''", "DLSalpha='1.2267849386380776'", "DLSrho='0.06415766052794587'", "DLSsapsthresh='-0.11898793829008447'", "DLSwp='0.006310128559314705'"], "cpu_time": 91.93200000000009}
{"cost": 0.0032400000000000007, "total_cpu_time": null, "wallclock_time": 594.3787398338318, "evaluations": 975, "incumbent": ["adaptive=''1''", "clausepen=''1''", "performrandomwalk=''0''", "singleclause=''0''", "tabusearch=''0''", "DLSscoringmeasure=''1''", "DLStiebreaking=''4''", "adaptivenoisescheme=''1''", "smoothingscheme=''1''", "DLSalpha='1.331741362353916'", "DLSrho='0.06415766052794587'", "DLSsapsthresh='-0.11898793829008447'", "DLSwp='0.006310128559314705'"], "cpu_time": 290.4239999999996}
{"cost": 0.0029200000000000003, "total_cpu_time": null, "wallclock_time": 627.3155970573425, "evaluations": 1040, "incumbent": ["adaptive=''1''", "clausepen=''1''", "performrandomwalk=''0''", "singleclause=''0''", "tabusearch=''0''", "DLSscoringmeasure=''1''", "DLStiebreaking=''1''", "adaptivenoisescheme=''1''", "smoothingscheme=''1''", "DLSalpha='1.331741362353916'", "DLSrho='0.06415766052794587'", "DLSsapsthresh='-0.11898793829008447'", "DLSwp='0.006310128559314705'"], "cpu_time": 300.20399999999927}
{"cost": 0.00288, "total_cpu_time": null, "wallclock_time": 1287.7367897033691, "evaluations": 2210, "incumbent": ["adaptive=''1''", "clausepen=''1''", "performrandomwalk=''0''", "singleclause=''0''", "tabusearch=''0''", "DLSscoringmeasure=''1''", "DLStiebreaking=''1''", "adaptivenoisescheme=''1''", "smoothingscheme=''1''", "DLSalpha='1.331741362353916'", "DLSrho='0.06415766052794587'", "DLSsapsthresh='-0.11898793829008447'", "DLSwp='0.009444470121945794'"], "cpu_time": 560.5860000000093}
{"cost": 0.00284, "total_cpu_time": null, "wallclock_time": 3504.5157012939453, "evaluations": 6760, "incumbent": ["adaptive=''1''", "clausepen=''1''", "performrandomwalk=''0''", "singleclause=''0''", "tabusearch=''0''", "DLSscoringmeasure=''1''", "DLStiebreaking=''3''", "adaptivenoisescheme=''2''", "smoothingscheme=''1''", "DLSalpha='1.3317128493204482'", "DLSrho='0.06415766052794587'", "DLSsapsthresh='-0.11898793829008447'", "DLSwp='0.009444470121945794'"], "cpu_time": 1127.8740000000225}
