"CPU Time Used","Estimated Training Performance","Wallclock Time","Incumbent ID","Automatic Configurator (CPU) Time","Configuration..."
0.000000, 2147483648.000000, 0.001493, 1, 0.001493, adaptive=''1'', clausepen=''1'', performrandomwalk=''0'', singleclause=''1'', tabusearch=''0'', adaptivenoisescheme=''1'', adaptwalkprob=''0'', heuristic=''2'', promisinglist=''1'', ps='0.4', selectclause=''1'', smoothingscheme=''1'', adaptiveprom=''0'', decreasingvariable=''3'', performalternatenovelty=''1'', phi='5', theta='6', updateschemepromlist=''3'', wp='0.01', CONadaptpromwalkprob=''0''
0.032000, 0.032000, 0.544328, 1, 0.512328, adaptive=''1'', clausepen=''1'', performrandomwalk=''0'', singleclause=''1'', tabusearch=''0'', adaptivenoisescheme=''1'', adaptwalkprob=''0'', heuristic=''2'', promisinglist=''1'', ps='0.4', selectclause=''1'', smoothingscheme=''1'', adaptiveprom=''0'', decreasingvariable=''3'', performalternatenovelty=''1'', phi='5', theta='6', updateschemepromlist=''3'', wp='0.01', CONadaptpromwalkprob=''0''
70.776000, 0.004680, 79.701268, 4, 8.925268, adaptive=''1'', clausepen=''1'', performrandomwalk=''0'', singleclause=''0'', tabusearch=''0'', DLSscoringmeasure=''1'', DLStiebreaking=''4'', adaptivenoisescheme=''1'', smoothingscheme=''1'', DLSalpha='1.2267849386380776', DLSrho='0.06478069588150237', DLSsapsthresh='-0.11898793829008447', DLSwp='0.006310128559314705'
91.932000, 0.003320, 118.139006, 14, 26.207006, adaptive=''1'', clausepen=''1'', performrandomwalk=''0'', singleclause=''0'', tabusearch=''0'', DLSscoringmeasure=''1'', DLStiebreaking=''4'', adaptivenoisescheme=''1'', smoothingscheme=''1'', DLSalpha='1.2267849386380776', DLSrho='0.06415766052794587', DLSsapsthresh='-0.11898793829008447', DLSwp='0.006310128559314705'
290.424000, 0.003240, 594.378740, 83, 303.954740, adaptive=''1'', clausepen=''1'', performrandomwalk=''0'', singleclause=''0'', tabusearch=''0'', DLSscoringmeasure=''1'', DLStiebreaking=''4'', adaptivenoisescheme=''1'', smoothingscheme=''1'', DLSalpha='1.331741362353916', DLSrho='0.06415766052794587', DLSsapsthresh='-0.11898793829008447', DLSwp='0.006310128559314705'
300.204000, 0.002920, 627.315597, 87, 327.111597, adaptive=''1'', clausepen=''1'', performrandomwalk=''0'', singleclause=''0'', tabusearch=''0'', DLSscoringmeasure=''1'', DLStiebreaking=''1'', adaptivenoisescheme=''1'', smoothingscheme=''1'', DLSalpha='1.331741362353916', DLSrho='0.06415766052794587', DLSsapsthresh='-0.11898793829008447', DLSwp='0.006310128559314705'
560.586000, 0.002880, 1287.736790, 168, 727.150790, adaptive=''1'', clausepen=''1'', performrandomwalk=''0'', singleclause=''0'', tabusearch=''0'', DLSscoringmeasure=''1'', DLStiebreaking=''1'', adaptivenoisescheme=''1'', smoothingscheme=''1'', DLSalpha='1.331741362353916', DLSrho='0.06415766052794587', DLSsapsthresh='-0.11898793829008447', DLSwp='0.009444470121945794'
1127.874000, 0.002840, 3504.515701, 424, 2376.641701, adaptive=''1'', clausepen=''1'', performrandomwalk=''0'', singleclause=''0'', tabusearch=''0'', DLSscoringmeasure=''1'', DLStiebreaking=''3'', adaptivenoisescheme=''2'', smoothingscheme=''1'', DLSalpha='1.3317128493204482', DLSrho='0.06415766052794587', DLSsapsthresh='-0.11898793829008447', DLSwp='0.009444470121945794'
