{"evaluations": 0, "cost": 2147483648, "incumbent": ["adaptive=''1''", "clausepen=''1''", "performrandomwalk=''0''", "singleclause=''1''", "tabusearch=''0''", "adaptivenoisescheme=''1''", "adaptwalkprob=''0''", "heuristic=''2''", "promisinglist=''1''", "ps='0.4'", "selectclause=''1''", "smoothingscheme=''1''", "adaptiveprom=''0''", "decreasingvariable=''3''", "performalternatenovelty=''1''", "phi='5'", "theta='6'", "updateschemepromlist=''3''", "wp='0.01'", "CONadaptpromwalkprob=''0''"], "total_cpu_time": null, "cpu_time": 0, "wallclock_time": 0.001585245132446289}
{"evaluations": 1, "cost": 50, "incumbent": ["adaptive=''1''", "clausepen=''1''", "performrandomwalk=''0''", "singleclause=''1''", "tabusearch=''0''", "adaptivenoisescheme=''1''", "adaptwalkprob=''0''", "heuristic=''2''", "promisinglist=''1''", "ps='0.4'", "selectclause=''1''", "smoothingscheme=''1''", "adaptiveprom=''0''", "decreasingvariable=''3''", "performalternatenovelty=''1''", "phi='5'", "theta='6'", "updateschemepromlist=''3''", "wp='0.01'", "CONadaptpromwalkprob=''0''"], "total_cpu_time": null, "cpu_time": 5.0, "wallclock_time": 7.710855484008789}
{"evaluations": 16, "cost": 0.004999999999999999, "incumbent": ["adaptive=''1''", "clausepen=''2''", "performrandomwalk=''1''", "singleclause=''0''", "tabusearch=''0''", "DLSscoringmeasure=''3''", "DLStiebreaking=''2''", "adaptivenoisescheme=''2''", "randomwalk=''3''", "rdp='0.08575794873259769'"], "total_cpu_time": null, "cpu_time": 7.783999999999999, "wallclock_time": 14.331955432891846}
{"evaluations": 58, "cost": 0.0032396694214876028, "incumbent": ["adaptive=''1''", "clausepen=''2''", "performrandomwalk=''1''", "singleclause=''0''", "tabusearch=''0''", "DLSscoringmeasure=''3''", "DLStiebreaking=''2''", "adaptivenoisescheme=''2''", "randomwalk=''5''", "rfp='0.01'"], "total_cpu_time": null, "cpu_time": 9.727999999999986, "wallclock_time": 21.684848308563232}
{"evaluations": 252, "cost": 0.0021333333333333343, "incumbent": ["adaptive=''1''", "clausepen=''2''", "performrandomwalk=''1''", "singleclause=''0''", "tabusearch=''1''", "DLSscoringmeasure=''3''", "DLStiebreaking=''2''", "adaptivenoisescheme=''1''", "randomwalk=''1''", "tabu='1'", "rwp='0.01'"], "total_cpu_time": null, "cpu_time": 16.799999999999937, "wallclock_time": 56.064982175827026}
{"evaluations": 300, "cost": 0.002015625000000001, "incumbent": ["adaptive=''1''", "clausepen=''2''", "performrandomwalk=''1''", "singleclause=''0''", "tabusearch=''1''", "DLSscoringmeasure=''3''", "DLStiebreaking=''2''", "adaptivenoisescheme=''2''", "randomwalk=''1''", "tabu='1'", "rwp='0.01'"], "total_cpu_time": null, "cpu_time": 23.37199999999996, "wallclock_time": 66.33080172538757}
{"evaluations": 404, "cost": 0.0017777777777777785, "incumbent": ["adaptive=''1''", "clausepen=''2''", "performrandomwalk=''1''", "singleclause=''0''", "tabusearch=''1''", "DLSscoringmeasure=''3''", "DLStiebreaking=''2''", "adaptivenoisescheme=''1''", "randomwalk=''1''", "tabu='1'", "rwp='0.01'"], "total_cpu_time": null, "cpu_time": 37.09599999999998, "wallclock_time": 90.21118021011353}
{"evaluations": 773, "cost": 0.0013988657844990558, "incumbent": ["adaptive=''1''", "clausepen=''2''", "performrandomwalk=''1''", "singleclause=''0''", "tabusearch=''1''", "DLSscoringmeasure=''3''", "DLStiebreaking=''2''", "adaptivenoisescheme=''2''", "randomwalk=''1''", "tabu='1'", "rwp='0.01'"], "total_cpu_time": null, "cpu_time": 60.28799999999931, "wallclock_time": 158.57343244552612}
{"evaluations": 847, "cost": 0.0011875000000000006, "incumbent": ["adaptive=''1''", "clausepen=''2''", "performrandomwalk=''1''", "singleclause=''0''", "tabusearch=''1''", "DLSscoringmeasure=''3''", "DLStiebreaking=''2''", "adaptivenoisescheme=''1''", "randomwalk=''1''", "tabu='1'", "rwp='0.014140559118135318'"], "total_cpu_time": null, "cpu_time": 72.96399999999949, "wallclock_time": 174.0845901966095}
{"evaluations": 1020, "cost": 0.0011360946745562134, "incumbent": ["adaptive=''1''", "clausepen=''2''", "performrandomwalk=''1''", "singleclause=''0''", "tabusearch=''0''", "DLSscoringmeasure=''3''", "DLStiebreaking=''2''", "adaptivenoisescheme=''1''", "randomwalk=''1''", "rwp='0.014140559118135318'"], "total_cpu_time": null, "cpu_time": 91.46400000000015, "wallclock_time": 206.46651363372803}
{"evaluations": 1124, "cost": 0.001053497942386832, "incumbent": ["adaptive=''1''", "clausepen=''2''", "performrandomwalk=''1''", "singleclause=''0''", "tabusearch=''1''", "DLSscoringmeasure=''3''", "DLStiebreaking=''2''", "adaptivenoisescheme=''1''", "randomwalk=''1''", "tabu='1'", "rwp='0.014140559118135318'"], "total_cpu_time": null, "cpu_time": 95.5760000000004, "wallclock_time": 224.06361651420593}
{"evaluations": 1211, "cost": 0.0010204081632653066, "incumbent": ["adaptive=''1''", "clausepen=''2''", "performrandomwalk=''1''", "singleclause=''0''", "tabusearch=''1''", "DLSscoringmeasure=''3''", "DLStiebreaking=''2''", "adaptivenoisescheme=''2''", "randomwalk=''1''", "tabu='1'", "rwp='0.014140559118135318'"], "total_cpu_time": null, "cpu_time": 109.9720000000008, "wallclock_time": 242.53582096099854}
{"evaluations": 1323, "cost": 0.000979785969084424, "incumbent": ["adaptive=''1''", "clausepen=''2''", "performrandomwalk=''1''", "singleclause=''0''", "tabusearch=''1''", "DLSscoringmeasure=''3''", "DLStiebreaking=''2''", "adaptivenoisescheme=''1''", "randomwalk=''1''", "tabu='1'", "rwp='0.014140559118135318'"], "total_cpu_time": null, "cpu_time": 114.63200000000064, "wallclock_time": 260.7132558822632}
{"evaluations": 1665, "cost": 0.0008906250000000006, "incumbent": ["adaptive=''1''", "clausepen=''2''", "performrandomwalk=''1''", "singleclause=''0''", "tabusearch=''1''", "DLSscoringmeasure=''3''", "DLStiebreaking=''2''", "adaptivenoisescheme=''2''", "randomwalk=''1''", "tabu='1'", "rwp='0.014140559118135318'"], "total_cpu_time": null, "cpu_time": 138.58400000000094, "wallclock_time": 320.985595703125}
{"evaluations": 2343, "cost": 0.0007479224376731307, "incumbent": ["adaptive=''1''", "clausepen=''2''", "performrandomwalk=''1''", "singleclause=''0''", "tabusearch=''1''", "DLSscoringmeasure=''3''", "DLStiebreaking=''3''", "adaptivenoisescheme=''2''", "randomwalk=''1''", "tabu='1'", "rwp='0.014140559118135318'"], "total_cpu_time": null, "cpu_time": 241.03599999999977, "wallclock_time": 459.3100018501282}
{"evaluations": 3520, "cost": 0.0006219281663516072, "incumbent": ["adaptive=''1''", "clausepen=''2''", "performrandomwalk=''1''", "singleclause=''0''", "tabusearch=''1''", "DLSscoringmeasure=''3''", "DLStiebreaking=''3''", "adaptivenoisescheme=''1''", "randomwalk=''1''", "tabu='1'", "rwp='0.014140559118135318'"], "total_cpu_time": null, "cpu_time": 367.7680000000094, "wallclock_time": 675.7987847328186}
{"evaluations": 3870, "cost": 0.0005954861111111115, "incumbent": ["adaptive=''1''", "clausepen=''2''", "performrandomwalk=''1''", "singleclause=''0''", "tabusearch=''1''", "DLSscoringmeasure=''3''", "DLStiebreaking=''3''", "adaptivenoisescheme=''2''", "randomwalk=''1''", "tabu='1'", "rwp='0.014140559118135318'"], "total_cpu_time": null, "cpu_time": 393.30400000001345, "wallclock_time": 735.787451505661}
{"evaluations": 4039, "cost": 0.0005847563515202003, "incumbent": ["adaptive=''1''", "clausepen=''2''", "performrandomwalk=''1''", "singleclause=''0''", "tabusearch=''1''", "DLSscoringmeasure=''3''", "DLStiebreaking=''3''", "adaptivenoisescheme=''1''", "randomwalk=''1''", "tabu='1'", "rwp='0.014140559118135318'"], "total_cpu_time": null, "cpu_time": 413.4920000000146, "wallclock_time": 766.7924101352692}
{"evaluations": 4435, "cost": 0.0005613225682429839, "incumbent": ["adaptive=''1''", "clausepen=''2''", "performrandomwalk=''1''", "singleclause=''0''", "tabusearch=''1''", "DLSscoringmeasure=''3''", "DLStiebreaking=''2''", "adaptivenoisescheme=''1''", "randomwalk=''1''", "tabu='1'", "rwp='0.014140559118135318'"], "total_cpu_time": null, "cpu_time": 426.98800000001785, "wallclock_time": 831.7720274925232}
{"evaluations": 6031, "cost": 0.00048606722206262607, "incumbent": ["adaptive=''1''", "clausepen=''2''", "performrandomwalk=''1''", "singleclause=''0''", "tabusearch=''1''", "DLSscoringmeasure=''3''", "DLStiebreaking=''3''", "adaptivenoisescheme=''1''", "randomwalk=''1''", "tabu='1'", "rwp='0.014140559118135318'"], "total_cpu_time": null, "cpu_time": 550.6320000000318, "wallclock_time": 1116.4087092876434}
{"evaluations": 6257, "cost": 0.000476666666666667, "incumbent": ["adaptive=''1''", "clausepen=''2''", "performrandomwalk=''1''", "singleclause=''0''", "tabusearch=''1''", "DLSscoringmeasure=''3''", "DLStiebreaking=''3''", "adaptivenoisescheme=''2''", "randomwalk=''1''", "tabu='1'", "rwp='0.014140559118135318'"], "total_cpu_time": null, "cpu_time": 564.4920000000349, "wallclock_time": 1154.729647397995}
{"evaluations": 6665, "cost": 0.0004620187304890742, "incumbent": ["adaptive=''1''", "clausepen=''2''", "performrandomwalk=''1''", "singleclause=''0''", "tabusearch=''1''", "DLSscoringmeasure=''3''", "DLStiebreaking=''3''", "adaptivenoisescheme=''1''", "randomwalk=''1''", "tabu='1'", "rwp='0.014140559118135318'"], "total_cpu_time": null, "cpu_time": 606.8720000000409, "wallclock_time": 1232.48069357872}
{"evaluations": 7353, "cost": 0.0004411834319526631, "incumbent": ["adaptive=''1''", "clausepen=''2''", "performrandomwalk=''1''", "singleclause=''0''", "tabusearch=''1''", "DLSscoringmeasure=''3''", "DLStiebreaking=''2''", "adaptivenoisescheme=''1''", "randomwalk=''1''", "tabu='1'", "rwp='0.014140559118135318'"], "total_cpu_time": null, "cpu_time": 668.3480000000469, "wallclock_time": 1356.6754341125488}
{"evaluations": 8504, "cost": 0.00041306122448979616, "incumbent": ["adaptive=''1''", "clausepen=''2''", "performrandomwalk=''1''", "singleclause=''0''", "tabusearch=''1''", "DLSscoringmeasure=''1''", "DLStiebreaking=''2''", "adaptivenoisescheme=''1''", "randomwalk=''1''", "tabu='1'", "rwp='0.014140559118135318'"], "total_cpu_time": null, "cpu_time": 779.792000000058, "wallclock_time": 1575.2879419326782}
{"evaluations": 8720, "cost": 0.0004030946240825236, "incumbent": ["adaptive=''1''", "clausepen=''2''", "performrandomwalk=''1''", "singleclause=''0''", "tabusearch=''1''", "DLSscoringmeasure=''3''", "DLStiebreaking=''3''", "adaptivenoisescheme=''1''", "randomwalk=''1''", "tabu='1'", "rwp='0.014140559118135318'"], "total_cpu_time": null, "cpu_time": 810.852000000062, "wallclock_time": 1619.7433280944824}
{"evaluations": 9279, "cost": 0.0003910677425408147, "incumbent": ["adaptive=''1''", "clausepen=''2''", "performrandomwalk=''1''", "singleclause=''0''", "tabusearch=''1''", "DLSscoringmeasure=''3''", "DLStiebreaking=''3''", "adaptivenoisescheme=''2''", "randomwalk=''1''", "tabu='1'", "rwp='0.014140559118135318'"], "total_cpu_time": null, "cpu_time": 836.2880000000625, "wallclock_time": 1713.4533159732819}
{"evaluations": 9571, "cost": 0.0003864134404674948, "incumbent": ["adaptive=''1''", "clausepen=''2''", "performrandomwalk=''1''", "singleclause=''0''", "tabusearch=''1''", "DLSscoringmeasure=''3''", "DLStiebreaking=''3''", "adaptivenoisescheme=''1''", "randomwalk=''1''", "tabu='1'", "rwp='0.014140559118135318'"], "total_cpu_time": null, "cpu_time": 845.8640000000656, "wallclock_time": 1760.9823112487793}
{"evaluations": 11034, "cost": 0.0003608396090370136, "incumbent": ["adaptive=''1''", "clausepen=''2''", "performrandomwalk=''1''", "singleclause=''0''", "tabusearch=''1''", "DLSscoringmeasure=''3''", "DLStiebreaking=''3''", "adaptivenoisescheme=''2''", "randomwalk=''1''", "tabu='1'", "rwp='0.014140559118135318'"], "total_cpu_time": null, "cpu_time": 930.7680000000585, "wallclock_time": 2012.7143383026123}
{"evaluations": 12860, "cost": 0.00033605536332179955, "incumbent": ["adaptive=''1''", "clausepen=''2''", "performrandomwalk=''1''", "singleclause=''0''", "tabusearch=''1''", "DLSscoringmeasure=''3''", "DLStiebreaking=''3''", "adaptivenoisescheme=''1''", "randomwalk=''1''", "tabu='1'", "rwp='0.014140559118135318'"], "total_cpu_time": null, "cpu_time": 1072.1960000000586, "wallclock_time": 2332.5078568458557}
{"evaluations": 14901, "cost": 0.0003109640831758036, "incumbent": ["adaptive=''1''", "clausepen=''2''", "performrandomwalk=''1''", "singleclause=''0''", "tabusearch=''1''", "DLSscoringmeasure=''3''", "DLStiebreaking=''3''", "adaptivenoisescheme=''2''", "randomwalk=''1''", "tabu='1'", "rwp='0.014140559118135318'"], "total_cpu_time": null, "cpu_time": 1341.2800000000304, "wallclock_time": 2735.5098357200623}
{"evaluations": 15268, "cost": 0.0003075500057810154, "incumbent": ["adaptive=''1''", "clausepen=''2''", "performrandomwalk=''1''", "singleclause=''0''", "tabusearch=''1''", "DLSscoringmeasure=''3''", "DLStiebreaking=''2''", "adaptivenoisescheme=''1''", "randomwalk=''1''", "tabu='1'", "rwp='0.014140559118135318'"], "total_cpu_time": null, "cpu_time": 1353.124000000031, "wallclock_time": 2795.810096502304}
{"evaluations": 16002, "cost": 0.0003027146814404434, "incumbent": ["adaptive=''1''", "clausepen=''2''", "performrandomwalk=''1''", "singleclause=''0''", "tabusearch=''1''", "DLSscoringmeasure=''3''", "DLStiebreaking=''2''", "adaptivenoisescheme=''2''", "randomwalk=''1''", "tabu='1'", "rwp='0.014140559118135318'"], "total_cpu_time": null, "cpu_time": 1385.3960000000498, "wallclock_time": 2917.5906250476837}
{"evaluations": 16295, "cost": 0.00029774305555555576, "incumbent": ["adaptive=''1''", "clausepen=''2''", "performrandomwalk=''1''", "singleclause=''0''", "tabusearch=''1''", "DLSscoringmeasure=''3''", "DLStiebreaking=''3''", "adaptivenoisescheme=''1''", "randomwalk=''1''", "tabu='1'", "rwp='0.014140559118135318'"], "total_cpu_time": null, "cpu_time": 1433.5760000000528, "wallclock_time": 2983.7519459724426}
{"evaluations": 16616, "cost": 0.00029588691678180486, "incumbent": ["adaptive=''1''", "clausepen=''2''", "performrandomwalk=''1''", "singleclause=''0''", "tabusearch=''1''", "DLSscoringmeasure=''3''", "DLStiebreaking=''2''", "adaptivenoisescheme=''1''", "randomwalk=''1''", "tabu='1'", "rwp='0.014140559118135318'"], "total_cpu_time": null, "cpu_time": 1473.060000000055, "wallclock_time": 3045.884811401367}
{"evaluations": 17002, "cost": 0.0002919616826322368, "incumbent": ["adaptive=''1''", "clausepen=''2''", "performrandomwalk=''1''", "singleclause=''0''", "tabusearch=''1''", "DLSscoringmeasure=''3''", "DLStiebreaking=''3''", "adaptivenoisescheme=''1''", "randomwalk=''1''", "tabu='1'", "rwp='0.014140559118135318'"], "total_cpu_time": null, "cpu_time": 1490.264000000057, "wallclock_time": 3109.181064605713}
{"evaluations": 19507, "cost": 0.00027319727891156483, "incumbent": ["adaptive=''1''", "clausepen=''2''", "performrandomwalk=''1''", "singleclause=''0''", "tabusearch=''1''", "DLSscoringmeasure=''3''", "DLStiebreaking=''2''", "adaptivenoisescheme=''1''", "randomwalk=''1''", "tabu='1'", "rwp='0.014140559118135318'"], "total_cpu_time": null, "cpu_time": 1732.8800000000354, "wallclock_time": 3566.603597640991}
