"CPU Time Used","Estimated Training Performance","Wallclock Time","Incumbent ID","Automatic Configurator (CPU) Time","Configuration..."
0.000000, 2147483648.000000, 0.001585, 1, 0.001585, adaptive=''1'', clausepen=''1'', performrandomwalk=''0'', singleclause=''1'', tabusearch=''0'', adaptivenoisescheme=''1'', adaptwalkprob=''0'', heuristic=''2'', promisinglist=''1'', ps='0.4', selectclause=''1'', smoothingscheme=''1'', adaptiveprom=''0'', decreasingvariable=''3'', performalternatenovelty=''1'', phi='5', theta='6', updateschemepromlist=''3'', wp='0.01', CONadaptpromwalkprob=''0''
5.000000, 50.000000, 7.710855, 1, 2.710855, adaptive=''1'', clausepen=''1'', performrandomwalk=''0'', singleclause=''1'', tabusearch=''0'', adaptivenoisescheme=''1'', adaptwalkprob=''0'', heuristic=''2'', promisinglist=''1'', ps='0.4', selectclause=''1'', smoothingscheme=''1'', adaptiveprom=''0'', decreasingvariable=''3'', performalternatenovelty=''1'', phi='5', theta='6', updateschemepromlist=''3'', wp='0.01', CONadaptpromwalkprob=''0''
7.784000, 0.005000, 14.331955, 2, 6.547955, adaptive=''1'', clausepen=''2'', performrandomwalk=''1'', singleclause=''0'', tabusearch=''0'', DLSscoringmeasure=''3'', DLStiebreaking=''2'', adaptivenoisescheme=''2'', randomwalk=''3'', rdp='0.08575794873259769'
9.728000, 0.003240, 21.684848, 4, 11.956848, adaptive=''1'', clausepen=''2'', performrandomwalk=''1'', singleclause=''0'', tabusearch=''0'', DLSscoringmeasure=''3'', DLStiebreaking=''2'', adaptivenoisescheme=''2'', randomwalk=''5'', rfp='0.01'
16.800000, 0.002133, 56.064982, 12, 39.264982, adaptive=''1'', clausepen=''2'', performrandomwalk=''1'', singleclause=''0'', tabusearch=''1'', DLSscoringmeasure=''3'', DLStiebreaking=''2'', adaptivenoisescheme=''1'', randomwalk=''1'', tabu='1', rwp='0.01'
23.372000, 0.002016, 66.330802, 15, 42.958802, adaptive=''1'', clausepen=''2'', performrandomwalk=''1'', singleclause=''0'', tabusearch=''1'', DLSscoringmeasure=''3'', DLStiebreaking=''2'', adaptivenoisescheme=''2'', randomwalk=''1'', tabu='1', rwp='0.01'
37.096000, 0.001778, 90.211180, 12, 53.115180, adaptive=''1'', clausepen=''2'', performrandomwalk=''1'', singleclause=''0'', tabusearch=''1'', DLSscoringmeasure=''3'', DLStiebreaking=''2'', adaptivenoisescheme=''1'', randomwalk=''1'', tabu='1', rwp='0.01'
60.288000, 0.001399, 158.573432, 15, 98.285432, adaptive=''1'', clausepen=''2'', performrandomwalk=''1'', singleclause=''0'', tabusearch=''1'', DLSscoringmeasure=''3'', DLStiebreaking=''2'', adaptivenoisescheme=''2'', randomwalk=''1'', tabu='1', rwp='0.01'
72.964000, 0.001188, 174.084590, 28, 101.120590, adaptive=''1'', clausepen=''2'', performrandomwalk=''1'', singleclause=''0'', tabusearch=''1'', DLSscoringmeasure=''3'', DLStiebreaking=''2'', adaptivenoisescheme=''1'', randomwalk=''1'', tabu='1', rwp='0.014140559118135318'
91.464000, 0.001136, 206.466514, 33, 115.002514, adaptive=''1'', clausepen=''2'', performrandomwalk=''1'', singleclause=''0'', tabusearch=''0'', DLSscoringmeasure=''3'', DLStiebreaking=''2'', adaptivenoisescheme=''1'', randomwalk=''1'', rwp='0.014140559118135318'
95.576000, 0.001053, 224.063617, 28, 128.487617, adaptive=''1'', clausepen=''2'', performrandomwalk=''1'', singleclause=''0'', tabusearch=''1'', DLSscoringmeasure=''3'', DLStiebreaking=''2'', adaptivenoisescheme=''1'', randomwalk=''1'', tabu='1', rwp='0.014140559118135318'
109.972000, 0.001020, 242.535821, 36, 132.563821, adaptive=''1'', clausepen=''2'', performrandomwalk=''1'', singleclause=''0'', tabusearch=''1'', DLSscoringmeasure=''3'', DLStiebreaking=''2'', adaptivenoisescheme=''2'', randomwalk=''1'', tabu='1', rwp='0.014140559118135318'
114.632000, 0.000980, 260.713256, 28, 146.081256, adaptive=''1'', clausepen=''2'', performrandomwalk=''1'', singleclause=''0'', tabusearch=''1'', DLSscoringmeasure=''3'', DLStiebreaking=''2'', adaptivenoisescheme=''1'', randomwalk=''1'', tabu='1', rwp='0.014140559118135318'
138.584000, 0.000891, 320.985596, 36, 182.401596, adaptive=''1'', clausepen=''2'', performrandomwalk=''1'', singleclause=''0'', tabusearch=''1'', DLSscoringmeasure=''3'', DLStiebreaking=''2'', adaptivenoisescheme=''2'', randomwalk=''1'', tabu='1', rwp='0.014140559118135318'
241.036000, 0.000748, 459.310002, 50, 218.274002, adaptive=''1'', clausepen=''2'', performrandomwalk=''1'', singleclause=''0'', tabusearch=''1'', DLSscoringmeasure=''3'', DLStiebreaking=''3'', adaptivenoisescheme=''2'', randomwalk=''1'', tabu='1', rwp='0.014140559118135318'
367.768000, 0.000622, 675.798785, 60, 308.030785, adaptive=''1'', clausepen=''2'', performrandomwalk=''1'', singleclause=''0'', tabusearch=''1'', DLSscoringmeasure=''3'', DLStiebreaking=''3'', adaptivenoisescheme=''1'', randomwalk=''1'', tabu='1', rwp='0.014140559118135318'
393.304000, 0.000595, 735.787452, 50, 342.483452, adaptive=''1'', clausepen=''2'', performrandomwalk=''1'', singleclause=''0'', tabusearch=''1'', DLSscoringmeasure=''3'', DLStiebreaking=''3'', adaptivenoisescheme=''2'', randomwalk=''1'', tabu='1', rwp='0.014140559118135318'
413.492000, 0.000585, 766.792410, 60, 353.300410, adaptive=''1'', clausepen=''2'', performrandomwalk=''1'', singleclause=''0'', tabusearch=''1'', DLSscoringmeasure=''3'', DLStiebreaking=''3'', adaptivenoisescheme=''1'', randomwalk=''1'', tabu='1', rwp='0.014140559118135318'
426.988000, 0.000561, 831.772027, 28, 404.784027, adaptive=''1'', clausepen=''2'', performrandomwalk=''1'', singleclause=''0'', tabusearch=''1'', DLSscoringmeasure=''3'', DLStiebreaking=''2'', adaptivenoisescheme=''1'', randomwalk=''1'', tabu='1', rwp='0.014140559118135318'
550.632000, 0.000486, 1116.408709, 60, 565.776709, adaptive=''1'', clausepen=''2'', performrandomwalk=''1'', singleclause=''0'', tabusearch=''1'', DLSscoringmeasure=''3'', DLStiebreaking=''3'', adaptivenoisescheme=''1'', randomwalk=''1'', tabu='1', rwp='0.014140559118135318'
564.492000, 0.000477, 1154.729647, 50, 590.237647, adaptive=''1'', clausepen=''2'', performrandomwalk=''1'', singleclause=''0'', tabusearch=''1'', DLSscoringmeasure=''3'', DLStiebreaking=''3'', adaptivenoisescheme=''2'', randomwalk=''1'', tabu='1', rwp='0.014140559118135318'
606.872000, 0.000462, 1232.480694, 60, 625.608694, adaptive=''1'', clausepen=''2'', performrandomwalk=''1'', singleclause=''0'', tabusearch=''1'', DLSscoringmeasure=''3'', DLStiebreaking=''3'', adaptivenoisescheme=''1'', randomwalk=''1'', tabu='1', rwp='0.014140559118135318'
668.348000, 0.000441, 1356.675434, 28, 688.327434, adaptive=''1'', clausepen=''2'', performrandomwalk=''1'', singleclause=''0'', tabusearch=''1'', DLSscoringmeasure=''3'', DLStiebreaking=''2'', adaptivenoisescheme=''1'', randomwalk=''1'', tabu='1', rwp='0.014140559118135318'
779.792000, 0.000413, 1575.287942, 90, 795.495942, adaptive=''1'', clausepen=''2'', performrandomwalk=''1'', singleclause=''0'', tabusearch=''1'', DLSscoringmeasure=''1'', DLStiebreaking=''2'', adaptivenoisescheme=''1'', randomwalk=''1'', tabu='1', rwp='0.014140559118135318'
810.852000, 0.000403, 1619.743328, 60, 808.891328, adaptive=''1'', clausepen=''2'', performrandomwalk=''1'', singleclause=''0'', tabusearch=''1'', DLSscoringmeasure=''3'', DLStiebreaking=''3'', adaptivenoisescheme=''1'', randomwalk=''1'', tabu='1', rwp='0.014140559118135318'
836.288000, 0.000391, 1713.453316, 50, 877.165316, adaptive=''1'', clausepen=''2'', performrandomwalk=''1'', singleclause=''0'', tabusearch=''1'', DLSscoringmeasure=''3'', DLStiebreaking=''3'', adaptivenoisescheme=''2'', randomwalk=''1'', tabu='1', rwp='0.014140559118135318'
845.864000, 0.000386, 1760.982311, 60, 915.118311, adaptive=''1'', clausepen=''2'', performrandomwalk=''1'', singleclause=''0'', tabusearch=''1'', DLSscoringmeasure=''3'', DLStiebreaking=''3'', adaptivenoisescheme=''1'', randomwalk=''1'', tabu='1', rwp='0.014140559118135318'
930.768000, 0.000361, 2012.714338, 50, 1081.946338, adaptive=''1'', clausepen=''2'', performrandomwalk=''1'', singleclause=''0'', tabusearch=''1'', DLSscoringmeasure=''3'', DLStiebreaking=''3'', adaptivenoisescheme=''2'', randomwalk=''1'', tabu='1', rwp='0.014140559118135318'
1072.196000, 0.000336, 2332.507857, 60, 1260.311857, adaptive=''1'', clausepen=''2'', performrandomwalk=''1'', singleclause=''0'', tabusearch=''1'', DLSscoringmeasure=''3'', DLStiebreaking=''3'', adaptivenoisescheme=''1'', randomwalk=''1'', tabu='1', rwp='0.014140559118135318'
1341.280000, 0.000311, 2735.509836, 50, 1394.229836, adaptive=''1'', clausepen=''2'', performrandomwalk=''1'', singleclause=''0'', tabusearch=''1'', DLSscoringmeasure=''3'', DLStiebreaking=''3'', adaptivenoisescheme=''2'', randomwalk=''1'', tabu='1', rwp='0.014140559118135318'
1353.124000, 0.000308, 2795.810097, 28, 1442.686097, adaptive=''1'', clausepen=''2'', performrandomwalk=''1'', singleclause=''0'', tabusearch=''1'', DLSscoringmeasure=''3'', DLStiebreaking=''2'', adaptivenoisescheme=''1'', randomwalk=''1'', tabu='1', rwp='0.014140559118135318'
1385.396000, 0.000303, 2917.590625, 36, 1532.194625, adaptive=''1'', clausepen=''2'', performrandomwalk=''1'', singleclause=''0'', tabusearch=''1'', DLSscoringmeasure=''3'', DLStiebreaking=''2'', adaptivenoisescheme=''2'', randomwalk=''1'', tabu='1', rwp='0.014140559118135318'
1433.576000, 0.000298, 2983.751946, 60, 1550.175946, adaptive=''1'', clausepen=''2'', performrandomwalk=''1'', singleclause=''0'', tabusearch=''1'', DLSscoringmeasure=''3'', DLStiebreaking=''3'', adaptivenoisescheme=''1'', randomwalk=''1'', tabu='1', rwp='0.014140559118135318'
1473.060000, 0.000296, 3045.884811, 28, 1572.824811, adaptive=''1'', clausepen=''2'', performrandomwalk=''1'', singleclause=''0'', tabusearch=''1'', DLSscoringmeasure=''3'', DLStiebreaking=''2'', adaptivenoisescheme=''1'', randomwalk=''1'', tabu='1', rwp='0.014140559118135318'
1490.264000, 0.000292, 3109.181065, 60, 1618.917065, adaptive=''1'', clausepen=''2'', performrandomwalk=''1'', singleclause=''0'', tabusearch=''1'', DLSscoringmeasure=''3'', DLStiebreaking=''3'', adaptivenoisescheme=''1'', randomwalk=''1'', tabu='1', rwp='0.014140559118135318'
1732.880000, 0.000273, 3566.603598, 28, 1833.723598, adaptive=''1'', clausepen=''2'', performrandomwalk=''1'', singleclause=''0'', tabusearch=''1'', DLSscoringmeasure=''3'', DLStiebreaking=''2'', adaptivenoisescheme=''1'', randomwalk=''1'', tabu='1', rwp='0.014140559118135318'
