{"total_cpu_time": null, "cpu_time": 0, "evaluations": 0, "wallclock_time": 0.001444101333618164, "cost": 2147483648, "incumbent": ["adaptive=''1''", "clausepen=''1''", "performrandomwalk=''0''", "singleclause=''1''", "tabusearch=''0''", "adaptivenoisescheme=''1''", "adaptwalkprob=''0''", "heuristic=''2''", "promisinglist=''1''", "ps='0.4'", "selectclause=''1''", "smoothingscheme=''1''", "adaptiveprom=''0''", "decreasingvariable=''3''", "performalternatenovelty=''1''", "phi='5'", "theta='6'", "updateschemepromlist=''3''", "wp='0.01'", "CONadaptpromwalkprob=''0''"]}
{"total_cpu_time": null, "cpu_time": 1.972, "evaluations": 1, "wallclock_time": 2.4680442810058594, "cost": 1.972, "incumbent": ["adaptive=''1''", "clausepen=''1''", "performrandomwalk=''0''", "singleclause=''1''", "tabusearch=''0''", "adaptivenoisescheme=''1''", "adaptwalkprob=''0''", "heuristic=''2''", "promisinglist=''1''", "ps='0.4'", "selectclause=''1''", "smoothingscheme=''1''", "adaptiveprom=''0''", "decreasingvariable=''3''", "performalternatenovelty=''1''", "phi='5'", "theta='6'", "updateschemepromlist=''3''", "wp='0.01'", "CONadaptpromwalkprob=''0''"]}
{"total_cpu_time": null, "cpu_time": 91.964, "evaluations": 65, "wallclock_time": 161.03850173950195, "cost": 0.004279999999999999, "incumbent": ["adaptive=''1''", "clausepen=''2''", "performrandomwalk=''0''", "singleclause=''0''", "tabusearch=''0''", "DLSscoringmeasure=''1''", "DLStiebreaking=''4''", "adaptivenoisescheme=''2''"]}
{"total_cpu_time": null, "cpu_time": 248.41600000000045, "evaluations": 195, "wallclock_time": 449.2652807235718, "cost": 0.0033600000000000006, "incumbent": ["adaptive=''1''", "clausepen=''2''", "performrandomwalk=''0''", "singleclause=''0''", "tabusearch=''1''", "DLSscoringmeasure=''3''", "DLStiebreaking=''4''", "adaptivenoisescheme=''2''", "tabu='1'"]}
{"total_cpu_time": null, "cpu_time": 297.3760000000005, "evaluations": 260, "wallclock_time": 546.7024347782135, "cost": 0.0030000000000000005, "incumbent": ["adaptive=''1''", "clausepen=''2''", "performrandomwalk=''1''", "singleclause=''0''", "tabusearch=''1''", "DLSscoringmeasure=''1''", "DLStiebreaking=''1''", "adaptivenoisescheme=''2''", "randomwalk=''4''", "tabu='3'", "rfp='0.06832977047716213'"]}
