{"cpu_time": 0, "incumbent": ["adaptive=''1''", "clausepen=''1''", "performrandomwalk=''0''", "singleclause=''1''", "tabusearch=''0''", "adaptivenoisescheme=''1''", "adaptwalkprob=''0''", "heuristic=''2''", "promisinglist=''1''", "ps='0.4'", "selectclause=''1''", "smoothingscheme=''1''", "adaptiveprom=''0''", "decreasingvariable=''3''", "performalternatenovelty=''1''", "phi='5'", "theta='6'", "updateschemepromlist=''3''", "wp='0.01'", "CONadaptpromwalkprob=''0''"], "evaluations": 0, "total_cpu_time": null, "wallclock_time": 0.0014851093292236328, "cost": 2147483648}
{"cpu_time": 1.38, "incumbent": ["adaptive=''1''", "clausepen=''1''", "performrandomwalk=''0''", "singleclause=''1''", "tabusearch=''0''", "adaptivenoisescheme=''1''", "adaptwalkprob=''0''", "heuristic=''2''", "promisinglist=''1''", "ps='0.4'", "selectclause=''1''", "smoothingscheme=''1''", "adaptiveprom=''0''", "decreasingvariable=''3''", "performalternatenovelty=''1''", "phi='5'", "theta='6'", "updateschemepromlist=''3''", "wp='0.01'", "CONadaptpromwalkprob=''0''"], "evaluations": 1, "total_cpu_time": null, "wallclock_time": 1.8355228900909424, "cost": 1.38}
{"cpu_time": 51.32399999999996, "incumbent": ["adaptive=''1''", "clausepen=''2''", "performrandomwalk=''1''", "singleclause=''0''", "tabusearch=''0''", "DLSscoringmeasure=''1''", "DLStiebreaking=''4''", "adaptivenoisescheme=''1''", "randomwalk=''5''", "rfp='0.11404539025244989'"], "evaluations": 65, "total_cpu_time": null, "wallclock_time": 39.987181663513184, "cost": 0.0032000000000000006}
{"cpu_time": 1917.1159999999973, "incumbent": ["adaptive=''0''", "clausepen=''1''", "performrandomwalk=''0''", "singleclause=''0''", "tabusearch=''0''", "DLSscoringmeasure=''3''", "DLStiebreaking=''1''", "smoothingscheme=''1''", "DLSalpha='1.189'", "DLSps='0.013030249517627268'", "DLSrho='0.4148826763407741'", "DLSsapsthresh='-0.1283062429822226'", "DLSwp='0.03'"], "evaluations": 1170, "total_cpu_time": null, "wallclock_time": 1222.403538942337, "cost": 0.00288}
