{"evaluations": 0, "total_cpu_time": null, "cost": 2147483648, "wallclock_time": 0.0015125274658203125, "incumbent": ["adaptive=''1''", "clausepen=''1''", "performrandomwalk=''0''", "singleclause=''1''", "tabusearch=''0''", "adaptivenoisescheme=''1''", "adaptwalkprob=''0''", "heuristic=''2''", "promisinglist=''1''", "ps='0.4'", "selectclause=''1''", "smoothingscheme=''1''", "adaptiveprom=''0''", "decreasingvariable=''3''", "performalternatenovelty=''1''", "phi='5'", "theta='6'", "updateschemepromlist=''3''", "wp='0.01'", "CONadaptpromwalkprob=''0''"], "cpu_time": 0}
{"evaluations": 1, "total_cpu_time": null, "cost": 1.372, "wallclock_time": 1.9074885845184326, "incumbent": ["adaptive=''1''", "clausepen=''1''", "performrandomwalk=''0''", "singleclause=''1''", "tabusearch=''0''", "adaptivenoisescheme=''1''", "adaptwalkprob=''0''", "heuristic=''2''", "promisinglist=''1''", "ps='0.4'", "selectclause=''1''", "smoothingscheme=''1''", "adaptiveprom=''0''", "decreasingvariable=''3''", "performalternatenovelty=''1''", "phi='5'", "theta='6'", "updateschemepromlist=''3''", "wp='0.01'", "CONadaptpromwalkprob=''0''"], "cpu_time": 1.372}
{"evaluations": 65, "total_cpu_time": null, "cost": 0.003320000000000001, "wallclock_time": 62.80437159538269, "incumbent": ["adaptive=''0''", "clausepen=''1''", "performrandomwalk=''0''", "singleclause=''0''", "tabusearch=''1''", "DLSscoringmeasure=''3''", "DLStiebreaking=''4''", "smoothingscheme=''2''", "tabu='4'", "DLSc='0.00013687629875901617'", "DLSmaxinc='10'", "DLSpflat='0.19488978828709635'", "DLSs='0.013596926587650904'"], "cpu_time": 51.54399999999996}
{"evaluations": 2080, "total_cpu_time": null, "cost": 0.003280000000000001, "wallclock_time": 2946.0079877376556, "incumbent": ["adaptive=''0''", "clausepen=''1''", "performrandomwalk=''0''", "singleclause=''0''", "tabusearch=''1''", "DLSscoringmeasure=''3''", "DLStiebreaking=''4''", "smoothingscheme=''2''", "tabu='4'", "DLSc='1.555369391990316e-05'", "DLSmaxinc='10'", "DLSpflat='0.19488978828709635'", "DLSs='0.013596926587650904'"], "cpu_time": 3225.5380000000314}
