"CPU Time Used","Estimated Training Performance","Wallclock Time","Incumbent ID","Automatic Configurator (CPU) Time","Configuration..."
0.000000, 2147483648.000000, 0.001513, 1, 0.001513, adaptive=''1'', clausepen=''1'', performrandomwalk=''0'', singleclause=''1'', tabusearch=''0'', adaptivenoisescheme=''1'', adaptwalkprob=''0'', heuristic=''2'', promisinglist=''1'', ps='0.4', selectclause=''1'', smoothingscheme=''1'', adaptiveprom=''0'', decreasingvariable=''3'', performalternatenovelty=''1'', phi='5', theta='6', updateschemepromlist=''3'', wp='0.01', CONadaptpromwalkprob=''0''
1.372000, 1.372000, 1.907489, 1, 0.535489, adaptive=''1'', clausepen=''1'', performrandomwalk=''0'', singleclause=''1'', tabusearch=''0'', adaptivenoisescheme=''1'', adaptwalkprob=''0'', heuristic=''2'', promisinglist=''1'', ps='0.4', selectclause=''1'', smoothingscheme=''1'', adaptiveprom=''0'', decreasingvariable=''3'', performalternatenovelty=''1'', phi='5', theta='6', updateschemepromlist=''3'', wp='0.01', CONadaptpromwalkprob=''0''
51.544000, 0.003320, 62.804372, 6, 11.260372, adaptive=''0'', clausepen=''1'', performrandomwalk=''0'', singleclause=''0'', tabusearch=''1'', DLSscoringmeasure=''3'', DLStiebreaking=''4'', smoothingscheme=''2'', tabu='4', DLSc='0.00013687629875901617', DLSmaxinc='10', DLSpflat='0.19488978828709635', DLSs='0.013596926587650904'
3225.538000, 0.003280, 2946.007988, 120, -279.530012, adaptive=''0'', clausepen=''1'', performrandomwalk=''0'', singleclause=''0'', tabusearch=''1'', DLSscoringmeasure=''3'', DLStiebreaking=''4'', smoothingscheme=''2'', tabu='4', DLSc='1.555369391990316e-05', DLSmaxinc='10', DLSpflat='0.19488978828709635', DLSs='0.013596926587650904'
