"CPU Time Used","Estimated Training Performance","Wallclock Time","Incumbent ID","Automatic Configurator (CPU) Time","Configuration..."
0.000000, 2147483648.000000, 0.000878, 1, 0.000878, sp-clause-activity-inc='1.0', sp-clause-decay='1.4', sp-clause-del-heur=''2'', sp-first-restart='100', sp-learned-clause-sort-heur=''0'', sp-learned-clauses-inc='1.3', sp-learned-size-factor='0.4', sp-orig-clause-sort-heur=''0'', sp-phase-dec-heur=''5'', sp-rand-var-dec-freq=''0.001'', sp-resolution=''1'', sp-restart-inc='1.5', sp-update-dec-queue=''1'', sp-use-pure-literal-rule=''1'', sp-var-activity-inc='1.0', sp-var-dec-heur=''0'', sp-variable-decay='1.4', sp-max-res-lit-inc='1.0', sp-max-res-runs='4', sp-rand-phase-dec-freq=''0.001'', sp-rand-var-dec-scaling='1.0', sp-res-cutoff-cls='8', sp-res-cutoff-lits='400', sp-res-order-heur=''0'', sp-rand-phase-scaling='1.0'
5.000000, 50.000000, 7.305842, 1, 2.305842, sp-clause-activity-inc='1.0', sp-clause-decay='1.4', sp-clause-del-heur=''2'', sp-first-restart='100', sp-learned-clause-sort-heur=''0'', sp-learned-clauses-inc='1.3', sp-learned-size-factor='0.4', sp-orig-clause-sort-heur=''0'', sp-phase-dec-heur=''5'', sp-rand-var-dec-freq=''0.001'', sp-resolution=''1'', sp-restart-inc='1.5', sp-update-dec-queue=''1'', sp-use-pure-literal-rule=''1'', sp-var-activity-inc='1.0', sp-var-dec-heur=''0'', sp-variable-decay='1.4', sp-max-res-lit-inc='1.0', sp-max-res-runs='4', sp-rand-phase-dec-freq=''0.001'', sp-rand-var-dec-scaling='1.0', sp-res-cutoff-cls='8', sp-res-cutoff-lits='400', sp-res-order-heur=''0'', sp-rand-phase-scaling='1.0'
124.976000, 0.416667, 196.505782, 3, 71.529782, sp-clause-activity-inc='0.6831311459351304', sp-clause-decay='1.371153935682132', sp-clause-del-heur=''1'', sp-first-restart='1328', sp-learned-clause-sort-heur=''8'', sp-learned-clauses-inc='1.3039372064252381', sp-learned-size-factor='0.32068823696808607', sp-orig-clause-sort-heur=''4'', sp-phase-dec-heur=''0'', sp-rand-var-dec-freq=''0'', sp-resolution=''0'', sp-restart-inc='1.7191390341847508', sp-update-dec-queue=''1'', sp-use-pure-literal-rule=''1'', sp-var-activity-inc='1.0389157771700894', sp-var-dec-heur=''18'', sp-variable-decay='1.3824691108819822', sp-rand-phase-dec-freq=''0.001'', sp-rand-phase-scaling='1.0'
136.148000, 0.066107, 219.108471, 4, 82.960471, sp-clause-activity-inc='1.4807108731993952', sp-clause-decay='1.4571112287965657', sp-clause-del-heur=''0'', sp-first-restart='362', sp-learned-clause-sort-heur=''13'', sp-learned-clauses-inc='1.2568060230919578', sp-learned-size-factor='0.866515839829171', sp-orig-clause-sort-heur=''9'', sp-phase-dec-heur=''6'', sp-rand-var-dec-freq=''0.001'', sp-resolution=''2'', sp-restart-inc='1.8508036702240016', sp-update-dec-queue=''1'', sp-use-pure-literal-rule=''0'', sp-var-activity-inc='0.5153215609620028', sp-var-dec-heur=''0'', sp-variable-decay='1.2025359036154497', sp-max-res-lit-inc='0.8254932654645696', sp-max-res-runs='1', sp-rand-phase-dec-freq=''0.005'', sp-rand-var-dec-scaling='1.0198505533683844', sp-res-cutoff-cls='9', sp-res-cutoff-lits='397', sp-res-order-heur=''15'', sp-rand-phase-scaling='0.3465553267837379'
267.460000, 0.060249, 467.661885, 8, 200.201885, sp-clause-activity-inc='1.4807108731993952', sp-clause-decay='1.4571112287965657', sp-clause-del-heur=''0'', sp-first-restart='156', sp-learned-clause-sort-heur=''18'', sp-learned-clauses-inc='1.2568060230919578', sp-learned-size-factor='0.866515839829171', sp-orig-clause-sort-heur=''9'', sp-phase-dec-heur=''6'', sp-rand-var-dec-freq=''0.001'', sp-resolution=''2'', sp-restart-inc='1.86542587248476', sp-update-dec-queue=''1'', sp-use-pure-literal-rule=''0'', sp-var-activity-inc='0.5153215609620028', sp-var-dec-heur=''0'', sp-variable-decay='1.2025359036154497', sp-max-res-lit-inc='0.8254932654645696', sp-max-res-runs='1', sp-rand-phase-dec-freq=''0.005'', sp-rand-var-dec-scaling='1.0198505533683844', sp-res-cutoff-cls='9', sp-res-cutoff-lits='397', sp-res-order-heur=''15'', sp-rand-phase-scaling='0.3465553267837379'
330.156000, 0.049064, 623.297120, 10, 293.141120, sp-clause-activity-inc='1.0', sp-clause-decay='1.4', sp-clause-del-heur=''2'', sp-first-restart='297', sp-learned-clause-sort-heur=''3'', sp-learned-clauses-inc='1.264049127870542', sp-learned-size-factor='0.8930896209720373', sp-orig-clause-sort-heur=''0'', sp-phase-dec-heur=''5'', sp-rand-var-dec-freq=''0.001'', sp-resolution=''0'', sp-restart-inc='1.8348984171111697', sp-update-dec-queue=''1'', sp-use-pure-literal-rule=''1'', sp-var-activity-inc='1.0', sp-var-dec-heur=''0'', sp-variable-decay='1.4', sp-rand-phase-dec-freq=''0.001'', sp-rand-var-dec-scaling='1.0', sp-rand-phase-scaling='1.0'
399.324000, 0.036971, 823.154542, 12, 423.830542, sp-clause-activity-inc='1.0918716575042415', sp-clause-decay='1.4', sp-clause-del-heur=''2'', sp-first-restart='1103', sp-learned-clause-sort-heur=''3'', sp-learned-clauses-inc='1.2420743448822729', sp-learned-size-factor='1.39038327339929', sp-orig-clause-sort-heur=''0'', sp-phase-dec-heur=''5'', sp-rand-var-dec-freq=''0.001'', sp-resolution=''0'', sp-restart-inc='1.857479775955945', sp-update-dec-queue=''1'', sp-use-pure-literal-rule=''1'', sp-var-activity-inc='1.0', sp-var-dec-heur=''0'', sp-variable-decay='1.4', sp-rand-phase-dec-freq=''0.001'', sp-rand-var-dec-scaling='1.0', sp-rand-phase-scaling='1.0'
515.444000, 0.031462, 1234.770103, 17, 719.326103, sp-clause-activity-inc='1.0', sp-clause-decay='1.4672330724594633', sp-clause-del-heur=''0'', sp-first-restart='2800', sp-learned-clause-sort-heur=''13'', sp-learned-clauses-inc='1.2057153062509114', sp-learned-size-factor='1.3646258054019804', sp-orig-clause-sort-heur=''0'', sp-phase-dec-heur=''5'', sp-rand-var-dec-freq=''0.001'', sp-resolution=''0'', sp-restart-inc='1.854220511473001', sp-update-dec-queue=''1'', sp-use-pure-literal-rule=''0'', sp-var-activity-inc='1.0', sp-var-dec-heur=''0'', sp-variable-decay='1.3817181414517945', sp-rand-phase-dec-freq=''0.001'', sp-rand-var-dec-scaling='1.0', sp-rand-phase-scaling='1.0'
557.228000, 0.022673, 1426.473782, 19, 869.245782, sp-clause-activity-inc='1.0588873281045956', sp-clause-decay='1.4437848857411701', sp-clause-del-heur=''2'', sp-first-restart='362', sp-learned-clause-sort-heur=''3'', sp-learned-clauses-inc='1.2568060230919578', sp-learned-size-factor='1.5978397899924628', sp-orig-clause-sort-heur=''0'', sp-phase-dec-heur=''5'', sp-rand-var-dec-freq=''0.001'', sp-resolution=''2'', sp-restart-inc='1.8508036702240016', sp-update-dec-queue=''1'', sp-use-pure-literal-rule=''0'', sp-var-activity-inc='0.5153215609620028', sp-var-dec-heur=''0'', sp-variable-decay='1.430382408686198', sp-max-res-lit-inc='0.8254932654645696', sp-max-res-runs='1', sp-rand-phase-dec-freq=''0'', sp-rand-var-dec-scaling='1.0007706336603193', sp-res-cutoff-cls='9', sp-res-cutoff-lits='397', sp-res-order-heur=''15''
1165.672000, 0.017574, 3418.355142, 36, 2252.683142, sp-clause-activity-inc='1.4768109775407579', sp-clause-decay='1.4377715702638152', sp-clause-del-heur=''1'', sp-first-restart='927', sp-learned-clause-sort-heur=''3'', sp-learned-clauses-inc='1.315910830726594', sp-learned-size-factor='1.5911677686807055', sp-orig-clause-sort-heur=''0'', sp-phase-dec-heur=''5'', sp-rand-var-dec-freq=''0.001'', sp-resolution=''2'', sp-restart-inc='1.8480996553429974', sp-update-dec-queue=''1'', sp-use-pure-literal-rule=''0'', sp-var-activity-inc='1.3936092884165943', sp-var-dec-heur=''0'', sp-variable-decay='1.1861007282849152', sp-max-res-lit-inc='1.0', sp-max-res-runs='4', sp-rand-phase-dec-freq=''0.0001'', sp-rand-var-dec-scaling='1.0045134908439592', sp-res-cutoff-cls='8', sp-res-cutoff-lits='400', sp-res-order-heur=''0'', sp-rand-phase-scaling='1.0'
1555.994000, 0.016661, 4503.499514, 44, 2947.505514, sp-clause-activity-inc='1.4768109775407579', sp-clause-decay='1.7030401907581525', sp-clause-del-heur=''1'', sp-first-restart='1093', sp-learned-clause-sort-heur=''3'', sp-learned-clauses-inc='1.3022884423174323', sp-learned-size-factor='1.1679337405834136', sp-orig-clause-sort-heur=''0'', sp-phase-dec-heur=''5'', sp-rand-var-dec-freq=''0.001'', sp-resolution=''2'', sp-restart-inc='1.8749302511677', sp-update-dec-queue=''1'', sp-use-pure-literal-rule=''1'', sp-var-activity-inc='0.9758481843065936', sp-var-dec-heur=''0'', sp-variable-decay='1.1977464363470753', sp-max-res-lit-inc='0.8216958739767546', sp-max-res-runs='4', sp-rand-phase-dec-freq=''0.01'', sp-rand-var-dec-scaling='1.0045134908439592', sp-res-cutoff-cls='8', sp-res-cutoff-lits='400', sp-res-order-heur=''0'', sp-rand-phase-scaling='1.0'
1914.698000, 0.016316, 5385.819931, 50, 3471.121931, sp-clause-activity-inc='1.3864573460906435', sp-clause-decay='1.6399519852136002', sp-clause-del-heur=''0'', sp-first-restart='909', sp-learned-clause-sort-heur=''3'', sp-learned-clauses-inc='1.2562235045540702', sp-learned-size-factor='1.2656703647585041', sp-orig-clause-sort-heur=''0'', sp-phase-dec-heur=''5'', sp-rand-var-dec-freq=''0.001'', sp-resolution=''0'', sp-restart-inc='1.8597588618766028', sp-update-dec-queue=''1'', sp-use-pure-literal-rule=''0'', sp-var-activity-inc='1.0957935820239983', sp-var-dec-heur=''0'', sp-variable-decay='1.4281267672467393', sp-rand-phase-dec-freq=''0.0001'', sp-rand-var-dec-scaling='1.093910505464317', sp-rand-phase-scaling='0.8286209533940736'
1968.170000, 0.014853, 5515.648772, 51, 3547.478772, sp-clause-activity-inc='1.0', sp-clause-decay='1.4519032137190517', sp-clause-del-heur=''0'', sp-first-restart='409', sp-learned-clause-sort-heur=''3'', sp-learned-clauses-inc='1.2527492927030286', sp-learned-size-factor='1.2117056630750405', sp-orig-clause-sort-heur=''0'', sp-phase-dec-heur=''5'', sp-rand-var-dec-freq=''0.001'', sp-resolution=''0'', sp-restart-inc='1.8556957159146843', sp-update-dec-queue=''1'', sp-use-pure-literal-rule=''1'', sp-var-activity-inc='0.646520758846652', sp-var-dec-heur=''0'', sp-variable-decay='1.2913050566500015', sp-rand-phase-dec-freq=''0'', sp-rand-var-dec-scaling='1.007350245450226'
2444.278000, 0.014531, 6598.608626, 58, 4154.330626, sp-clause-activity-inc='1.0', sp-clause-decay='1.4415397590640007', sp-clause-del-heur=''0'', sp-first-restart='258', sp-learned-clause-sort-heur=''3'', sp-learned-clauses-inc='1.2321718462290916', sp-learned-size-factor='0.5881766802421317', sp-orig-clause-sort-heur=''0'', sp-phase-dec-heur=''1'', sp-rand-var-dec-freq=''0.001'', sp-resolution=''0'', sp-restart-inc='1.8566484778156949', sp-update-dec-queue=''1'', sp-use-pure-literal-rule=''1'', sp-var-activity-inc='0.9692056544898213', sp-var-dec-heur=''0'', sp-variable-decay='1.2197094370743287', sp-rand-phase-dec-freq=''0.01'', sp-rand-var-dec-scaling='0.9799291363209826', sp-rand-phase-scaling='1.0'
2577.066000, 0.013204, 6913.132408, 60, 4336.066408, sp-clause-activity-inc='1.3699721921420007', sp-clause-decay='1.4510418958770177', sp-clause-del-heur=''2'', sp-first-restart='833', sp-learned-clause-sort-heur=''3'', sp-learned-clauses-inc='1.181317285689184', sp-learned-size-factor='1.58572315567438', sp-orig-clause-sort-heur=''0'', sp-phase-dec-heur=''1'', sp-rand-var-dec-freq=''0.001'', sp-resolution=''0'', sp-restart-inc='1.8457559723302637', sp-update-dec-queue=''1'', sp-use-pure-literal-rule=''1'', sp-var-activity-inc='1.0', sp-var-dec-heur=''0'', sp-variable-decay='1.1900736889051928', sp-rand-phase-dec-freq=''0'', sp-rand-var-dec-scaling='1.0051036257476007'
2858.878000, 0.012015, 7549.730205, 64, 4690.852205, sp-clause-activity-inc='1.000379000106498', sp-clause-decay='1.4472502232905313', sp-clause-del-heur=''0'', sp-first-restart='619', sp-learned-clause-sort-heur=''3'', sp-learned-clauses-inc='1.2260456034357816', sp-learned-size-factor='1.0107043109978013', sp-orig-clause-sort-heur=''0'', sp-phase-dec-heur=''5'', sp-rand-var-dec-freq=''0.001'', sp-resolution=''2'', sp-restart-inc='1.850947130113123', sp-update-dec-queue=''1'', sp-use-pure-literal-rule=''1'', sp-var-activity-inc='0.9843636810228514', sp-var-dec-heur=''0'', sp-variable-decay='1.2400012886429839', sp-max-res-lit-inc='2.3258476444337046', sp-max-res-runs='4', sp-rand-phase-dec-freq=''0'', sp-rand-var-dec-scaling='0.9276944693861993', sp-res-cutoff-cls='8', sp-res-cutoff-lits='400', sp-res-order-heur=''0''
3322.130000, 0.011112, 8574.997806, 70, 5252.867806, sp-clause-activity-inc='1.0', sp-clause-decay='1.4908910219073228', sp-clause-del-heur=''1'', sp-first-restart='294', sp-learned-clause-sort-heur=''3'', sp-learned-clauses-inc='1.3165993608041875', sp-learned-size-factor='1.4821023023342255', sp-orig-clause-sort-heur=''0'', sp-phase-dec-heur=''5'', sp-rand-var-dec-freq=''0'', sp-resolution=''0'', sp-restart-inc='1.8595153851986908', sp-update-dec-queue=''1'', sp-use-pure-literal-rule=''0'', sp-var-activity-inc='0.9854418786854672', sp-var-dec-heur=''0'', sp-variable-decay='1.1223881137657736', sp-rand-phase-dec-freq=''0.001'', sp-rand-phase-scaling='1.0374504684189463'
3467.570000, 0.009653, 8896.372457, 72, 5428.802457, sp-clause-activity-inc='1.0', sp-clause-decay='1.8598832489780348', sp-clause-del-heur=''2'', sp-first-restart='296', sp-learned-clause-sort-heur=''3'', sp-learned-clauses-inc='1.3292439218880827', sp-learned-size-factor='1.0608309548947665', sp-orig-clause-sort-heur=''0'', sp-phase-dec-heur=''1'', sp-rand-var-dec-freq=''0.001'', sp-resolution=''0'', sp-restart-inc='1.8684280791942822', sp-update-dec-queue=''1'', sp-use-pure-literal-rule=''1'', sp-var-activity-inc='0.9029892753148865', sp-var-dec-heur=''0'', sp-variable-decay='1.2421133941732425', sp-rand-phase-dec-freq=''0'', sp-rand-var-dec-scaling='1.007468088566269'
5417.234000, 0.009456, 13120.461759, 93, 7703.227759, sp-clause-activity-inc='0.9538261837970667', sp-clause-decay='1.8260783781752703', sp-clause-del-heur=''1'', sp-first-restart='296', sp-learned-clause-sort-heur=''3'', sp-learned-clauses-inc='1.3263242023305573', sp-learned-size-factor='1.1879744835194463', sp-orig-clause-sort-heur=''0'', sp-phase-dec-heur=''1'', sp-rand-var-dec-freq=''0.001'', sp-resolution=''0'', sp-restart-inc='1.856441051752134', sp-update-dec-queue=''1'', sp-use-pure-literal-rule=''1'', sp-var-activity-inc='0.9656612126174633', sp-var-dec-heur=''0'', sp-variable-decay='1.4553907789725546', sp-rand-phase-dec-freq=''0'', sp-rand-var-dec-scaling='0.9617760540023654'
5514.910000, 0.009207, 13341.966371, 94, 7827.056371, sp-clause-activity-inc='0.9682319960826724', sp-clause-decay='1.420053775350449', sp-clause-del-heur=''1'', sp-first-restart='54', sp-learned-clause-sort-heur=''13'', sp-learned-clauses-inc='1.3109459890680448', sp-learned-size-factor='0.23411596640588034', sp-orig-clause-sort-heur=''0'', sp-phase-dec-heur=''6'', sp-rand-var-dec-freq=''0.001'', sp-resolution=''1'', sp-restart-inc='1.892188528528606', sp-update-dec-queue=''1'', sp-use-pure-literal-rule=''0'', sp-var-activity-inc='0.646520758846652', sp-var-dec-heur=''0'', sp-variable-decay='1.2082978657678933', sp-max-res-lit-inc='0.8655409625037244', sp-max-res-runs='1', sp-rand-phase-dec-freq=''0.01'', sp-rand-var-dec-scaling='0.9367812088698804', sp-res-cutoff-cls='8', sp-res-cutoff-lits='400', sp-res-order-heur=''0'', sp-rand-phase-scaling='1.0'
5840.994000, 0.008792, 14014.951880, 97, 8173.957880, sp-clause-activity-inc='0.8720170079601702', sp-clause-decay='1.7078314094913822', sp-clause-del-heur=''1'', sp-first-restart='65', sp-learned-clause-sort-heur=''0'', sp-learned-clauses-inc='1.3335004803902029', sp-learned-size-factor='0.31741351164468323', sp-orig-clause-sort-heur=''0'', sp-phase-dec-heur=''1'', sp-rand-var-dec-freq=''0.001'', sp-resolution=''0'', sp-restart-inc='1.8485364204964139', sp-update-dec-queue=''1'', sp-use-pure-literal-rule=''0'', sp-var-activity-inc='1.2399179603690984', sp-var-dec-heur=''0'', sp-variable-decay='1.2106619505782383', sp-rand-phase-dec-freq=''0.005'', sp-rand-var-dec-scaling='0.9436652254071467', sp-rand-phase-scaling='0.9654317028875614'
6287.850000, 0.008402, 14938.481611, 101, 8650.631611, sp-clause-activity-inc='0.5874689769559259', sp-clause-decay='1.8491944447002329', sp-clause-del-heur=''1'', sp-first-restart='33', sp-learned-clause-sort-heur=''0'', sp-learned-clauses-inc='1.3225392393079975', sp-learned-size-factor='1.0608309548947665', sp-orig-clause-sort-heur=''0'', sp-phase-dec-heur=''1'', sp-rand-var-dec-freq=''0.001'', sp-resolution=''0'', sp-restart-inc='1.8698932283480971', sp-update-dec-queue=''1'', sp-use-pure-literal-rule=''0'', sp-var-activity-inc='1.1632146814079052', sp-var-dec-heur=''0'', sp-variable-decay='1.501117847666755', sp-rand-phase-dec-freq=''0.005'', sp-rand-var-dec-scaling='0.9608341059995071', sp-rand-phase-scaling='0.8991402604195429'
6616.918000, 0.008144, 15635.264763, 104, 9018.346763, sp-clause-activity-inc='0.8032742630572748', sp-clause-decay='1.588193304582242', sp-clause-del-heur=''0'', sp-first-restart='66', sp-learned-clause-sort-heur=''0'', sp-learned-clauses-inc='1.3414074995459928', sp-learned-size-factor='0.12701019997153817', sp-orig-clause-sort-heur=''13'', sp-phase-dec-heur=''1'', sp-rand-var-dec-freq=''0.001'', sp-resolution=''0'', sp-restart-inc='1.8656148786593614', sp-update-dec-queue=''1'', sp-use-pure-literal-rule=''0'', sp-var-activity-inc='1.4922397304348438', sp-var-dec-heur=''0'', sp-variable-decay='1.5300837316666578', sp-rand-phase-dec-freq=''0.005'', sp-rand-var-dec-scaling='1.0932155685769027', sp-rand-phase-scaling='0.892494921352571'
7162.954000, 0.007745, 16815.486033, 109, 9652.532033, sp-clause-activity-inc='0.8435357264342318', sp-clause-decay='1.844977191407972', sp-clause-del-heur=''0'', sp-first-restart='65', sp-learned-clause-sort-heur=''3'', sp-learned-clauses-inc='1.3504950063572578', sp-learned-size-factor='0.1084636399055285', sp-orig-clause-sort-heur=''13'', sp-phase-dec-heur=''1'', sp-rand-var-dec-freq=''0'', sp-resolution=''0'', sp-restart-inc='1.892589418814682', sp-update-dec-queue=''1'', sp-use-pure-literal-rule=''0'', sp-var-activity-inc='1.3008176178165445', sp-var-dec-heur=''0'', sp-variable-decay='1.5664216376184252', sp-rand-phase-dec-freq=''0''
7265.922000, 0.007271, 17045.252904, 110, 9779.330904, sp-clause-activity-inc='0.987909432111636', sp-clause-decay='1.46287625472777', sp-clause-del-heur=''1'', sp-first-restart='29', sp-learned-clause-sort-heur=''0'', sp-learned-clauses-inc='1.3122034744303925', sp-learned-size-factor='0.11112529519008828', sp-orig-clause-sort-heur=''13'', sp-phase-dec-heur=''1'', sp-rand-var-dec-freq=''0.001'', sp-resolution=''0'', sp-restart-inc='1.8624444342244275', sp-update-dec-queue=''1'', sp-use-pure-literal-rule=''0'', sp-var-activity-inc='0.9895489207172428', sp-var-dec-heur=''0'', sp-variable-decay='1.5672062869852932', sp-rand-phase-dec-freq=''0.05'', sp-rand-var-dec-scaling='0.9103273698330894', sp-rand-phase-scaling='0.9246704196429516'
7473.566000, 0.006658, 17508.371606, 112, 10034.805606, sp-clause-activity-inc='0.7853389566701826', sp-clause-decay='1.4013794199515577', sp-clause-del-heur=''2'', sp-first-restart='386', sp-learned-clause-sort-heur=''3'', sp-learned-clauses-inc='1.3544316207675147', sp-learned-size-factor='0.10199072028392489', sp-orig-clause-sort-heur=''13'', sp-phase-dec-heur=''1'', sp-rand-var-dec-freq=''0.001'', sp-resolution=''0'', sp-restart-inc='1.892031479077016', sp-update-dec-queue=''1'', sp-use-pure-literal-rule=''1'', sp-var-activity-inc='1.2406674853636777', sp-var-dec-heur=''0'', sp-variable-decay='1.6402453369374164', sp-rand-phase-dec-freq=''0.005'', sp-rand-var-dec-scaling='0.9416713783512591', sp-rand-phase-scaling='0.8285433336406212'
