"CPU Time Used","Estimated Training Performance","Wallclock Time","Incumbent ID","Automatic Configurator (CPU) Time","Configuration..."
0.000000, 2147483648.000000, 0.001431, 1, 0.001431, adaptive=''1'', clausepen=''1'', performrandomwalk=''0'', singleclause=''1'', tabusearch=''0'', adaptivenoisescheme=''1'', adaptwalkprob=''0'', heuristic=''2'', promisinglist=''1'', ps='0.4', selectclause=''1'', smoothingscheme=''1'', adaptiveprom=''0'', decreasingvariable=''3'', performalternatenovelty=''1'', phi='5', theta='6', updateschemepromlist=''3'', wp='0.01', CONadaptpromwalkprob=''0''
1.352000, 1.352000, 1.834090, 1, 0.482090, adaptive=''1'', clausepen=''1'', performrandomwalk=''0'', singleclause=''1'', tabusearch=''0'', adaptivenoisescheme=''1'', adaptwalkprob=''0'', heuristic=''2'', promisinglist=''1'', ps='0.4', selectclause=''1'', smoothingscheme=''1'', adaptiveprom=''0'', decreasingvariable=''3'', performalternatenovelty=''1'', phi='5', theta='6', updateschemepromlist=''3'', wp='0.01', CONadaptpromwalkprob=''0''
4.496000, 0.010040, 9.040325, 2, 4.544325, adaptive=''1'', clausepen=''0'', performrandomwalk=''1'', singleclause=''1'', tabusearch=''1'', CONselectclause=''1'', adaptivenoisescheme=''2'', adaptwalkprob=''0'', heuristic=''8'', promisinglist=''1'', randomwalk=''4'', tabu='2', adaptiveprom=''1'', decreasingvariable=''7'', rfp='0.12012172717631044', updateschemepromlist=''2'', adaptpromwalkprob=''0'', promphi='8', promtheta='8'
10.488000, 0.004000, 16.198065, 3, 5.710065, adaptive=''0'', clausepen=''0'', performrandomwalk=''1'', singleclause=''1'', tabusearch=''0'', CONadaptwalkprob=''0'', CONselectclause=''1'', c='0.0024166984339516165', heuristic=''9'', promisinglist=''0'', randomwalk=''5'', s='0.018788276074151185', rfp='0.11378229605506844', wpwalk='0.3913715717036388'
42.540000, 0.002462, 40.350079, 10, -2.189921, adaptive=''0'', clausepen=''0'', performrandomwalk=''0'', singleclause=''1'', tabusearch=''0'', CONadaptwalkprob=''0'', CONselectclause=''1'', c='0.0018645619695154129', heuristic=''13'', promisinglist=''1'', s='0.025287835153459576', CONdp='0.1821000724610064', adaptiveprom=''1'', decreasingvariable=''6'', novnoise='0.23068102486001743', performalternatenovelty=''0'', updateschemepromlist=''3'', adaptpromwalkprob=''0''
111.612000, 0.002259, 99.096309, 29, -12.515691, adaptive=''1'', clausepen=''1'', performrandomwalk=''0'', singleclause=''0'', tabusearch=''1'', DLSscoringmeasure=''3'', DLStiebreaking=''4'', adaptivenoisescheme=''1'', smoothingscheme=''1'', tabu='3', DLSalpha='1.0801741245302279', DLSrho='0.9369954998173992', DLSsapsthresh='-0.13381225354279547', DLSwp='0.05128626670987694'
123.440000, 0.001873, 112.301581, 33, -11.138419, adaptive=''1'', clausepen=''2'', performrandomwalk=''0'', singleclause=''0'', tabusearch=''0'', DLSscoringmeasure=''3'', DLStiebreaking=''1'', adaptivenoisescheme=''2''
543.564000, 0.001510, 342.116199, 69, -201.447801, adaptive=''1'', clausepen=''0'', performrandomwalk=''1'', singleclause=''1'', tabusearch=''1'', CONselectclause=''1'', adaptivenoisescheme=''1'', adaptwalkprob=''1'', heuristic=''3'', promisinglist=''1'', randomwalk=''1'', tabu='14', adaptiveprom=''1'', decreasingvariable=''5'', performalternatenovelty=''1'', phi='6', rwp='0.010751482365759023', theta='5', updateschemepromlist=''1'', adaptpromwalkprob=''1'', tiebreaking='2'
574.584000, 0.001213, 361.163390, 73, -213.420610, adaptive=''1'', clausepen=''2'', performrandomwalk=''0'', singleclause=''0'', tabusearch=''0'', DLSscoringmeasure=''3'', DLStiebreaking=''4'', adaptivenoisescheme=''2''
778.372000, 0.001074, 523.916296, 101, -254.455704, adaptive=''1'', clausepen=''1'', performrandomwalk=''1'', singleclause=''0'', tabusearch=''0'', DLSscoringmeasure=''3'', DLStiebreaking=''4'', adaptivenoisescheme=''1'', randomwalk=''3'', smoothingscheme=''1'', DLSalpha='1.1763576943943603', DLSrho='0.9084803029411682', DLSsapsthresh='-0.13105496565379526', DLSwp='0.010497207910919563', rdp='0.1413670878558931'
2591.108000, 0.000930, 1280.244392, 129, -1310.863608, adaptive=''0'', clausepen=''1'', performrandomwalk=''1'', singleclause=''0'', tabusearch=''1'', DLSscoringmeasure=''1'', DLStiebreaking=''3'', randomwalk=''5'', smoothingscheme=''2'', tabu='11', DLSmaxinc='18', DLSpflat='0.11939736675968703', rfp='0.08884901602024214'
2616.644000, 0.000872, 1309.665822, 134, -1306.978178, adaptive=''1'', clausepen=''2'', performrandomwalk=''0'', singleclause=''0'', tabusearch=''0'', DLSscoringmeasure=''3'', DLStiebreaking=''3'', adaptivenoisescheme=''1''
2662.976000, 0.000658, 1338.334458, 137, -1324.641542, adaptive=''1'', clausepen=''2'', performrandomwalk=''0'', singleclause=''0'', tabusearch=''0'', DLSscoringmeasure=''1'', DLStiebreaking=''2'', adaptivenoisescheme=''1''
3006.648000, 0.000583, 1519.627665, 154, -1487.020335, adaptive=''0'', clausepen=''1'', performrandomwalk=''1'', singleclause=''0'', tabusearch=''0'', DLSscoringmeasure=''1'', DLStiebreaking=''1'', randomwalk=''4'', smoothingscheme=''1'', DLSalpha='1.3396016038181258', DLSps='0.011029524149820237', DLSrho='0.28406499798266893', DLSsapsthresh='-0.15638724658774444', DLSwp='0.002316419369008871', rfp='0.05634870049501226'
3169.300000, 0.000564, 1631.672042, 165, -1537.627958, adaptive=''1'', clausepen=''2'', performrandomwalk=''1'', singleclause=''0'', tabusearch=''0'', DLSscoringmeasure=''1'', DLStiebreaking=''1'', adaptivenoisescheme=''1'', randomwalk=''1'', rwp='0.029324876364606227'
4658.198000, 0.000492, 2396.613573, 214, -2261.584427, adaptive=''1'', clausepen=''2'', performrandomwalk=''0'', singleclause=''0'', tabusearch=''0'', DLSscoringmeasure=''1'', DLStiebreaking=''1'', adaptivenoisescheme=''1''
6514.102000, 0.000443, 3214.068767, 238, -3300.033233, adaptive=''1'', clausepen=''2'', performrandomwalk=''0'', singleclause=''0'', tabusearch=''0'', DLSscoringmeasure=''1'', DLStiebreaking=''3'', adaptivenoisescheme=''1''
