{"cost": 2147483648, "cpu_time": 0, "total_cpu_time": null, "incumbent": ["adaptive=''1''", "clausepen=''1''", "performrandomwalk=''0''", "singleclause=''1''", "tabusearch=''0''", "adaptivenoisescheme=''1''", "adaptwalkprob=''0''", "heuristic=''2''", "promisinglist=''1''", "ps='0.4'", "selectclause=''1''", "smoothingscheme=''1''", "adaptiveprom=''0''", "decreasingvariable=''3''", "performalternatenovelty=''1''", "phi='5'", "theta='6'", "updateschemepromlist=''3''", "wp='0.01'", "CONadaptpromwalkprob=''0''"], "wallclock_time": 0.0014309883117675781, "evaluations": 0}
{"cost": 1.352, "cpu_time": 1.352, "total_cpu_time": null, "incumbent": ["adaptive=''1''", "clausepen=''1''", "performrandomwalk=''0''", "singleclause=''1''", "tabusearch=''0''", "adaptivenoisescheme=''1''", "adaptwalkprob=''0''", "heuristic=''2''", "promisinglist=''1''", "ps='0.4'", "selectclause=''1''", "smoothingscheme=''1''", "adaptiveprom=''0''", "decreasingvariable=''3''", "performalternatenovelty=''1''", "phi='5'", "theta='6'", "updateschemepromlist=''3''", "wp='0.01'", "CONadaptpromwalkprob=''0''"], "wallclock_time": 1.834089756011963, "evaluations": 1}
{"cost": 0.01004, "cpu_time": 4.496, "total_cpu_time": null, "incumbent": ["adaptive=''1''", "clausepen=''0''", "performrandomwalk=''1''", "singleclause=''1''", "tabusearch=''1''", "CONselectclause=''1''", "adaptivenoisescheme=''2''", "adaptwalkprob=''0''", "heuristic=''8''", "promisinglist=''1''", "randomwalk=''4''", "tabu='2'", "adaptiveprom=''1''", "decreasingvariable=''7''", "rfp='0.12012172717631044'", "updateschemepromlist=''2''", "adaptpromwalkprob=''0''", "promphi='8'", "promtheta='8'"], "wallclock_time": 9.040325164794922, "evaluations": 14}
{"cost": 0.003999999999999999, "cpu_time": 10.487999999999996, "total_cpu_time": null, "incumbent": ["adaptive=''0''", "clausepen=''0''", "performrandomwalk=''1''", "singleclause=''1''", "tabusearch=''0''", "CONadaptwalkprob=''0''", "CONselectclause=''1''", "c='0.0024166984339516165'", "heuristic=''9''", "promisinglist=''0''", "randomwalk=''5''", "s='0.018788276074151185'", "rfp='0.11378229605506844'", "wpwalk='0.3913715717036388'"], "wallclock_time": 16.198065280914307, "evaluations": 36}
{"cost": 0.0024615384615384625, "cpu_time": 42.539999999999935, "total_cpu_time": null, "incumbent": ["adaptive=''0''", "clausepen=''0''", "performrandomwalk=''0''", "singleclause=''1''", "tabusearch=''0''", "CONadaptwalkprob=''0''", "CONselectclause=''1''", "c='0.0018645619695154129'", "heuristic=''13''", "promisinglist=''1''", "s='0.025287835153459576'", "CONdp='0.1821000724610064'", "adaptiveprom=''1''", "decreasingvariable=''6''", "novnoise='0.23068102486001743'", "performalternatenovelty=''0''", "updateschemepromlist=''3''", "adaptpromwalkprob=''0''"], "wallclock_time": 40.35007929801941, "evaluations": 83}
{"cost": 0.00225925925925926, "cpu_time": 111.61199999999987, "total_cpu_time": null, "incumbent": ["adaptive=''1''", "clausepen=''1''", "performrandomwalk=''0''", "singleclause=''0''", "tabusearch=''1''", "DLSscoringmeasure=''3''", "DLStiebreaking=''4''", "adaptivenoisescheme=''1''", "smoothingscheme=''1''", "tabu='3'", "DLSalpha='1.0801741245302279'", "DLSrho='0.9369954998173992'", "DLSsapsthresh='-0.13381225354279547'", "DLSwp='0.05128626670987694'"], "wallclock_time": 99.09630918502808, "evaluations": 251}
{"cost": 0.0018725761772853185, "cpu_time": 123.43999999999976, "total_cpu_time": null, "incumbent": ["adaptive=''1''", "clausepen=''2''", "performrandomwalk=''0''", "singleclause=''0''", "tabusearch=''0''", "DLSscoringmeasure=''3''", "DLStiebreaking=''1''", "adaptivenoisescheme=''2''"], "wallclock_time": 112.30158138275146, "evaluations": 290}
{"cost": 0.0015102040816326538, "cpu_time": 543.5639999999984, "total_cpu_time": null, "incumbent": ["adaptive=''1''", "clausepen=''0''", "performrandomwalk=''1''", "singleclause=''1''", "tabusearch=''1''", "CONselectclause=''1''", "adaptivenoisescheme=''1''", "adaptwalkprob=''1''", "heuristic=''3''", "promisinglist=''1''", "randomwalk=''1''", "tabu='14'", "adaptiveprom=''1''", "decreasingvariable=''5''", "performalternatenovelty=''1''", "phi='6'", "rwp='0.010751482365759023'", "theta='5'", "updateschemepromlist=''1''", "adaptpromwalkprob=''1''", "tiebreaking='2'"], "wallclock_time": 342.1161994934082, "evaluations": 731}
{"cost": 0.0012128418549346022, "cpu_time": 574.583999999997, "total_cpu_time": null, "incumbent": ["adaptive=''1''", "clausepen=''2''", "performrandomwalk=''0''", "singleclause=''0''", "tabusearch=''0''", "DLSscoringmeasure=''3''", "DLStiebreaking=''4''", "adaptivenoisescheme=''2''"], "wallclock_time": 361.1633903980255, "evaluations": 766}
{"cost": 0.0010740740740740747, "cpu_time": 778.3719999999901, "total_cpu_time": null, "incumbent": ["adaptive=''1''", "clausepen=''1''", "performrandomwalk=''1''", "singleclause=''0''", "tabusearch=''0''", "DLSscoringmeasure=''3''", "DLStiebreaking=''4''", "adaptivenoisescheme=''1''", "randomwalk=''3''", "smoothingscheme=''1''", "DLSalpha='1.1763576943943603'", "DLSrho='0.9084803029411682'", "DLSsapsthresh='-0.13105496565379526'", "DLSwp='0.010497207910919563'", "rdp='0.1413670878558931'"], "wallclock_time": 523.9162957668304, "evaluations": 1282}
{"cost": 0.0009302325581395354, "cpu_time": 2591.107999999998, "total_cpu_time": null, "incumbent": ["adaptive=''0''", "clausepen=''1''", "performrandomwalk=''1''", "singleclause=''0''", "tabusearch=''1''", "DLSscoringmeasure=''1''", "DLStiebreaking=''3''", "randomwalk=''5''", "smoothingscheme=''2''", "tabu='11'", "DLSmaxinc='18'", "DLSpflat='0.11939736675968703'", "rfp='0.08884901602024214'"], "wallclock_time": 1280.2443919181824, "evaluations": 1907}
{"cost": 0.0008719008264462814, "cpu_time": 2616.643999999995, "total_cpu_time": null, "incumbent": ["adaptive=''1''", "clausepen=''2''", "performrandomwalk=''0''", "singleclause=''0''", "tabusearch=''0''", "DLSscoringmeasure=''3''", "DLStiebreaking=''3''", "adaptivenoisescheme=''1''"], "wallclock_time": 1309.6658217906952, "evaluations": 2048}
{"cost": 0.0006577777777777781, "cpu_time": 2662.9759999999865, "total_cpu_time": null, "incumbent": ["adaptive=''1''", "clausepen=''2''", "performrandomwalk=''0''", "singleclause=''0''", "tabusearch=''0''", "DLSscoringmeasure=''1''", "DLStiebreaking=''2''", "adaptivenoisescheme=''1''"], "wallclock_time": 1338.3344581127167, "evaluations": 2102}
{"cost": 0.0005830903790087468, "cpu_time": 3006.648000000005, "total_cpu_time": null, "incumbent": ["adaptive=''0''", "clausepen=''1''", "performrandomwalk=''1''", "singleclause=''0''", "tabusearch=''0''", "DLSscoringmeasure=''1''", "DLStiebreaking=''1''", "randomwalk=''4''", "smoothingscheme=''1''", "DLSalpha='1.3396016038181258'", "DLSps='0.011029524149820237'", "DLSrho='0.28406499798266893'", "DLSsapsthresh='-0.15638724658774444'", "DLSwp='0.002316419369008871'", "rfp='0.05634870049501226'"], "wallclock_time": 1519.6276650428772, "evaluations": 2493}
{"cost": 0.0005636094674556217, "cpu_time": 3169.299999999984, "total_cpu_time": null, "incumbent": ["adaptive=''1''", "clausepen=''2''", "performrandomwalk=''1''", "singleclause=''0''", "tabusearch=''0''", "DLSscoringmeasure=''1''", "DLStiebreaking=''1''", "adaptivenoisescheme=''1''", "randomwalk=''1''", "rwp='0.029324876364606227'"], "wallclock_time": 1631.6720416545868, "evaluations": 2800}
{"cost": 0.0004923076923076925, "cpu_time": 4658.198000000007, "total_cpu_time": null, "incumbent": ["adaptive=''1''", "clausepen=''2''", "performrandomwalk=''0''", "singleclause=''0''", "tabusearch=''0''", "DLSscoringmeasure=''1''", "DLStiebreaking=''1''", "adaptivenoisescheme=''1''"], "wallclock_time": 2396.6135725975037, "evaluations": 4264}
{"cost": 0.0004427692918071814, "cpu_time": 6514.1020000000135, "total_cpu_time": null, "incumbent": ["adaptive=''1''", "clausepen=''2''", "performrandomwalk=''0''", "singleclause=''0''", "tabusearch=''0''", "DLSscoringmeasure=''1''", "DLStiebreaking=''3''", "adaptivenoisescheme=''1''"], "wallclock_time": 3214.0687670707703, "evaluations": 5286}
{"cost": 0.000391847468770546, "cpu_time": 7281.9420000000555, "total_cpu_time": null, "incumbent": ["adaptive=''1''", "clausepen=''2''", "performrandomwalk=''1''", "singleclause=''0''", "tabusearch=''0''", "DLSscoringmeasure=''3''", "DLStiebreaking=''2''", "adaptivenoisescheme=''2''", "randomwalk=''4''", "rfp='0.11817689979336521'"], "wallclock_time": 3649.0234746932983, "evaluations": 6170}
