"CPU Time Used","Estimated Training Performance","Wallclock Time","Incumbent ID","Automatic Configurator (CPU) Time","Configuration..."
0.000000, 2147483648.000000, 0.000957, 1, 0.000957, sp-clause-activity-inc='1.0', sp-clause-decay='1.4', sp-clause-del-heur=''2'', sp-first-restart='100', sp-learned-clause-sort-heur=''0'', sp-learned-clauses-inc='1.3', sp-learned-size-factor='0.4', sp-orig-clause-sort-heur=''0'', sp-phase-dec-heur=''5'', sp-rand-var-dec-freq=''0.001'', sp-resolution=''1'', sp-restart-inc='1.5', sp-update-dec-queue=''1'', sp-use-pure-literal-rule=''1'', sp-var-activity-inc='1.0', sp-var-dec-heur=''0'', sp-variable-decay='1.4', sp-max-res-lit-inc='1.0', sp-max-res-runs='4', sp-rand-phase-dec-freq=''0.001'', sp-rand-var-dec-scaling='1.0', sp-res-cutoff-cls='8', sp-res-cutoff-lits='400', sp-res-order-heur=''0'', sp-rand-phase-scaling='1.0'
0.012000, 0.012000, 1.631136, 1, 1.619136, sp-clause-activity-inc='1.0', sp-clause-decay='1.4', sp-clause-del-heur=''2'', sp-first-restart='100', sp-learned-clause-sort-heur=''0'', sp-learned-clauses-inc='1.3', sp-learned-size-factor='0.4', sp-orig-clause-sort-heur=''0'', sp-phase-dec-heur=''5'', sp-rand-var-dec-freq=''0.001'', sp-resolution=''1'', sp-restart-inc='1.5', sp-update-dec-queue=''1'', sp-use-pure-literal-rule=''1'', sp-var-activity-inc='1.0', sp-var-dec-heur=''0'', sp-variable-decay='1.4', sp-max-res-lit-inc='1.0', sp-max-res-runs='4', sp-rand-phase-dec-freq=''0.001'', sp-rand-var-dec-scaling='1.0', sp-res-cutoff-cls='8', sp-res-cutoff-lits='400', sp-res-order-heur=''0'', sp-rand-phase-scaling='1.0'
108.512000, 0.130760, 93.435512, 9, -15.076488, sp-clause-activity-inc='1.2068267247751447', sp-clause-decay='1.951621167486325', sp-clause-del-heur=''1'', sp-first-restart='352', sp-learned-clause-sort-heur=''11'', sp-learned-clauses-inc='1.4722126189330442', sp-learned-size-factor='1.287431727448379', sp-orig-clause-sort-heur=''14'', sp-phase-dec-heur=''6'', sp-rand-var-dec-freq=''0.0001'', sp-resolution=''2'', sp-restart-inc='1.8630304251419225', sp-update-dec-queue=''1'', sp-use-pure-literal-rule=''1'', sp-var-activity-inc='0.7514004116330809', sp-var-dec-heur=''16'', sp-variable-decay='1.372636311722229', sp-max-res-lit-inc='1.560945435003728', sp-max-res-runs='7', sp-rand-phase-dec-freq=''0.005'', sp-rand-var-dec-scaling='0.6223011441735278', sp-res-cutoff-cls='7', sp-res-cutoff-lits='138', sp-res-order-heur=''6'', sp-rand-phase-scaling='0.9981583299426149'
373.884000, 0.128920, 310.671667, 21, -63.212333, sp-clause-activity-inc='1.3367665381294542', sp-clause-decay='1.9704645276110329', sp-clause-del-heur=''0'', sp-first-restart='96', sp-learned-clause-sort-heur=''10'', sp-learned-clauses-inc='1.4611002468596503', sp-learned-size-factor='0.12187416158451493', sp-orig-clause-sort-heur=''1'', sp-phase-dec-heur=''6'', sp-rand-var-dec-freq=''0.01'', sp-resolution=''1'', sp-restart-inc='1.2270987655029393', sp-update-dec-queue=''1'', sp-use-pure-literal-rule=''1'', sp-var-activity-inc='0.5637099624731233', sp-var-dec-heur=''2'', sp-variable-decay='1.3156139976679568', sp-max-res-lit-inc='0.3789185987043632', sp-max-res-runs='3', sp-rand-phase-dec-freq=''0.001'', sp-rand-var-dec-scaling='0.7375814748002831', sp-res-cutoff-cls='13', sp-res-cutoff-lits='1595', sp-res-order-heur=''15'', sp-rand-phase-scaling='0.4797018171442904'
593.924000, 0.083680, 502.807916, 38, -91.116084, sp-clause-activity-inc='0.6145192911690951', sp-clause-decay='1.166898192673974', sp-clause-del-heur=''1'', sp-first-restart='51', sp-learned-clause-sort-heur=''16'', sp-learned-clauses-inc='1.1894851937497932', sp-learned-size-factor='1.390568718300263', sp-orig-clause-sort-heur=''17'', sp-phase-dec-heur=''6'', sp-rand-var-dec-freq=''0.01'', sp-resolution=''2'', sp-restart-inc='1.1467572058400877', sp-update-dec-queue=''0'', sp-use-pure-literal-rule=''0'', sp-var-activity-inc='1.0809062615498353', sp-var-dec-heur=''7'', sp-variable-decay='1.534329118132515', sp-max-res-lit-inc='0.5328271729765631', sp-max-res-runs='17', sp-rand-phase-dec-freq=''0.005'', sp-rand-var-dec-scaling='0.8138287353273603', sp-res-cutoff-cls='17', sp-res-cutoff-lits='804', sp-res-order-heur=''6'', sp-rand-phase-scaling='1.0405677119031476'
2365.252000, 0.078040, 2004.825719, 165, -360.426281, sp-clause-activity-inc='1.178205970226051', sp-clause-decay='1.147464114852242', sp-clause-del-heur=''2'', sp-first-restart='117', sp-learned-clause-sort-heur=''2'', sp-learned-clauses-inc='1.4309095445542415', sp-learned-size-factor='0.10678356424092822', sp-orig-clause-sort-heur=''12'', sp-phase-dec-heur=''6'', sp-rand-var-dec-freq=''0.0001'', sp-resolution=''1'', sp-restart-inc='1.3540191813681035', sp-update-dec-queue=''0'', sp-use-pure-literal-rule=''0'', sp-var-activity-inc='1.3293334439678133', sp-var-dec-heur=''2'', sp-variable-decay='1.5691795636997787', sp-max-res-lit-inc='0.7439504087943007', sp-max-res-runs='12', sp-rand-phase-dec-freq=''0'', sp-rand-var-dec-scaling='0.9147626417553505', sp-res-cutoff-cls='9', sp-res-cutoff-lits='1585', sp-res-order-heur=''10''
5276.088000, 0.073040, 4518.674394, 387, -757.413606, sp-clause-activity-inc='1.2287636126312234', sp-clause-decay='1.6804419003466584', sp-clause-del-heur=''0'', sp-first-restart='1744', sp-learned-clause-sort-heur=''15'', sp-learned-clauses-inc='1.3921122503999652', sp-learned-size-factor='0.29133882938606265', sp-orig-clause-sort-heur=''16'', sp-phase-dec-heur=''6'', sp-rand-var-dec-freq=''0'', sp-resolution=''0'', sp-restart-inc='1.5772711484905255', sp-update-dec-queue=''0'', sp-use-pure-literal-rule=''1'', sp-var-activity-inc='1.492105820432132', sp-var-dec-heur=''4'', sp-variable-decay='1.9990137398566166', sp-rand-phase-dec-freq=''0.05'', sp-rand-phase-scaling='0.6864534105520224'
