"CPU Time Used","Estimated Training Performance","Wallclock Time","Incumbent ID","Automatic Configurator (CPU) Time","Configuration..."
0.000000, 2147483648.000000, 0.001412, 1, 0.001412, adaptive=''1'', clausepen=''1'', performrandomwalk=''0'', singleclause=''1'', tabusearch=''0'', adaptivenoisescheme=''1'', adaptwalkprob=''0'', heuristic=''2'', promisinglist=''1'', ps='0.4', selectclause=''1'', smoothingscheme=''1'', adaptiveprom=''0'', decreasingvariable=''3'', performalternatenovelty=''1'', phi='5', theta='6', updateschemepromlist=''3'', wp='0.01', CONadaptpromwalkprob=''0''
5.000000, 50.000000, 7.640975, 1, 2.640975, adaptive=''1'', clausepen=''1'', performrandomwalk=''0'', singleclause=''1'', tabusearch=''0'', adaptivenoisescheme=''1'', adaptwalkprob=''0'', heuristic=''2'', promisinglist=''1'', ps='0.4', selectclause=''1'', smoothingscheme=''1'', adaptiveprom=''0'', decreasingvariable=''3'', performalternatenovelty=''1'', phi='5', theta='6', updateschemepromlist=''3'', wp='0.01', CONadaptpromwalkprob=''0''
64.836000, 0.008167, 113.348928, 3, 48.512928, adaptive=''0'', clausepen=''1'', performrandomwalk=''0'', singleclause=''1'', tabusearch=''0'', CONadaptwalkprob=''0'', c='0.0009554265042063761', heuristic=''2'', promisinglist=''1'', ps='0.10887694512996579', s='0.028453140315177188', selectclause=''7'', smoothingscheme=''2'', CONwp='0.12309741890698205', adaptiveprom=''1'', decreasingvariable=''9'', novnoise='0.2726160252096349', performalternatenovelty=''0'', updateschemepromlist=''3'', adaptpromwalkprob=''1'', promphi='4', promtheta='10'
65.884000, 0.006201, 122.803804, 4, 56.919804, adaptive=''0'', clausepen=''2'', performrandomwalk=''0'', singleclause=''1'', tabusearch=''0'', CONadaptwalkprob=''0'', c='0.0009554265042063761', heuristic=''13'', promisinglist=''1'', s='0.028453140315177188', CONdp='0.05', adaptiveprom=''1'', decreasingvariable=''9'', novnoise='0.2726160252096349', performalternatenovelty=''0'', updateschemepromlist=''3'', adaptpromwalkprob=''1'', promphi='5', promtheta='6'
66.612000, 0.003714, 132.504447, 5, 65.892447, adaptive=''0'', clausepen=''1'', performrandomwalk=''0'', singleclause=''1'', tabusearch=''0'', CONadaptwalkprob=''0'', c='0.005853928859241687', heuristic=''11'', promisinglist=''1'', ps='0.14663359694590386', s='0.03153705421024783', selectclause=''1'', smoothingscheme=''2'', CONwp='0.01', adaptiveprom=''1'', decreasingvariable=''4'', novnoise='0.5', performalternatenovelty=''0'', updateschemepromlist=''3'', adaptpromwalkprob=''0'', tiebreaking='1'
87.984000, 0.003059, 187.774566, 8, 99.790566, adaptive=''0'', clausepen=''1'', performrandomwalk=''0'', singleclause=''1'', tabusearch=''0'', CONadaptwalkprob=''0'', c='0.0032724903545429166', heuristic=''11'', promisinglist=''0'', ps='0.48715302094670243', s='0.03375025892916041', selectclause=''7'', smoothingscheme=''2'', CONwp='0.01', novnoise='0.584031066155728', performalternatenovelty=''0''
740.108000, 0.002345, 1227.107586, 20, 486.999586, adaptive=''0'', clausepen=''2'', performrandomwalk=''0'', singleclause=''1'', tabusearch=''0'', CONadaptwalkprob=''0'', c='0.005853928859241687', heuristic=''8'', promisinglist=''1'', s='0.03153705421024783', adaptiveprom=''1'', decreasingvariable=''4'', updateschemepromlist=''3'', wpwalk='0.5', adaptpromwalkprob=''0'', tiebreaking='1'
747.168000, 0.001419, 1280.065515, 22, 532.897515, adaptive=''0'', clausepen=''1'', performrandomwalk=''0'', singleclause=''1'', tabusearch=''0'', CONadaptwalkprob=''0'', c='0.0008439055095010283', heuristic=''13'', promisinglist=''0'', ps='0.15262847449514505', s='0.03153705421024783', selectclause=''1'', smoothingscheme=''2'', CONdp='0.05', novnoise='0.3155114106134278', performalternatenovelty=''0''
