{"incumbent": ["adaptive=''1''", "clausepen=''1''", "performrandomwalk=''0''", "singleclause=''1''", "tabusearch=''0''", "adaptivenoisescheme=''1''", "adaptwalkprob=''0''", "heuristic=''2''", "promisinglist=''1''", "ps='0.4'", "selectclause=''1''", "smoothingscheme=''1''", "adaptiveprom=''0''", "decreasingvariable=''3''", "performalternatenovelty=''1''", "phi='5'", "theta='6'", "updateschemepromlist=''3''", "wp='0.01'", "CONadaptpromwalkprob=''0''"], "total_cpu_time": null, "cost": 2147483648, "wallclock_time": 0.0014119148254394531, "cpu_time": 0, "evaluations": 0}
{"incumbent": ["adaptive=''1''", "clausepen=''1''", "performrandomwalk=''0''", "singleclause=''1''", "tabusearch=''0''", "adaptivenoisescheme=''1''", "adaptwalkprob=''0''", "heuristic=''2''", "promisinglist=''1''", "ps='0.4'", "selectclause=''1''", "smoothingscheme=''1''", "adaptiveprom=''0''", "decreasingvariable=''3''", "performalternatenovelty=''1''", "phi='5'", "theta='6'", "updateschemepromlist=''3''", "wp='0.01'", "CONadaptpromwalkprob=''0''"], "total_cpu_time": null, "cost": 50, "wallclock_time": 7.640974521636963, "cpu_time": 5.0, "evaluations": 1}
{"incumbent": ["adaptive=''0''", "clausepen=''1''", "performrandomwalk=''0''", "singleclause=''1''", "tabusearch=''0''", "CONadaptwalkprob=''0''", "c='0.0009554265042063761'", "heuristic=''2''", "promisinglist=''1''", "ps='0.10887694512996579'", "s='0.028453140315177188'", "selectclause=''7''", "smoothingscheme=''2''", "CONwp='0.12309741890698205'", "adaptiveprom=''1''", "decreasingvariable=''9''", "novnoise='0.2726160252096349'", "performalternatenovelty=''0''", "updateschemepromlist=''3''", "adaptpromwalkprob=''1''", "promphi='4'", "promtheta='10'"], "total_cpu_time": null, "cost": 0.00816666666666667, "wallclock_time": 113.34892773628235, "cpu_time": 64.83599999999996, "evaluations": 33}
{"incumbent": ["adaptive=''0''", "clausepen=''2''", "performrandomwalk=''0''", "singleclause=''1''", "tabusearch=''0''", "CONadaptwalkprob=''0''", "c='0.0009554265042063761'", "heuristic=''13''", "promisinglist=''1''", "s='0.028453140315177188'", "CONdp='0.05'", "adaptiveprom=''1''", "decreasingvariable=''9''", "novnoise='0.2726160252096349'", "performalternatenovelty=''0''", "updateschemepromlist=''3''", "adaptpromwalkprob=''1''", "promphi='5'", "promtheta='6'"], "total_cpu_time": null, "cost": 0.006201183431952662, "wallclock_time": 122.80380439758301, "cpu_time": 65.88399999999994, "evaluations": 46}
{"incumbent": ["adaptive=''0''", "clausepen=''1''", "performrandomwalk=''0''", "singleclause=''1''", "tabusearch=''0''", "CONadaptwalkprob=''0''", "c='0.005853928859241687'", "heuristic=''11''", "promisinglist=''1''", "ps='0.14663359694590386'", "s='0.03153705421024783'", "selectclause=''1''", "smoothingscheme=''2''", "CONwp='0.01'", "adaptiveprom=''1''", "decreasingvariable=''4''", "novnoise='0.5'", "performalternatenovelty=''0''", "updateschemepromlist=''3''", "adaptpromwalkprob=''0''", "tiebreaking='1'"], "total_cpu_time": null, "cost": 0.003714285714285715, "wallclock_time": 132.50444746017456, "cpu_time": 66.61200000000004, "evaluations": 60}
{"incumbent": ["adaptive=''0''", "clausepen=''1''", "performrandomwalk=''0''", "singleclause=''1''", "tabusearch=''0''", "CONadaptwalkprob=''0''", "c='0.0032724903545429166'", "heuristic=''11''", "promisinglist=''0''", "ps='0.48715302094670243'", "s='0.03375025892916041'", "selectclause=''7''", "smoothingscheme=''2''", "CONwp='0.01'", "novnoise='0.584031066155728'", "performalternatenovelty=''0''"], "total_cpu_time": null, "cost": 0.0030588235294117657, "wallclock_time": 187.77456641197205, "cpu_time": 87.98400000000018, "evaluations": 108}
{"incumbent": ["adaptive=''0''", "clausepen=''2''", "performrandomwalk=''0''", "singleclause=''1''", "tabusearch=''0''", "CONadaptwalkprob=''0''", "c='0.005853928859241687'", "heuristic=''8''", "promisinglist=''1''", "s='0.03153705421024783'", "adaptiveprom=''1''", "decreasingvariable=''4''", "updateschemepromlist=''3''", "wpwalk='0.5'", "adaptpromwalkprob=''0''", "tiebreaking='1'"], "total_cpu_time": null, "cost": 0.0023448275862068975, "wallclock_time": 1227.1075856685638, "cpu_time": 740.107999999998, "evaluations": 390}
{"incumbent": ["adaptive=''0''", "clausepen=''1''", "performrandomwalk=''0''", "singleclause=''1''", "tabusearch=''0''", "CONadaptwalkprob=''0''", "c='0.0008439055095010283'", "heuristic=''13''", "promisinglist=''0''", "ps='0.15262847449514505'", "s='0.03153705421024783'", "selectclause=''1''", "smoothingscheme=''2''", "CONdp='0.05'", "novnoise='0.3155114106134278'", "performalternatenovelty=''0''"], "total_cpu_time": null, "cost": 0.0014193548387096782, "wallclock_time": 1280.0655145645142, "cpu_time": 747.1679999999974, "evaluations": 451}
