"CPU Time Used","Estimated Training Performance","Wallclock Time","Incumbent ID","Automatic Configurator (CPU) Time","Configuration..."
0.000000, 2147483648.000000, 0.000907, 1, 0.000907, sp-clause-activity-inc='1.0', sp-clause-decay='1.4', sp-clause-del-heur=''2'', sp-first-restart='100', sp-learned-clause-sort-heur=''0'', sp-learned-clauses-inc='1.3', sp-learned-size-factor='0.4', sp-orig-clause-sort-heur=''0'', sp-phase-dec-heur=''5'', sp-rand-var-dec-freq=''0.001'', sp-resolution=''1'', sp-restart-inc='1.5', sp-update-dec-queue=''1'', sp-use-pure-literal-rule=''1'', sp-var-activity-inc='1.0', sp-var-dec-heur=''0'', sp-variable-decay='1.4', sp-max-res-lit-inc='1.0', sp-max-res-runs='4', sp-rand-phase-dec-freq=''0.001'', sp-rand-var-dec-scaling='1.0', sp-res-cutoff-cls='8', sp-res-cutoff-lits='400', sp-res-order-heur=''0'', sp-rand-phase-scaling='1.0'
5.000000, 50.000000, 7.311327, 1, 2.311327, sp-clause-activity-inc='1.0', sp-clause-decay='1.4', sp-clause-del-heur=''2'', sp-first-restart='100', sp-learned-clause-sort-heur=''0'', sp-learned-clauses-inc='1.3', sp-learned-size-factor='0.4', sp-orig-clause-sort-heur=''0'', sp-phase-dec-heur=''5'', sp-rand-var-dec-freq=''0.001'', sp-resolution=''1'', sp-restart-inc='1.5', sp-update-dec-queue=''1'', sp-use-pure-literal-rule=''1'', sp-var-activity-inc='1.0', sp-var-dec-heur=''0'', sp-variable-decay='1.4', sp-max-res-lit-inc='1.0', sp-max-res-runs='4', sp-rand-phase-dec-freq=''0.001'', sp-rand-var-dec-scaling='1.0', sp-res-cutoff-cls='8', sp-res-cutoff-lits='400', sp-res-order-heur=''0'', sp-rand-phase-scaling='1.0'
129.388000, 0.314833, 106.926518, 4, -22.461482, sp-clause-activity-inc='1.4432687367633403', sp-clause-decay='1.1700923679661654', sp-clause-del-heur=''1'', sp-first-restart='188', sp-learned-clause-sort-heur=''2'', sp-learned-clauses-inc='1.4829869236861701', sp-learned-size-factor='0.19460304598261055', sp-orig-clause-sort-heur=''12'', sp-phase-dec-heur=''1'', sp-rand-var-dec-freq=''0'', sp-resolution=''0'', sp-restart-inc='1.2058440766102783', sp-update-dec-queue=''1'', sp-use-pure-literal-rule=''0'', sp-var-activity-inc='1.2542432661617449', sp-var-dec-heur=''11'', sp-variable-decay='1.8660792997798898', sp-rand-phase-dec-freq=''0.0001'', sp-rand-phase-scaling='0.9455610716610445'
153.460000, 0.078296, 128.360237, 6, -25.099763, sp-clause-activity-inc='1.4432687367633403', sp-clause-decay='1.1700923679661654', sp-clause-del-heur=''1'', sp-first-restart='188', sp-learned-clause-sort-heur=''9'', sp-learned-clauses-inc='1.4829869236861701', sp-learned-size-factor='0.19460304598261055', sp-orig-clause-sort-heur=''15'', sp-phase-dec-heur=''5'', sp-rand-var-dec-freq=''0.0001'', sp-resolution=''0'', sp-restart-inc='1.2058440766102783', sp-update-dec-queue=''1'', sp-use-pure-literal-rule=''0'', sp-var-activity-inc='1.2542432661617449', sp-var-dec-heur=''0'', sp-variable-decay='1.8660792997798898', sp-rand-phase-dec-freq=''0.0001'', sp-rand-var-dec-scaling='1.0', sp-rand-phase-scaling='0.9455610716610445'
375.936000, 0.069540, 316.999380, 12, -58.936620, sp-clause-activity-inc='1.276582819916976', sp-clause-decay='1.147720682366753', sp-clause-del-heur=''0'', sp-first-restart='163', sp-learned-clause-sort-heur=''11'', sp-learned-clauses-inc='1.2392561347934108', sp-learned-size-factor='0.48616860084920976', sp-orig-clause-sort-heur=''10'', sp-phase-dec-heur=''5'', sp-rand-var-dec-freq=''0.05'', sp-resolution=''1'', sp-restart-inc='1.2128800760310245', sp-update-dec-queue=''0'', sp-use-pure-literal-rule=''0'', sp-var-activity-inc='0.8193095557856738', sp-var-dec-heur=''4'', sp-variable-decay='1.8990103255625022', sp-max-res-lit-inc='0.3542085395664013', sp-max-res-runs='25', sp-rand-phase-dec-freq=''0.01'', sp-rand-var-dec-scaling='0.6463934310960961', sp-res-cutoff-cls='7', sp-res-cutoff-lits='423', sp-res-order-heur=''7'', sp-rand-phase-scaling='0.36964028414293815'
425.484000, 0.063130, 354.587349, 2, -70.896651, sp-clause-activity-inc='1.202644992444359', sp-clause-decay='1.2985412789650197', sp-clause-del-heur=''2'', sp-first-restart='1863', sp-learned-clause-sort-heur=''9'', sp-learned-clauses-inc='1.2915826310397323', sp-learned-size-factor='0.23992270746959699', sp-orig-clause-sort-heur=''15'', sp-phase-dec-heur=''2'', sp-rand-var-dec-freq=''0.0001'', sp-resolution=''0'', sp-restart-inc='1.625447220719989', sp-update-dec-queue=''1'', sp-use-pure-literal-rule=''1'', sp-var-activity-inc='1.4328516610073319', sp-var-dec-heur=''3'', sp-variable-decay='1.7861357655054084', sp-rand-var-dec-scaling='0.8837639813762883'
463.396000, 0.042494, 387.365475, 14, -76.030525, sp-clause-activity-inc='0.8867000579223141', sp-clause-decay='1.7909483357744678', sp-clause-del-heur=''1'', sp-first-restart='148', sp-learned-clause-sort-heur=''17'', sp-learned-clauses-inc='1.272404018316718', sp-learned-size-factor='0.7806401259921637', sp-orig-clause-sort-heur=''0'', sp-phase-dec-heur=''2'', sp-rand-var-dec-freq=''0.05'', sp-resolution=''0'', sp-restart-inc='1.8078449556564147', sp-update-dec-queue=''1'', sp-use-pure-literal-rule=''0'', sp-var-activity-inc='0.6894641798468834', sp-var-dec-heur=''16'', sp-variable-decay='1.4665463622228705', sp-rand-var-dec-scaling='1.0268001003875815'
596.580000, 0.039569, 496.085255, 8, -100.494745, sp-clause-activity-inc='1.293714483657678', sp-clause-decay='1.7518674188679186', sp-clause-del-heur=''2'', sp-first-restart='60', sp-learned-clause-sort-heur=''7'', sp-learned-clauses-inc='1.3684079798726705', sp-learned-size-factor='1.4800603538881982', sp-orig-clause-sort-heur=''5'', sp-phase-dec-heur=''0'', sp-rand-var-dec-freq=''0.05'', sp-resolution=''2'', sp-restart-inc='1.6444561119810683', sp-update-dec-queue=''1'', sp-use-pure-literal-rule=''1'', sp-var-activity-inc='0.8161025830292334', sp-var-dec-heur=''3'', sp-variable-decay='1.7322388777271858', sp-max-res-lit-inc='1.4203469714428687', sp-max-res-runs='1', sp-rand-phase-dec-freq=''0.05'', sp-rand-var-dec-scaling='0.8901292160696688', sp-res-cutoff-cls='8', sp-res-cutoff-lits='234', sp-res-order-heur=''5'', sp-rand-phase-scaling='1.0994734610186712'
1084.084000, 0.025256, 872.810096, 26, -211.273904, sp-clause-activity-inc='1.35770902903847', sp-clause-decay='1.7102343438377046', sp-clause-del-heur=''0'', sp-first-restart='2765', sp-learned-clause-sort-heur=''1'', sp-learned-clauses-inc='1.427202048092941', sp-learned-size-factor='0.4090698806682645', sp-orig-clause-sort-heur=''6'', sp-phase-dec-heur=''2'', sp-rand-var-dec-freq=''0.001'', sp-resolution=''0'', sp-restart-inc='1.8167017988350613', sp-update-dec-queue=''0'', sp-use-pure-literal-rule=''0'', sp-var-activity-inc='0.9333591758483495', sp-var-dec-heur=''5'', sp-variable-decay='1.5989909551181705', sp-rand-var-dec-scaling='0.3993371001438949'
2565.650000, 0.023002, 2014.868953, 53, -550.781047, sp-clause-activity-inc='0.5592964385481839', sp-clause-decay='1.6904702859257261', sp-clause-del-heur=''0'', sp-first-restart='1701', sp-learned-clause-sort-heur=''19'', sp-learned-clauses-inc='1.1426471302519479', sp-learned-size-factor='0.7790900565845092', sp-orig-clause-sort-heur=''7'', sp-phase-dec-heur=''6'', sp-rand-var-dec-freq=''0.001'', sp-resolution=''2'', sp-restart-inc='1.8577227337455702', sp-update-dec-queue=''0'', sp-use-pure-literal-rule=''0'', sp-var-activity-inc='0.9647726397251004', sp-var-dec-heur=''16'', sp-variable-decay='1.4249025561495874', sp-clause-inversion=''0'', sp-max-res-lit-inc='2.892114109776079', sp-max-res-runs='2', sp-rand-phase-dec-freq=''0'', sp-rand-var-dec-scaling='0.34447446961019396', sp-res-cutoff-cls='16', sp-res-cutoff-lits='486', sp-res-order-heur=''12''
2946.070000, 0.021716, 2302.895178, 6, -643.174822, sp-clause-activity-inc='1.4432687367633403', sp-clause-decay='1.1700923679661654', sp-clause-del-heur=''1'', sp-first-restart='188', sp-learned-clause-sort-heur=''9'', sp-learned-clauses-inc='1.4829869236861701', sp-learned-size-factor='0.19460304598261055', sp-orig-clause-sort-heur=''15'', sp-phase-dec-heur=''5'', sp-rand-var-dec-freq=''0.0001'', sp-resolution=''0'', sp-restart-inc='1.2058440766102783', sp-update-dec-queue=''1'', sp-use-pure-literal-rule=''0'', sp-var-activity-inc='1.2542432661617449', sp-var-dec-heur=''0'', sp-variable-decay='1.8660792997798898', sp-rand-phase-dec-freq=''0.0001'', sp-rand-var-dec-scaling='1.0', sp-rand-phase-scaling='0.9455610716610445'
3250.738000, 0.019292, 2534.515962, 3, -716.222038, sp-clause-activity-inc='1.202644992444359', sp-clause-decay='1.2985412789650197', sp-clause-del-heur=''2'', sp-first-restart='1863', sp-learned-clause-sort-heur=''0'', sp-learned-clauses-inc='1.2915826310397323', sp-learned-size-factor='0.23992270746959699', sp-orig-clause-sort-heur=''0'', sp-phase-dec-heur=''5'', sp-rand-var-dec-freq=''0.001'', sp-resolution=''1'', sp-restart-inc='1.625447220719989', sp-update-dec-queue=''1'', sp-use-pure-literal-rule=''1'', sp-var-activity-inc='1.4328516610073319', sp-var-dec-heur=''0'', sp-variable-decay='1.7861357655054084', sp-max-res-lit-inc='1.0', sp-max-res-runs='4', sp-rand-phase-dec-freq=''0.001'', sp-rand-var-dec-scaling='1.0', sp-res-cutoff-cls='8', sp-res-cutoff-lits='400', sp-res-order-heur=''0'', sp-rand-phase-scaling='1.0'
3346.306000, 0.018616, 2605.274649, 6, -741.031351, sp-clause-activity-inc='1.4432687367633403', sp-clause-decay='1.1700923679661654', sp-clause-del-heur=''1'', sp-first-restart='188', sp-learned-clause-sort-heur=''9'', sp-learned-clauses-inc='1.4829869236861701', sp-learned-size-factor='0.19460304598261055', sp-orig-clause-sort-heur=''15'', sp-phase-dec-heur=''5'', sp-rand-var-dec-freq=''0.0001'', sp-resolution=''0'', sp-restart-inc='1.2058440766102783', sp-update-dec-queue=''1'', sp-use-pure-literal-rule=''0'', sp-var-activity-inc='1.2542432661617449', sp-var-dec-heur=''0'', sp-variable-decay='1.8660792997798898', sp-rand-phase-dec-freq=''0.0001'', sp-rand-var-dec-scaling='1.0', sp-rand-phase-scaling='0.9455610716610445'
3442.738000, 0.017876, 2684.303447, 3, -758.434553, sp-clause-activity-inc='1.202644992444359', sp-clause-decay='1.2985412789650197', sp-clause-del-heur=''2'', sp-first-restart='1863', sp-learned-clause-sort-heur=''0'', sp-learned-clauses-inc='1.2915826310397323', sp-learned-size-factor='0.23992270746959699', sp-orig-clause-sort-heur=''0'', sp-phase-dec-heur=''5'', sp-rand-var-dec-freq=''0.001'', sp-resolution=''1'', sp-restart-inc='1.625447220719989', sp-update-dec-queue=''1'', sp-use-pure-literal-rule=''1'', sp-var-activity-inc='1.4328516610073319', sp-var-dec-heur=''0'', sp-variable-decay='1.7861357655054084', sp-max-res-lit-inc='1.0', sp-max-res-runs='4', sp-rand-phase-dec-freq=''0.001'', sp-rand-var-dec-scaling='1.0', sp-res-cutoff-cls='8', sp-res-cutoff-lits='400', sp-res-order-heur=''0'', sp-rand-phase-scaling='1.0'
3858.846000, 0.016143, 3009.686695, 56, -849.159305, sp-clause-activity-inc='0.8897506513152047', sp-clause-decay='1.3983675084457383', sp-clause-del-heur=''2'', sp-first-restart='44', sp-learned-clause-sort-heur=''6'', sp-learned-clauses-inc='1.2542848775595512', sp-learned-size-factor='0.26667635894124464', sp-orig-clause-sort-heur=''10'', sp-phase-dec-heur=''2'', sp-rand-var-dec-freq=''0.001'', sp-resolution=''1'', sp-restart-inc='1.2184207397453353', sp-update-dec-queue=''0'', sp-use-pure-literal-rule=''1'', sp-var-activity-inc='0.8891654115629287', sp-var-dec-heur=''16'', sp-variable-decay='1.0978452149427123', sp-max-res-lit-inc='1.1732411274751608', sp-max-res-runs='1', sp-rand-var-dec-scaling='1.0527033718824061', sp-res-cutoff-cls='12', sp-res-cutoff-lits='340', sp-res-order-heur=''15''
4481.650000, 0.016109, 3484.056465, 6, -997.593535, sp-clause-activity-inc='1.4432687367633403', sp-clause-decay='1.1700923679661654', sp-clause-del-heur=''1'', sp-first-restart='188', sp-learned-clause-sort-heur=''9'', sp-learned-clauses-inc='1.4829869236861701', sp-learned-size-factor='0.19460304598261055', sp-orig-clause-sort-heur=''15'', sp-phase-dec-heur=''5'', sp-rand-var-dec-freq=''0.0001'', sp-resolution=''0'', sp-restart-inc='1.2058440766102783', sp-update-dec-queue=''1'', sp-use-pure-literal-rule=''0'', sp-var-activity-inc='1.2542432661617449', sp-var-dec-heur=''0'', sp-variable-decay='1.8660792997798898', sp-rand-phase-dec-freq=''0.0001'', sp-rand-var-dec-scaling='1.0', sp-rand-phase-scaling='0.9455610716610445'
4881.414000, 0.015709, 3787.202630, 3, -1094.211370, sp-clause-activity-inc='1.202644992444359', sp-clause-decay='1.2985412789650197', sp-clause-del-heur=''2'', sp-first-restart='1863', sp-learned-clause-sort-heur=''0'', sp-learned-clauses-inc='1.2915826310397323', sp-learned-size-factor='0.23992270746959699', sp-orig-clause-sort-heur=''0'', sp-phase-dec-heur=''5'', sp-rand-var-dec-freq=''0.001'', sp-resolution=''1'', sp-restart-inc='1.625447220719989', sp-update-dec-queue=''1'', sp-use-pure-literal-rule=''1'', sp-var-activity-inc='1.4328516610073319', sp-var-dec-heur=''0'', sp-variable-decay='1.7861357655054084', sp-max-res-lit-inc='1.0', sp-max-res-runs='4', sp-rand-phase-dec-freq=''0.001'', sp-rand-var-dec-scaling='1.0', sp-res-cutoff-cls='8', sp-res-cutoff-lits='400', sp-res-order-heur=''0'', sp-rand-phase-scaling='1.0'
5702.050000, 0.014351, 4404.719313, 6, -1297.330687, sp-clause-activity-inc='1.4432687367633403', sp-clause-decay='1.1700923679661654', sp-clause-del-heur=''1'', sp-first-restart='188', sp-learned-clause-sort-heur=''9'', sp-learned-clauses-inc='1.4829869236861701', sp-learned-size-factor='0.19460304598261055', sp-orig-clause-sort-heur=''15'', sp-phase-dec-heur=''5'', sp-rand-var-dec-freq=''0.0001'', sp-resolution=''0'', sp-restart-inc='1.2058440766102783', sp-update-dec-queue=''1'', sp-use-pure-literal-rule=''0'', sp-var-activity-inc='1.2542432661617449', sp-var-dec-heur=''0'', sp-variable-decay='1.8660792997798898', sp-rand-phase-dec-freq=''0.0001'', sp-rand-var-dec-scaling='1.0', sp-rand-phase-scaling='0.9455610716610445'
5987.338000, 0.013314, 4617.908311, 3, -1369.429689, sp-clause-activity-inc='1.202644992444359', sp-clause-decay='1.2985412789650197', sp-clause-del-heur=''2'', sp-first-restart='1863', sp-learned-clause-sort-heur=''0'', sp-learned-clauses-inc='1.2915826310397323', sp-learned-size-factor='0.23992270746959699', sp-orig-clause-sort-heur=''0'', sp-phase-dec-heur=''5'', sp-rand-var-dec-freq=''0.001'', sp-resolution=''1'', sp-restart-inc='1.625447220719989', sp-update-dec-queue=''1'', sp-use-pure-literal-rule=''1'', sp-var-activity-inc='1.4328516610073319', sp-var-dec-heur=''0'', sp-variable-decay='1.7861357655054084', sp-max-res-lit-inc='1.0', sp-max-res-runs='4', sp-rand-phase-dec-freq=''0.001'', sp-rand-var-dec-scaling='1.0', sp-res-cutoff-cls='8', sp-res-cutoff-lits='400', sp-res-order-heur=''0'', sp-rand-phase-scaling='1.0'
7849.242000, 0.011003, 6028.069408, 6, -1821.172592, sp-clause-activity-inc='1.4432687367633403', sp-clause-decay='1.1700923679661654', sp-clause-del-heur=''1'', sp-first-restart='188', sp-learned-clause-sort-heur=''9'', sp-learned-clauses-inc='1.4829869236861701', sp-learned-size-factor='0.19460304598261055', sp-orig-clause-sort-heur=''15'', sp-phase-dec-heur=''5'', sp-rand-var-dec-freq=''0.0001'', sp-resolution=''0'', sp-restart-inc='1.2058440766102783', sp-update-dec-queue=''1'', sp-use-pure-literal-rule=''0'', sp-var-activity-inc='1.2542432661617449', sp-var-dec-heur=''0'', sp-variable-decay='1.8660792997798898', sp-rand-phase-dec-freq=''0.0001'', sp-rand-var-dec-scaling='1.0', sp-rand-phase-scaling='0.9455610716610445'
8501.562000, 0.010535, 6528.053477, 56, -1973.508523, sp-clause-activity-inc='0.8897506513152047', sp-clause-decay='1.3983675084457383', sp-clause-del-heur=''2'', sp-first-restart='44', sp-learned-clause-sort-heur=''6'', sp-learned-clauses-inc='1.2542848775595512', sp-learned-size-factor='0.26667635894124464', sp-orig-clause-sort-heur=''10'', sp-phase-dec-heur=''2'', sp-rand-var-dec-freq=''0.001'', sp-resolution=''1'', sp-restart-inc='1.2184207397453353', sp-update-dec-queue=''0'', sp-use-pure-literal-rule=''1'', sp-var-activity-inc='0.8891654115629287', sp-var-dec-heur=''16'', sp-variable-decay='1.0978452149427123', sp-max-res-lit-inc='1.1732411274751608', sp-max-res-runs='1', sp-rand-var-dec-scaling='1.0527033718824061', sp-res-cutoff-cls='12', sp-res-cutoff-lits='340', sp-res-order-heur=''15''
10277.882000, 0.010280, 7863.361863, 49, -2414.520137, sp-clause-activity-inc='1.373907616613128', sp-clause-decay='1.961941603420991', sp-clause-del-heur=''1'', sp-first-restart='51', sp-learned-clause-sort-heur=''18'', sp-learned-clauses-inc='1.43194614492305', sp-learned-size-factor='0.3233456791459749', sp-orig-clause-sort-heur=''8'', sp-phase-dec-heur=''6'', sp-rand-var-dec-freq=''0.005'', sp-resolution=''1'', sp-restart-inc='1.4846037829812793', sp-update-dec-queue=''1'', sp-use-pure-literal-rule=''0'', sp-var-activity-inc='1.4251894212941045', sp-var-dec-heur=''16'', sp-variable-decay='1.154829987699364', sp-max-res-lit-inc='0.5074440458499744', sp-max-res-runs='20', sp-rand-phase-dec-freq=''0.01'', sp-rand-var-dec-scaling='0.9144586921083735', sp-res-cutoff-cls='3', sp-res-cutoff-lits='510', sp-res-order-heur=''12'', sp-rand-phase-scaling='0.7432613020503944'
11055.256000, 0.008945, 8447.444328, 36, -2607.811672, sp-clause-activity-inc='1.4995594971848591', sp-clause-decay='1.134607437970713', sp-clause-del-heur=''1'', sp-first-restart='1011', sp-learned-clause-sort-heur=''3'', sp-learned-clauses-inc='1.2667448052224026', sp-learned-size-factor='0.15239627452456636', sp-orig-clause-sort-heur=''6'', sp-phase-dec-heur=''5'', sp-rand-var-dec-freq=''0'', sp-resolution=''1'', sp-restart-inc='1.4686993414704734', sp-update-dec-queue=''0'', sp-use-pure-literal-rule=''0'', sp-var-activity-inc='1.2088619785805461', sp-var-dec-heur=''3'', sp-variable-decay='1.0425616639789281', sp-max-res-lit-inc='0.519028087257465', sp-max-res-runs='6', sp-rand-phase-dec-freq=''0.05'', sp-res-cutoff-cls='4', sp-res-cutoff-lits='109', sp-res-order-heur=''4'', sp-rand-phase-scaling='0.42749600208180316'
13989.448000, 0.008552, 10642.629596, 79, -3346.818404, sp-clause-activity-inc='1.4812748147395511', sp-clause-decay='1.8202583913991437', sp-clause-del-heur=''1'', sp-first-restart='91', sp-learned-clause-sort-heur=''1'', sp-learned-clauses-inc='1.149549372879794', sp-learned-size-factor='0.1428711986806388', sp-orig-clause-sort-heur=''8'', sp-phase-dec-heur=''1'', sp-rand-var-dec-freq=''0'', sp-resolution=''2'', sp-restart-inc='1.366900048862299', sp-update-dec-queue=''1'', sp-use-pure-literal-rule=''0'', sp-var-activity-inc='0.8160371853413884', sp-var-dec-heur=''2'', sp-variable-decay='1.261327337076319', sp-max-res-lit-inc='3.6654875893021366', sp-max-res-runs='1', sp-rand-phase-dec-freq=''0.005'', sp-res-cutoff-cls='19', sp-res-cutoff-lits='290', sp-res-order-heur=''9'', sp-rand-phase-scaling='0.9801305125143256'
17198.634000, 0.008367, 13033.743697, 67, -4164.890303, sp-clause-activity-inc='1.343006178079687', sp-clause-decay='1.0463578834330178', sp-clause-del-heur=''2'', sp-first-restart='3136', sp-learned-clause-sort-heur=''7'', sp-learned-clauses-inc='1.1019474929593018', sp-learned-size-factor='0.30315089838462245', sp-orig-clause-sort-heur=''18'', sp-phase-dec-heur=''0'', sp-rand-var-dec-freq=''0'', sp-resolution=''0'', sp-restart-inc='1.191655032766197', sp-update-dec-queue=''1'', sp-use-pure-literal-rule=''0'', sp-var-activity-inc='1.0633039735930228', sp-var-dec-heur=''16'', sp-variable-decay='1.1654476162655332', sp-rand-phase-dec-freq=''0''
18676.662000, 0.006994, 14137.563377, 36, -4539.098623, sp-clause-activity-inc='1.4995594971848591', sp-clause-decay='1.134607437970713', sp-clause-del-heur=''1'', sp-first-restart='1011', sp-learned-clause-sort-heur=''3'', sp-learned-clauses-inc='1.2667448052224026', sp-learned-size-factor='0.15239627452456636', sp-orig-clause-sort-heur=''6'', sp-phase-dec-heur=''5'', sp-rand-var-dec-freq=''0'', sp-resolution=''1'', sp-restart-inc='1.4686993414704734', sp-update-dec-queue=''0'', sp-use-pure-literal-rule=''0'', sp-var-activity-inc='1.2088619785805461', sp-var-dec-heur=''3'', sp-variable-decay='1.0425616639789281', sp-max-res-lit-inc='0.519028087257465', sp-max-res-runs='6', sp-rand-phase-dec-freq=''0.05'', sp-res-cutoff-cls='4', sp-res-cutoff-lits='109', sp-res-order-heur=''4'', sp-rand-phase-scaling='0.42749600208180316'
