{"incumbent": ["sp-clause-activity-inc='1.0'", "sp-clause-decay='1.4'", "sp-clause-del-heur=''2''", "sp-first-restart='100'", "sp-learned-clause-sort-heur=''0''", "sp-learned-clauses-inc='1.3'", "sp-learned-size-factor='0.4'", "sp-orig-clause-sort-heur=''0''", "sp-phase-dec-heur=''5''", "sp-rand-var-dec-freq=''0.001''", "sp-resolution=''1''", "sp-restart-inc='1.5'", "sp-update-dec-queue=''1''", "sp-use-pure-literal-rule=''1''", "sp-var-activity-inc='1.0'", "sp-var-dec-heur=''0''", "sp-variable-decay='1.4'", "sp-max-res-lit-inc='1.0'", "sp-max-res-runs='4'", "sp-rand-phase-dec-freq=''0.001''", "sp-rand-var-dec-scaling='1.0'", "sp-res-cutoff-cls='8'", "sp-res-cutoff-lits='400'", "sp-res-order-heur=''0''", "sp-rand-phase-scaling='1.0'"], "evaluations": 0, "total_cpu_time": null, "cpu_time": 0, "wallclock_time": 0.0009071826934814453, "cost": 2147483648}
{"incumbent": ["sp-clause-activity-inc='1.0'", "sp-clause-decay='1.4'", "sp-clause-del-heur=''2''", "sp-first-restart='100'", "sp-learned-clause-sort-heur=''0''", "sp-learned-clauses-inc='1.3'", "sp-learned-size-factor='0.4'", "sp-orig-clause-sort-heur=''0''", "sp-phase-dec-heur=''5''", "sp-rand-var-dec-freq=''0.001''", "sp-resolution=''1''", "sp-restart-inc='1.5'", "sp-update-dec-queue=''1''", "sp-use-pure-literal-rule=''1''", "sp-var-activity-inc='1.0'", "sp-var-dec-heur=''0''", "sp-variable-decay='1.4'", "sp-max-res-lit-inc='1.0'", "sp-max-res-runs='4'", "sp-rand-phase-dec-freq=''0.001''", "sp-rand-var-dec-scaling='1.0'", "sp-res-cutoff-cls='8'", "sp-res-cutoff-lits='400'", "sp-res-order-heur=''0''", "sp-rand-phase-scaling='1.0'"], "evaluations": 1, "total_cpu_time": null, "cpu_time": 5.0, "wallclock_time": 7.311327219009399, "cost": 50}
{"incumbent": ["sp-clause-activity-inc='1.4432687367633403'", "sp-clause-decay='1.1700923679661654'", "sp-clause-del-heur=''1''", "sp-first-restart='188'", "sp-learned-clause-sort-heur=''2''", "sp-learned-clauses-inc='1.4829869236861701'", "sp-learned-size-factor='0.19460304598261055'", "sp-orig-clause-sort-heur=''12''", "sp-phase-dec-heur=''1''", "sp-rand-var-dec-freq=''0''", "sp-resolution=''0''", "sp-restart-inc='1.2058440766102783'", "sp-update-dec-queue=''1''", "sp-use-pure-literal-rule=''0''", "sp-var-activity-inc='1.2542432661617449'", "sp-var-dec-heur=''11''", "sp-variable-decay='1.8660792997798898'", "sp-rand-phase-dec-freq=''0.0001''", "sp-rand-phase-scaling='0.9455610716610445'"], "evaluations": 58, "total_cpu_time": null, "cpu_time": 129.388, "wallclock_time": 106.92651796340942, "cost": 0.31483333333333335}
{"incumbent": ["sp-clause-activity-inc='1.4432687367633403'", "sp-clause-decay='1.1700923679661654'", "sp-clause-del-heur=''1''", "sp-first-restart='188'", "sp-learned-clause-sort-heur=''9''", "sp-learned-clauses-inc='1.4829869236861701'", "sp-learned-size-factor='0.19460304598261055'", "sp-orig-clause-sort-heur=''15''", "sp-phase-dec-heur=''5''", "sp-rand-var-dec-freq=''0.0001''", "sp-resolution=''0''", "sp-restart-inc='1.2058440766102783'", "sp-update-dec-queue=''1''", "sp-use-pure-literal-rule=''0''", "sp-var-activity-inc='1.2542432661617449'", "sp-var-dec-heur=''0''", "sp-variable-decay='1.8660792997798898'", "sp-rand-phase-dec-freq=''0.0001''", "sp-rand-var-dec-scaling='1.0'", "sp-rand-phase-scaling='0.9455610716610445'"], "evaluations": 80, "total_cpu_time": null, "cpu_time": 153.46000000000004, "wallclock_time": 128.36023664474487, "cost": 0.07829585798816566}
{"incumbent": ["sp-clause-activity-inc='1.276582819916976'", "sp-clause-decay='1.147720682366753'", "sp-clause-del-heur=''0''", "sp-first-restart='163'", "sp-learned-clause-sort-heur=''11''", "sp-learned-clauses-inc='1.2392561347934108'", "sp-learned-size-factor='0.48616860084920976'", "sp-orig-clause-sort-heur=''10''", "sp-phase-dec-heur=''5''", "sp-rand-var-dec-freq=''0.05''", "sp-resolution=''1''", "sp-restart-inc='1.2128800760310245'", "sp-update-dec-queue=''0''", "sp-use-pure-literal-rule=''0''", "sp-var-activity-inc='0.8193095557856738'", "sp-var-dec-heur=''4''", "sp-variable-decay='1.8990103255625022'", "sp-max-res-lit-inc='0.3542085395664013'", "sp-max-res-runs='25'", "sp-rand-phase-dec-freq=''0.01''", "sp-rand-var-dec-scaling='0.6463934310960961'", "sp-res-cutoff-cls='7'", "sp-res-cutoff-lits='423'", "sp-res-order-heur=''7''", "sp-rand-phase-scaling='0.36964028414293815'"], "evaluations": 238, "total_cpu_time": null, "cpu_time": 375.93600000000004, "wallclock_time": 316.99937987327576, "cost": 0.06954016620498614}
{"incumbent": ["sp-clause-activity-inc='1.202644992444359'", "sp-clause-decay='1.2985412789650197'", "sp-clause-del-heur=''2''", "sp-first-restart='1863'", "sp-learned-clause-sort-heur=''9''", "sp-learned-clauses-inc='1.2915826310397323'", "sp-learned-size-factor='0.23992270746959699'", "sp-orig-clause-sort-heur=''15''", "sp-phase-dec-heur=''2''", "sp-rand-var-dec-freq=''0.0001''", "sp-resolution=''0''", "sp-restart-inc='1.625447220719989'", "sp-update-dec-queue=''1''", "sp-use-pure-literal-rule=''1''", "sp-var-activity-inc='1.4328516610073319'", "sp-var-dec-heur=''3''", "sp-variable-decay='1.7861357655054084'", "sp-rand-var-dec-scaling='0.8837639813762883'"], "evaluations": 275, "total_cpu_time": null, "cpu_time": 425.48400000000004, "wallclock_time": 354.58734941482544, "cost": 0.06312999999999999}
{"incumbent": ["sp-clause-activity-inc='0.8867000579223141'", "sp-clause-decay='1.7909483357744678'", "sp-clause-del-heur=''1''", "sp-first-restart='148'", "sp-learned-clause-sort-heur=''17''", "sp-learned-clauses-inc='1.272404018316718'", "sp-learned-size-factor='0.7806401259921637'", "sp-orig-clause-sort-heur=''0''", "sp-phase-dec-heur=''2''", "sp-rand-var-dec-freq=''0.05''", "sp-resolution=''0''", "sp-restart-inc='1.8078449556564147'", "sp-update-dec-queue=''1''", "sp-use-pure-literal-rule=''0''", "sp-var-activity-inc='0.6894641798468834'", "sp-var-dec-heur=''16''", "sp-variable-decay='1.4665463622228705'", "sp-rand-var-dec-scaling='1.0268001003875815'"], "evaluations": 310, "total_cpu_time": null, "cpu_time": 463.3960000000001, "wallclock_time": 387.36547470092773, "cost": 0.042494331065759616}
{"incumbent": ["sp-clause-activity-inc='1.293714483657678'", "sp-clause-decay='1.7518674188679186'", "sp-clause-del-heur=''2''", "sp-first-restart='60'", "sp-learned-clause-sort-heur=''7''", "sp-learned-clauses-inc='1.3684079798726705'", "sp-learned-size-factor='1.4800603538881982'", "sp-orig-clause-sort-heur=''5''", "sp-phase-dec-heur=''0''", "sp-rand-var-dec-freq=''0.05''", "sp-resolution=''2''", "sp-restart-inc='1.6444561119810683'", "sp-update-dec-queue=''1''", "sp-use-pure-literal-rule=''1''", "sp-var-activity-inc='0.8161025830292334'", "sp-var-dec-heur=''3''", "sp-variable-decay='1.7322388777271858'", "sp-max-res-lit-inc='1.4203469714428687'", "sp-max-res-runs='1'", "sp-rand-phase-dec-freq=''0.05''", "sp-rand-var-dec-scaling='0.8901292160696688'", "sp-res-cutoff-cls='8'", "sp-res-cutoff-lits='234'", "sp-res-order-heur=''5''", "sp-rand-phase-scaling='1.0994734610186712'"], "evaluations": 419, "total_cpu_time": null, "cpu_time": 596.5800000000003, "wallclock_time": 496.0852553844452, "cost": 0.039569444444444456}
{"incumbent": ["sp-clause-activity-inc='1.35770902903847'", "sp-clause-decay='1.7102343438377046'", "sp-clause-del-heur=''0''", "sp-first-restart='2765'", "sp-learned-clause-sort-heur=''1''", "sp-learned-clauses-inc='1.427202048092941'", "sp-learned-size-factor='0.4090698806682645'", "sp-orig-clause-sort-heur=''6''", "sp-phase-dec-heur=''2''", "sp-rand-var-dec-freq=''0.001''", "sp-resolution=''0''", "sp-restart-inc='1.8167017988350613'", "sp-update-dec-queue=''0''", "sp-use-pure-literal-rule=''0''", "sp-var-activity-inc='0.9333591758483495'", "sp-var-dec-heur=''5''", "sp-variable-decay='1.5989909551181705'", "sp-rand-var-dec-scaling='0.3993371001438949'"], "evaluations": 664, "total_cpu_time": null, "cpu_time": 1084.0839999999994, "wallclock_time": 872.8100962638855, "cost": 0.02525564803804994}
{"incumbent": ["sp-clause-activity-inc='0.5592964385481839'", "sp-clause-decay='1.6904702859257261'", "sp-clause-del-heur=''0''", "sp-first-restart='1701'", "sp-learned-clause-sort-heur=''19''", "sp-learned-clauses-inc='1.1426471302519479'", "sp-learned-size-factor='0.7790900565845092'", "sp-orig-clause-sort-heur=''7''", "sp-phase-dec-heur=''6''", "sp-rand-var-dec-freq=''0.001''", "sp-resolution=''2''", "sp-restart-inc='1.8577227337455702'", "sp-update-dec-queue=''0''", "sp-use-pure-literal-rule=''0''", "sp-var-activity-inc='0.9647726397251004'", "sp-var-dec-heur=''16''", "sp-variable-decay='1.4249025561495874'", "sp-clause-inversion=''0''", "sp-max-res-lit-inc='2.892114109776079'", "sp-max-res-runs='2'", "sp-rand-phase-dec-freq=''0''", "sp-rand-var-dec-scaling='0.34447446961019396'", "sp-res-cutoff-cls='16'", "sp-res-cutoff-lits='486'", "sp-res-order-heur=''12''"], "evaluations": 1429, "total_cpu_time": null, "cpu_time": 2565.6499999999937, "wallclock_time": 2014.8689534664154, "cost": 0.02300226757369614}
{"incumbent": ["sp-clause-activity-inc='1.4432687367633403'", "sp-clause-decay='1.1700923679661654'", "sp-clause-del-heur=''1''", "sp-first-restart='188'", "sp-learned-clause-sort-heur=''9''", "sp-learned-clauses-inc='1.4829869236861701'", "sp-learned-size-factor='0.19460304598261055'", "sp-orig-clause-sort-heur=''15''", "sp-phase-dec-heur=''5''", "sp-rand-var-dec-freq=''0.0001''", "sp-resolution=''0''", "sp-restart-inc='1.2058440766102783'", "sp-update-dec-queue=''1''", "sp-use-pure-literal-rule=''0''", "sp-var-activity-inc='1.2542432661617449'", "sp-var-dec-heur=''0''", "sp-variable-decay='1.8660792997798898'", "sp-rand-phase-dec-freq=''0.0001''", "sp-rand-var-dec-scaling='1.0'", "sp-rand-phase-scaling='0.9455610716610445'"], "evaluations": 1694, "total_cpu_time": null, "cpu_time": 2946.0699999999956, "wallclock_time": 2302.895177602768, "cost": 0.021716446124763703}
{"incumbent": ["sp-clause-activity-inc='1.202644992444359'", "sp-clause-decay='1.2985412789650197'", "sp-clause-del-heur=''2''", "sp-first-restart='1863'", "sp-learned-clause-sort-heur=''0''", "sp-learned-clauses-inc='1.2915826310397323'", "sp-learned-size-factor='0.23992270746959699'", "sp-orig-clause-sort-heur=''0''", "sp-phase-dec-heur=''5''", "sp-rand-var-dec-freq=''0.001''", "sp-resolution=''1''", "sp-restart-inc='1.625447220719989'", "sp-update-dec-queue=''1''", "sp-use-pure-literal-rule=''1''", "sp-var-activity-inc='1.4328516610073319'", "sp-var-dec-heur=''0''", "sp-variable-decay='1.7861357655054084'", "sp-max-res-lit-inc='1.0'", "sp-max-res-runs='4'", "sp-rand-phase-dec-freq=''0.001''", "sp-rand-var-dec-scaling='1.0'", "sp-res-cutoff-cls='8'", "sp-res-cutoff-lits='400'", "sp-res-order-heur=''0''", "sp-rand-phase-scaling='1.0'"], "evaluations": 1915, "total_cpu_time": null, "cpu_time": 3250.737999999996, "wallclock_time": 2534.5159616470337, "cost": 0.019291961682632235}
{"incumbent": ["sp-clause-activity-inc='1.4432687367633403'", "sp-clause-decay='1.1700923679661654'", "sp-clause-del-heur=''1''", "sp-first-restart='188'", "sp-learned-clause-sort-heur=''9''", "sp-learned-clauses-inc='1.4829869236861701'", "sp-learned-size-factor='0.19460304598261055'", "sp-orig-clause-sort-heur=''15''", "sp-phase-dec-heur=''5''", "sp-rand-var-dec-freq=''0.0001''", "sp-resolution=''0''", "sp-restart-inc='1.2058440766102783'", "sp-update-dec-queue=''1''", "sp-use-pure-literal-rule=''0''", "sp-var-activity-inc='1.2542432661617449'", "sp-var-dec-heur=''0''", "sp-variable-decay='1.8660792997798898'", "sp-rand-phase-dec-freq=''0.0001''", "sp-rand-var-dec-scaling='1.0'", "sp-rand-phase-scaling='0.9455610716610445'"], "evaluations": 2002, "total_cpu_time": null, "cpu_time": 3346.305999999998, "wallclock_time": 2605.2746493816376, "cost": 0.018616}
{"incumbent": ["sp-clause-activity-inc='1.202644992444359'", "sp-clause-decay='1.2985412789650197'", "sp-clause-del-heur=''2''", "sp-first-restart='1863'", "sp-learned-clause-sort-heur=''0''", "sp-learned-clauses-inc='1.2915826310397323'", "sp-learned-size-factor='0.23992270746959699'", "sp-orig-clause-sort-heur=''0''", "sp-phase-dec-heur=''5''", "sp-rand-var-dec-freq=''0.001''", "sp-resolution=''1''", "sp-restart-inc='1.625447220719989'", "sp-update-dec-queue=''1''", "sp-use-pure-literal-rule=''1''", "sp-var-activity-inc='1.4328516610073319'", "sp-var-dec-heur=''0''", "sp-variable-decay='1.7861357655054084'", "sp-max-res-lit-inc='1.0'", "sp-max-res-runs='4'", "sp-rand-phase-dec-freq=''0.001''", "sp-rand-var-dec-scaling='1.0'", "sp-res-cutoff-cls='8'", "sp-res-cutoff-lits='400'", "sp-res-order-heur=''0''", "sp-rand-phase-scaling='1.0'"], "evaluations": 2069, "total_cpu_time": null, "cpu_time": 3442.7379999999985, "wallclock_time": 2684.303446531296, "cost": 0.017876201460976543}
{"incumbent": ["sp-clause-activity-inc='0.8897506513152047'", "sp-clause-decay='1.3983675084457383'", "sp-clause-del-heur=''2''", "sp-first-restart='44'", "sp-learned-clause-sort-heur=''6''", "sp-learned-clauses-inc='1.2542848775595512'", "sp-learned-size-factor='0.26667635894124464'", "sp-orig-clause-sort-heur=''10''", "sp-phase-dec-heur=''2''", "sp-rand-var-dec-freq=''0.001''", "sp-resolution=''1''", "sp-restart-inc='1.2184207397453353'", "sp-update-dec-queue=''0''", "sp-use-pure-literal-rule=''1''", "sp-var-activity-inc='0.8891654115629287'", "sp-var-dec-heur=''16''", "sp-variable-decay='1.0978452149427123'", "sp-max-res-lit-inc='1.1732411274751608'", "sp-max-res-runs='1'", "sp-rand-var-dec-scaling='1.0527033718824061'", "sp-res-cutoff-cls='12'", "sp-res-cutoff-lits='340'", "sp-res-order-heur=''15''"], "evaluations": 2355, "total_cpu_time": null, "cpu_time": 3858.8459999999986, "wallclock_time": 3009.686695098877, "cost": 0.01614280991735537}
{"incumbent": ["sp-clause-activity-inc='1.4432687367633403'", "sp-clause-decay='1.1700923679661654'", "sp-clause-del-heur=''1''", "sp-first-restart='188'", "sp-learned-clause-sort-heur=''9''", "sp-learned-clauses-inc='1.4829869236861701'", "sp-learned-size-factor='0.19460304598261055'", "sp-orig-clause-sort-heur=''15''", "sp-phase-dec-heur=''5''", "sp-rand-var-dec-freq=''0.0001''", "sp-resolution=''0''", "sp-restart-inc='1.2058440766102783'", "sp-update-dec-queue=''1''", "sp-use-pure-literal-rule=''0''", "sp-var-activity-inc='1.2542432661617449'", "sp-var-dec-heur=''0''", "sp-variable-decay='1.8660792997798898'", "sp-rand-phase-dec-freq=''0.0001''", "sp-rand-var-dec-scaling='1.0'", "sp-rand-phase-scaling='0.9455610716610445'"], "evaluations": 2788, "total_cpu_time": null, "cpu_time": 4481.649999999991, "wallclock_time": 3484.056464910507, "cost": 0.01610888888888889}
{"incumbent": ["sp-clause-activity-inc='1.202644992444359'", "sp-clause-decay='1.2985412789650197'", "sp-clause-del-heur=''2''", "sp-first-restart='1863'", "sp-learned-clause-sort-heur=''0''", "sp-learned-clauses-inc='1.2915826310397323'", "sp-learned-size-factor='0.23992270746959699'", "sp-orig-clause-sort-heur=''0''", "sp-phase-dec-heur=''5''", "sp-rand-var-dec-freq=''0.001''", "sp-resolution=''1''", "sp-restart-inc='1.625447220719989'", "sp-update-dec-queue=''1''", "sp-use-pure-literal-rule=''1''", "sp-var-activity-inc='1.4328516610073319'", "sp-var-dec-heur=''0''", "sp-variable-decay='1.7861357655054084'", "sp-max-res-lit-inc='1.0'", "sp-max-res-runs='4'", "sp-rand-phase-dec-freq=''0.001''", "sp-rand-var-dec-scaling='1.0'", "sp-res-cutoff-cls='8'", "sp-res-cutoff-lits='400'", "sp-res-order-heur=''0''", "sp-rand-phase-scaling='1.0'"], "evaluations": 3108, "total_cpu_time": null, "cpu_time": 4881.413999999991, "wallclock_time": 3787.202629804611, "cost": 0.015708742756361804}
{"incumbent": ["sp-clause-activity-inc='1.4432687367633403'", "sp-clause-decay='1.1700923679661654'", "sp-clause-del-heur=''1''", "sp-first-restart='188'", "sp-learned-clause-sort-heur=''9''", "sp-learned-clauses-inc='1.4829869236861701'", "sp-learned-size-factor='0.19460304598261055'", "sp-orig-clause-sort-heur=''15''", "sp-phase-dec-heur=''5''", "sp-rand-var-dec-freq=''0.0001''", "sp-resolution=''0''", "sp-restart-inc='1.2058440766102783'", "sp-update-dec-queue=''1''", "sp-use-pure-literal-rule=''0''", "sp-var-activity-inc='1.2542432661617449'", "sp-var-dec-heur=''0''", "sp-variable-decay='1.8660792997798898'", "sp-rand-phase-dec-freq=''0.0001''", "sp-rand-var-dec-scaling='1.0'", "sp-rand-phase-scaling='0.9455610716610445'"], "evaluations": 3757, "total_cpu_time": null, "cpu_time": 5702.049999999979, "wallclock_time": 4404.719312906265, "cost": 0.014350766645662675}
{"incumbent": ["sp-clause-activity-inc='1.202644992444359'", "sp-clause-decay='1.2985412789650197'", "sp-clause-del-heur=''2''", "sp-first-restart='1863'", "sp-learned-clause-sort-heur=''0''", "sp-learned-clauses-inc='1.2915826310397323'", "sp-learned-size-factor='0.23992270746959699'", "sp-orig-clause-sort-heur=''0''", "sp-phase-dec-heur=''5''", "sp-rand-var-dec-freq=''0.001''", "sp-resolution=''1''", "sp-restart-inc='1.625447220719989'", "sp-update-dec-queue=''1''", "sp-use-pure-literal-rule=''1''", "sp-var-activity-inc='1.4328516610073319'", "sp-var-dec-heur=''0''", "sp-variable-decay='1.7861357655054084'", "sp-max-res-lit-inc='1.0'", "sp-max-res-runs='4'", "sp-rand-phase-dec-freq=''0.001''", "sp-rand-var-dec-scaling='1.0'", "sp-res-cutoff-cls='8'", "sp-res-cutoff-lits='400'", "sp-res-order-heur=''0''", "sp-rand-phase-scaling='1.0'"], "evaluations": 3949, "total_cpu_time": null, "cpu_time": 5987.337999999974, "wallclock_time": 4617.908311367035, "cost": 0.013314024995040669}
{"incumbent": ["sp-clause-activity-inc='1.4432687367633403'", "sp-clause-decay='1.1700923679661654'", "sp-clause-del-heur=''1''", "sp-first-restart='188'", "sp-learned-clause-sort-heur=''9''", "sp-learned-clauses-inc='1.4829869236861701'", "sp-learned-size-factor='0.19460304598261055'", "sp-orig-clause-sort-heur=''15''", "sp-phase-dec-heur=''5''", "sp-rand-var-dec-freq=''0.0001''", "sp-resolution=''0''", "sp-restart-inc='1.2058440766102783'", "sp-update-dec-queue=''1''", "sp-use-pure-literal-rule=''0''", "sp-var-activity-inc='1.2542432661617449'", "sp-var-dec-heur=''0''", "sp-variable-decay='1.8660792997798898'", "sp-rand-phase-dec-freq=''0.0001''", "sp-rand-var-dec-scaling='1.0'", "sp-rand-phase-scaling='0.9455610716610445'"], "evaluations": 5268, "total_cpu_time": null, "cpu_time": 7849.241999999975, "wallclock_time": 6028.069408416748, "cost": 0.0110029744199881}
{"incumbent": ["sp-clause-activity-inc='0.8897506513152047'", "sp-clause-decay='1.3983675084457383'", "sp-clause-del-heur=''2''", "sp-first-restart='44'", "sp-learned-clause-sort-heur=''6''", "sp-learned-clauses-inc='1.2542848775595512'", "sp-learned-size-factor='0.26667635894124464'", "sp-orig-clause-sort-heur=''10''", "sp-phase-dec-heur=''2''", "sp-rand-var-dec-freq=''0.001''", "sp-resolution=''1''", "sp-restart-inc='1.2184207397453353'", "sp-update-dec-queue=''0''", "sp-use-pure-literal-rule=''1''", "sp-var-activity-inc='0.8891654115629287'", "sp-var-dec-heur=''16''", "sp-variable-decay='1.0978452149427123'", "sp-max-res-lit-inc='1.1732411274751608'", "sp-max-res-runs='1'", "sp-rand-var-dec-scaling='1.0527033718824061'", "sp-res-cutoff-cls='12'", "sp-res-cutoff-lits='340'", "sp-res-order-heur=''15''"], "evaluations": 5768, "total_cpu_time": null, "cpu_time": 8501.561999999989, "wallclock_time": 6528.0534772872925, "cost": 0.010534883720930234}
{"incumbent": ["sp-clause-activity-inc='1.373907616613128'", "sp-clause-decay='1.961941603420991'", "sp-clause-del-heur=''1''", "sp-first-restart='51'", "sp-learned-clause-sort-heur=''18''", "sp-learned-clauses-inc='1.43194614492305'", "sp-learned-size-factor='0.3233456791459749'", "sp-orig-clause-sort-heur=''8''", "sp-phase-dec-heur=''6''", "sp-rand-var-dec-freq=''0.005''", "sp-resolution=''1''", "sp-restart-inc='1.4846037829812793'", "sp-update-dec-queue=''1''", "sp-use-pure-literal-rule=''0''", "sp-var-activity-inc='1.4251894212941045'", "sp-var-dec-heur=''16''", "sp-variable-decay='1.154829987699364'", "sp-max-res-lit-inc='0.5074440458499744'", "sp-max-res-runs='20'", "sp-rand-phase-dec-freq=''0.01''", "sp-rand-var-dec-scaling='0.9144586921083735'", "sp-res-cutoff-cls='3'", "sp-res-cutoff-lits='510'", "sp-res-order-heur=''12''", "sp-rand-phase-scaling='0.7432613020503944'"], "evaluations": 7097, "total_cpu_time": null, "cpu_time": 10277.882000000005, "wallclock_time": 7863.361862897873, "cost": 0.010279889196675898}
{"incumbent": ["sp-clause-activity-inc='1.4995594971848591'", "sp-clause-decay='1.134607437970713'", "sp-clause-del-heur=''1''", "sp-first-restart='1011'", "sp-learned-clause-sort-heur=''3''", "sp-learned-clauses-inc='1.2667448052224026'", "sp-learned-size-factor='0.15239627452456636'", "sp-orig-clause-sort-heur=''6''", "sp-phase-dec-heur=''5''", "sp-rand-var-dec-freq=''0''", "sp-resolution=''1''", "sp-restart-inc='1.4686993414704734'", "sp-update-dec-queue=''0''", "sp-use-pure-literal-rule=''0''", "sp-var-activity-inc='1.2088619785805461'", "sp-var-dec-heur=''3''", "sp-variable-decay='1.0425616639789281'", "sp-max-res-lit-inc='0.519028087257465'", "sp-max-res-runs='6'", "sp-rand-phase-dec-freq=''0.05''", "sp-res-cutoff-cls='4'", "sp-res-cutoff-lits='109'", "sp-res-order-heur=''4''", "sp-rand-phase-scaling='0.42749600208180316'"], "evaluations": 7733, "total_cpu_time": null, "cpu_time": 11055.255999999994, "wallclock_time": 8447.444328308105, "cost": 0.008944801550862157}
{"incumbent": ["sp-clause-activity-inc='1.4812748147395511'", "sp-clause-decay='1.8202583913991437'", "sp-clause-del-heur=''1''", "sp-first-restart='91'", "sp-learned-clause-sort-heur=''1''", "sp-learned-clauses-inc='1.149549372879794'", "sp-learned-size-factor='0.1428711986806388'", "sp-orig-clause-sort-heur=''8''", "sp-phase-dec-heur=''1''", "sp-rand-var-dec-freq=''0''", "sp-resolution=''2''", "sp-restart-inc='1.366900048862299'", "sp-update-dec-queue=''1''", "sp-use-pure-literal-rule=''0''", "sp-var-activity-inc='0.8160371853413884'", "sp-var-dec-heur=''2''", "sp-variable-decay='1.261327337076319'", "sp-max-res-lit-inc='3.6654875893021366'", "sp-max-res-runs='1'", "sp-rand-phase-dec-freq=''0.005''", "sp-res-cutoff-cls='19'", "sp-res-cutoff-lits='290'", "sp-res-order-heur=''9''", "sp-rand-phase-scaling='0.9801305125143256'"], "evaluations": 9355, "total_cpu_time": null, "cpu_time": 13989.447999999977, "wallclock_time": 10642.629596471786, "cost": 0.008552142075582867}
{"incumbent": ["sp-clause-activity-inc='1.343006178079687'", "sp-clause-decay='1.0463578834330178'", "sp-clause-del-heur=''2''", "sp-first-restart='3136'", "sp-learned-clause-sort-heur=''7''", "sp-learned-clauses-inc='1.1019474929593018'", "sp-learned-size-factor='0.30315089838462245'", "sp-orig-clause-sort-heur=''18''", "sp-phase-dec-heur=''0''", "sp-rand-var-dec-freq=''0''", "sp-resolution=''0''", "sp-restart-inc='1.191655032766197'", "sp-update-dec-queue=''1''", "sp-use-pure-literal-rule=''0''", "sp-var-activity-inc='1.0633039735930228'", "sp-var-dec-heur=''16''", "sp-variable-decay='1.1654476162655332'", "sp-rand-phase-dec-freq=''0''"], "evaluations": 10892, "total_cpu_time": null, "cpu_time": 17198.63400000003, "wallclock_time": 13033.743696689606, "cost": 0.008367302213456053}
{"incumbent": ["sp-clause-activity-inc='1.4995594971848591'", "sp-clause-decay='1.134607437970713'", "sp-clause-del-heur=''1''", "sp-first-restart='1011'", "sp-learned-clause-sort-heur=''3''", "sp-learned-clauses-inc='1.2667448052224026'", "sp-learned-size-factor='0.15239627452456636'", "sp-orig-clause-sort-heur=''6''", "sp-phase-dec-heur=''5''", "sp-rand-var-dec-freq=''0''", "sp-resolution=''1''", "sp-restart-inc='1.4686993414704734'", "sp-update-dec-queue=''0''", "sp-use-pure-literal-rule=''0''", "sp-var-activity-inc='1.2088619785805461'", "sp-var-dec-heur=''3''", "sp-variable-decay='1.0425616639789281'", "sp-max-res-lit-inc='0.519028087257465'", "sp-max-res-runs='6'", "sp-rand-phase-dec-freq=''0.05''", "sp-res-cutoff-cls='4'", "sp-res-cutoff-lits='109'", "sp-res-order-heur=''4''", "sp-rand-phase-scaling='0.42749600208180316'"], "evaluations": 11701, "total_cpu_time": null, "cpu_time": 18676.662000000157, "wallclock_time": 14137.563377141953, "cost": 0.006994057782938324}
