{"total_cpu_time": null, "incumbent": ["adaptive=''1''", "clausepen=''1''", "performrandomwalk=''0''", "singleclause=''1''", "tabusearch=''0''", "adaptivenoisescheme=''1''", "adaptwalkprob=''0''", "heuristic=''2''", "promisinglist=''1''", "ps='0.4'", "selectclause=''1''", "smoothingscheme=''1''", "adaptiveprom=''0''", "decreasingvariable=''3''", "performalternatenovelty=''1''", "phi='5'", "theta='6'", "updateschemepromlist=''3''", "wp='0.01'", "CONadaptpromwalkprob=''0''"], "cost": 2147483648, "cpu_time": 0, "evaluations": 0, "wallclock_time": 0.0014052391052246094}
{"total_cpu_time": null, "incumbent": ["adaptive=''1''", "clausepen=''1''", "performrandomwalk=''0''", "singleclause=''1''", "tabusearch=''0''", "adaptivenoisescheme=''1''", "adaptwalkprob=''0''", "heuristic=''2''", "promisinglist=''1''", "ps='0.4'", "selectclause=''1''", "smoothingscheme=''1''", "adaptiveprom=''0''", "decreasingvariable=''3''", "performalternatenovelty=''1''", "phi='5'", "theta='6'", "updateschemepromlist=''3''", "wp='0.01'", "CONadaptpromwalkprob=''0''"], "cost": 50, "cpu_time": 5.0, "evaluations": 1, "wallclock_time": 7.7395617961883545}
{"total_cpu_time": null, "incumbent": ["adaptive=''0''", "clausepen=''0''", "performrandomwalk=''0''", "singleclause=''1''", "tabusearch=''0''", "CONadaptwalkprob=''0''", "CONselectclause=''1''", "c='0.0011870168597208689'", "heuristic=''13''", "promisinglist=''1''", "s='0.001375893581866807'", "CONdp='0.19821387337153568'", "adaptiveprom=''0''", "decreasingvariable=''9''", "novnoise='0.14861100208422362'", "performalternatenovelty=''0''", "updateschemepromlist=''3''", "CONadaptpromwalkprob=''0''", "promnovnoise='0.6497147606237637'", "CONpromwp='0.12471696852503102'"], "cost": 0.003599999999999999, "cpu_time": 118.31600000000002, "evaluations": 65, "wallclock_time": 204.0943238735199}
{"total_cpu_time": null, "incumbent": ["adaptive=''0''", "clausepen=''0''", "performrandomwalk=''0''", "singleclause=''1''", "tabusearch=''0''", "CONadaptwalkprob=''0''", "CONselectclause=''1''", "c='0.0011870168597208689'", "heuristic=''13''", "promisinglist=''1''", "s='0.001375893581866807'", "CONdp='0.19821387337153568'", "adaptiveprom=''0''", "decreasingvariable=''9''", "novnoise='0.14861100208422362'", "performalternatenovelty=''0''", "updateschemepromlist=''1''", "CONadaptpromwalkprob=''0''", "promnovnoise='0.6497147606237637'", "CONpromwp='0.12471696852503102'"], "cost": 0.0033600000000000006, "cpu_time": 126.27200000000009, "evaluations": 130, "wallclock_time": 246.41745114326477}
{"total_cpu_time": null, "incumbent": ["adaptive=''0''", "clausepen=''0''", "performrandomwalk=''0''", "singleclause=''1''", "tabusearch=''0''", "CONadaptwalkprob=''0''", "CONselectclause=''1''", "c='0.0011870168597208689'", "heuristic=''13''", "promisinglist=''1''", "s='0.001375893581866807'", "CONdp='0.19821387337153568'", "adaptiveprom=''0''", "decreasingvariable=''10''", "novnoise='0.14861100208422362'", "performalternatenovelty=''0''", "updateschemepromlist=''1''", "CONadaptpromwalkprob=''0''", "promnovnoise='0.6497147606237637'", "CONpromdp='0.05'"], "cost": 0.0032000000000000006, "cpu_time": 252.47200000000356, "evaluations": 975, "wallclock_time": 822.4133877754211}
{"total_cpu_time": null, "incumbent": ["adaptive=''0''", "clausepen=''0''", "performrandomwalk=''0''", "singleclause=''1''", "tabusearch=''0''", "CONadaptwalkprob=''0''", "CONselectclause=''1''", "c='0.0011870168597208689'", "heuristic=''13''", "promisinglist=''1''", "s='0.001375893581866807'", "CONdp='0.19821387337153568'", "adaptiveprom=''0''", "decreasingvariable=''10''", "novnoise='0.14861100208422362'", "performalternatenovelty=''0''", "updateschemepromlist=''2''", "CONadaptpromwalkprob=''0''", "promnovnoise='0.6497147606237637'", "CONpromdp='0.05'"], "cost": 0.00288, "cpu_time": 255.88000000000406, "evaluations": 1040, "wallclock_time": 858.3897020816803}
{"total_cpu_time": null, "incumbent": ["adaptive=''0''", "clausepen=''0''", "performrandomwalk=''0''", "singleclause=''1''", "tabusearch=''0''", "CONadaptwalkprob=''0''", "CONselectclause=''1''", "c='0.0005028627796917182'", "heuristic=''13''", "promisinglist=''1''", "s='0.001375893581866807'", "CONdp='0.19821387337153568'", "adaptiveprom=''0''", "decreasingvariable=''10''", "novnoise='0.14861100208422362'", "performalternatenovelty=''0''", "updateschemepromlist=''2''", "CONadaptpromwalkprob=''0''", "promnovnoise='0.6497147606237637'", "CONpromdp='0.05'"], "cost": 0.0028000000000000004, "cpu_time": 325.0800000000057, "evaluations": 1300, "wallclock_time": 1073.5191450119019}
