{"cost": 2147483648, "cpu_time": 0, "evaluations": 0, "wallclock_time": 0.0015747547149658203, "total_cpu_time": null, "incumbent": ["adaptive=''1''", "clausepen=''1''", "performrandomwalk=''0''", "singleclause=''1''", "tabusearch=''0''", "adaptivenoisescheme=''1''", "adaptwalkprob=''0''", "heuristic=''2''", "promisinglist=''1''", "ps='0.4'", "selectclause=''1''", "smoothingscheme=''1''", "adaptiveprom=''0''", "decreasingvariable=''3''", "performalternatenovelty=''1''", "phi='5'", "theta='6'", "updateschemepromlist=''3''", "wp='0.01'", "CONadaptpromwalkprob=''0''"]}
{"cost": 0.032, "cpu_time": 0.032, "evaluations": 1, "wallclock_time": 0.5625731945037842, "total_cpu_time": null, "incumbent": ["adaptive=''1''", "clausepen=''1''", "performrandomwalk=''0''", "singleclause=''1''", "tabusearch=''0''", "adaptivenoisescheme=''1''", "adaptwalkprob=''0''", "heuristic=''2''", "promisinglist=''1''", "ps='0.4'", "selectclause=''1''", "smoothingscheme=''1''", "adaptiveprom=''0''", "decreasingvariable=''3''", "performalternatenovelty=''1''", "phi='5'", "theta='6'", "updateschemepromlist=''3''", "wp='0.01'", "CONadaptpromwalkprob=''0''"]}
{"cost": 0.041639999999999996, "cpu_time": 20.267999999999997, "evaluations": 19, "wallclock_time": 14.506299257278442, "total_cpu_time": null, "incumbent": ["adaptive=''0''", "clausepen=''0''", "performrandomwalk=''1''", "singleclause=''0''", "tabusearch=''1''", "DLSscoringmeasure=''1''", "DLStiebreaking=''2''", "randomwalk=''1''", "tabu='16'", "rwp='0.11860732000368628'"]}
{"cost": 0.009983471074380166, "cpu_time": 30.399999999999984, "evaluations": 48, "wallclock_time": 24.638355493545532, "total_cpu_time": null, "incumbent": ["adaptive=''1''", "clausepen=''2''", "performrandomwalk=''1''", "singleclause=''0''", "tabusearch=''1''", "DLSscoringmeasure=''1''", "DLStiebreaking=''4''", "adaptivenoisescheme=''1''", "randomwalk=''5''", "tabu='16'", "rfp='0.125318611931272'"]}
{"cost": 0.006011834319526627, "cpu_time": 86.39199999999998, "evaluations": 94, "wallclock_time": 59.0152530670166, "total_cpu_time": null, "incumbent": ["adaptive=''1''", "clausepen=''1''", "performrandomwalk=''1''", "singleclause=''0''", "tabusearch=''1''", "DLSscoringmeasure=''3''", "DLStiebreaking=''4''", "adaptivenoisescheme=''2''", "randomwalk=''3''", "smoothingscheme=''1''", "tabu='9'", "DLSalpha='1.2120826089405392'", "DLSrho='0.5124984486083722'", "DLSsapsthresh='-0.10640795133421527'", "DLSwp='0.0015799673662245772'", "rdp='0.057090050162017056'"]}
{"cost": 0.0021406250000000006, "cpu_time": 175.6640000000003, "evaluations": 213, "wallclock_time": 120.24343991279602, "total_cpu_time": null, "incumbent": ["adaptive=''1''", "clausepen=''1''", "performrandomwalk=''0''", "singleclause=''0''", "tabusearch=''0''", "DLSscoringmeasure=''3''", "DLStiebreaking=''4''", "adaptivenoisescheme=''2''", "smoothingscheme=''1''", "DLSalpha='1.189'", "DLSrho='0.5'", "DLSsapsthresh='-0.1'", "DLSwp='0.03'"]}
{"cost": 0.002000000000000001, "cpu_time": 1204.0600000000004, "evaluations": 509, "wallclock_time": 561.182186126709, "total_cpu_time": null, "incumbent": ["adaptive=''0''", "clausepen=''1''", "performrandomwalk=''0''", "singleclause=''0''", "tabusearch=''0''", "DLSscoringmeasure=''1''", "DLStiebreaking=''3''", "smoothingscheme=''2''", "DLSmaxinc='16'", "DLSpflat='0.08513038352110006'"]}
{"cost": 0.0014236111111111118, "cpu_time": 1283.0439999999999, "evaluations": 589, "wallclock_time": 611.8102693557739, "total_cpu_time": null, "incumbent": ["adaptive=''1''", "clausepen=''1''", "performrandomwalk=''0''", "singleclause=''0''", "tabusearch=''0''", "DLSscoringmeasure=''3''", "DLStiebreaking=''4''", "adaptivenoisescheme=''1''", "smoothingscheme=''1''", "DLSalpha='1.189'", "DLSrho='0.5'", "DLSsapsthresh='-0.1'", "DLSwp='0.03'"]}
{"cost": 0.0010000000000000007, "cpu_time": 1867.5999999999958, "evaluations": 845, "wallclock_time": 886.8064498901367, "total_cpu_time": null, "incumbent": ["adaptive=''0''", "clausepen=''1''", "performrandomwalk=''0''", "singleclause=''0''", "tabusearch=''0''", "DLSscoringmeasure=''3''", "DLStiebreaking=''3''", "smoothingscheme=''2''", "DLSmaxinc='8'", "DLSpflat='0.145501139269203'"]}
{"cost": 0.000848484848484849, "cpu_time": 2822.4999999999854, "evaluations": 1152, "wallclock_time": 1305.312159538269, "total_cpu_time": null, "incumbent": ["adaptive=''0''", "clausepen=''1''", "performrandomwalk=''0''", "singleclause=''0''", "tabusearch=''0''", "DLSscoringmeasure=''3''", "DLStiebreaking=''3''", "smoothingscheme=''2''", "DLSmaxinc='8'", "DLSpflat='0.14646805663947932'"]}
{"cost": 0.0007777777777777783, "cpu_time": 3550.8879999999854, "evaluations": 1368, "wallclock_time": 1629.362845659256, "total_cpu_time": null, "incumbent": ["adaptive=''0''", "clausepen=''1''", "performrandomwalk=''0''", "singleclause=''0''", "tabusearch=''0''", "DLSscoringmeasure=''1''", "DLStiebreaking=''3''", "smoothingscheme=''2''", "DLSmaxinc='8'", "DLSpflat='0.14704377900498095'"]}
