"CPU Time Used","Estimated Training Performance","Wallclock Time","Incumbent ID","Automatic Configurator (CPU) Time","Configuration..."
0.000000, 2147483648.000000, 0.001575, 1, 0.001575, adaptive=''1'', clausepen=''1'', performrandomwalk=''0'', singleclause=''1'', tabusearch=''0'', adaptivenoisescheme=''1'', adaptwalkprob=''0'', heuristic=''2'', promisinglist=''1'', ps='0.4', selectclause=''1'', smoothingscheme=''1'', adaptiveprom=''0'', decreasingvariable=''3'', performalternatenovelty=''1'', phi='5', theta='6', updateschemepromlist=''3'', wp='0.01', CONadaptpromwalkprob=''0''
0.032000, 0.032000, 0.562573, 1, 0.530573, adaptive=''1'', clausepen=''1'', performrandomwalk=''0'', singleclause=''1'', tabusearch=''0'', adaptivenoisescheme=''1'', adaptwalkprob=''0'', heuristic=''2'', promisinglist=''1'', ps='0.4', selectclause=''1'', smoothingscheme=''1'', adaptiveprom=''0'', decreasingvariable=''3'', performalternatenovelty=''1'', phi='5', theta='6', updateschemepromlist=''3'', wp='0.01', CONadaptpromwalkprob=''0''
20.268000, 0.041640, 14.506299, 2, -5.761701, adaptive=''0'', clausepen=''0'', performrandomwalk=''1'', singleclause=''0'', tabusearch=''1'', DLSscoringmeasure=''1'', DLStiebreaking=''2'', randomwalk=''1'', tabu='16', rwp='0.11860732000368628'
30.400000, 0.009983, 24.638355, 5, -5.761645, adaptive=''1'', clausepen=''2'', performrandomwalk=''1'', singleclause=''0'', tabusearch=''1'', DLSscoringmeasure=''1'', DLStiebreaking=''4'', adaptivenoisescheme=''1'', randomwalk=''5'', tabu='16', rfp='0.125318611931272'
86.392000, 0.006012, 59.015253, 12, -27.376747, adaptive=''1'', clausepen=''1'', performrandomwalk=''1'', singleclause=''0'', tabusearch=''1'', DLSscoringmeasure=''3'', DLStiebreaking=''4'', adaptivenoisescheme=''2'', randomwalk=''3'', smoothingscheme=''1'', tabu='9', DLSalpha='1.2120826089405392', DLSrho='0.5124984486083722', DLSsapsthresh='-0.10640795133421527', DLSwp='0.0015799673662245772', rdp='0.057090050162017056'
175.664000, 0.002141, 120.243440, 23, -55.420560, adaptive=''1'', clausepen=''1'', performrandomwalk=''0'', singleclause=''0'', tabusearch=''0'', DLSscoringmeasure=''3'', DLStiebreaking=''4'', adaptivenoisescheme=''2'', smoothingscheme=''1'', DLSalpha='1.189', DLSrho='0.5', DLSsapsthresh='-0.1', DLSwp='0.03'
1204.060000, 0.002000, 561.182186, 38, -642.877814, adaptive=''0'', clausepen=''1'', performrandomwalk=''0'', singleclause=''0'', tabusearch=''0'', DLSscoringmeasure=''1'', DLStiebreaking=''3'', smoothingscheme=''2'', DLSmaxinc='16', DLSpflat='0.08513038352110006'
1283.044000, 0.001424, 611.810269, 44, -671.233731, adaptive=''1'', clausepen=''1'', performrandomwalk=''0'', singleclause=''0'', tabusearch=''0'', DLSscoringmeasure=''3'', DLStiebreaking=''4'', adaptivenoisescheme=''1'', smoothingscheme=''1'', DLSalpha='1.189', DLSrho='0.5', DLSsapsthresh='-0.1', DLSwp='0.03'
1867.600000, 0.001000, 886.806450, 52, -980.793550, adaptive=''0'', clausepen=''1'', performrandomwalk=''0'', singleclause=''0'', tabusearch=''0'', DLSscoringmeasure=''3'', DLStiebreaking=''3'', smoothingscheme=''2'', DLSmaxinc='8', DLSpflat='0.145501139269203'
2822.500000, 0.000848, 1305.312160, 68, -1517.187840, adaptive=''0'', clausepen=''1'', performrandomwalk=''0'', singleclause=''0'', tabusearch=''0'', DLSscoringmeasure=''3'', DLStiebreaking=''3'', smoothingscheme=''2'', DLSmaxinc='8', DLSpflat='0.14646805663947932'
3550.888000, 0.000778, 1629.362846, 80, -1921.525154, adaptive=''0'', clausepen=''1'', performrandomwalk=''0'', singleclause=''0'', tabusearch=''0'', DLSscoringmeasure=''1'', DLStiebreaking=''3'', smoothingscheme=''2'', DLSmaxinc='8', DLSpflat='0.14704377900498095'
