{"evaluations": 0, "cost": 2147483648, "total_cpu_time": null, "cpu_time": 0, "incumbent": ["sp-clause-activity-inc='1.0'", "sp-clause-decay='1.4'", "sp-clause-del-heur=''2''", "sp-first-restart='100'", "sp-learned-clause-sort-heur=''0''", "sp-learned-clauses-inc='1.3'", "sp-learned-size-factor='0.4'", "sp-orig-clause-sort-heur=''0''", "sp-phase-dec-heur=''5''", "sp-rand-var-dec-freq=''0.001''", "sp-resolution=''1''", "sp-restart-inc='1.5'", "sp-update-dec-queue=''1''", "sp-use-pure-literal-rule=''1''", "sp-var-activity-inc='1.0'", "sp-var-dec-heur=''0''", "sp-variable-decay='1.4'", "sp-max-res-lit-inc='1.0'", "sp-max-res-runs='4'", "sp-rand-phase-dec-freq=''0.001''", "sp-rand-var-dec-scaling='1.0'", "sp-res-cutoff-cls='8'", "sp-res-cutoff-lits='400'", "sp-res-order-heur=''0''", "sp-rand-phase-scaling='1.0'"], "wallclock_time": 0.0008950233459472656}
{"evaluations": 1, "cost": 0.056, "total_cpu_time": null, "cpu_time": 0.056, "incumbent": ["sp-clause-activity-inc='1.0'", "sp-clause-decay='1.4'", "sp-clause-del-heur=''2''", "sp-first-restart='100'", "sp-learned-clause-sort-heur=''0''", "sp-learned-clauses-inc='1.3'", "sp-learned-size-factor='0.4'", "sp-orig-clause-sort-heur=''0''", "sp-phase-dec-heur=''5''", "sp-rand-var-dec-freq=''0.001''", "sp-resolution=''1''", "sp-restart-inc='1.5'", "sp-update-dec-queue=''1''", "sp-use-pure-literal-rule=''1''", "sp-var-activity-inc='1.0'", "sp-var-dec-heur=''0''", "sp-variable-decay='1.4'", "sp-max-res-lit-inc='1.0'", "sp-max-res-runs='4'", "sp-rand-phase-dec-freq=''0.001''", "sp-rand-var-dec-scaling='1.0'", "sp-res-cutoff-cls='8'", "sp-res-cutoff-lits='400'", "sp-res-order-heur=''0''", "sp-rand-phase-scaling='1.0'"], "wallclock_time": 0.3217470645904541}
{"evaluations": 21, "cost": 0.0710082644628099, "total_cpu_time": null, "cpu_time": 18.575999999999997, "incumbent": ["sp-clause-activity-inc='0.8267033074654306'", "sp-clause-decay='1.4559573702055792'", "sp-clause-del-heur=''1''", "sp-first-restart='272'", "sp-learned-clause-sort-heur=''1''", "sp-learned-clauses-inc='1.3344641561513138'", "sp-learned-size-factor='0.3038050309541085'", "sp-orig-clause-sort-heur=''9''", "sp-phase-dec-heur=''1''", "sp-rand-var-dec-freq=''0.001''", "sp-resolution=''0''", "sp-restart-inc='1.4616532035361176'", "sp-update-dec-queue=''1''", "sp-use-pure-literal-rule=''0''", "sp-var-activity-inc='0.6631736335278987'", "sp-var-dec-heur=''6''", "sp-variable-decay='1.9239274014706191'", "sp-rand-phase-dec-freq=''0''", "sp-rand-var-dec-scaling='0.9315980956435774'"], "wallclock_time": 29.15052890777588}
{"evaluations": 46, "cost": 0.06257988165680475, "total_cpu_time": null, "cpu_time": 58.85599999999999, "incumbent": ["sp-clause-activity-inc='1.0'", "sp-clause-decay='1.4'", "sp-clause-del-heur=''2''", "sp-first-restart='100'", "sp-learned-clause-sort-heur=''0''", "sp-learned-clauses-inc='1.41027752864792'", "sp-learned-size-factor='0.39999999999999997'", "sp-orig-clause-sort-heur=''0''", "sp-phase-dec-heur=''5''", "sp-rand-var-dec-freq=''0.001''", "sp-resolution=''0''", "sp-restart-inc='1.5'", "sp-update-dec-queue=''1''", "sp-use-pure-literal-rule=''1''", "sp-var-activity-inc='1.0'", "sp-var-dec-heur=''0''", "sp-variable-decay='1.4'", "sp-rand-phase-dec-freq=''0.001''", "sp-rand-var-dec-scaling='1.0'", "sp-rand-phase-scaling='1.0'"], "wallclock_time": 97.02038526535034}
{"evaluations": 186, "cost": 0.046022675736961435, "total_cpu_time": null, "cpu_time": 307.14400000000006, "incumbent": ["sp-clause-activity-inc='0.8267033074654306'", "sp-clause-decay='1.3519113561833396'", "sp-clause-del-heur=''0''", "sp-first-restart='272'", "sp-learned-clause-sort-heur=''15''", "sp-learned-clauses-inc='1.258941514871055'", "sp-learned-size-factor='0.5964689483232117'", "sp-orig-clause-sort-heur=''9''", "sp-phase-dec-heur=''1''", "sp-rand-var-dec-freq=''0.001''", "sp-resolution=''0''", "sp-restart-inc='1.4616532035361176'", "sp-update-dec-queue=''1''", "sp-use-pure-literal-rule=''0''", "sp-var-activity-inc='0.6631736335278987'", "sp-var-dec-heur=''6''", "sp-variable-decay='1.9239274014706191'", "sp-rand-phase-dec-freq=''0.01''", "sp-rand-var-dec-scaling='0.9315980956435774'", "sp-rand-phase-scaling='1.0'"], "wallclock_time": 714.4493715763092}
{"evaluations": 231, "cost": 0.0410359168241966, "total_cpu_time": null, "cpu_time": 351.3520000000001, "incumbent": ["sp-clause-activity-inc='1.0'", "sp-clause-decay='1.4'", "sp-clause-del-heur=''0''", "sp-first-restart='246'", "sp-learned-clause-sort-heur=''6''", "sp-learned-clauses-inc='1.3'", "sp-learned-size-factor='1.3063616140823113'", "sp-orig-clause-sort-heur=''6''", "sp-phase-dec-heur=''1''", "sp-rand-var-dec-freq=''0.001''", "sp-resolution=''1''", "sp-restart-inc='1.2372955286462706'", "sp-update-dec-queue=''1''", "sp-use-pure-literal-rule=''0''", "sp-var-activity-inc='0.9045132644770437'", "sp-var-dec-heur=''7''", "sp-variable-decay='1.9513278715492592'", "sp-max-res-lit-inc='1.0'", "sp-max-res-runs='4'", "sp-rand-phase-dec-freq=''0.005''", "sp-rand-var-dec-scaling='1.0'", "sp-res-cutoff-cls='8'", "sp-res-cutoff-lits='400'", "sp-res-order-heur=''0''", "sp-rand-phase-scaling='1.0'"], "wallclock_time": 878.9105470180511}
{"evaluations": 280, "cost": 0.03673599999999999, "total_cpu_time": null, "cpu_time": 399.3960000000002, "incumbent": ["sp-clause-activity-inc='1.2327973429421142'", "sp-clause-decay='1.378649477444825'", "sp-clause-del-heur=''1''", "sp-first-restart='262'", "sp-learned-clause-sort-heur=''15''", "sp-learned-clauses-inc='1.2656121413504917'", "sp-learned-size-factor='0.4749170299981401'", "sp-orig-clause-sort-heur=''1''", "sp-phase-dec-heur=''1''", "sp-rand-var-dec-freq=''0.001''", "sp-resolution=''0''", "sp-restart-inc='1.4599451297637707'", "sp-update-dec-queue=''1''", "sp-use-pure-literal-rule=''0''", "sp-var-activity-inc='0.6631736335278987'", "sp-var-dec-heur=''6''", "sp-variable-decay='1.8669516130668575'", "sp-rand-phase-dec-freq=''0''", "sp-rand-var-dec-scaling='1.0632686379489655'"], "wallclock_time": 1060.816303730011}
{"evaluations": 306, "cost": 0.03459763313609468, "total_cpu_time": null, "cpu_time": 422.7840000000002, "incumbent": ["sp-clause-activity-inc='0.6673791998164634'", "sp-clause-decay='1.3458116359154095'", "sp-clause-del-heur=''1''", "sp-first-restart='231'", "sp-learned-clause-sort-heur=''15''", "sp-learned-clauses-inc='1.345888299300738'", "sp-learned-size-factor='0.8220510325940443'", "sp-orig-clause-sort-heur=''9''", "sp-phase-dec-heur=''1''", "sp-rand-var-dec-freq=''0.001''", "sp-resolution=''0''", "sp-restart-inc='1.4719901111254352'", "sp-update-dec-queue=''1''", "sp-use-pure-literal-rule=''0''", "sp-var-activity-inc='0.8030404509014079'", "sp-var-dec-heur=''4''", "sp-variable-decay='1.943110256748812'", "sp-rand-phase-dec-freq=''0.01''", "sp-rand-var-dec-scaling='0.9315980956435774'", "sp-rand-phase-scaling='1.0'"], "wallclock_time": 1159.8493134975433}
{"evaluations": 361, "cost": 0.02922959183673469, "total_cpu_time": null, "cpu_time": 472.63600000000014, "incumbent": ["sp-clause-activity-inc='0.8267033074654306'", "sp-clause-decay='1.3519113561833396'", "sp-clause-del-heur=''0''", "sp-first-restart='272'", "sp-learned-clause-sort-heur=''13''", "sp-learned-clauses-inc='1.258941514871055'", "sp-learned-size-factor='0.7807978313416253'", "sp-orig-clause-sort-heur=''14''", "sp-phase-dec-heur=''1''", "sp-rand-var-dec-freq=''0.001''", "sp-resolution=''0''", "sp-restart-inc='1.4616532035361176'", "sp-update-dec-queue=''1''", "sp-use-pure-literal-rule=''0''", "sp-var-activity-inc='0.6631736335278987'", "sp-var-dec-heur=''7''", "sp-variable-decay='1.7476964722349184'", "sp-rand-phase-dec-freq=''0.01''", "sp-rand-var-dec-scaling='1.0236029278978906'", "sp-rand-phase-scaling='1.0'"], "wallclock_time": 1349.5373919010162}
{"evaluations": 451, "cost": 0.02643496357960458, "total_cpu_time": null, "cpu_time": 670.6400000000002, "incumbent": ["sp-clause-activity-inc='1.360382085872744'", "sp-clause-decay='1.3519113561833396'", "sp-clause-del-heur=''0''", "sp-first-restart='272'", "sp-learned-clause-sort-heur=''15''", "sp-learned-clauses-inc='1.258941514871055'", "sp-learned-size-factor='0.403122176823254'", "sp-orig-clause-sort-heur=''9''", "sp-phase-dec-heur=''1''", "sp-rand-var-dec-freq=''0.001''", "sp-resolution=''0''", "sp-restart-inc='1.5880997531891474'", "sp-update-dec-queue=''1''", "sp-use-pure-literal-rule=''0''", "sp-var-activity-inc='0.6631736335278987'", "sp-var-dec-heur=''6''", "sp-variable-decay='1.9170837208084568'", "sp-rand-phase-dec-freq=''0.01''", "sp-rand-var-dec-scaling='1.0236029278978906'", "sp-rand-phase-scaling='1.0'"], "wallclock_time": 1814.3234508037567}
{"evaluations": 696, "cost": 0.024858725761772848, "total_cpu_time": null, "cpu_time": 910.4219999999987, "incumbent": ["sp-clause-activity-inc='0.767255531085196'", "sp-clause-decay='1.3519113561833396'", "sp-clause-del-heur=''0''", "sp-first-restart='842'", "sp-learned-clause-sort-heur=''15''", "sp-learned-clauses-inc='1.2671392706759352'", "sp-learned-size-factor='0.3794476292003099'", "sp-orig-clause-sort-heur=''0''", "sp-phase-dec-heur=''1''", "sp-rand-var-dec-freq=''0.001''", "sp-resolution=''0''", "sp-restart-inc='1.3231296565347788'", "sp-update-dec-queue=''1''", "sp-use-pure-literal-rule=''0''", "sp-var-activity-inc='0.76572454332194'", "sp-var-dec-heur=''6''", "sp-variable-decay='1.9172326490924194'", "sp-rand-phase-dec-freq=''0.005''", "sp-rand-var-dec-scaling='0.9716795388225838'", "sp-rand-phase-scaling='1.0'"], "wallclock_time": 2602.025171995163}
{"evaluations": 775, "cost": 0.022407499999999997, "total_cpu_time": null, "cpu_time": 1002.1139999999981, "incumbent": ["sp-clause-activity-inc='1.3887543903750639'", "sp-clause-decay='1.3550100521567692'", "sp-clause-del-heur=''0''", "sp-first-restart='1695'", "sp-learned-clause-sort-heur=''4''", "sp-learned-clauses-inc='1.2321037703685915'", "sp-learned-size-factor='0.4579866422346198'", "sp-orig-clause-sort-heur=''9''", "sp-phase-dec-heur=''1''", "sp-rand-var-dec-freq=''0.01''", "sp-resolution=''0''", "sp-restart-inc='1.2211612944961572'", "sp-update-dec-queue=''1''", "sp-use-pure-literal-rule=''0''", "sp-var-activity-inc='0.6701567928817839'", "sp-var-dec-heur=''7''", "sp-variable-decay='1.4401116622997596'", "sp-rand-phase-dec-freq=''0.005''", "sp-rand-var-dec-scaling='1.079040419562962'", "sp-rand-phase-scaling='1.0'"], "wallclock_time": 2859.5662977695465}
{"evaluations": 990, "cost": 0.020726913580246906, "total_cpu_time": null, "cpu_time": 1233.1939999999972, "incumbent": ["sp-clause-activity-inc='1.1443255846524867'", "sp-clause-decay='1.6467395947972023'", "sp-clause-del-heur=''1''", "sp-first-restart='328'", "sp-learned-clause-sort-heur=''4''", "sp-learned-clauses-inc='1.3428562896662326'", "sp-learned-size-factor='0.427129046503658'", "sp-orig-clause-sort-heur=''14''", "sp-phase-dec-heur=''1''", "sp-rand-var-dec-freq=''0''", "sp-resolution=''0''", "sp-restart-inc='1.7257208971277773'", "sp-update-dec-queue=''1''", "sp-use-pure-literal-rule=''0''", "sp-var-activity-inc='0.6843429181754941'", "sp-var-dec-heur=''6''", "sp-variable-decay='1.9172326490924194'", "sp-rand-phase-dec-freq=''0.005''", "sp-rand-phase-scaling='1.0'"], "wallclock_time": 3515.327388525009}
{"evaluations": 1083, "cost": 0.018794024445450433, "total_cpu_time": null, "cpu_time": 1321.9459999999979, "incumbent": ["sp-clause-activity-inc='1.3674328775050575'", "sp-clause-decay='1.447330818840344'", "sp-clause-del-heur=''0''", "sp-first-restart='308'", "sp-learned-clause-sort-heur=''4''", "sp-learned-clauses-inc='1.2489507208681692'", "sp-learned-size-factor='0.29808048143338245'", "sp-orig-clause-sort-heur=''9''", "sp-phase-dec-heur=''1''", "sp-rand-var-dec-freq=''0.001''", "sp-resolution=''0''", "sp-restart-inc='1.5880997531891474'", "sp-update-dec-queue=''1''", "sp-use-pure-literal-rule=''0''", "sp-var-activity-inc='0.6688644192532174'", "sp-var-dec-heur=''4''", "sp-variable-decay='1.3461464168084956'", "sp-rand-phase-dec-freq=''0.005''", "sp-rand-var-dec-scaling='1.059367679798893'", "sp-rand-phase-scaling='1.0'"], "wallclock_time": 3781.311680793762}
{"evaluations": 1180, "cost": 0.01729945855893377, "total_cpu_time": null, "cpu_time": 1409.289999999997, "incumbent": ["sp-clause-activity-inc='0.8309940010670589'", "sp-clause-decay='1.44511496709867'", "sp-clause-del-heur=''1''", "sp-first-restart='369'", "sp-learned-clause-sort-heur=''15''", "sp-learned-clauses-inc='1.2823297732505543'", "sp-learned-size-factor='0.40623743778169585'", "sp-orig-clause-sort-heur=''0''", "sp-phase-dec-heur=''1''", "sp-rand-var-dec-freq=''0.01''", "sp-resolution=''0''", "sp-restart-inc='1.654302349934281'", "sp-update-dec-queue=''1''", "sp-use-pure-literal-rule=''0''", "sp-var-activity-inc='0.5656520244142202'", "sp-var-dec-heur=''7''", "sp-variable-decay='1.462652528180961'", "sp-rand-phase-dec-freq=''0.005''", "sp-rand-var-dec-scaling='0.7717899089340983'", "sp-rand-phase-scaling='1.0'"], "wallclock_time": 4043.0601046085358}
{"evaluations": 1386, "cost": 0.016415806336774655, "total_cpu_time": null, "cpu_time": 1617.3739999999975, "incumbent": ["sp-clause-activity-inc='1.0191380437997921'", "sp-clause-decay='1.36640396176636'", "sp-clause-del-heur=''0''", "sp-first-restart='276'", "sp-learned-clause-sort-heur=''15''", "sp-learned-clauses-inc='1.264754827481353'", "sp-learned-size-factor='0.402664464053489'", "sp-orig-clause-sort-heur=''9''", "sp-phase-dec-heur=''5''", "sp-rand-var-dec-freq=''0.001''", "sp-resolution=''0''", "sp-restart-inc='1.1621462453462947'", "sp-update-dec-queue=''1''", "sp-use-pure-literal-rule=''0''", "sp-var-activity-inc='0.7593892762896748'", "sp-var-dec-heur=''4''", "sp-variable-decay='1.9803688912089938'", "sp-rand-phase-dec-freq=''0.01''", "sp-rand-var-dec-scaling='0.8202363043810927'", "sp-rand-phase-scaling='1.0'"], "wallclock_time": 4612.157112836838}
{"evaluations": 1725, "cost": 0.015066934788853775, "total_cpu_time": null, "cpu_time": 1977.483999999997, "incumbent": ["sp-clause-activity-inc='0.8238202594922044'", "sp-clause-decay='1.3607834057397683'", "sp-clause-del-heur=''0''", "sp-first-restart='292'", "sp-learned-clause-sort-heur=''15''", "sp-learned-clauses-inc='1.2671392706759352'", "sp-learned-size-factor='0.3794476292003099'", "sp-orig-clause-sort-heur=''9''", "sp-phase-dec-heur=''1''", "sp-rand-var-dec-freq=''0.001''", "sp-resolution=''0''", "sp-restart-inc='1.66379780207622'", "sp-update-dec-queue=''1''", "sp-use-pure-literal-rule=''1''", "sp-var-activity-inc='0.76572454332194'", "sp-var-dec-heur=''0''", "sp-variable-decay='1.9323716483852862'", "sp-rand-phase-dec-freq=''0.005''", "sp-rand-var-dec-scaling='1.0700531745205069'", "sp-rand-phase-scaling='1.0'"], "wallclock_time": 5521.799867630005}
{"evaluations": 2166, "cost": 0.013921946740128553, "total_cpu_time": null, "cpu_time": 2412.463999999991, "incumbent": ["sp-clause-activity-inc='1.3775401112044219'", "sp-clause-decay='1.399332143810789'", "sp-clause-del-heur=''0''", "sp-first-restart='315'", "sp-learned-clause-sort-heur=''12''", "sp-learned-clauses-inc='1.3269964241570544'", "sp-learned-size-factor='0.35664053165235754'", "sp-orig-clause-sort-heur=''9''", "sp-phase-dec-heur=''1''", "sp-rand-var-dec-freq=''0.0001''", "sp-resolution=''0''", "sp-restart-inc='1.5790023276155978'", "sp-update-dec-queue=''1''", "sp-use-pure-literal-rule=''1''", "sp-var-activity-inc='0.530862601312283'", "sp-var-dec-heur=''6''", "sp-variable-decay='1.9422577056051962'", "sp-rand-phase-dec-freq=''0.005''", "sp-rand-var-dec-scaling='0.8059361492585342'", "sp-rand-phase-scaling='1.0'"], "wallclock_time": 6622.744672298431}
{"evaluations": 2370, "cost": 0.013003150598613733, "total_cpu_time": null, "cpu_time": 2617.4359999999897, "incumbent": ["sp-clause-activity-inc='1.4205854576760222'", "sp-clause-decay='1.2585227484607537'", "sp-clause-del-heur=''2''", "sp-first-restart='265'", "sp-learned-clause-sort-heur=''12''", "sp-learned-clauses-inc='1.3307577670653865'", "sp-learned-size-factor='0.39862440784995296'", "sp-orig-clause-sort-heur=''9''", "sp-phase-dec-heur=''1''", "sp-rand-var-dec-freq=''0.01''", "sp-resolution=''0''", "sp-restart-inc='1.5790023276155978'", "sp-update-dec-queue=''1''", "sp-use-pure-literal-rule=''1''", "sp-var-activity-inc='0.530862601312283'", "sp-var-dec-heur=''6''", "sp-variable-decay='1.9475248607734972'", "sp-rand-phase-dec-freq=''0.001''", "sp-rand-var-dec-scaling='0.9678033910653634'", "sp-rand-phase-scaling='1.0'"], "wallclock_time": 7079.018293619156}
{"evaluations": 2656, "cost": 0.011515106023644209, "total_cpu_time": null, "cpu_time": 2890.0239999999876, "incumbent": ["sp-clause-activity-inc='1.084763538471833'", "sp-clause-decay='1.5578644446126684'", "sp-clause-del-heur=''0''", "sp-first-restart='282'", "sp-learned-clause-sort-heur=''4''", "sp-learned-clauses-inc='1.3261422853594613'", "sp-learned-size-factor='0.3794476292003099'", "sp-orig-clause-sort-heur=''9''", "sp-phase-dec-heur=''1''", "sp-rand-var-dec-freq=''0.001''", "sp-resolution=''0''", "sp-restart-inc='1.66379780207622'", "sp-update-dec-queue=''1''", "sp-use-pure-literal-rule=''1''", "sp-var-activity-inc='0.6639580284911275'", "sp-var-dec-heur=''4''", "sp-variable-decay='1.9323716483852862'", "sp-rand-phase-dec-freq=''0.01''", "sp-rand-var-dec-scaling='1.0067606360622576'", "sp-rand-phase-scaling='1.0'"], "wallclock_time": 7726.935544967651}
{"evaluations": 2805, "cost": 0.01088142222222223, "total_cpu_time": null, "cpu_time": 3017.947999999985, "incumbent": ["sp-clause-activity-inc='1.342776132354788'", "sp-clause-decay='1.4893191282693607'", "sp-clause-del-heur=''2''", "sp-first-restart='290'", "sp-learned-clause-sort-heur=''5''", "sp-learned-clauses-inc='1.2696649582619457'", "sp-learned-size-factor='0.41268927225836166'", "sp-orig-clause-sort-heur=''6''", "sp-phase-dec-heur=''1''", "sp-rand-var-dec-freq=''0.01''", "sp-resolution=''0''", "sp-restart-inc='1.5693389034270668'", "sp-update-dec-queue=''1''", "sp-use-pure-literal-rule=''1''", "sp-var-activity-inc='0.5449312647775594'", "sp-var-dec-heur=''4''", "sp-variable-decay='1.9890912493976625'", "sp-rand-phase-dec-freq=''0.01''", "sp-rand-var-dec-scaling='1.0136616857053606'", "sp-rand-phase-scaling='1.0'"], "wallclock_time": 8061.540747880936}
{"evaluations": 3036, "cost": 0.010560157790927022, "total_cpu_time": null, "cpu_time": 3224.301999999978, "incumbent": ["sp-clause-activity-inc='1.4253902400736251'", "sp-clause-decay='1.6763937563323386'", "sp-clause-del-heur=''2''", "sp-first-restart='272'", "sp-learned-clause-sort-heur=''12''", "sp-learned-clauses-inc='1.3205324346627463'", "sp-learned-size-factor='0.2970447789909434'", "sp-orig-clause-sort-heur=''9''", "sp-phase-dec-heur=''1''", "sp-rand-var-dec-freq=''0.005''", "sp-resolution=''0''", "sp-restart-inc='1.453941430235767'", "sp-update-dec-queue=''1''", "sp-use-pure-literal-rule=''1''", "sp-var-activity-inc='0.633925229572317'", "sp-var-dec-heur=''7''", "sp-variable-decay='1.9332566076608062'", "sp-rand-phase-dec-freq=''0.0001''", "sp-rand-var-dec-scaling='1.0090926791245658'", "sp-rand-phase-scaling='1.0'"], "wallclock_time": 8575.646973609924}
{"evaluations": 3525, "cost": 0.010241496598639458, "total_cpu_time": null, "cpu_time": 3688.957999999973, "incumbent": ["sp-clause-activity-inc='1.0058912500409103'", "sp-clause-decay='1.0892401832487897'", "sp-clause-del-heur=''0''", "sp-first-restart='224'", "sp-learned-clause-sort-heur=''12''", "sp-learned-clauses-inc='1.292101739692302'", "sp-learned-size-factor='0.320271902885475'", "sp-orig-clause-sort-heur=''9''", "sp-phase-dec-heur=''1''", "sp-rand-var-dec-freq=''0.001''", "sp-resolution=''0''", "sp-restart-inc='1.309353045774787'", "sp-update-dec-queue=''1''", "sp-use-pure-literal-rule=''1''", "sp-var-activity-inc='0.5195770875832569'", "sp-var-dec-heur=''4''", "sp-variable-decay='1.9190814069263937'", "sp-rand-phase-dec-freq=''0.001''", "sp-rand-var-dec-scaling='0.4956530085194038'", "sp-rand-phase-scaling='1.0'"], "wallclock_time": 9661.019511938095}
{"evaluations": 4515, "cost": 0.009663379501385046, "total_cpu_time": null, "cpu_time": 4686.933999999964, "incumbent": ["sp-clause-activity-inc='1.4177487778047673'", "sp-clause-decay='1.7380218834047398'", "sp-clause-del-heur=''2''", "sp-first-restart='248'", "sp-learned-clause-sort-heur=''12''", "sp-learned-clauses-inc='1.335682266173057'", "sp-learned-size-factor='0.16116063566432728'", "sp-orig-clause-sort-heur=''9''", "sp-phase-dec-heur=''1''", "sp-rand-var-dec-freq=''0.005''", "sp-resolution=''0''", "sp-restart-inc='1.6610360341858157'", "sp-update-dec-queue=''1''", "sp-use-pure-literal-rule=''1''", "sp-var-activity-inc='0.5538081355732651'", "sp-var-dec-heur=''6''", "sp-variable-decay='1.9867708782099192'", "sp-rand-phase-dec-freq=''0.0001''", "sp-rand-var-dec-scaling='0.9378580591128554'", "sp-rand-phase-scaling='1.0'"], "wallclock_time": 11782.814862728119}
{"evaluations": 5106, "cost": 0.0082717380648956, "total_cpu_time": null, "cpu_time": 5270.90199999997, "incumbent": ["sp-clause-activity-inc='1.0261093721413954'", "sp-clause-decay='1.8569636847373123'", "sp-clause-del-heur=''2''", "sp-first-restart='848'", "sp-learned-clause-sort-heur=''12''", "sp-learned-clauses-inc='1.258941514871055'", "sp-learned-size-factor='0.3937508297203357'", "sp-orig-clause-sort-heur=''9''", "sp-phase-dec-heur=''1''", "sp-rand-var-dec-freq=''0''", "sp-resolution=''0''", "sp-restart-inc='1.6998352136243366'", "sp-update-dec-queue=''1''", "sp-use-pure-literal-rule=''1''", "sp-var-activity-inc='0.5235105546193348'", "sp-var-dec-heur=''6''", "sp-variable-decay='1.9225109915900769'", "sp-rand-phase-dec-freq=''0.001''", "sp-rand-phase-scaling='1.0'"], "wallclock_time": 13027.969936132431}
{"evaluations": 5950, "cost": 0.007949162528406698, "total_cpu_time": null, "cpu_time": 6084.045999999972, "incumbent": ["sp-clause-activity-inc='1.3745966059353032'", "sp-clause-decay='1.8515476300842222'", "sp-clause-del-heur=''2''", "sp-first-restart='282'", "sp-learned-clause-sort-heur=''12''", "sp-learned-clauses-inc='1.2760219482942619'", "sp-learned-size-factor='0.17885217578263105'", "sp-orig-clause-sort-heur=''9''", "sp-phase-dec-heur=''1''", "sp-rand-var-dec-freq=''0.001''", "sp-resolution=''0''", "sp-restart-inc='1.6982290045543547'", "sp-update-dec-queue=''1''", "sp-use-pure-literal-rule=''1''", "sp-var-activity-inc='0.5830085172952313'", "sp-var-dec-heur=''7''", "sp-variable-decay='1.9323716483852862'", "sp-rand-phase-dec-freq=''0.01''", "sp-rand-var-dec-scaling='0.5185624076803701'", "sp-rand-phase-scaling='1.0'"], "wallclock_time": 14736.461915016174}
{"evaluations": 6510, "cost": 0.00755801785164666, "total_cpu_time": null, "cpu_time": 6625.9519999999675, "incumbent": ["sp-clause-activity-inc='1.0855113145760904'", "sp-clause-decay='1.8569636847373123'", "sp-clause-del-heur=''2''", "sp-first-restart='2160'", "sp-learned-clause-sort-heur=''12''", "sp-learned-clauses-inc='1.258941514871055'", "sp-learned-size-factor='0.3937508297203357'", "sp-orig-clause-sort-heur=''9''", "sp-phase-dec-heur=''1''", "sp-rand-var-dec-freq=''0.01''", "sp-resolution=''0''", "sp-restart-inc='1.7949798499228058'", "sp-update-dec-queue=''1''", "sp-use-pure-literal-rule=''1''", "sp-var-activity-inc='0.5844332097756817'", "sp-var-dec-heur=''6''", "sp-variable-decay='1.8459744504716333'", "sp-rand-phase-dec-freq=''0.001''", "sp-rand-var-dec-scaling='0.974175576296475'", "sp-rand-phase-scaling='1.0'"], "wallclock_time": 15820.524133205414}
{"evaluations": 6741, "cost": 0.007397443519619501, "total_cpu_time": null, "cpu_time": 6826.811999999968, "incumbent": ["sp-clause-activity-inc='1.0043664195074113'", "sp-clause-decay='1.739328255065409'", "sp-clause-del-heur=''2''", "sp-first-restart='848'", "sp-learned-clause-sort-heur=''12''", "sp-learned-clauses-inc='1.258941514871055'", "sp-learned-size-factor='0.3937508297203357'", "sp-orig-clause-sort-heur=''9''", "sp-phase-dec-heur=''1''", "sp-rand-var-dec-freq=''0.001''", "sp-resolution=''0''", "sp-restart-inc='1.836021407228821'", "sp-update-dec-queue=''1''", "sp-use-pure-literal-rule=''1''", "sp-var-activity-inc='0.7083325860184815'", "sp-var-dec-heur=''6''", "sp-variable-decay='1.9225109915900769'", "sp-rand-phase-dec-freq=''0.001''", "sp-rand-var-dec-scaling='0.9603983393988347'", "sp-rand-phase-scaling='1.0'"], "wallclock_time": 16230.016503810883}
{"evaluations": 7215, "cost": 0.007082500000000002, "total_cpu_time": null, "cpu_time": 7239.683999999968, "incumbent": ["sp-clause-activity-inc='1.042347387560842'", "sp-clause-decay='1.4552757616369132'", "sp-clause-del-heur=''0''", "sp-first-restart='3121'", "sp-learned-clause-sort-heur=''12''", "sp-learned-clauses-inc='1.258941514871055'", "sp-learned-size-factor='0.3937508297203357'", "sp-orig-clause-sort-heur=''9''", "sp-phase-dec-heur=''1''", "sp-rand-var-dec-freq=''0.01''", "sp-resolution=''0''", "sp-restart-inc='1.7269576697012292'", "sp-update-dec-queue=''1''", "sp-use-pure-literal-rule=''1''", "sp-var-activity-inc='0.9093440081734978'", "sp-var-dec-heur=''6''", "sp-variable-decay='1.5181589775785806'", "sp-rand-phase-dec-freq=''0.001''", "sp-rand-var-dec-scaling='1.0532372222172246'", "sp-rand-phase-scaling='1.0'"], "wallclock_time": 17044.57726764679}
{"evaluations": 7458, "cost": 0.006739586132760007, "total_cpu_time": null, "cpu_time": 7452.807999999969, "incumbent": ["sp-clause-activity-inc='1.0023839136726014'", "sp-clause-decay='1.4010641295771087'", "sp-clause-del-heur=''2''", "sp-first-restart='848'", "sp-learned-clause-sort-heur=''12''", "sp-learned-clauses-inc='1.2692080514502846'", "sp-learned-size-factor='0.5694419861860984'", "sp-orig-clause-sort-heur=''9''", "sp-phase-dec-heur=''1''", "sp-rand-var-dec-freq=''0''", "sp-resolution=''0''", "sp-restart-inc='1.8808323855128104'", "sp-update-dec-queue=''1''", "sp-use-pure-literal-rule=''1''", "sp-var-activity-inc='0.5235105546193348'", "sp-var-dec-heur=''6''", "sp-variable-decay='1.9225109915900769'", "sp-rand-phase-dec-freq=''0.001''", "sp-rand-phase-scaling='1.0'"], "wallclock_time": 17491.910237550735}
