"CPU Time Used","Estimated Training Performance","Wallclock Time","Incumbent ID","Automatic Configurator (CPU) Time","Configuration..."
0.000000, 2147483648.000000, 0.000895, 1, 0.000895, sp-clause-activity-inc='1.0', sp-clause-decay='1.4', sp-clause-del-heur=''2'', sp-first-restart='100', sp-learned-clause-sort-heur=''0'', sp-learned-clauses-inc='1.3', sp-learned-size-factor='0.4', sp-orig-clause-sort-heur=''0'', sp-phase-dec-heur=''5'', sp-rand-var-dec-freq=''0.001'', sp-resolution=''1'', sp-restart-inc='1.5', sp-update-dec-queue=''1'', sp-use-pure-literal-rule=''1'', sp-var-activity-inc='1.0', sp-var-dec-heur=''0'', sp-variable-decay='1.4', sp-max-res-lit-inc='1.0', sp-max-res-runs='4', sp-rand-phase-dec-freq=''0.001'', sp-rand-var-dec-scaling='1.0', sp-res-cutoff-cls='8', sp-res-cutoff-lits='400', sp-res-order-heur=''0'', sp-rand-phase-scaling='1.0'
0.056000, 0.056000, 0.321747, 1, 0.265747, sp-clause-activity-inc='1.0', sp-clause-decay='1.4', sp-clause-del-heur=''2'', sp-first-restart='100', sp-learned-clause-sort-heur=''0'', sp-learned-clauses-inc='1.3', sp-learned-size-factor='0.4', sp-orig-clause-sort-heur=''0'', sp-phase-dec-heur=''5'', sp-rand-var-dec-freq=''0.001'', sp-resolution=''1'', sp-restart-inc='1.5', sp-update-dec-queue=''1'', sp-use-pure-literal-rule=''1'', sp-var-activity-inc='1.0', sp-var-dec-heur=''0'', sp-variable-decay='1.4', sp-max-res-lit-inc='1.0', sp-max-res-runs='4', sp-rand-phase-dec-freq=''0.001'', sp-rand-var-dec-scaling='1.0', sp-res-cutoff-cls='8', sp-res-cutoff-lits='400', sp-res-order-heur=''0'', sp-rand-phase-scaling='1.0'
18.576000, 0.071008, 29.150529, 2, 10.574529, sp-clause-activity-inc='0.8267033074654306', sp-clause-decay='1.4559573702055792', sp-clause-del-heur=''1'', sp-first-restart='272', sp-learned-clause-sort-heur=''1'', sp-learned-clauses-inc='1.3344641561513138', sp-learned-size-factor='0.3038050309541085', sp-orig-clause-sort-heur=''9'', sp-phase-dec-heur=''1'', sp-rand-var-dec-freq=''0.001'', sp-resolution=''0'', sp-restart-inc='1.4616532035361176', sp-update-dec-queue=''1'', sp-use-pure-literal-rule=''0'', sp-var-activity-inc='0.6631736335278987', sp-var-dec-heur=''6'', sp-variable-decay='1.9239274014706191', sp-rand-phase-dec-freq=''0'', sp-rand-var-dec-scaling='0.9315980956435774'
58.856000, 0.062580, 97.020385, 4, 38.164385, sp-clause-activity-inc='1.0', sp-clause-decay='1.4', sp-clause-del-heur=''2'', sp-first-restart='100', sp-learned-clause-sort-heur=''0'', sp-learned-clauses-inc='1.41027752864792', sp-learned-size-factor='0.39999999999999997', sp-orig-clause-sort-heur=''0'', sp-phase-dec-heur=''5'', sp-rand-var-dec-freq=''0.001'', sp-resolution=''0'', sp-restart-inc='1.5', sp-update-dec-queue=''1'', sp-use-pure-literal-rule=''1'', sp-var-activity-inc='1.0', sp-var-dec-heur=''0'', sp-variable-decay='1.4', sp-rand-phase-dec-freq=''0.001'', sp-rand-var-dec-scaling='1.0', sp-rand-phase-scaling='1.0'
307.144000, 0.046023, 714.449372, 12, 407.305372, sp-clause-activity-inc='0.8267033074654306', sp-clause-decay='1.3519113561833396', sp-clause-del-heur=''0'', sp-first-restart='272', sp-learned-clause-sort-heur=''15'', sp-learned-clauses-inc='1.258941514871055', sp-learned-size-factor='0.5964689483232117', sp-orig-clause-sort-heur=''9'', sp-phase-dec-heur=''1'', sp-rand-var-dec-freq=''0.001'', sp-resolution=''0'', sp-restart-inc='1.4616532035361176', sp-update-dec-queue=''1'', sp-use-pure-literal-rule=''0'', sp-var-activity-inc='0.6631736335278987', sp-var-dec-heur=''6'', sp-variable-decay='1.9239274014706191', sp-rand-phase-dec-freq=''0.01'', sp-rand-var-dec-scaling='0.9315980956435774', sp-rand-phase-scaling='1.0'
351.352000, 0.041036, 878.910547, 14, 527.558547, sp-clause-activity-inc='1.0', sp-clause-decay='1.4', sp-clause-del-heur=''0'', sp-first-restart='246', sp-learned-clause-sort-heur=''6'', sp-learned-clauses-inc='1.3', sp-learned-size-factor='1.3063616140823113', sp-orig-clause-sort-heur=''6'', sp-phase-dec-heur=''1'', sp-rand-var-dec-freq=''0.001'', sp-resolution=''1'', sp-restart-inc='1.2372955286462706', sp-update-dec-queue=''1'', sp-use-pure-literal-rule=''0'', sp-var-activity-inc='0.9045132644770437', sp-var-dec-heur=''7'', sp-variable-decay='1.9513278715492592', sp-max-res-lit-inc='1.0', sp-max-res-runs='4', sp-rand-phase-dec-freq=''0.005'', sp-rand-var-dec-scaling='1.0', sp-res-cutoff-cls='8', sp-res-cutoff-lits='400', sp-res-order-heur=''0'', sp-rand-phase-scaling='1.0'
399.396000, 0.036736, 1060.816304, 16, 661.420304, sp-clause-activity-inc='1.2327973429421142', sp-clause-decay='1.378649477444825', sp-clause-del-heur=''1'', sp-first-restart='262', sp-learned-clause-sort-heur=''15'', sp-learned-clauses-inc='1.2656121413504917', sp-learned-size-factor='0.4749170299981401', sp-orig-clause-sort-heur=''1'', sp-phase-dec-heur=''1'', sp-rand-var-dec-freq=''0.001'', sp-resolution=''0'', sp-restart-inc='1.4599451297637707', sp-update-dec-queue=''1'', sp-use-pure-literal-rule=''0'', sp-var-activity-inc='0.6631736335278987', sp-var-dec-heur=''6'', sp-variable-decay='1.8669516130668575', sp-rand-phase-dec-freq=''0'', sp-rand-var-dec-scaling='1.0632686379489655'
422.784000, 0.034598, 1159.849313, 17, 737.065313, sp-clause-activity-inc='0.6673791998164634', sp-clause-decay='1.3458116359154095', sp-clause-del-heur=''1'', sp-first-restart='231', sp-learned-clause-sort-heur=''15'', sp-learned-clauses-inc='1.345888299300738', sp-learned-size-factor='0.8220510325940443', sp-orig-clause-sort-heur=''9'', sp-phase-dec-heur=''1'', sp-rand-var-dec-freq=''0.001'', sp-resolution=''0'', sp-restart-inc='1.4719901111254352', sp-update-dec-queue=''1'', sp-use-pure-literal-rule=''0'', sp-var-activity-inc='0.8030404509014079', sp-var-dec-heur=''4'', sp-variable-decay='1.943110256748812', sp-rand-phase-dec-freq=''0.01'', sp-rand-var-dec-scaling='0.9315980956435774', sp-rand-phase-scaling='1.0'
472.636000, 0.029230, 1349.537392, 19, 876.901392, sp-clause-activity-inc='0.8267033074654306', sp-clause-decay='1.3519113561833396', sp-clause-del-heur=''0'', sp-first-restart='272', sp-learned-clause-sort-heur=''13'', sp-learned-clauses-inc='1.258941514871055', sp-learned-size-factor='0.7807978313416253', sp-orig-clause-sort-heur=''14'', sp-phase-dec-heur=''1'', sp-rand-var-dec-freq=''0.001'', sp-resolution=''0'', sp-restart-inc='1.4616532035361176', sp-update-dec-queue=''1'', sp-use-pure-literal-rule=''0'', sp-var-activity-inc='0.6631736335278987', sp-var-dec-heur=''7'', sp-variable-decay='1.7476964722349184', sp-rand-phase-dec-freq=''0.01'', sp-rand-var-dec-scaling='1.0236029278978906', sp-rand-phase-scaling='1.0'
670.640000, 0.026435, 1814.323451, 22, 1143.683451, sp-clause-activity-inc='1.360382085872744', sp-clause-decay='1.3519113561833396', sp-clause-del-heur=''0'', sp-first-restart='272', sp-learned-clause-sort-heur=''15'', sp-learned-clauses-inc='1.258941514871055', sp-learned-size-factor='0.403122176823254', sp-orig-clause-sort-heur=''9'', sp-phase-dec-heur=''1'', sp-rand-var-dec-freq=''0.001'', sp-resolution=''0'', sp-restart-inc='1.5880997531891474', sp-update-dec-queue=''1'', sp-use-pure-literal-rule=''0'', sp-var-activity-inc='0.6631736335278987', sp-var-dec-heur=''6'', sp-variable-decay='1.9170837208084568', sp-rand-phase-dec-freq=''0.01'', sp-rand-var-dec-scaling='1.0236029278978906', sp-rand-phase-scaling='1.0'
910.422000, 0.024859, 2602.025172, 29, 1691.603172, sp-clause-activity-inc='0.767255531085196', sp-clause-decay='1.3519113561833396', sp-clause-del-heur=''0'', sp-first-restart='842', sp-learned-clause-sort-heur=''15'', sp-learned-clauses-inc='1.2671392706759352', sp-learned-size-factor='0.3794476292003099', sp-orig-clause-sort-heur=''0'', sp-phase-dec-heur=''1'', sp-rand-var-dec-freq=''0.001'', sp-resolution=''0'', sp-restart-inc='1.3231296565347788', sp-update-dec-queue=''1'', sp-use-pure-literal-rule=''0'', sp-var-activity-inc='0.76572454332194', sp-var-dec-heur=''6'', sp-variable-decay='1.9172326490924194', sp-rand-phase-dec-freq=''0.005'', sp-rand-var-dec-scaling='0.9716795388225838', sp-rand-phase-scaling='1.0'
1002.114000, 0.022407, 2859.566298, 31, 1857.452298, sp-clause-activity-inc='1.3887543903750639', sp-clause-decay='1.3550100521567692', sp-clause-del-heur=''0'', sp-first-restart='1695', sp-learned-clause-sort-heur=''4'', sp-learned-clauses-inc='1.2321037703685915', sp-learned-size-factor='0.4579866422346198', sp-orig-clause-sort-heur=''9'', sp-phase-dec-heur=''1'', sp-rand-var-dec-freq=''0.01'', sp-resolution=''0'', sp-restart-inc='1.2211612944961572', sp-update-dec-queue=''1'', sp-use-pure-literal-rule=''0'', sp-var-activity-inc='0.6701567928817839', sp-var-dec-heur=''7'', sp-variable-decay='1.4401116622997596', sp-rand-phase-dec-freq=''0.005'', sp-rand-var-dec-scaling='1.079040419562962', sp-rand-phase-scaling='1.0'
1233.194000, 0.020727, 3515.327389, 36, 2282.133389, sp-clause-activity-inc='1.1443255846524867', sp-clause-decay='1.6467395947972023', sp-clause-del-heur=''1'', sp-first-restart='328', sp-learned-clause-sort-heur=''4'', sp-learned-clauses-inc='1.3428562896662326', sp-learned-size-factor='0.427129046503658', sp-orig-clause-sort-heur=''14'', sp-phase-dec-heur=''1'', sp-rand-var-dec-freq=''0'', sp-resolution=''0'', sp-restart-inc='1.7257208971277773', sp-update-dec-queue=''1'', sp-use-pure-literal-rule=''0'', sp-var-activity-inc='0.6843429181754941', sp-var-dec-heur=''6'', sp-variable-decay='1.9172326490924194', sp-rand-phase-dec-freq=''0.005'', sp-rand-phase-scaling='1.0'
1321.946000, 0.018794, 3781.311681, 38, 2459.365681, sp-clause-activity-inc='1.3674328775050575', sp-clause-decay='1.447330818840344', sp-clause-del-heur=''0'', sp-first-restart='308', sp-learned-clause-sort-heur=''4'', sp-learned-clauses-inc='1.2489507208681692', sp-learned-size-factor='0.29808048143338245', sp-orig-clause-sort-heur=''9'', sp-phase-dec-heur=''1'', sp-rand-var-dec-freq=''0.001'', sp-resolution=''0'', sp-restart-inc='1.5880997531891474', sp-update-dec-queue=''1'', sp-use-pure-literal-rule=''0'', sp-var-activity-inc='0.6688644192532174', sp-var-dec-heur=''4'', sp-variable-decay='1.3461464168084956', sp-rand-phase-dec-freq=''0.005'', sp-rand-var-dec-scaling='1.059367679798893', sp-rand-phase-scaling='1.0'
1409.290000, 0.017299, 4043.060105, 40, 2633.770105, sp-clause-activity-inc='0.8309940010670589', sp-clause-decay='1.44511496709867', sp-clause-del-heur=''1'', sp-first-restart='369', sp-learned-clause-sort-heur=''15'', sp-learned-clauses-inc='1.2823297732505543', sp-learned-size-factor='0.40623743778169585', sp-orig-clause-sort-heur=''0'', sp-phase-dec-heur=''1'', sp-rand-var-dec-freq=''0.01'', sp-resolution=''0'', sp-restart-inc='1.654302349934281', sp-update-dec-queue=''1'', sp-use-pure-literal-rule=''0'', sp-var-activity-inc='0.5656520244142202', sp-var-dec-heur=''7'', sp-variable-decay='1.462652528180961', sp-rand-phase-dec-freq=''0.005'', sp-rand-var-dec-scaling='0.7717899089340983', sp-rand-phase-scaling='1.0'
1617.374000, 0.016416, 4612.157113, 44, 2994.783113, sp-clause-activity-inc='1.0191380437997921', sp-clause-decay='1.36640396176636', sp-clause-del-heur=''0'', sp-first-restart='276', sp-learned-clause-sort-heur=''15'', sp-learned-clauses-inc='1.264754827481353', sp-learned-size-factor='0.402664464053489', sp-orig-clause-sort-heur=''9'', sp-phase-dec-heur=''5'', sp-rand-var-dec-freq=''0.001'', sp-resolution=''0'', sp-restart-inc='1.1621462453462947', sp-update-dec-queue=''1'', sp-use-pure-literal-rule=''0'', sp-var-activity-inc='0.7593892762896748', sp-var-dec-heur=''4'', sp-variable-decay='1.9803688912089938', sp-rand-phase-dec-freq=''0.01'', sp-rand-var-dec-scaling='0.8202363043810927', sp-rand-phase-scaling='1.0'
1977.484000, 0.015067, 5521.799868, 50, 3544.315868, sp-clause-activity-inc='0.8238202594922044', sp-clause-decay='1.3607834057397683', sp-clause-del-heur=''0'', sp-first-restart='292', sp-learned-clause-sort-heur=''15'', sp-learned-clauses-inc='1.2671392706759352', sp-learned-size-factor='0.3794476292003099', sp-orig-clause-sort-heur=''9'', sp-phase-dec-heur=''1'', sp-rand-var-dec-freq=''0.001'', sp-resolution=''0'', sp-restart-inc='1.66379780207622', sp-update-dec-queue=''1'', sp-use-pure-literal-rule=''1'', sp-var-activity-inc='0.76572454332194', sp-var-dec-heur=''0'', sp-variable-decay='1.9323716483852862', sp-rand-phase-dec-freq=''0.005'', sp-rand-var-dec-scaling='1.0700531745205069', sp-rand-phase-scaling='1.0'
2412.464000, 0.013922, 6622.744672, 57, 4210.280672, sp-clause-activity-inc='1.3775401112044219', sp-clause-decay='1.399332143810789', sp-clause-del-heur=''0'', sp-first-restart='315', sp-learned-clause-sort-heur=''12'', sp-learned-clauses-inc='1.3269964241570544', sp-learned-size-factor='0.35664053165235754', sp-orig-clause-sort-heur=''9'', sp-phase-dec-heur=''1'', sp-rand-var-dec-freq=''0.0001'', sp-resolution=''0'', sp-restart-inc='1.5790023276155978', sp-update-dec-queue=''1'', sp-use-pure-literal-rule=''1'', sp-var-activity-inc='0.530862601312283', sp-var-dec-heur=''6'', sp-variable-decay='1.9422577056051962', sp-rand-phase-dec-freq=''0.005'', sp-rand-var-dec-scaling='0.8059361492585342', sp-rand-phase-scaling='1.0'
2617.436000, 0.013003, 7079.018294, 60, 4461.582294, sp-clause-activity-inc='1.4205854576760222', sp-clause-decay='1.2585227484607537', sp-clause-del-heur=''2'', sp-first-restart='265', sp-learned-clause-sort-heur=''12'', sp-learned-clauses-inc='1.3307577670653865', sp-learned-size-factor='0.39862440784995296', sp-orig-clause-sort-heur=''9'', sp-phase-dec-heur=''1'', sp-rand-var-dec-freq=''0.01'', sp-resolution=''0'', sp-restart-inc='1.5790023276155978', sp-update-dec-queue=''1'', sp-use-pure-literal-rule=''1'', sp-var-activity-inc='0.530862601312283', sp-var-dec-heur=''6'', sp-variable-decay='1.9475248607734972', sp-rand-phase-dec-freq=''0.001'', sp-rand-var-dec-scaling='0.9678033910653634', sp-rand-phase-scaling='1.0'
2890.024000, 0.011515, 7726.935545, 64, 4836.911545, sp-clause-activity-inc='1.084763538471833', sp-clause-decay='1.5578644446126684', sp-clause-del-heur=''0'', sp-first-restart='282', sp-learned-clause-sort-heur=''4'', sp-learned-clauses-inc='1.3261422853594613', sp-learned-size-factor='0.3794476292003099', sp-orig-clause-sort-heur=''9'', sp-phase-dec-heur=''1'', sp-rand-var-dec-freq=''0.001'', sp-resolution=''0'', sp-restart-inc='1.66379780207622', sp-update-dec-queue=''1'', sp-use-pure-literal-rule=''1'', sp-var-activity-inc='0.6639580284911275', sp-var-dec-heur=''4'', sp-variable-decay='1.9323716483852862', sp-rand-phase-dec-freq=''0.01'', sp-rand-var-dec-scaling='1.0067606360622576', sp-rand-phase-scaling='1.0'
3017.948000, 0.010881, 8061.540748, 66, 5043.592748, sp-clause-activity-inc='1.342776132354788', sp-clause-decay='1.4893191282693607', sp-clause-del-heur=''2'', sp-first-restart='290', sp-learned-clause-sort-heur=''5'', sp-learned-clauses-inc='1.2696649582619457', sp-learned-size-factor='0.41268927225836166', sp-orig-clause-sort-heur=''6'', sp-phase-dec-heur=''1'', sp-rand-var-dec-freq=''0.01'', sp-resolution=''0'', sp-restart-inc='1.5693389034270668', sp-update-dec-queue=''1'', sp-use-pure-literal-rule=''1'', sp-var-activity-inc='0.5449312647775594', sp-var-dec-heur=''4'', sp-variable-decay='1.9890912493976625', sp-rand-phase-dec-freq=''0.01'', sp-rand-var-dec-scaling='1.0136616857053606', sp-rand-phase-scaling='1.0'
3224.302000, 0.010560, 8575.646974, 69, 5351.344974, sp-clause-activity-inc='1.4253902400736251', sp-clause-decay='1.6763937563323386', sp-clause-del-heur=''2'', sp-first-restart='272', sp-learned-clause-sort-heur=''12'', sp-learned-clauses-inc='1.3205324346627463', sp-learned-size-factor='0.2970447789909434', sp-orig-clause-sort-heur=''9'', sp-phase-dec-heur=''1'', sp-rand-var-dec-freq=''0.005'', sp-resolution=''0'', sp-restart-inc='1.453941430235767', sp-update-dec-queue=''1'', sp-use-pure-literal-rule=''1'', sp-var-activity-inc='0.633925229572317', sp-var-dec-heur=''7'', sp-variable-decay='1.9332566076608062', sp-rand-phase-dec-freq=''0.0001'', sp-rand-var-dec-scaling='1.0090926791245658', sp-rand-phase-scaling='1.0'
3688.958000, 0.010241, 9661.019512, 75, 5972.061512, sp-clause-activity-inc='1.0058912500409103', sp-clause-decay='1.0892401832487897', sp-clause-del-heur=''0'', sp-first-restart='224', sp-learned-clause-sort-heur=''12'', sp-learned-clauses-inc='1.292101739692302', sp-learned-size-factor='0.320271902885475', sp-orig-clause-sort-heur=''9'', sp-phase-dec-heur=''1'', sp-rand-var-dec-freq=''0.001'', sp-resolution=''0'', sp-restart-inc='1.309353045774787', sp-update-dec-queue=''1'', sp-use-pure-literal-rule=''1'', sp-var-activity-inc='0.5195770875832569', sp-var-dec-heur=''4'', sp-variable-decay='1.9190814069263937', sp-rand-phase-dec-freq=''0.001'', sp-rand-var-dec-scaling='0.4956530085194038', sp-rand-phase-scaling='1.0'
4686.934000, 0.009663, 11782.814863, 86, 7095.880863, sp-clause-activity-inc='1.4177487778047673', sp-clause-decay='1.7380218834047398', sp-clause-del-heur=''2'', sp-first-restart='248', sp-learned-clause-sort-heur=''12'', sp-learned-clauses-inc='1.335682266173057', sp-learned-size-factor='0.16116063566432728', sp-orig-clause-sort-heur=''9'', sp-phase-dec-heur=''1'', sp-rand-var-dec-freq=''0.005'', sp-resolution=''0'', sp-restart-inc='1.6610360341858157', sp-update-dec-queue=''1'', sp-use-pure-literal-rule=''1'', sp-var-activity-inc='0.5538081355732651', sp-var-dec-heur=''6'', sp-variable-decay='1.9867708782099192', sp-rand-phase-dec-freq=''0.0001'', sp-rand-var-dec-scaling='0.9378580591128554', sp-rand-phase-scaling='1.0'
5270.902000, 0.008272, 13027.969936, 92, 7757.067936, sp-clause-activity-inc='1.0261093721413954', sp-clause-decay='1.8569636847373123', sp-clause-del-heur=''2'', sp-first-restart='848', sp-learned-clause-sort-heur=''12'', sp-learned-clauses-inc='1.258941514871055', sp-learned-size-factor='0.3937508297203357', sp-orig-clause-sort-heur=''9'', sp-phase-dec-heur=''1'', sp-rand-var-dec-freq=''0'', sp-resolution=''0'', sp-restart-inc='1.6998352136243366', sp-update-dec-queue=''1'', sp-use-pure-literal-rule=''1'', sp-var-activity-inc='0.5235105546193348', sp-var-dec-heur=''6'', sp-variable-decay='1.9225109915900769', sp-rand-phase-dec-freq=''0.001'', sp-rand-phase-scaling='1.0'
6084.046000, 0.007949, 14736.461915, 100, 8652.415915, sp-clause-activity-inc='1.3745966059353032', sp-clause-decay='1.8515476300842222', sp-clause-del-heur=''2'', sp-first-restart='282', sp-learned-clause-sort-heur=''12'', sp-learned-clauses-inc='1.2760219482942619', sp-learned-size-factor='0.17885217578263105', sp-orig-clause-sort-heur=''9'', sp-phase-dec-heur=''1'', sp-rand-var-dec-freq=''0.001'', sp-resolution=''0'', sp-restart-inc='1.6982290045543547', sp-update-dec-queue=''1'', sp-use-pure-literal-rule=''1'', sp-var-activity-inc='0.5830085172952313', sp-var-dec-heur=''7'', sp-variable-decay='1.9323716483852862', sp-rand-phase-dec-freq=''0.01'', sp-rand-var-dec-scaling='0.5185624076803701', sp-rand-phase-scaling='1.0'
6625.952000, 0.007558, 15820.524133, 105, 9194.572133, sp-clause-activity-inc='1.0855113145760904', sp-clause-decay='1.8569636847373123', sp-clause-del-heur=''2'', sp-first-restart='2160', sp-learned-clause-sort-heur=''12'', sp-learned-clauses-inc='1.258941514871055', sp-learned-size-factor='0.3937508297203357', sp-orig-clause-sort-heur=''9'', sp-phase-dec-heur=''1'', sp-rand-var-dec-freq=''0.01'', sp-resolution=''0'', sp-restart-inc='1.7949798499228058', sp-update-dec-queue=''1'', sp-use-pure-literal-rule=''1'', sp-var-activity-inc='0.5844332097756817', sp-var-dec-heur=''6'', sp-variable-decay='1.8459744504716333', sp-rand-phase-dec-freq=''0.001'', sp-rand-var-dec-scaling='0.974175576296475', sp-rand-phase-scaling='1.0'
6826.812000, 0.007397, 16230.016504, 107, 9403.204504, sp-clause-activity-inc='1.0043664195074113', sp-clause-decay='1.739328255065409', sp-clause-del-heur=''2'', sp-first-restart='848', sp-learned-clause-sort-heur=''12'', sp-learned-clauses-inc='1.258941514871055', sp-learned-size-factor='0.3937508297203357', sp-orig-clause-sort-heur=''9'', sp-phase-dec-heur=''1'', sp-rand-var-dec-freq=''0.001'', sp-resolution=''0'', sp-restart-inc='1.836021407228821', sp-update-dec-queue=''1'', sp-use-pure-literal-rule=''1'', sp-var-activity-inc='0.7083325860184815', sp-var-dec-heur=''6'', sp-variable-decay='1.9225109915900769', sp-rand-phase-dec-freq=''0.001'', sp-rand-var-dec-scaling='0.9603983393988347', sp-rand-phase-scaling='1.0'
7239.684000, 0.007083, 17044.577268, 111, 9804.893268, sp-clause-activity-inc='1.042347387560842', sp-clause-decay='1.4552757616369132', sp-clause-del-heur=''0'', sp-first-restart='3121', sp-learned-clause-sort-heur=''12'', sp-learned-clauses-inc='1.258941514871055', sp-learned-size-factor='0.3937508297203357', sp-orig-clause-sort-heur=''9'', sp-phase-dec-heur=''1'', sp-rand-var-dec-freq=''0.01'', sp-resolution=''0'', sp-restart-inc='1.7269576697012292', sp-update-dec-queue=''1'', sp-use-pure-literal-rule=''1'', sp-var-activity-inc='0.9093440081734978', sp-var-dec-heur=''6'', sp-variable-decay='1.5181589775785806', sp-rand-phase-dec-freq=''0.001'', sp-rand-var-dec-scaling='1.0532372222172246', sp-rand-phase-scaling='1.0'
7452.808000, 0.006740, 17491.910238, 113, 10039.102238, sp-clause-activity-inc='1.0023839136726014', sp-clause-decay='1.4010641295771087', sp-clause-del-heur=''2'', sp-first-restart='848', sp-learned-clause-sort-heur=''12'', sp-learned-clauses-inc='1.2692080514502846', sp-learned-size-factor='0.5694419861860984', sp-orig-clause-sort-heur=''9'', sp-phase-dec-heur=''1'', sp-rand-var-dec-freq=''0'', sp-resolution=''0'', sp-restart-inc='1.8808323855128104', sp-update-dec-queue=''1'', sp-use-pure-literal-rule=''1'', sp-var-activity-inc='0.5235105546193348', sp-var-dec-heur=''6'', sp-variable-decay='1.9225109915900769', sp-rand-phase-dec-freq=''0.001'', sp-rand-phase-scaling='1.0'
