{"cpu_time": 0, "evaluations": 0, "total_cpu_time": null, "cost": 2147483648, "incumbent": ["adaptive=''1''", "clausepen=''1''", "performrandomwalk=''0''", "singleclause=''1''", "tabusearch=''0''", "adaptivenoisescheme=''1''", "adaptwalkprob=''0''", "heuristic=''2''", "promisinglist=''1''", "ps='0.4'", "selectclause=''1''", "smoothingscheme=''1''", "adaptiveprom=''0''", "decreasingvariable=''3''", "performalternatenovelty=''1''", "phi='5'", "theta='6'", "updateschemepromlist=''3''", "wp='0.01'", "CONadaptpromwalkprob=''0''"], "wallclock_time": 0.0014712810516357422}
{"cpu_time": 5.0, "evaluations": 1, "total_cpu_time": null, "cost": 50, "incumbent": ["adaptive=''1''", "clausepen=''1''", "performrandomwalk=''0''", "singleclause=''1''", "tabusearch=''0''", "adaptivenoisescheme=''1''", "adaptwalkprob=''0''", "heuristic=''2''", "promisinglist=''1''", "ps='0.4'", "selectclause=''1''", "smoothingscheme=''1''", "adaptiveprom=''0''", "decreasingvariable=''3''", "performalternatenovelty=''1''", "phi='5'", "theta='6'", "updateschemepromlist=''3''", "wp='0.01'", "CONadaptpromwalkprob=''0''"], "wallclock_time": 7.734114646911621}
{"cpu_time": 118.33200000000005, "evaluations": 65, "total_cpu_time": null, "cost": 0.003599999999999999, "incumbent": ["adaptive=''0''", "clausepen=''0''", "performrandomwalk=''0''", "singleclause=''1''", "tabusearch=''0''", "CONadaptwalkprob=''0''", "CONselectclause=''1''", "c='0.0011870168597208689'", "heuristic=''13''", "promisinglist=''1''", "s='0.001375893581866807'", "CONdp='0.19821387337153568'", "adaptiveprom=''0''", "decreasingvariable=''9''", "novnoise='0.14861100208422362'", "performalternatenovelty=''0''", "updateschemepromlist=''3''", "CONadaptpromwalkprob=''0''", "promnovnoise='0.6497147606237637'", "CONpromwp='0.12471696852503102'"], "wallclock_time": 116.30763053894043}
{"cpu_time": 924.743999999998, "evaluations": 780, "total_cpu_time": null, "cost": 0.0030000000000000005, "incumbent": ["adaptive=''0''", "clausepen=''2''", "performrandomwalk=''1''", "singleclause=''1''", "tabusearch=''0''", "CONadaptwalkprob=''0''", "c='0.012911390638427672'", "heuristic=''4''", "promisinglist=''1''", "randomwalk=''4''", "s='0.0014420757567402138'", "CONdp='0.10282456368575627'", "adaptiveprom=''1''", "decreasingvariable=''5''", "novnoise='0.7864861605419142'", "performalternatenovelty=''0''", "rfp='0.14590823775458966'", "updateschemepromlist=''3''", "adaptpromwalkprob=''1''", "tiebreaking='2'"], "wallclock_time": 955.5576138496399}
