"CPU Time Used","Estimated Training Performance","Wallclock Time","Incumbent ID","Automatic Configurator (CPU) Time","Configuration..."
0.000000, 2147483648.000000, 0.001483, 1, 0.001483, adaptive=''1'', clausepen=''1'', performrandomwalk=''0'', singleclause=''1'', tabusearch=''0'', adaptivenoisescheme=''1'', adaptwalkprob=''0'', heuristic=''2'', promisinglist=''1'', ps='0.4', selectclause=''1'', smoothingscheme=''1'', adaptiveprom=''0'', decreasingvariable=''3'', performalternatenovelty=''1'', phi='5', theta='6', updateschemepromlist=''3'', wp='0.01', CONadaptpromwalkprob=''0''
0.032000, 0.032000, 0.550621, 1, 0.518621, adaptive=''1'', clausepen=''1'', performrandomwalk=''0'', singleclause=''1'', tabusearch=''0'', adaptivenoisescheme=''1'', adaptwalkprob=''0'', heuristic=''2'', promisinglist=''1'', ps='0.4', selectclause=''1'', smoothingscheme=''1'', adaptiveprom=''0'', decreasingvariable=''3'', performalternatenovelty=''1'', phi='5', theta='6', updateschemepromlist=''3'', wp='0.01', CONadaptpromwalkprob=''0''
70.732000, 0.004640, 128.209615, 5, 57.477615, adaptive=''1'', clausepen=''1'', performrandomwalk=''0'', singleclause=''0'', tabusearch=''0'', DLSscoringmeasure=''1'', DLStiebreaking=''4'', adaptivenoisescheme=''1'', smoothingscheme=''1'', DLSalpha='1.2267849386380776', DLSrho='0.06478069588150237', DLSsapsthresh='-0.11898793829008447', DLSwp='0.006310128559314705'
350.652000, 0.003640, 612.184429, 35, 261.532429, adaptive=''1'', clausepen=''1'', performrandomwalk=''1'', singleclause=''0'', tabusearch=''1'', DLSscoringmeasure=''1'', DLStiebreaking=''2'', adaptivenoisescheme=''2'', randomwalk=''5'', smoothingscheme=''1'', tabu='19', DLSalpha='1.3573770588211695', DLSrho='0.8889720804349676', DLSsapsthresh='-0.19691913020583748', DLSwp='0.025406089813492582', rfp='0.07038508517890747'
421.056000, 0.003200, 730.745578, 46, 309.689578, adaptive=''1'', clausepen=''1'', performrandomwalk=''0'', singleclause=''0'', tabusearch=''0'', DLSscoringmeasure=''3'', DLStiebreaking=''1'', adaptivenoisescheme=''1'', smoothingscheme=''1'', DLSalpha='1.3084587293801673', DLSrho='0.903288817888175', DLSsapsthresh='-0.3787772237869609', DLSwp='0.006235442742816135'
1719.050000, 0.002800, 2895.355279, 196, 1176.305279, adaptive=''1'', clausepen=''0'', performrandomwalk=''1'', singleclause=''1'', tabusearch=''0'', CONselectclause=''1'', adaptivenoisescheme=''2'', adaptwalkprob=''0'', heuristic=''7'', promisinglist=''0'', randomwalk=''4'', phi='6', rfp='0.1329218737301341', theta='3'
