{"incumbent": ["adaptive=''1''", "clausepen=''1''", "performrandomwalk=''0''", "singleclause=''1''", "tabusearch=''0''", "adaptivenoisescheme=''1''", "adaptwalkprob=''0''", "heuristic=''2''", "promisinglist=''1''", "ps='0.4'", "selectclause=''1''", "smoothingscheme=''1''", "adaptiveprom=''0''", "decreasingvariable=''3''", "performalternatenovelty=''1''", "phi='5'", "theta='6'", "updateschemepromlist=''3''", "wp='0.01'", "CONadaptpromwalkprob=''0''"], "cost": 2147483648, "wallclock_time": 0.0014827251434326172, "total_cpu_time": null, "cpu_time": 0, "evaluations": 0}
{"incumbent": ["adaptive=''1''", "clausepen=''1''", "performrandomwalk=''0''", "singleclause=''1''", "tabusearch=''0''", "adaptivenoisescheme=''1''", "adaptwalkprob=''0''", "heuristic=''2''", "promisinglist=''1''", "ps='0.4'", "selectclause=''1''", "smoothingscheme=''1''", "adaptiveprom=''0''", "decreasingvariable=''3''", "performalternatenovelty=''1''", "phi='5'", "theta='6'", "updateschemepromlist=''3''", "wp='0.01'", "CONadaptpromwalkprob=''0''"], "cost": 0.032, "wallclock_time": 0.5506212711334229, "total_cpu_time": null, "cpu_time": 0.032, "evaluations": 1}
{"incumbent": ["adaptive=''1''", "clausepen=''1''", "performrandomwalk=''0''", "singleclause=''0''", "tabusearch=''0''", "DLSscoringmeasure=''1''", "DLStiebreaking=''4''", "adaptivenoisescheme=''1''", "smoothingscheme=''1''", "DLSalpha='1.2267849386380776'", "DLSrho='0.06478069588150237'", "DLSsapsthresh='-0.11898793829008447'", "DLSwp='0.006310128559314705'"], "cost": 0.004639999999999999, "wallclock_time": 128.20961451530457, "total_cpu_time": null, "cpu_time": 70.73200000000004, "evaluations": 65}
{"incumbent": ["adaptive=''1''", "clausepen=''1''", "performrandomwalk=''1''", "singleclause=''0''", "tabusearch=''1''", "DLSscoringmeasure=''1''", "DLStiebreaking=''2''", "adaptivenoisescheme=''2''", "randomwalk=''5''", "smoothingscheme=''1''", "tabu='19'", "DLSalpha='1.3573770588211695'", "DLSrho='0.8889720804349676'", "DLSsapsthresh='-0.19691913020583748'", "DLSwp='0.025406089813492582'", "rfp='0.07038508517890747'"], "cost": 0.0036399999999999996, "wallclock_time": 612.184428691864, "total_cpu_time": null, "cpu_time": 350.6520000000003, "evaluations": 260}
{"incumbent": ["adaptive=''1''", "clausepen=''1''", "performrandomwalk=''0''", "singleclause=''0''", "tabusearch=''0''", "DLSscoringmeasure=''3''", "DLStiebreaking=''1''", "adaptivenoisescheme=''1''", "smoothingscheme=''1''", "DLSalpha='1.3084587293801673'", "DLSrho='0.903288817888175'", "DLSsapsthresh='-0.3787772237869609'", "DLSwp='0.006235442742816135'"], "cost": 0.0032000000000000006, "wallclock_time": 730.7455780506134, "total_cpu_time": null, "cpu_time": 421.056, "evaluations": 325}
{"incumbent": ["adaptive=''1''", "clausepen=''0''", "performrandomwalk=''1''", "singleclause=''1''", "tabusearch=''0''", "CONselectclause=''1''", "adaptivenoisescheme=''2''", "adaptwalkprob=''0''", "heuristic=''7''", "promisinglist=''0''", "randomwalk=''4''", "phi='6'", "rfp='0.1329218737301341'", "theta='3'"], "cost": 0.0028000000000000004, "wallclock_time": 2895.3552787303925, "total_cpu_time": null, "cpu_time": 1719.0499999999977, "evaluations": 1300}
