{"cost": 2147483648, "incumbent": ["adaptive=''1''", "clausepen=''1''", "performrandomwalk=''0''", "singleclause=''1''", "tabusearch=''0''", "adaptivenoisescheme=''1''", "adaptwalkprob=''0''", "heuristic=''2''", "promisinglist=''1''", "ps='0.4'", "selectclause=''1''", "smoothingscheme=''1''", "adaptiveprom=''0''", "decreasingvariable=''3''", "performalternatenovelty=''1''", "phi='5'", "theta='6'", "updateschemepromlist=''3''", "wp='0.01'", "CONadaptpromwalkprob=''0''"], "cpu_time": 0, "wallclock_time": 0.0015001296997070312, "total_cpu_time": null, "evaluations": 0}
{"cost": 1.356, "incumbent": ["adaptive=''1''", "clausepen=''1''", "performrandomwalk=''0''", "singleclause=''1''", "tabusearch=''0''", "adaptivenoisescheme=''1''", "adaptwalkprob=''0''", "heuristic=''2''", "promisinglist=''1''", "ps='0.4'", "selectclause=''1''", "smoothingscheme=''1''", "adaptiveprom=''0''", "decreasingvariable=''3''", "performalternatenovelty=''1''", "phi='5'", "theta='6'", "updateschemepromlist=''3''", "wp='0.01'", "CONadaptpromwalkprob=''0''"], "cpu_time": 1.356, "wallclock_time": 1.8488187789916992, "total_cpu_time": null, "evaluations": 1}
{"cost": 0.003466666666666668, "incumbent": ["adaptive=''1''", "clausepen=''1''", "performrandomwalk=''0''", "singleclause=''1''", "tabusearch=''0''", "adaptivenoisescheme=''1''", "adaptwalkprob=''1''", "heuristic=''2''", "promisinglist=''1''", "ps='0.4'", "selectclause=''1''", "smoothingscheme=''1''", "adaptiveprom=''0''", "decreasingvariable=''3''", "performalternatenovelty=''1''", "phi='5'", "theta='6'", "updateschemepromlist=''3''", "CONadaptpromwalkprob=''0''"], "cpu_time": 259.4600000000003, "wallclock_time": 411.69880390167236, "total_cpu_time": null, "evaluations": 75}
{"cost": 0.002166666666666668, "incumbent": ["adaptive=''0''", "clausepen=''1''", "performrandomwalk=''1''", "singleclause=''0''", "tabusearch=''0''", "DLSscoringmeasure=''1''", "DLStiebreaking=''1''", "randomwalk=''4''", "smoothingscheme=''2''", "DLSmaxinc='17'", "DLSpflat='0.1573705093974609'", "rfp='0.028877265666645953'"], "cpu_time": 505.99200000000087, "wallclock_time": 812.1427083015442, "total_cpu_time": null, "evaluations": 255}
{"cost": 0.0019548156956004765, "incumbent": ["adaptive=''1''", "clausepen=''2''", "performrandomwalk=''1''", "singleclause=''1''", "tabusearch=''1''", "adaptivenoisescheme=''1''", "adaptwalkprob=''1''", "heuristic=''2''", "promisinglist=''1''", "randomwalk=''5''", "tabu='7'", "adaptiveprom=''0''", "decreasingvariable=''3''", "performalternatenovelty=''1''", "phi='3'", "rfp='0.05040361408206125'", "theta='7'", "updateschemepromlist=''3''", "CONadaptpromwalkprob=''0''"], "cpu_time": 673.3080000000014, "wallclock_time": 1129.8221909999847, "total_cpu_time": null, "evaluations": 390}
{"cost": 0.000848484848484849, "incumbent": ["adaptive=''1''", "clausepen=''1''", "performrandomwalk=''0''", "singleclause=''0''", "tabusearch=''0''", "DLSscoringmeasure=''1''", "DLStiebreaking=''1''", "adaptivenoisescheme=''1''", "smoothingscheme=''2''", "DLSmaxinc='10'", "DLSpflat='0.16293482048427788'"], "cpu_time": 913.9480000000015, "wallclock_time": 1520.9575746059418, "total_cpu_time": null, "evaluations": 516}
