{"incumbent": ["adaptive=''1''", "clausepen=''1''", "performrandomwalk=''0''", "singleclause=''1''", "tabusearch=''0''", "adaptivenoisescheme=''1''", "adaptwalkprob=''0''", "heuristic=''2''", "promisinglist=''1''", "ps='0.4'", "selectclause=''1''", "smoothingscheme=''1''", "adaptiveprom=''0''", "decreasingvariable=''3''", "performalternatenovelty=''1''", "phi='5'", "theta='6'", "updateschemepromlist=''3''", "wp='0.01'", "CONadaptpromwalkprob=''0''"], "cost": 2147483648, "cpu_time": 0, "wallclock_time": 0.0013976097106933594, "total_cpu_time": null, "evaluations": 0}
{"incumbent": ["adaptive=''1''", "clausepen=''1''", "performrandomwalk=''0''", "singleclause=''1''", "tabusearch=''0''", "adaptivenoisescheme=''1''", "adaptwalkprob=''0''", "heuristic=''2''", "promisinglist=''1''", "ps='0.4'", "selectclause=''1''", "smoothingscheme=''1''", "adaptiveprom=''0''", "decreasingvariable=''3''", "performalternatenovelty=''1''", "phi='5'", "theta='6'", "updateschemepromlist=''3''", "wp='0.01'", "CONadaptpromwalkprob=''0''"], "cost": 1.372, "cpu_time": 1.372, "wallclock_time": 1.8592400550842285, "total_cpu_time": null, "evaluations": 1}
{"incumbent": ["adaptive=''1''", "clausepen=''2''", "performrandomwalk=''0''", "singleclause=''0''", "tabusearch=''0''", "DLSscoringmeasure=''1''", "DLStiebreaking=''2''", "adaptivenoisescheme=''2''"], "cost": 0.0029200000000000003, "cpu_time": 2.884, "wallclock_time": 7.340611696243286, "total_cpu_time": null, "evaluations": 13}
{"incumbent": ["adaptive=''1''", "clausepen=''2''", "performrandomwalk=''1''", "singleclause=''0''", "tabusearch=''0''", "DLSscoringmeasure=''1''", "DLStiebreaking=''4''", "adaptivenoisescheme=''2''", "randomwalk=''1''", "rwp='0.05493914296306853'"], "cost": 0.0027777777777777783, "cpu_time": 5.071999999999998, "wallclock_time": 22.998756647109985, "total_cpu_time": null, "evaluations": 48}
{"incumbent": ["adaptive=''0''", "clausepen=''1''", "performrandomwalk=''1''", "singleclause=''1''", "tabusearch=''0''", "CONadaptwalkprob=''0''", "c='0.009454530207101464'", "heuristic=''2''", "promisinglist=''0''", "ps='0.6678453174753703'", "randomwalk=''3''", "s='0.0029625643108890177'", "selectclause=''7''", "smoothingscheme=''2''", "CONwp='0.0759054091094687'", "novnoise='0.5244153332792859'", "performalternatenovelty=''0''", "rdp='0.02549828979346402'"], "cost": 0.001961218836565097, "cpu_time": 464.47600000000017, "wallclock_time": 395.39468455314636, "total_cpu_time": null, "evaluations": 210}
{"incumbent": ["adaptive=''1''", "clausepen=''2''", "performrandomwalk=''0''", "singleclause=''0''", "tabusearch=''1''", "DLSscoringmeasure=''3''", "DLStiebreaking=''2''", "adaptivenoisescheme=''2''", "tabu='15'"], "cost": 0.001260204081632654, "cpu_time": 1319.379999999998, "wallclock_time": 1105.6563630104065, "total_cpu_time": null, "evaluations": 531}
{"incumbent": ["adaptive=''1''", "clausepen=''2''", "performrandomwalk=''1''", "singleclause=''0''", "tabusearch=''0''", "DLSscoringmeasure=''1''", "DLStiebreaking=''1''", "adaptivenoisescheme=''1''", "randomwalk=''5''", "rfp='0.12889818189245253'"], "cost": 0.0011250000000000001, "cpu_time": 1450.9879999999994, "wallclock_time": 1242.6523427963257, "total_cpu_time": null, "evaluations": 707}
{"incumbent": ["adaptive=''1''", "clausepen=''2''", "performrandomwalk=''1''", "singleclause=''1''", "tabusearch=''0''", "adaptivenoisescheme=''2''", "adaptwalkprob=''0''", "heuristic=''7''", "promisinglist=''1''", "randomwalk=''1''", "adaptiveprom=''1''", "decreasingvariable=''2''", "phi='3'", "rwp='0.06905306303929859'", "theta='3'", "updateschemepromlist=''3''", "adaptpromwalkprob=''1''"], "cost": 0.0009696969696969701, "cpu_time": 1465.3239999999967, "wallclock_time": 1263.7054724693298, "total_cpu_time": null, "evaluations": 748}
{"incumbent": ["adaptive=''0''", "clausepen=''1''", "performrandomwalk=''0''", "singleclause=''0''", "tabusearch=''1''", "DLSscoringmeasure=''3''", "DLStiebreaking=''3''", "smoothingscheme=''2''", "tabu='1'", "DLSmaxinc='11'", "DLSpflat='0.19804464625773233'"], "cost": 0.0007867036011080337, "cpu_time": 1640.7759999999923, "wallclock_time": 1450.8300154209137, "total_cpu_time": null, "evaluations": 970}
{"incumbent": ["adaptive=''1''", "clausepen=''2''", "performrandomwalk=''0''", "singleclause=''0''", "tabusearch=''1''", "DLSscoringmeasure=''3''", "DLStiebreaking=''2''", "adaptivenoisescheme=''2''", "tabu='10'"], "cost": 0.0007520661157024798, "cpu_time": 2636.394000000009, "wallclock_time": 2244.95330452919, "total_cpu_time": null, "evaluations": 1350}
