"CPU Time Used","Estimated Training Performance","Wallclock Time","Incumbent ID","Automatic Configurator (CPU) Time","Configuration..."
0.000000, 2147483648.000000, 0.001398, 1, 0.001398, adaptive=''1'', clausepen=''1'', performrandomwalk=''0'', singleclause=''1'', tabusearch=''0'', adaptivenoisescheme=''1'', adaptwalkprob=''0'', heuristic=''2'', promisinglist=''1'', ps='0.4', selectclause=''1'', smoothingscheme=''1'', adaptiveprom=''0'', decreasingvariable=''3'', performalternatenovelty=''1'', phi='5', theta='6', updateschemepromlist=''3'', wp='0.01', CONadaptpromwalkprob=''0''
1.372000, 1.372000, 1.859240, 1, 0.487240, adaptive=''1'', clausepen=''1'', performrandomwalk=''0'', singleclause=''1'', tabusearch=''0'', adaptivenoisescheme=''1'', adaptwalkprob=''0'', heuristic=''2'', promisinglist=''1'', ps='0.4', selectclause=''1'', smoothingscheme=''1'', adaptiveprom=''0'', decreasingvariable=''3'', performalternatenovelty=''1'', phi='5', theta='6', updateschemepromlist=''3'', wp='0.01', CONadaptpromwalkprob=''0''
2.884000, 0.002920, 7.340612, 2, 4.456612, adaptive=''1'', clausepen=''2'', performrandomwalk=''0'', singleclause=''0'', tabusearch=''0'', DLSscoringmeasure=''1'', DLStiebreaking=''2'', adaptivenoisescheme=''2''
5.072000, 0.002778, 22.998757, 4, 17.926757, adaptive=''1'', clausepen=''2'', performrandomwalk=''1'', singleclause=''0'', tabusearch=''0'', DLSscoringmeasure=''1'', DLStiebreaking=''4'', adaptivenoisescheme=''2'', randomwalk=''1'', rwp='0.05493914296306853'
464.476000, 0.001961, 395.394685, 18, -69.081315, adaptive=''0'', clausepen=''1'', performrandomwalk=''1'', singleclause=''1'', tabusearch=''0'', CONadaptwalkprob=''0'', c='0.009454530207101464', heuristic=''2'', promisinglist=''0'', ps='0.6678453174753703', randomwalk=''3'', s='0.0029625643108890177', selectclause=''7'', smoothingscheme=''2'', CONwp='0.0759054091094687', novnoise='0.5244153332792859', performalternatenovelty=''0'', rdp='0.02549828979346402'
1319.380000, 0.001260, 1105.656363, 36, -213.723637, adaptive=''1'', clausepen=''2'', performrandomwalk=''0'', singleclause=''0'', tabusearch=''1'', DLSscoringmeasure=''3'', DLStiebreaking=''2'', adaptivenoisescheme=''2'', tabu='15'
1450.988000, 0.001125, 1242.652343, 44, -208.335657, adaptive=''1'', clausepen=''2'', performrandomwalk=''1'', singleclause=''0'', tabusearch=''0'', DLSscoringmeasure=''1'', DLStiebreaking=''1'', adaptivenoisescheme=''1'', randomwalk=''5'', rfp='0.12889818189245253'
1465.324000, 0.000970, 1263.705472, 46, -201.618528, adaptive=''1'', clausepen=''2'', performrandomwalk=''1'', singleclause=''1'', tabusearch=''0'', adaptivenoisescheme=''2'', adaptwalkprob=''0'', heuristic=''7'', promisinglist=''1'', randomwalk=''1'', adaptiveprom=''1'', decreasingvariable=''2'', phi='3', rwp='0.06905306303929859', theta='3', updateschemepromlist=''3'', adaptpromwalkprob=''1''
1640.776000, 0.000787, 1450.830015, 56, -189.945985, adaptive=''0'', clausepen=''1'', performrandomwalk=''0'', singleclause=''0'', tabusearch=''1'', DLSscoringmeasure=''3'', DLStiebreaking=''3'', smoothingscheme=''2'', tabu='1', DLSmaxinc='11', DLSpflat='0.19804464625773233'
2636.394000, 0.000752, 2244.953305, 68, -391.440695, adaptive=''1'', clausepen=''2'', performrandomwalk=''0'', singleclause=''0'', tabusearch=''1'', DLSscoringmeasure=''3'', DLStiebreaking=''2'', adaptivenoisescheme=''2'', tabu='10'
