{"incumbent": ["adaptive=''1''", "clausepen=''1''", "performrandomwalk=''0''", "singleclause=''1''", "tabusearch=''0''", "adaptivenoisescheme=''1''", "adaptwalkprob=''0''", "heuristic=''2''", "promisinglist=''1''", "ps='0.4'", "selectclause=''1''", "smoothingscheme=''1''", "adaptiveprom=''0''", "decreasingvariable=''3''", "performalternatenovelty=''1''", "phi='5'", "theta='6'", "updateschemepromlist=''3''", "wp='0.01'", "CONadaptpromwalkprob=''0''"], "total_cpu_time": null, "evaluations": 0, "wallclock_time": 0.001444101333618164, "cost": 2147483648, "cpu_time": 0}
{"incumbent": ["adaptive=''1''", "clausepen=''1''", "performrandomwalk=''0''", "singleclause=''1''", "tabusearch=''0''", "adaptivenoisescheme=''1''", "adaptwalkprob=''0''", "heuristic=''2''", "promisinglist=''1''", "ps='0.4'", "selectclause=''1''", "smoothingscheme=''1''", "adaptiveprom=''0''", "decreasingvariable=''3''", "performalternatenovelty=''1''", "phi='5'", "theta='6'", "updateschemepromlist=''3''", "wp='0.01'", "CONadaptpromwalkprob=''0''"], "total_cpu_time": null, "evaluations": 1, "wallclock_time": 0.5481443405151367, "cost": 0.032, "cpu_time": 0.032}
{"incumbent": ["adaptive=''1''", "clausepen=''1''", "performrandomwalk=''1''", "singleclause=''0''", "tabusearch=''0''", "DLSscoringmeasure=''1''", "DLStiebreaking=''2''", "adaptivenoisescheme=''1''", "randomwalk=''3''", "smoothingscheme=''2''", "DLSmaxinc='18'", "DLSpflat='0.19218605959744595'", "rdp='0.026798737865840888'"], "total_cpu_time": null, "evaluations": 14, "wallclock_time": 7.233717203140259, "cost": 0.014399999999999996, "cpu_time": 4.9}
{"incumbent": ["adaptive=''1''", "clausepen=''1''", "performrandomwalk=''1''", "singleclause=''1''", "tabusearch=''0''", "adaptivenoisescheme=''1''", "adaptwalkprob=''0''", "heuristic=''2''", "promisinglist=''1''", "ps='0.4'", "randomwalk=''3''", "selectclause=''1''", "smoothingscheme=''2''", "adaptiveprom=''0''", "decreasingvariable=''3''", "performalternatenovelty=''1''", "phi='5'", "rdp='0.013686095111247305'", "theta='6'", "updateschemepromlist=''3''", "wp='0.01'", "CONadaptpromwalkprob=''0''"], "total_cpu_time": null, "evaluations": 29, "wallclock_time": 15.573445796966553, "cost": 0.010181818181818183, "cpu_time": 10.240000000000002}
{"incumbent": ["adaptive=''1''", "clausepen=''0''", "performrandomwalk=''1''", "singleclause=''1''", "tabusearch=''1''", "CONselectclause=''1''", "adaptivenoisescheme=''1''", "adaptwalkprob=''0''", "heuristic=''3''", "promisinglist=''1''", "randomwalk=''3''", "tabu='14'", "adaptiveprom=''0''", "decreasingvariable=''3''", "dp='0.05'", "performalternatenovelty=''1''", "phi='5'", "rdp='0.01596185531148906'", "theta='7'", "updateschemepromlist=''3''", "CONadaptpromwalkprob=''0''"], "total_cpu_time": null, "evaluations": 103, "wallclock_time": 90.68912267684937, "cost": 0.003982222222222223, "cpu_time": 63.38000000000002}
{"incumbent": ["adaptive=''1''", "clausepen=''1''", "performrandomwalk=''0''", "singleclause=''1''", "tabusearch=''0''", "adaptivenoisescheme=''1''", "adaptwalkprob=''1''", "heuristic=''9''", "promisinglist=''1''", "ps='0.24226628991469631'", "selectclause=''1''", "smoothingscheme=''1''", "adaptiveprom=''0''", "decreasingvariable=''9''", "phi='8'", "theta='7'", "updateschemepromlist=''3''", "CONadaptpromwalkprob=''0''", "promnovnoise='0.30285771317762483'", "CONpromwp='0.16249970754110749'"], "total_cpu_time": null, "evaluations": 560, "wallclock_time": 851.183789730072, "cost": 0.0017704081632653069, "cpu_time": 852.117999999998}
{"incumbent": ["adaptive=''1''", "clausepen=''2''", "performrandomwalk=''1''", "singleclause=''0''", "tabusearch=''1''", "DLSscoringmeasure=''1''", "DLStiebreaking=''2''", "adaptivenoisescheme=''1''", "randomwalk=''1''", "tabu='1'", "rwp='0.095698925184079'"], "total_cpu_time": null, "evaluations": 917, "wallclock_time": 1164.693606376648, "cost": 0.0013333333333333342, "cpu_time": 1105.3779999999963}
{"incumbent": ["adaptive=''1''", "clausepen=''2''", "performrandomwalk=''1''", "singleclause=''0''", "tabusearch=''0''", "DLSscoringmeasure=''1''", "DLStiebreaking=''2''", "adaptivenoisescheme=''1''", "randomwalk=''1''", "rwp='0.095698925184079'"], "total_cpu_time": null, "evaluations": 998, "wallclock_time": 1237.4528658390045, "cost": 0.0009252077562326873, "cpu_time": 1144.3219999999978}
{"incumbent": ["adaptive=''1''", "clausepen=''1''", "performrandomwalk=''1''", "singleclause=''0''", "tabusearch=''0''", "DLSscoringmeasure=''1''", "DLStiebreaking=''1''", "adaptivenoisescheme=''1''", "randomwalk=''4''", "smoothingscheme=''1''", "DLSalpha='1.1713285114506211'", "DLSrho='0.9455227688027026'", "DLSsapsthresh='-0.21038942397782986'", "DLSwp='0.053244466557626345'", "rfp='0.08889547904744889'"], "total_cpu_time": null, "evaluations": 1578, "wallclock_time": 2577.2284886837006, "cost": 0.0007674858223062387, "cpu_time": 2717.9119999999966}
{"incumbent": ["adaptive=''1''", "clausepen=''1''", "performrandomwalk=''1''", "singleclause=''0''", "tabusearch=''0''", "DLSscoringmeasure=''3''", "DLStiebreaking=''1''", "adaptivenoisescheme=''1''", "randomwalk=''4''", "smoothingscheme=''1''", "DLSalpha='1.1713285114506211'", "DLSrho='0.9455227688027026'", "DLSsapsthresh='-0.21038942397782986'", "DLSwp='0.053244466557626345'", "rfp='0.08889547904744889'"], "total_cpu_time": null, "evaluations": 1671, "wallclock_time": 2612.8283002376556, "cost": 0.0007134449977365325, "cpu_time": 2721.2960000000094}
{"incumbent": ["adaptive=''1''", "clausepen=''2''", "performrandomwalk=''1''", "singleclause=''0''", "tabusearch=''0''", "DLSscoringmeasure=''3''", "DLStiebreaking=''1''", "adaptivenoisescheme=''1''", "randomwalk=''1''", "rwp='0.06703980211757027'"], "total_cpu_time": null, "evaluations": 2279, "wallclock_time": 3607.241958141327, "cost": 0.0006721536351165985, "cpu_time": 3790.5040000000267}
