"CPU Time Used","Estimated Training Performance","Wallclock Time","Incumbent ID","Automatic Configurator (CPU) Time","Configuration..."
0.000000, 2147483648.000000, 0.001444, 1, 0.001444, adaptive=''1'', clausepen=''1'', performrandomwalk=''0'', singleclause=''1'', tabusearch=''0'', adaptivenoisescheme=''1'', adaptwalkprob=''0'', heuristic=''2'', promisinglist=''1'', ps='0.4', selectclause=''1'', smoothingscheme=''1'', adaptiveprom=''0'', decreasingvariable=''3'', performalternatenovelty=''1'', phi='5', theta='6', updateschemepromlist=''3'', wp='0.01', CONadaptpromwalkprob=''0''
0.032000, 0.032000, 0.548144, 1, 0.516144, adaptive=''1'', clausepen=''1'', performrandomwalk=''0'', singleclause=''1'', tabusearch=''0'', adaptivenoisescheme=''1'', adaptwalkprob=''0'', heuristic=''2'', promisinglist=''1'', ps='0.4', selectclause=''1'', smoothingscheme=''1'', adaptiveprom=''0'', decreasingvariable=''3'', performalternatenovelty=''1'', phi='5', theta='6', updateschemepromlist=''3'', wp='0.01', CONadaptpromwalkprob=''0''
4.900000, 0.014400, 7.233717, 2, 2.333717, adaptive=''1'', clausepen=''1'', performrandomwalk=''1'', singleclause=''0'', tabusearch=''0'', DLSscoringmeasure=''1'', DLStiebreaking=''2'', adaptivenoisescheme=''1'', randomwalk=''3'', smoothingscheme=''2'', DLSmaxinc='18', DLSpflat='0.19218605959744595', rdp='0.026798737865840888'
10.240000, 0.010182, 15.573446, 3, 5.333446, adaptive=''1'', clausepen=''1'', performrandomwalk=''1'', singleclause=''1'', tabusearch=''0'', adaptivenoisescheme=''1'', adaptwalkprob=''0'', heuristic=''2'', promisinglist=''1'', ps='0.4', randomwalk=''3'', selectclause=''1'', smoothingscheme=''2'', adaptiveprom=''0'', decreasingvariable=''3'', performalternatenovelty=''1'', phi='5', rdp='0.013686095111247305', theta='6', updateschemepromlist=''3'', wp='0.01', CONadaptpromwalkprob=''0''
63.380000, 0.003982, 90.689123, 11, 27.309123, adaptive=''1'', clausepen=''0'', performrandomwalk=''1'', singleclause=''1'', tabusearch=''1'', CONselectclause=''1'', adaptivenoisescheme=''1'', adaptwalkprob=''0'', heuristic=''3'', promisinglist=''1'', randomwalk=''3'', tabu='14', adaptiveprom=''0'', decreasingvariable=''3'', dp='0.05', performalternatenovelty=''1'', phi='5', rdp='0.01596185531148906', theta='7', updateschemepromlist=''3'', CONadaptpromwalkprob=''0''
852.118000, 0.001770, 851.183790, 37, -0.934210, adaptive=''1'', clausepen=''1'', performrandomwalk=''0'', singleclause=''1'', tabusearch=''0'', adaptivenoisescheme=''1'', adaptwalkprob=''1'', heuristic=''9'', promisinglist=''1'', ps='0.24226628991469631', selectclause=''1'', smoothingscheme=''1'', adaptiveprom=''0'', decreasingvariable=''9'', phi='8', theta='7', updateschemepromlist=''3'', CONadaptpromwalkprob=''0'', promnovnoise='0.30285771317762483', CONpromwp='0.16249970754110749'
1105.378000, 0.001333, 1164.693606, 49, 59.315606, adaptive=''1'', clausepen=''2'', performrandomwalk=''1'', singleclause=''0'', tabusearch=''1'', DLSscoringmeasure=''1'', DLStiebreaking=''2'', adaptivenoisescheme=''1'', randomwalk=''1'', tabu='1', rwp='0.095698925184079'
1144.322000, 0.000925, 1237.452866, 52, 93.130866, adaptive=''1'', clausepen=''2'', performrandomwalk=''1'', singleclause=''0'', tabusearch=''0'', DLSscoringmeasure=''1'', DLStiebreaking=''2'', adaptivenoisescheme=''1'', randomwalk=''1'', rwp='0.095698925184079'
2717.912000, 0.000767, 2577.228489, 68, -140.683511, adaptive=''1'', clausepen=''1'', performrandomwalk=''1'', singleclause=''0'', tabusearch=''0'', DLSscoringmeasure=''1'', DLStiebreaking=''1'', adaptivenoisescheme=''1'', randomwalk=''4'', smoothingscheme=''1'', DLSalpha='1.1713285114506211', DLSrho='0.9455227688027026', DLSsapsthresh='-0.21038942397782986', DLSwp='0.053244466557626345', rfp='0.08889547904744889'
2721.296000, 0.000713, 2612.828300, 71, -108.467700, adaptive=''1'', clausepen=''1'', performrandomwalk=''1'', singleclause=''0'', tabusearch=''0'', DLSscoringmeasure=''3'', DLStiebreaking=''1'', adaptivenoisescheme=''1'', randomwalk=''4'', smoothingscheme=''1'', DLSalpha='1.1713285114506211', DLSrho='0.9455227688027026', DLSsapsthresh='-0.21038942397782986', DLSwp='0.053244466557626345', rfp='0.08889547904744889'
