"CPU Time Used","Estimated Training Performance","Wallclock Time","Incumbent ID","Automatic Configurator (CPU) Time","Configuration..."
0.000000, 2147483648.000000, 0.001423, 1, 0.001423, adaptive=''1'', clausepen=''1'', performrandomwalk=''0'', singleclause=''1'', tabusearch=''0'', adaptivenoisescheme=''1'', adaptwalkprob=''0'', heuristic=''2'', promisinglist=''1'', ps='0.4', selectclause=''1'', smoothingscheme=''1'', adaptiveprom=''0'', decreasingvariable=''3'', performalternatenovelty=''1'', phi='5', theta='6', updateschemepromlist=''3'', wp='0.01', CONadaptpromwalkprob=''0''
5.000000, 50.000000, 7.657280, 1, 2.657280, adaptive=''1'', clausepen=''1'', performrandomwalk=''0'', singleclause=''1'', tabusearch=''0'', adaptivenoisescheme=''1'', adaptwalkprob=''0'', heuristic=''2'', promisinglist=''1'', ps='0.4', selectclause=''1'', smoothingscheme=''1'', adaptiveprom=''0'', decreasingvariable=''3'', performalternatenovelty=''1'', phi='5', theta='6', updateschemepromlist=''3'', wp='0.01', CONadaptpromwalkprob=''0''
118.404000, 0.003600, 123.020401, 2, 4.616401, adaptive=''0'', clausepen=''0'', performrandomwalk=''0'', singleclause=''1'', tabusearch=''0'', CONadaptwalkprob=''0'', CONselectclause=''1'', c='0.0011870168597208689', heuristic=''13'', promisinglist=''1'', s='0.001375893581866807', CONdp='0.19821387337153568', adaptiveprom=''0'', decreasingvariable=''9'', novnoise='0.14861100208422362', performalternatenovelty=''0'', updateschemepromlist=''3'', CONadaptpromwalkprob=''0'', promnovnoise='0.6497147606237637', CONpromwp='0.12471696852503102'
126.376000, 0.003360, 153.148308, 18, 26.772308, adaptive=''0'', clausepen=''0'', performrandomwalk=''0'', singleclause=''1'', tabusearch=''0'', CONadaptwalkprob=''0'', CONselectclause=''1'', c='0.0011870168597208689', heuristic=''13'', promisinglist=''1'', s='0.001375893581866807', CONdp='0.19821387337153568', adaptiveprom=''0'', decreasingvariable=''9'', novnoise='0.14861100208422362', performalternatenovelty=''0'', updateschemepromlist=''1'', CONadaptpromwalkprob=''0'', promnovnoise='0.6497147606237637', CONpromwp='0.12471696852503102'
135.488000, 0.003200, 184.941578, 25, 49.453578, adaptive=''0'', clausepen=''0'', performrandomwalk=''0'', singleclause=''1'', tabusearch=''0'', CONadaptwalkprob=''0'', CONselectclause=''1'', c='0.0011870168597208689', heuristic=''13'', promisinglist=''1'', s='0.001375893581866807', CONdp='0.19821387337153568', adaptiveprom=''0'', decreasingvariable=''9'', novnoise='0.14861100208422362', performalternatenovelty=''0'', updateschemepromlist=''1'', CONadaptpromwalkprob=''0'', promnovnoise='0.6497147606237637', CONpromwp='0.12636408190663162'
783.696000, 0.002920, 2249.269722, 360, 1465.573722, adaptive=''0'', clausepen=''0'', performrandomwalk=''0'', singleclause=''1'', tabusearch=''0'', CONadaptwalkprob=''0'', CONselectclause=''1'', c='0.0011870168597208689', heuristic=''13'', promisinglist=''1'', s='0.001375893581866807', CONdp='0.1818231140266957', adaptiveprom=''0'', decreasingvariable=''9'', novnoise='0.14861100208422362', performalternatenovelty=''0'', updateschemepromlist=''1'', CONadaptpromwalkprob=''0'', promnovnoise='0.6137013994426544', CONpromwp='0.12636408190663162'
897.872000, 0.002800, 2634.083095, 435, 1736.211095, adaptive=''0'', clausepen=''0'', performrandomwalk=''0'', singleclause=''1'', tabusearch=''0'', CONadaptwalkprob=''0'', CONselectclause=''1'', c='0.0011870168597208689', heuristic=''13'', promisinglist=''1'', s='0.00201504210828273', CONdp='0.1818231140266957', adaptiveprom=''0'', decreasingvariable=''9'', novnoise='0.14861100208422362', performalternatenovelty=''0'', updateschemepromlist=''1'', CONadaptpromwalkprob=''0'', promnovnoise='0.688375210706599', CONpromwp='0.12636408190663162'
