{"incumbent": ["adaptive=''1''", "clausepen=''1''", "performrandomwalk=''0''", "singleclause=''1''", "tabusearch=''0''", "adaptivenoisescheme=''1''", "adaptwalkprob=''0''", "heuristic=''2''", "promisinglist=''1''", "ps='0.4'", "selectclause=''1''", "smoothingscheme=''1''", "adaptiveprom=''0''", "decreasingvariable=''3''", "performalternatenovelty=''1''", "phi='5'", "theta='6'", "updateschemepromlist=''3''", "wp='0.01'", "CONadaptpromwalkprob=''0''"], "cpu_time": 0, "total_cpu_time": null, "cost": 2147483648, "evaluations": 0, "wallclock_time": 0.0015377998352050781}
{"incumbent": ["adaptive=''1''", "clausepen=''1''", "performrandomwalk=''0''", "singleclause=''1''", "tabusearch=''0''", "adaptivenoisescheme=''1''", "adaptwalkprob=''0''", "heuristic=''2''", "promisinglist=''1''", "ps='0.4'", "selectclause=''1''", "smoothingscheme=''1''", "adaptiveprom=''0''", "decreasingvariable=''3''", "performalternatenovelty=''1''", "phi='5'", "theta='6'", "updateschemepromlist=''3''", "wp='0.01'", "CONadaptpromwalkprob=''0''"], "cpu_time": 5.0, "total_cpu_time": null, "cost": 50, "evaluations": 1, "wallclock_time": 7.677898168563843}
{"incumbent": ["adaptive=''0''", "clausepen=''2''", "performrandomwalk=''1''", "singleclause=''1''", "tabusearch=''0''", "CONadaptwalkprob=''0''", "c='1.4077503807392722e-06'", "heuristic=''6''", "promisinglist=''1''", "randomwalk=''3''", "s='0.012133478200897682'", "CONwp='0.10830871832002271'", "adaptiveprom=''0''", "decreasingvariable=''5''", "novnoise='0.43373225487513034'", "rdp='0.014938502504301258'", "updateschemepromlist=''1''", "CONadaptpromwalkprob=''0''", "tiebreaking='3'"], "cpu_time": 16.548000000000002, "total_cpu_time": null, "cost": 0.02136, "evaluations": 17, "wallclock_time": 17.167663097381592}
{"incumbent": ["adaptive=''0''", "clausepen=''2''", "performrandomwalk=''0''", "singleclause=''1''", "tabusearch=''1''", "CONadaptwalkprob=''0''", "c='0.0010427556087252434'", "heuristic=''10''", "promisinglist=''1''", "s='0.01087748828208598'", "tabu='3'", "adaptiveprom=''1''", "decreasingvariable=''1''", "novnoise='0.1675817274859307'", "performalternatenovelty=''0''", "updateschemepromlist=''2''", "adaptpromwalkprob=''1''", "tiebreaking='4'"], "cpu_time": 26.42000000000002, "total_cpu_time": null, "cost": 0.006181818181818183, "evaluations": 31, "wallclock_time": 28.58889365196228}
{"incumbent": ["adaptive=''0''", "clausepen=''1''", "performrandomwalk=''1''", "singleclause=''1''", "tabusearch=''1''", "CONadaptwalkprob=''0''", "c='0.010000000000000014'", "heuristic=''12''", "promisinglist=''1''", "ps='0.3765469194242693'", "randomwalk=''5''", "s='0.010000000000000004'", "selectclause=''7''", "smoothingscheme=''1''", "tabu='4'", "CONdp='0.05'", "adaptiveprom=''1''", "decreasingvariable=''7''", "novnoise='0.27914322354770316'", "performalternatenovelty=''0''", "rfp='0.01'", "updateschemepromlist=''2''", "adaptpromwalkprob=''1''", "promphi='9'", "promtheta='5'"], "cpu_time": 119.87600000000008, "total_cpu_time": null, "cost": 0.005217993079584775, "evaluations": 237, "wallclock_time": 130.13525128364563}
{"incumbent": ["adaptive=''0''", "clausepen=''2''", "performrandomwalk=''0''", "singleclause=''1''", "tabusearch=''1''", "CONadaptwalkprob=''0''", "c='1.6040031307579944e-05'", "heuristic=''6''", "promisinglist=''1''", "s='0.08203925090002566'", "tabu='12'", "CONwp='0.09896587003568143'", "adaptiveprom=''0''", "decreasingvariable=''9''", "novnoise='0.45022803797007904'", "updateschemepromlist=''2''", "CONadaptpromwalkprob=''0''", "promnovnoise='0.5946784655409421'", "CONpromwp='0.02669707498701867'"], "cpu_time": 584.3000000000009, "total_cpu_time": null, "cost": 0.004110000000000001, "evaluations": 390, "wallclock_time": 344.72530007362366}
{"incumbent": ["adaptive=''0''", "clausepen=''2''", "performrandomwalk=''1''", "singleclause=''1''", "tabusearch=''0''", "CONadaptwalkprob=''0''", "c='0.0010427556087252434'", "heuristic=''4''", "promisinglist=''1''", "randomwalk=''1''", "s='0.01087748828208598'", "CONdp='0.05'", "adaptiveprom=''0''", "decreasingvariable=''9''", "novnoise='0.3311621883536007'", "performalternatenovelty=''1''", "rwp='0.01'", "updateschemepromlist=''2''", "CONadaptpromwalkprob=''0''", "promnovnoise='0.5'", "CONpromwp='0.01'"], "cpu_time": 668.2080000000012, "total_cpu_time": null, "cost": 0.002157024793388431, "evaluations": 467, "wallclock_time": 399.92472314834595}
{"incumbent": ["adaptive=''0''", "clausepen=''0''", "performrandomwalk=''0''", "singleclause=''1''", "tabusearch=''0''", "CONadaptwalkprob=''0''", "CONselectclause=''1''", "c='0.010000000000000014'", "heuristic=''2''", "promisinglist=''1''", "s='0.010000000000000004'", "CONwp='0.01'", "adaptiveprom=''0''", "decreasingvariable=''10''", "novnoise='0.3467702969601171'", "performalternatenovelty=''1''", "updateschemepromlist=''3''", "CONadaptpromwalkprob=''0''", "promnovnoise='0.5'", "CONpromdp='0.05'"], "cpu_time": 1013.5080000000006, "total_cpu_time": null, "cost": 0.0012307692307692312, "evaluations": 691, "wallclock_time": 588.6250140666962}
{"incumbent": ["adaptive=''1''", "clausepen=''0''", "performrandomwalk=''1''", "singleclause=''1''", "tabusearch=''1''", "CONselectclause=''1''", "adaptivenoisescheme=''2''", "adaptwalkprob=''0''", "heuristic=''10''", "promisinglist=''1''", "randomwalk=''4''", "tabu='13'", "adaptiveprom=''1''", "decreasingvariable=''10''", "performalternatenovelty=''0''", "phi='8'", "rfp='0.02807585275874902'", "theta='9'", "updateschemepromlist=''2''", "adaptpromwalkprob=''1''", "promphi='4'", "promtheta='9'"], "cpu_time": 1084.712000000001, "total_cpu_time": null, "cost": 0.0010666666666666672, "evaluations": 1042, "wallclock_time": 692.0917053222656}
{"incumbent": ["adaptive=''0''", "clausepen=''0''", "performrandomwalk=''0''", "singleclause=''1''", "tabusearch=''0''", "CONadaptwalkprob=''0''", "CONselectclause=''1''", "c='0.010000000000000014'", "heuristic=''10''", "promisinglist=''1''", "s='0.010000000000000004'", "adaptiveprom=''1''", "decreasingvariable=''10''", "novnoise='0.5280078639888939'", "performalternatenovelty=''0''", "updateschemepromlist=''1''", "adaptpromwalkprob=''0''", "promphi='5'", "promtheta='6'", "promdp='0.05'"], "cpu_time": 2076.320000000011, "total_cpu_time": null, "cost": 0.0008780487804878051, "evaluations": 2073, "wallclock_time": 1287.9545245170593}
{"incumbent": ["adaptive=''0''", "clausepen=''0''", "performrandomwalk=''0''", "singleclause=''1''", "tabusearch=''0''", "CONadaptwalkprob=''0''", "CONselectclause=''1''", "c='0.010000000000000014'", "heuristic=''13''", "promisinglist=''1''", "s='0.010000000000000004'", "CONdp='0.05'", "adaptiveprom=''1''", "decreasingvariable=''10''", "novnoise='0.5719263575679298'", "performalternatenovelty=''0''", "updateschemepromlist=''1''", "adaptpromwalkprob=''0''", "promphi='4'", "promtheta='7'", "promdp='0.05'"], "cpu_time": 3385.5379999999927, "total_cpu_time": null, "cost": 0.0008387573964497042, "evaluations": 3053, "wallclock_time": 1974.8686015605927}
{"incumbent": ["adaptive=''0''", "clausepen=''2''", "performrandomwalk=''1''", "singleclause=''1''", "tabusearch=''0''", "CONadaptwalkprob=''0''", "c='0.0010427556087252434'", "heuristic=''6''", "promisinglist=''1''", "randomwalk=''4''", "s='0.003822834706184574'", "CONwp='0.01'", "adaptiveprom=''1''", "decreasingvariable=''1''", "novnoise='0.1925339295193658'", "rfp='0.01'", "updateschemepromlist=''2''", "adaptpromwalkprob=''0''", "tiebreaking='4'"], "cpu_time": 3655.5699999999874, "total_cpu_time": null, "cost": 0.0007272727272727277, "evaluations": 3405, "wallclock_time": 2154.832446336746}
{"incumbent": ["adaptive=''0''", "clausepen=''0''", "performrandomwalk=''0''", "singleclause=''1''", "tabusearch=''0''", "CONadaptwalkprob=''0''", "CONselectclause=''1''", "c='0.0021699641179392447'", "heuristic=''10''", "promisinglist=''1''", "s='0.020276060271249636'", "adaptiveprom=''1''", "decreasingvariable=''3''", "novnoise='0.5824933422124707'", "performalternatenovelty=''0''", "updateschemepromlist=''3''", "adaptpromwalkprob=''1''"], "cpu_time": 3886.701999999994, "total_cpu_time": null, "cost": 0.0007017543859649127, "evaluations": 3659, "wallclock_time": 2285.1474549770355}
{"incumbent": ["adaptive=''0''", "clausepen=''0''", "performrandomwalk=''0''", "singleclause=''1''", "tabusearch=''0''", "CONadaptwalkprob=''0''", "CONselectclause=''1''", "c='0.0010427556087252434'", "heuristic=''8''", "promisinglist=''0''", "s='0.01087748828208598'", "wpwalk='0.5'"], "cpu_time": 3946.2779999999793, "total_cpu_time": null, "cost": 0.00048275862068965556, "evaluations": 3754, "wallclock_time": 2333.882188796997}
