"CPU Time Used","Estimated Training Performance","Wallclock Time","Incumbent ID","Automatic Configurator (CPU) Time","Configuration..."
0.000000, 2147483648.000000, 0.001538, 1, 0.001538, adaptive=''1'', clausepen=''1'', performrandomwalk=''0'', singleclause=''1'', tabusearch=''0'', adaptivenoisescheme=''1'', adaptwalkprob=''0'', heuristic=''2'', promisinglist=''1'', ps='0.4', selectclause=''1'', smoothingscheme=''1'', adaptiveprom=''0'', decreasingvariable=''3'', performalternatenovelty=''1'', phi='5', theta='6', updateschemepromlist=''3'', wp='0.01', CONadaptpromwalkprob=''0''
5.000000, 50.000000, 7.677898, 1, 2.677898, adaptive=''1'', clausepen=''1'', performrandomwalk=''0'', singleclause=''1'', tabusearch=''0'', adaptivenoisescheme=''1'', adaptwalkprob=''0'', heuristic=''2'', promisinglist=''1'', ps='0.4', selectclause=''1'', smoothingscheme=''1'', adaptiveprom=''0'', decreasingvariable=''3'', performalternatenovelty=''1'', phi='5', theta='6', updateschemepromlist=''3'', wp='0.01', CONadaptpromwalkprob=''0''
16.548000, 0.021360, 17.167663, 2, 0.619663, adaptive=''0'', clausepen=''2'', performrandomwalk=''1'', singleclause=''1'', tabusearch=''0'', CONadaptwalkprob=''0'', c='1.4077503807392722e-06', heuristic=''6'', promisinglist=''1'', randomwalk=''3'', s='0.012133478200897682', CONwp='0.10830871832002271', adaptiveprom=''0'', decreasingvariable=''5'', novnoise='0.43373225487513034', rdp='0.014938502504301258', updateschemepromlist=''1'', CONadaptpromwalkprob=''0'', tiebreaking='3'
26.420000, 0.006182, 28.588894, 5, 2.168894, adaptive=''0'', clausepen=''2'', performrandomwalk=''0'', singleclause=''1'', tabusearch=''1'', CONadaptwalkprob=''0'', c='0.0010427556087252434', heuristic=''10'', promisinglist=''1'', s='0.01087748828208598', tabu='3', adaptiveprom=''1'', decreasingvariable=''1'', novnoise='0.1675817274859307', performalternatenovelty=''0'', updateschemepromlist=''2'', adaptpromwalkprob=''1'', tiebreaking='4'
119.876000, 0.005218, 130.135251, 28, 10.259251, adaptive=''0'', clausepen=''1'', performrandomwalk=''1'', singleclause=''1'', tabusearch=''1'', CONadaptwalkprob=''0'', c='0.010000000000000014', heuristic=''12'', promisinglist=''1'', ps='0.3765469194242693', randomwalk=''5'', s='0.010000000000000004', selectclause=''7'', smoothingscheme=''1'', tabu='4', CONdp='0.05', adaptiveprom=''1'', decreasingvariable=''7'', novnoise='0.27914322354770316', performalternatenovelty=''0'', rfp='0.01', updateschemepromlist=''2'', adaptpromwalkprob=''1'', promphi='9', promtheta='5'
584.300000, 0.004110, 344.725300, 40, -239.574700, adaptive=''0'', clausepen=''2'', performrandomwalk=''0'', singleclause=''1'', tabusearch=''1'', CONadaptwalkprob=''0'', c='1.6040031307579944e-05', heuristic=''6'', promisinglist=''1'', s='0.08203925090002566', tabu='12', CONwp='0.09896587003568143', adaptiveprom=''0'', decreasingvariable=''9'', novnoise='0.45022803797007904', updateschemepromlist=''2'', CONadaptpromwalkprob=''0'', promnovnoise='0.5946784655409421', CONpromwp='0.02669707498701867'
668.208000, 0.002157, 399.924723, 46, -268.283277, adaptive=''0'', clausepen=''2'', performrandomwalk=''1'', singleclause=''1'', tabusearch=''0'', CONadaptwalkprob=''0'', c='0.0010427556087252434', heuristic=''4'', promisinglist=''1'', randomwalk=''1'', s='0.01087748828208598', CONdp='0.05', adaptiveprom=''0'', decreasingvariable=''9'', novnoise='0.3311621883536007', performalternatenovelty=''1'', rwp='0.01', updateschemepromlist=''2'', CONadaptpromwalkprob=''0'', promnovnoise='0.5', CONpromwp='0.01'
1013.508000, 0.001231, 588.625014, 62, -424.882986, adaptive=''0'', clausepen=''0'', performrandomwalk=''0'', singleclause=''1'', tabusearch=''0'', CONadaptwalkprob=''0'', CONselectclause=''1'', c='0.010000000000000014', heuristic=''2'', promisinglist=''1'', s='0.010000000000000004', CONwp='0.01', adaptiveprom=''0'', decreasingvariable=''10'', novnoise='0.3467702969601171', performalternatenovelty=''1'', updateschemepromlist=''3'', CONadaptpromwalkprob=''0'', promnovnoise='0.5', CONpromdp='0.05'
1084.712000, 0.001067, 692.091705, 78, -392.620295, adaptive=''1'', clausepen=''0'', performrandomwalk=''1'', singleclause=''1'', tabusearch=''1'', CONselectclause=''1'', adaptivenoisescheme=''2'', adaptwalkprob=''0'', heuristic=''10'', promisinglist=''1'', randomwalk=''4'', tabu='13', adaptiveprom=''1'', decreasingvariable=''10'', performalternatenovelty=''0'', phi='8', rfp='0.02807585275874902', theta='9', updateschemepromlist=''2'', adaptpromwalkprob=''1'', promphi='4', promtheta='9'
2076.320000, 0.000878, 1287.954525, 118, -788.365475, adaptive=''0'', clausepen=''0'', performrandomwalk=''0'', singleclause=''1'', tabusearch=''0'', CONadaptwalkprob=''0'', CONselectclause=''1'', c='0.010000000000000014', heuristic=''10'', promisinglist=''1'', s='0.010000000000000004', adaptiveprom=''1'', decreasingvariable=''10'', novnoise='0.5280078639888939', performalternatenovelty=''0'', updateschemepromlist=''1'', adaptpromwalkprob=''0'', promphi='5', promtheta='6', promdp='0.05'
3385.538000, 0.000839, 1974.868602, 160, -1410.669398, adaptive=''0'', clausepen=''0'', performrandomwalk=''0'', singleclause=''1'', tabusearch=''0'', CONadaptwalkprob=''0'', CONselectclause=''1'', c='0.010000000000000014', heuristic=''13'', promisinglist=''1'', s='0.010000000000000004', CONdp='0.05', adaptiveprom=''1'', decreasingvariable=''10'', novnoise='0.5719263575679298', performalternatenovelty=''0'', updateschemepromlist=''1'', adaptpromwalkprob=''0'', promphi='4', promtheta='7', promdp='0.05'
3655.570000, 0.000727, 2154.832446, 172, -1500.737554, adaptive=''0'', clausepen=''2'', performrandomwalk=''1'', singleclause=''1'', tabusearch=''0'', CONadaptwalkprob=''0'', c='0.0010427556087252434', heuristic=''6'', promisinglist=''1'', randomwalk=''4'', s='0.003822834706184574', CONwp='0.01', adaptiveprom=''1'', decreasingvariable=''1'', novnoise='0.1925339295193658', rfp='0.01', updateschemepromlist=''2'', adaptpromwalkprob=''0'', tiebreaking='4'
3886.702000, 0.000702, 2285.147455, 181, -1601.554545, adaptive=''0'', clausepen=''0'', performrandomwalk=''0'', singleclause=''1'', tabusearch=''0'', CONadaptwalkprob=''0'', CONselectclause=''1'', c='0.0021699641179392447', heuristic=''10'', promisinglist=''1'', s='0.020276060271249636', adaptiveprom=''1'', decreasingvariable=''3'', novnoise='0.5824933422124707', performalternatenovelty=''0'', updateschemepromlist=''3'', adaptpromwalkprob=''1''
3946.278000, 0.000483, 2333.882189, 184, -1612.395811, adaptive=''0'', clausepen=''0'', performrandomwalk=''0'', singleclause=''1'', tabusearch=''0'', CONadaptwalkprob=''0'', CONselectclause=''1'', c='0.0010427556087252434', heuristic=''8'', promisinglist=''0'', s='0.01087748828208598', wpwalk='0.5'
