{"incumbent": ["sp-clause-activity-inc='1.0'", "sp-clause-decay='1.4'", "sp-clause-del-heur=''2''", "sp-first-restart='100'", "sp-learned-clause-sort-heur=''0''", "sp-learned-clauses-inc='1.3'", "sp-learned-size-factor='0.4'", "sp-orig-clause-sort-heur=''0''", "sp-phase-dec-heur=''5''", "sp-rand-var-dec-freq=''0.001''", "sp-resolution=''1''", "sp-restart-inc='1.5'", "sp-update-dec-queue=''1''", "sp-use-pure-literal-rule=''1''", "sp-var-activity-inc='1.0'", "sp-var-dec-heur=''0''", "sp-variable-decay='1.4'", "sp-max-res-lit-inc='1.0'", "sp-max-res-runs='4'", "sp-rand-phase-dec-freq=''0.001''", "sp-rand-var-dec-scaling='1.0'", "sp-res-cutoff-cls='8'", "sp-res-cutoff-lits='400'", "sp-res-order-heur=''0''", "sp-rand-phase-scaling='1.0'"], "cpu_time": 0, "total_cpu_time": null, "cost": 2147483648, "evaluations": 0, "wallclock_time": 0.0009417533874511719}
{"incumbent": ["sp-clause-activity-inc='1.0'", "sp-clause-decay='1.4'", "sp-clause-del-heur=''2''", "sp-first-restart='100'", "sp-learned-clause-sort-heur=''0''", "sp-learned-clauses-inc='1.3'", "sp-learned-size-factor='0.4'", "sp-orig-clause-sort-heur=''0''", "sp-phase-dec-heur=''5''", "sp-rand-var-dec-freq=''0.001''", "sp-resolution=''1''", "sp-restart-inc='1.5'", "sp-update-dec-queue=''1''", "sp-use-pure-literal-rule=''1''", "sp-var-activity-inc='1.0'", "sp-var-dec-heur=''0''", "sp-variable-decay='1.4'", "sp-max-res-lit-inc='1.0'", "sp-max-res-runs='4'", "sp-rand-phase-dec-freq=''0.001''", "sp-rand-var-dec-scaling='1.0'", "sp-res-cutoff-cls='8'", "sp-res-cutoff-lits='400'", "sp-res-order-heur=''0''", "sp-rand-phase-scaling='1.0'"], "cpu_time": 0.012, "total_cpu_time": null, "cost": 0.012, "evaluations": 1, "wallclock_time": 0.17482519149780273}
{"incumbent": ["sp-clause-activity-inc='1.0'", "sp-clause-decay='1.4'", "sp-clause-del-heur=''2''", "sp-first-restart='100'", "sp-learned-clause-sort-heur=''0''", "sp-learned-clauses-inc='1.3'", "sp-learned-size-factor='0.39999999999999997'", "sp-orig-clause-sort-heur=''0''", "sp-phase-dec-heur=''5''", "sp-rand-var-dec-freq=''0.001''", "sp-resolution=''1''", "sp-restart-inc='1.5'", "sp-update-dec-queue=''1''", "sp-use-pure-literal-rule=''1''", "sp-var-activity-inc='1.0'", "sp-var-dec-heur=''0''", "sp-variable-decay='1.4'", "sp-max-res-lit-inc='2.149409698076255'", "sp-max-res-runs='4'", "sp-rand-phase-dec-freq=''0.001''", "sp-rand-var-dec-scaling='1.0'", "sp-res-cutoff-cls='8'", "sp-res-cutoff-lits='400'", "sp-res-order-heur=''0''", "sp-rand-phase-scaling='1.0'"], "cpu_time": 105.48800000000001, "total_cpu_time": null, "cost": 0.07522222222222223, "evaluations": 46, "wallclock_time": 101.12788414955139}
{"incumbent": ["sp-clause-activity-inc='0.9117974398025444'", "sp-clause-decay='1.4'", "sp-clause-del-heur=''2''", "sp-first-restart='100'", "sp-learned-clause-sort-heur=''10''", "sp-learned-clauses-inc='1.3'", "sp-learned-size-factor='0.39999999999999997'", "sp-orig-clause-sort-heur=''0''", "sp-phase-dec-heur=''5''", "sp-rand-var-dec-freq=''0.001''", "sp-resolution=''1''", "sp-restart-inc='1.5'", "sp-update-dec-queue=''0''", "sp-use-pure-literal-rule=''1''", "sp-var-activity-inc='1.0'", "sp-var-dec-heur=''0''", "sp-variable-decay='1.4'", "sp-max-res-lit-inc='3.2003976988193124'", "sp-max-res-runs='4'", "sp-rand-phase-dec-freq=''0.001''", "sp-rand-var-dec-scaling='1.0'", "sp-res-cutoff-cls='16'", "sp-res-cutoff-lits='400'", "sp-res-order-heur=''0''", "sp-rand-phase-scaling='0.9272821793608153'"], "cpu_time": 126.06, "total_cpu_time": null, "cost": 0.06478106508875738, "evaluations": 68, "wallclock_time": 139.58464455604553}
{"incumbent": ["sp-clause-activity-inc='1.0'", "sp-clause-decay='1.4'", "sp-clause-del-heur=''2''", "sp-first-restart='100'", "sp-learned-clause-sort-heur=''8''", "sp-learned-clauses-inc='1.3'", "sp-learned-size-factor='0.39999999999999997'", "sp-orig-clause-sort-heur=''0''", "sp-phase-dec-heur=''5''", "sp-rand-var-dec-freq=''0.005''", "sp-resolution=''1''", "sp-restart-inc='1.5'", "sp-update-dec-queue=''0''", "sp-use-pure-literal-rule=''1''", "sp-var-activity-inc='1.0'", "sp-var-dec-heur=''0''", "sp-variable-decay='1.4'", "sp-max-res-lit-inc='1.1302271212437203'", "sp-max-res-runs='4'", "sp-rand-phase-dec-freq=''0.001''", "sp-rand-var-dec-scaling='1.0'", "sp-res-cutoff-cls='5'", "sp-res-cutoff-lits='400'", "sp-res-order-heur=''0''", "sp-rand-phase-scaling='0.8728035888999215'"], "cpu_time": 255.31200000000007, "total_cpu_time": null, "cost": 0.053896193771626286, "evaluations": 173, "wallclock_time": 478.12305903434753}
{"incumbent": ["sp-clause-activity-inc='0.8595801382382406'", "sp-clause-decay='1.4'", "sp-clause-del-heur=''0''", "sp-first-restart='94'", "sp-learned-clause-sort-heur=''0''", "sp-learned-clauses-inc='1.3'", "sp-learned-size-factor='0.39999999999999997'", "sp-orig-clause-sort-heur=''0''", "sp-phase-dec-heur=''5''", "sp-rand-var-dec-freq=''0.001''", "sp-resolution=''2''", "sp-restart-inc='1.455914598245984'", "sp-update-dec-queue=''0''", "sp-use-pure-literal-rule=''1''", "sp-var-activity-inc='1.0'", "sp-var-dec-heur=''7''", "sp-variable-decay='1.1007577559479966'", "sp-max-res-lit-inc='1.263357907098234'", "sp-max-res-runs='4'", "sp-rand-phase-dec-freq=''0.001''", "sp-rand-var-dec-scaling='1.0'", "sp-res-cutoff-cls='11'", "sp-res-cutoff-lits='806'", "sp-res-order-heur=''0''", "sp-rand-phase-scaling='0.8237069658016116'"], "cpu_time": 367.9440000000002, "total_cpu_time": null, "cost": 0.04492999999999999, "evaluations": 280, "wallclock_time": 785.745867729187}
{"incumbent": ["sp-clause-activity-inc='0.9237133446938236'", "sp-clause-decay='1.4580710309512586'", "sp-clause-del-heur=''2''", "sp-first-restart='100'", "sp-learned-clause-sort-heur=''17''", "sp-learned-clauses-inc='1.3'", "sp-learned-size-factor='1.2386693561069042'", "sp-orig-clause-sort-heur=''0''", "sp-phase-dec-heur=''5''", "sp-rand-var-dec-freq=''0''", "sp-resolution=''1''", "sp-restart-inc='1.5'", "sp-update-dec-queue=''0''", "sp-use-pure-literal-rule=''1''", "sp-var-activity-inc='1.0'", "sp-var-dec-heur=''6''", "sp-variable-decay='1.423463130090316'", "sp-max-res-lit-inc='1.127464062173561'", "sp-max-res-runs='4'", "sp-rand-phase-dec-freq=''0.001''", "sp-res-cutoff-cls='3'", "sp-res-cutoff-lits='784'", "sp-res-order-heur=''0''", "sp-rand-phase-scaling='0.7262281006532938'"], "cpu_time": 487.9319999999999, "total_cpu_time": null, "cost": 0.03731568998109641, "evaluations": 403, "wallclock_time": 1136.679526567459}
{"incumbent": ["sp-clause-activity-inc='0.7230341703793703'", "sp-clause-decay='1.4'", "sp-clause-del-heur=''2''", "sp-first-restart='183'", "sp-learned-clause-sort-heur=''15''", "sp-learned-clauses-inc='1.3'", "sp-learned-size-factor='0.9710131486743718'", "sp-orig-clause-sort-heur=''0''", "sp-phase-dec-heur=''5''", "sp-rand-var-dec-freq=''0.005''", "sp-resolution=''1''", "sp-restart-inc='1.2336833671675387'", "sp-update-dec-queue=''0''", "sp-use-pure-literal-rule=''1''", "sp-var-activity-inc='1.0'", "sp-var-dec-heur=''16''", "sp-variable-decay='1.0363418086554002'", "sp-max-res-lit-inc='1.0971458514729102'", "sp-max-res-runs='4'", "sp-rand-phase-dec-freq=''0.001''", "sp-rand-var-dec-scaling='0.5821788295044573'", "sp-res-cutoff-cls='2'", "sp-res-cutoff-lits='822'", "sp-res-order-heur=''0''", "sp-rand-phase-scaling='0.8840566034903565'"], "cpu_time": 528.2119999999998, "total_cpu_time": null, "cost": 0.03343749999999999, "evaluations": 440, "wallclock_time": 1254.931948184967}
{"incumbent": ["sp-clause-activity-inc='1.0'", "sp-clause-decay='1.4'", "sp-clause-del-heur=''2''", "sp-first-restart='240'", "sp-learned-clause-sort-heur=''8''", "sp-learned-clauses-inc='1.3'", "sp-learned-size-factor='0.39999999999999997'", "sp-orig-clause-sort-heur=''0''", "sp-phase-dec-heur=''5''", "sp-rand-var-dec-freq=''0.005''", "sp-resolution=''2''", "sp-restart-inc='1.240470200916777'", "sp-update-dec-queue=''0''", "sp-use-pure-literal-rule=''1''", "sp-var-activity-inc='1.0'", "sp-var-dec-heur=''16''", "sp-variable-decay='1.0818104818289507'", "sp-max-res-lit-inc='0.6113170697345355'", "sp-max-res-runs='4'", "sp-rand-phase-dec-freq=''0.001''", "sp-rand-var-dec-scaling='0.45613850721343285'", "sp-res-cutoff-cls='2'", "sp-res-cutoff-lits='1182'", "sp-res-order-heur=''0''", "sp-rand-phase-scaling='0.821052945304328'"], "cpu_time": 688.6639999999992, "total_cpu_time": null, "cost": 0.02837278106508875, "evaluations": 537, "wallclock_time": 1549.430520772934}
{"incumbent": ["sp-clause-activity-inc='1.1867516242350358'", "sp-clause-decay='1.458650608940753'", "sp-clause-del-heur=''2''", "sp-first-restart='240'", "sp-learned-clause-sort-heur=''8''", "sp-learned-clauses-inc='1.3'", "sp-learned-size-factor='1.4606433889320445'", "sp-orig-clause-sort-heur=''15''", "sp-phase-dec-heur=''5''", "sp-rand-var-dec-freq=''0.005''", "sp-resolution=''0''", "sp-restart-inc='1.495173233776515'", "sp-update-dec-queue=''0''", "sp-use-pure-literal-rule=''1''", "sp-var-activity-inc='1.0'", "sp-var-dec-heur=''16''", "sp-variable-decay='1.0248108025523512'", "sp-rand-phase-dec-freq=''0.001''", "sp-rand-var-dec-scaling='0.7775701210354198'", "sp-rand-phase-scaling='0.8685972110475002'"], "cpu_time": 1055.4639999999981, "total_cpu_time": null, "cost": 0.02712213039485766, "evaluations": 948, "wallclock_time": 2322.1496889591217}
{"incumbent": ["sp-clause-activity-inc='1.3086135707271385'", "sp-clause-decay='1.4313769993978704'", "sp-clause-del-heur=''2''", "sp-first-restart='1645'", "sp-learned-clause-sort-heur=''0''", "sp-learned-clauses-inc='1.120547030509297'", "sp-learned-size-factor='1.5325827187434862'", "sp-orig-clause-sort-heur=''12''", "sp-phase-dec-heur=''5''", "sp-rand-var-dec-freq=''0.005''", "sp-resolution=''0''", "sp-restart-inc='1.5360232024785465'", "sp-update-dec-queue=''0''", "sp-use-pure-literal-rule=''1''", "sp-var-activity-inc='1.3770476653066177'", "sp-var-dec-heur=''16''", "sp-variable-decay='1.1211797941163868'", "sp-rand-phase-dec-freq=''0.005''", "sp-rand-var-dec-scaling='0.5661413738072947'", "sp-rand-phase-scaling='0.9639897429359692'"], "cpu_time": 1494.5799999999933, "total_cpu_time": null, "cost": 0.02600394477317553, "evaluations": 1373, "wallclock_time": 3043.1062066555023}
{"incumbent": ["sp-clause-activity-inc='0.857658300373037'", "sp-clause-decay='1.4370101844889682'", "sp-clause-del-heur=''2''", "sp-first-restart='1084'", "sp-learned-clause-sort-heur=''0''", "sp-learned-clauses-inc='1.1089231194129947'", "sp-learned-size-factor='1.5722951174450661'", "sp-orig-clause-sort-heur=''13''", "sp-phase-dec-heur=''6''", "sp-rand-var-dec-freq=''0.005''", "sp-resolution=''0''", "sp-restart-inc='1.3336775284865594'", "sp-update-dec-queue=''1''", "sp-use-pure-literal-rule=''0''", "sp-var-activity-inc='1.4159743897933357'", "sp-var-dec-heur=''16''", "sp-variable-decay='1.0235649866956735'", "sp-rand-phase-dec-freq=''0.05''", "sp-rand-var-dec-scaling='0.3765187841878967'", "sp-rand-phase-scaling='1.0'"], "cpu_time": 1574.7679999999932, "total_cpu_time": null, "cost": 0.025162499999999987, "evaluations": 1452, "wallclock_time": 3165.471652030945}
{"incumbent": ["sp-clause-activity-inc='1.1809372175143595'", "sp-clause-decay='1.5839007348060015'", "sp-clause-del-heur=''2''", "sp-first-restart='463'", "sp-learned-clause-sort-heur=''0''", "sp-learned-clauses-inc='1.1123820283835122'", "sp-learned-size-factor='1.5606834897120672'", "sp-orig-clause-sort-heur=''13''", "sp-phase-dec-heur=''0''", "sp-rand-var-dec-freq=''0.005''", "sp-resolution=''2''", "sp-restart-inc='1.7304498467908385'", "sp-update-dec-queue=''0''", "sp-use-pure-literal-rule=''1''", "sp-var-activity-inc='1.4159743897933357'", "sp-var-dec-heur=''16''", "sp-variable-decay='1.1758419574768835'", "sp-max-res-lit-inc='1.0'", "sp-max-res-runs='4'", "sp-rand-phase-dec-freq=''0.01''", "sp-rand-var-dec-scaling='0.5613650737546896'", "sp-res-cutoff-cls='8'", "sp-res-cutoff-lits='400'", "sp-res-order-heur=''0''", "sp-rand-phase-scaling='1.0'"], "cpu_time": 1733.3399999999924, "total_cpu_time": null, "cost": 0.022739229024943304, "evaluations": 1609, "wallclock_time": 3446.6255526542664}
{"incumbent": ["sp-clause-activity-inc='1.2791105354514607'", "sp-clause-decay='1.8449164237388649'", "sp-clause-del-heur=''2''", "sp-first-restart='2886'", "sp-learned-clause-sort-heur=''8''", "sp-learned-clauses-inc='1.354169816650204'", "sp-learned-size-factor='0.9375546662225611'", "sp-orig-clause-sort-heur=''15''", "sp-phase-dec-heur=''2''", "sp-rand-var-dec-freq=''0.005''", "sp-resolution=''0''", "sp-restart-inc='1.2367777941701097'", "sp-update-dec-queue=''0''", "sp-use-pure-literal-rule=''0''", "sp-var-activity-inc='1.233515568342049'", "sp-var-dec-heur=''16''", "sp-variable-decay='1.0392969548236108'", "sp-rand-var-dec-scaling='0.9634249999963447'"], "cpu_time": 1812.1919999999925, "total_cpu_time": null, "cost": 0.021823688480259586, "evaluations": 1688, "wallclock_time": 3570.975126504898}
{"incumbent": ["sp-clause-activity-inc='1.4790046960084309'", "sp-clause-decay='1.8861929541525337'", "sp-clause-del-heur=''2''", "sp-first-restart='43'", "sp-learned-clause-sort-heur=''8''", "sp-learned-clauses-inc='1.3344832721480466'", "sp-learned-size-factor='1.5263444525483802'", "sp-orig-clause-sort-heur=''13''", "sp-phase-dec-heur=''2''", "sp-rand-var-dec-freq=''0.005''", "sp-resolution=''0''", "sp-restart-inc='1.2147546688575566'", "sp-update-dec-queue=''0''", "sp-use-pure-literal-rule=''1''", "sp-var-activity-inc='1.4544859974692348'", "sp-var-dec-heur=''16''", "sp-variable-decay='1.0491295879236244'", "sp-rand-var-dec-scaling='0.951213307811843'"], "cpu_time": 1891.8919999999912, "total_cpu_time": null, "cost": 0.02052892561983471, "evaluations": 1772, "wallclock_time": 3694.646832704544}
{"incumbent": ["sp-clause-activity-inc='1.4790046960084309'", "sp-clause-decay='1.8861929541525337'", "sp-clause-del-heur=''2''", "sp-first-restart='43'", "sp-learned-clause-sort-heur=''8''", "sp-learned-clauses-inc='1.2782641651785112'", "sp-learned-size-factor='0.6768272618921353'", "sp-orig-clause-sort-heur=''9''", "sp-phase-dec-heur=''2''", "sp-rand-var-dec-freq=''0.005''", "sp-resolution=''0''", "sp-restart-inc='1.2147546688575566'", "sp-update-dec-queue=''1''", "sp-use-pure-literal-rule=''1''", "sp-var-activity-inc='1.4544859974692348'", "sp-var-dec-heur=''16''", "sp-variable-decay='1.017725320016003'", "sp-rand-var-dec-scaling='0.8487628605450239'"], "cpu_time": 1971.9559999999904, "total_cpu_time": null, "cost": 0.019557530864197533, "evaluations": 1856, "wallclock_time": 3827.3871154785156}
{"incumbent": ["sp-clause-activity-inc='1.3510452788400795'", "sp-clause-decay='1.8300020783986142'", "sp-clause-del-heur=''0''", "sp-first-restart='654'", "sp-learned-clause-sort-heur=''8''", "sp-learned-clauses-inc='1.345904840229803'", "sp-learned-size-factor='0.9852978583439572'", "sp-orig-clause-sort-heur=''2''", "sp-phase-dec-heur=''2''", "sp-rand-var-dec-freq=''0.005''", "sp-resolution=''0''", "sp-restart-inc='1.2367777941701097'", "sp-update-dec-queue=''1''", "sp-use-pure-literal-rule=''0''", "sp-var-activity-inc='1.4231221565143746'", "sp-var-dec-heur=''16''", "sp-variable-decay='1.3187645743693182'", "sp-rand-var-dec-scaling='0.6209338847421073'"], "cpu_time": 2050.467999999989, "total_cpu_time": null, "cost": 0.0185633270321361, "evaluations": 1941, "wallclock_time": 3954.809409379959}
{"incumbent": ["sp-clause-activity-inc='1.3532073133105897'", "sp-clause-decay='1.728841406614277'", "sp-clause-del-heur=''0''", "sp-first-restart='788'", "sp-learned-clause-sort-heur=''5''", "sp-learned-clauses-inc='1.2201932552918175'", "sp-learned-size-factor='1.171005516375159'", "sp-orig-clause-sort-heur=''2''", "sp-phase-dec-heur=''2''", "sp-rand-var-dec-freq=''0.005''", "sp-resolution=''0''", "sp-restart-inc='1.122158304439733'", "sp-update-dec-queue=''0''", "sp-use-pure-literal-rule=''1''", "sp-var-activity-inc='1.3304697110035055'", "sp-var-dec-heur=''16''", "sp-variable-decay='1.0205373776177804'", "sp-rand-var-dec-scaling='0.6993841496788906'"], "cpu_time": 2126.9599999999846, "total_cpu_time": null, "cost": 0.01789588048890901, "evaluations": 2023, "wallclock_time": 4078.893787384033}
{"incumbent": ["sp-clause-activity-inc='1.470704354766104'", "sp-clause-decay='1.849043771309859'", "sp-clause-del-heur=''0''", "sp-first-restart='264'", "sp-learned-clause-sort-heur=''8''", "sp-learned-clauses-inc='1.339143143178573'", "sp-learned-size-factor='1.0554250255539877'", "sp-orig-clause-sort-heur=''16''", "sp-phase-dec-heur=''2''", "sp-rand-var-dec-freq=''0.005''", "sp-resolution=''0''", "sp-restart-inc='1.2819551960851971'", "sp-update-dec-queue=''0''", "sp-use-pure-literal-rule=''0''", "sp-var-activity-inc='1.3454508052580971'", "sp-var-dec-heur=''16''", "sp-variable-decay='1.167716610241913'", "sp-rand-var-dec-scaling='0.7496151506582593'"], "cpu_time": 2204.2359999999812, "total_cpu_time": null, "cost": 0.0175017361111111, "evaluations": 2106, "wallclock_time": 4209.708101272583}
{"incumbent": ["sp-clause-activity-inc='1.3588993826649298'", "sp-clause-decay='1.8300020783986142'", "sp-clause-del-heur=''2''", "sp-first-restart='382'", "sp-learned-clause-sort-heur=''8''", "sp-learned-clauses-inc='1.425794334091602'", "sp-learned-size-factor='1.1824047567709353'", "sp-orig-clause-sort-heur=''13''", "sp-phase-dec-heur=''2''", "sp-rand-var-dec-freq=''0.005''", "sp-resolution=''0''", "sp-restart-inc='1.2367777941701097'", "sp-update-dec-queue=''1''", "sp-use-pure-literal-rule=''0''", "sp-var-activity-inc='1.4320665253088412'", "sp-var-dec-heur=''16''", "sp-variable-decay='1.1295983356209316'", "sp-rand-var-dec-scaling='0.8353686632525885'"], "cpu_time": 2283.5719999999774, "total_cpu_time": null, "cost": 0.016504789670970417, "evaluations": 2203, "wallclock_time": 4330.596083879471}
{"incumbent": ["sp-clause-activity-inc='1.3670376384553091'", "sp-clause-decay='1.8861929541525337'", "sp-clause-del-heur=''1''", "sp-first-restart='471'", "sp-learned-clause-sort-heur=''8''", "sp-learned-clauses-inc='1.324052407863149'", "sp-learned-size-factor='1.1413429630877996'", "sp-orig-clause-sort-heur=''2''", "sp-phase-dec-heur=''2''", "sp-rand-var-dec-freq=''0.005''", "sp-resolution=''0''", "sp-restart-inc='1.1969303840245231'", "sp-update-dec-queue=''0''", "sp-use-pure-literal-rule=''0''", "sp-var-activity-inc='1.3929595641652022'", "sp-var-dec-heur=''16''", "sp-variable-decay='1.141187561291734'", "sp-rand-var-dec-scaling='0.9368897503703872'"], "cpu_time": 2449.3079999999723, "total_cpu_time": null, "cost": 0.015394079200307572, "evaluations": 2392, "wallclock_time": 4592.085348367691}
{"incumbent": ["sp-clause-activity-inc='1.3885490435627261'", "sp-clause-decay='1.851360884877292'", "sp-clause-del-heur=''2''", "sp-first-restart='222'", "sp-learned-clause-sort-heur=''8''", "sp-learned-clauses-inc='1.3316639894892532'", "sp-learned-size-factor='0.9979012983642331'", "sp-orig-clause-sort-heur=''15''", "sp-phase-dec-heur=''2''", "sp-rand-var-dec-freq=''0.005''", "sp-resolution=''0''", "sp-restart-inc='1.2498293624558334'", "sp-update-dec-queue=''0''", "sp-use-pure-literal-rule=''0''", "sp-var-activity-inc='1.216311388382722'", "sp-var-dec-heur=''16''", "sp-variable-decay='1.0805028770109348'", "sp-rand-var-dec-scaling='0.7396972333673544'"], "cpu_time": 2529.5519999999683, "total_cpu_time": null, "cost": 0.014837278106508877, "evaluations": 2493, "wallclock_time": 4735.12181687355}
{"incumbent": ["sp-clause-activity-inc='1.3885490435627261'", "sp-clause-decay='1.5710465031672345'", "sp-clause-del-heur=''2''", "sp-first-restart='222'", "sp-learned-clause-sort-heur=''8''", "sp-learned-clauses-inc='1.1708748941761922'", "sp-learned-size-factor='0.82113814219059'", "sp-orig-clause-sort-heur=''2''", "sp-phase-dec-heur=''2''", "sp-rand-var-dec-freq=''0.005''", "sp-resolution=''0''", "sp-restart-inc='1.2821997582588416'", "sp-update-dec-queue=''0''", "sp-use-pure-literal-rule=''0''", "sp-var-activity-inc='1.4309558509764448'", "sp-var-dec-heur=''16''", "sp-variable-decay='1.019735021646626'", "sp-rand-var-dec-scaling='0.9122490688803051'"], "cpu_time": 3082.791999999954, "total_cpu_time": null, "cost": 0.014479191438763379, "evaluations": 3148, "wallclock_time": 5626.720098018646}
{"incumbent": ["sp-clause-activity-inc='1.3734325220726582'", "sp-clause-decay='1.9206515468554795'", "sp-clause-del-heur=''2''", "sp-first-restart='367'", "sp-learned-clause-sort-heur=''8''", "sp-learned-clauses-inc='1.3375589459364856'", "sp-learned-size-factor='1.0134732635989587'", "sp-orig-clause-sort-heur=''6''", "sp-phase-dec-heur=''2''", "sp-rand-var-dec-freq=''0.005''", "sp-resolution=''0''", "sp-restart-inc='1.2569616095951988'", "sp-update-dec-queue=''0''", "sp-use-pure-literal-rule=''0''", "sp-var-activity-inc='1.3974661800556147'", "sp-var-dec-heur=''16''", "sp-variable-decay='1.0452533183873838'", "sp-rand-var-dec-scaling='0.9192715989157714'"], "cpu_time": 3176.1239999999516, "total_cpu_time": null, "cost": 0.013673082447572534, "evaluations": 3261, "wallclock_time": 5776.332332134247}
{"incumbent": ["sp-clause-activity-inc='1.4778043760899615'", "sp-clause-decay='1.9563396979673002'", "sp-clause-del-heur=''0''", "sp-first-restart='366'", "sp-learned-clause-sort-heur=''0''", "sp-learned-clauses-inc='1.3365424155137928'", "sp-learned-size-factor='1.4809401082808993'", "sp-orig-clause-sort-heur=''13''", "sp-phase-dec-heur=''2''", "sp-rand-var-dec-freq=''0.005''", "sp-resolution=''0''", "sp-restart-inc='1.2706672453113288'", "sp-update-dec-queue=''0''", "sp-use-pure-literal-rule=''1''", "sp-var-activity-inc='1.3740723557848462'", "sp-var-dec-heur=''16''", "sp-variable-decay='1.075589266323315'", "sp-rand-var-dec-scaling='0.8919936204664178'"], "cpu_time": 3269.1679999999487, "total_cpu_time": null, "cost": 0.013391111111111114, "evaluations": 3374, "wallclock_time": 5915.837380886078}
{"incumbent": ["sp-clause-activity-inc='1.4109905717756135'", "sp-clause-decay='1.9003097980077928'", "sp-clause-del-heur=''0''", "sp-first-restart='366'", "sp-learned-clause-sort-heur=''8''", "sp-learned-clauses-inc='1.3130948256834034'", "sp-learned-size-factor='0.7913442980316909'", "sp-orig-clause-sort-heur=''2''", "sp-phase-dec-heur=''2''", "sp-rand-var-dec-freq=''0.0001''", "sp-resolution=''0''", "sp-restart-inc='1.1937767487869417'", "sp-update-dec-queue=''0''", "sp-use-pure-literal-rule=''0''", "sp-var-activity-inc='1.2466846963125509'", "sp-var-dec-heur=''16''", "sp-variable-decay='1.428322375244538'", "sp-rand-var-dec-scaling='0.8571314248190176'"], "cpu_time": 3687.0419999999363, "total_cpu_time": null, "cost": 0.013161132812500002, "evaluations": 3861, "wallclock_time": 6540.039293766022}
{"incumbent": ["sp-clause-activity-inc='1.4035863015573145'", "sp-clause-decay='1.5451418511788977'", "sp-clause-del-heur=''2''", "sp-first-restart='366'", "sp-learned-clause-sort-heur=''0''", "sp-learned-clauses-inc='1.3273668330121167'", "sp-learned-size-factor='1.1605370036193576'", "sp-orig-clause-sort-heur=''13''", "sp-phase-dec-heur=''2''", "sp-rand-var-dec-freq=''0.0001''", "sp-resolution=''0''", "sp-restart-inc='1.3626887076768945'", "sp-update-dec-queue=''0''", "sp-use-pure-literal-rule=''0''", "sp-var-activity-inc='1.2843899981015308'", "sp-var-dec-heur=''16''", "sp-variable-decay='1.120132884478251'", "sp-rand-var-dec-scaling='1.0420784271247254'"], "cpu_time": 3794.4099999999326, "total_cpu_time": null, "cost": 0.012753609467455625, "evaluations": 3991, "wallclock_time": 6685.749195098877}
{"incumbent": ["sp-clause-activity-inc='1.383193529635745'", "sp-clause-decay='1.8846293294511416'", "sp-clause-del-heur=''0''", "sp-first-restart='366'", "sp-learned-clause-sort-heur=''19''", "sp-learned-clauses-inc='1.2101178820010907'", "sp-learned-size-factor='1.0505376928022834'", "sp-orig-clause-sort-heur=''15''", "sp-phase-dec-heur=''2''", "sp-rand-var-dec-freq=''0.005''", "sp-resolution=''0''", "sp-restart-inc='1.2292428461927873'", "sp-update-dec-queue=''0''", "sp-use-pure-literal-rule=''1''", "sp-var-activity-inc='1.41530412594604'", "sp-var-dec-heur=''16''", "sp-variable-decay='1.0057709929397989'", "sp-clause-inversion=''1''", "sp-rand-var-dec-scaling='0.913055441655529'"], "cpu_time": 3900.53399999993, "total_cpu_time": null, "cost": 0.012136822773186404, "evaluations": 4122, "wallclock_time": 6854.760210037231}
{"incumbent": ["sp-clause-activity-inc='1.3877296931789864'", "sp-clause-decay='1.6562271412677836'", "sp-clause-del-heur=''0''", "sp-first-restart='366'", "sp-learned-clause-sort-heur=''7''", "sp-learned-clauses-inc='1.2933285656075273'", "sp-learned-size-factor='1.0564097566981385'", "sp-orig-clause-sort-heur=''16''", "sp-phase-dec-heur=''2''", "sp-rand-var-dec-freq=''0.001''", "sp-resolution=''0''", "sp-restart-inc='1.3582504559918003'", "sp-update-dec-queue=''1''", "sp-use-pure-literal-rule=''0''", "sp-var-activity-inc='1.3362618610694907'", "sp-var-dec-heur=''16''", "sp-variable-decay='1.0057709929397989'", "sp-rand-var-dec-scaling='0.6795192684792085'"], "cpu_time": 4110.009999999927, "total_cpu_time": null, "cost": 0.011600346020761248, "evaluations": 4377, "wallclock_time": 7178.103368282318}
{"incumbent": ["sp-clause-activity-inc='1.4048048736726009'", "sp-clause-decay='1.507731961275679'", "sp-clause-del-heur=''0''", "sp-first-restart='366'", "sp-learned-clause-sort-heur=''19''", "sp-learned-clauses-inc='1.3183968391467922'", "sp-learned-size-factor='1.210186335313626'", "sp-orig-clause-sort-heur=''13''", "sp-phase-dec-heur=''2''", "sp-rand-var-dec-freq=''0.005''", "sp-resolution=''0''", "sp-restart-inc='1.2253636200157692'", "sp-update-dec-queue=''0''", "sp-use-pure-literal-rule=''0''", "sp-var-activity-inc='1.3023403997713565'", "sp-var-dec-heur=''16''", "sp-variable-decay='1.0098848846942876'", "sp-clause-inversion=''1''", "sp-rand-var-dec-scaling='1.0077182852677493'"], "cpu_time": 4561.829999999962, "total_cpu_time": null, "cost": 0.01141589506172839, "evaluations": 4928, "wallclock_time": 7810.093394756317}
{"incumbent": ["sp-clause-activity-inc='1.0276231650990686'", "sp-clause-decay='1.3993681497192'", "sp-clause-del-heur=''1''", "sp-first-restart='366'", "sp-learned-clause-sort-heur=''0''", "sp-learned-clauses-inc='1.3059612388330746'", "sp-learned-size-factor='1.2189464185234036'", "sp-orig-clause-sort-heur=''13''", "sp-phase-dec-heur=''2''", "sp-rand-var-dec-freq=''0.005''", "sp-resolution=''0''", "sp-restart-inc='1.2206621544518077'", "sp-update-dec-queue=''0''", "sp-use-pure-literal-rule=''0''", "sp-var-activity-inc='1.2585272926020765'", "sp-var-dec-heur=''16''", "sp-variable-decay='1.0417079164005154'", "sp-rand-var-dec-scaling='1.0134086625413419'"], "cpu_time": 4679.361999999966, "total_cpu_time": null, "cost": 0.011003190091949708, "evaluations": 5071, "wallclock_time": 7966.401526451111}
{"incumbent": ["sp-clause-activity-inc='1.3784349315712703'", "sp-clause-decay='1.8797284134503718'", "sp-clause-del-heur=''1''", "sp-first-restart='366'", "sp-learned-clause-sort-heur=''19''", "sp-learned-clauses-inc='1.3319915788144931'", "sp-learned-size-factor='0.5581312859573383'", "sp-orig-clause-sort-heur=''13''", "sp-phase-dec-heur=''2''", "sp-rand-var-dec-freq=''0.005''", "sp-resolution=''0''", "sp-restart-inc='1.3345916311038666'", "sp-update-dec-queue=''1''", "sp-use-pure-literal-rule=''0''", "sp-var-activity-inc='0.9140950624872622'", "sp-var-dec-heur=''16''", "sp-variable-decay='1.1190581037047085'", "sp-clause-inversion=''1''", "sp-rand-var-dec-scaling='1.0138693371628713'"], "cpu_time": 4914.529999999983, "total_cpu_time": null, "cost": 0.010390044444444444, "evaluations": 5359, "wallclock_time": 8299.160245895386}
{"incumbent": ["sp-clause-activity-inc='1.3734325220726582'", "sp-clause-decay='1.370060484630367'", "sp-clause-del-heur=''1''", "sp-first-restart='367'", "sp-learned-clause-sort-heur=''19''", "sp-learned-clauses-inc='1.3334331253149176'", "sp-learned-size-factor='1.2249609316973047'", "sp-orig-clause-sort-heur=''11''", "sp-phase-dec-heur=''2''", "sp-rand-var-dec-freq=''0.005''", "sp-resolution=''0''", "sp-restart-inc='1.3337171353491453'", "sp-update-dec-queue=''1''", "sp-use-pure-literal-rule=''0''", "sp-var-activity-inc='0.8309760940670105'", "sp-var-dec-heur=''16''", "sp-variable-decay='1.0981143182595552'", "sp-clause-inversion=''1''", "sp-rand-var-dec-scaling='0.9873198118879736'"], "cpu_time": 6613.218000000093, "total_cpu_time": null, "cost": 0.010045184304399527, "evaluations": 7286, "wallclock_time": 10367.406045913696}
{"incumbent": ["sp-clause-activity-inc='1.4152816781887931'", "sp-clause-decay='1.391709142200269'", "sp-clause-del-heur=''1''", "sp-first-restart='366'", "sp-learned-clause-sort-heur=''19''", "sp-learned-clauses-inc='1.3351217565905307'", "sp-learned-size-factor='1.296708501874922'", "sp-orig-clause-sort-heur=''8''", "sp-phase-dec-heur=''2''", "sp-rand-var-dec-freq=''0.005''", "sp-resolution=''0''", "sp-restart-inc='1.3397079224116033'", "sp-update-dec-queue=''1''", "sp-use-pure-literal-rule=''0''", "sp-var-activity-inc='0.812466176028402'", "sp-var-dec-heur=''16''", "sp-variable-decay='1.1048343032420813'", "sp-clause-inversion=''1''", "sp-rand-var-dec-scaling='0.9748935525582829'"], "cpu_time": 7258.9700000001285, "total_cpu_time": null, "cost": 0.009922473131264336, "evaluations": 7994, "wallclock_time": 11137.517128229141}
{"incumbent": ["sp-clause-activity-inc='1.3923289678707702'", "sp-clause-decay='1.2012780315922338'", "sp-clause-del-heur=''2''", "sp-first-restart='367'", "sp-learned-clause-sort-heur=''10''", "sp-learned-clauses-inc='1.3304053816037176'", "sp-learned-size-factor='1.181013507493009'", "sp-orig-clause-sort-heur=''1''", "sp-phase-dec-heur=''2''", "sp-rand-var-dec-freq=''0.005''", "sp-resolution=''0''", "sp-restart-inc='1.1263495557875836'", "sp-update-dec-queue=''0''", "sp-use-pure-literal-rule=''0''", "sp-var-activity-inc='0.8271700258072701'", "sp-var-dec-heur=''16''", "sp-variable-decay='1.0214197908343166'", "sp-rand-var-dec-scaling='0.9504032436009682'"], "cpu_time": 7941.602000000172, "total_cpu_time": null, "cost": 0.00965939058171745, "evaluations": 8733, "wallclock_time": 11944.158668756485}
{"incumbent": ["sp-clause-activity-inc='1.4056913362389472'", "sp-clause-decay='1.188922921067535'", "sp-clause-del-heur=''1''", "sp-first-restart='366'", "sp-learned-clause-sort-heur=''19''", "sp-learned-clauses-inc='1.3295373997497801'", "sp-learned-size-factor='1.323897594735507'", "sp-orig-clause-sort-heur=''1''", "sp-phase-dec-heur=''2''", "sp-rand-var-dec-freq=''0.005''", "sp-resolution=''0''", "sp-restart-inc='1.1147092678379396'", "sp-update-dec-queue=''1''", "sp-use-pure-literal-rule=''1''", "sp-var-activity-inc='0.8426964787056789'", "sp-var-dec-heur=''16''", "sp-variable-decay='1.0977640673393063'", "sp-clause-inversion=''1''", "sp-rand-var-dec-scaling='0.9731793282108503'"], "cpu_time": 8111.534000000185, "total_cpu_time": null, "cost": 0.009484374999999998, "evaluations": 8920, "wallclock_time": 12150.807603597641}
{"incumbent": ["sp-clause-activity-inc='1.399624847775757'", "sp-clause-decay='1.188922921067535'", "sp-clause-del-heur=''2''", "sp-first-restart='366'", "sp-learned-clause-sort-heur=''10''", "sp-learned-clauses-inc='1.3295373997497801'", "sp-learned-size-factor='1.3608724590657055'", "sp-orig-clause-sort-heur=''1''", "sp-phase-dec-heur=''2''", "sp-rand-var-dec-freq=''0.005''", "sp-resolution=''0''", "sp-restart-inc='1.1081648914915185'", "sp-update-dec-queue=''0''", "sp-use-pure-literal-rule=''0''", "sp-var-activity-inc='0.8440783236601042'", "sp-var-dec-heur=''16''", "sp-variable-decay='1.040672822992559'", "sp-rand-var-dec-scaling='0.9530965052113967'"], "cpu_time": 8284.886000000182, "total_cpu_time": null, "cost": 0.009323413752789878, "evaluations": 9108, "wallclock_time": 12359.872399568558}
{"incumbent": ["sp-clause-activity-inc='1.391431989918964'", "sp-clause-decay='1.100754616594275'", "sp-clause-del-heur=''2''", "sp-first-restart='366'", "sp-learned-clause-sort-heur=''19''", "sp-learned-clauses-inc='1.3295373997497801'", "sp-learned-size-factor='1.323897594735507'", "sp-orig-clause-sort-heur=''0''", "sp-phase-dec-heur=''2''", "sp-rand-var-dec-freq=''0.005''", "sp-resolution=''0''", "sp-restart-inc='1.4256768633611796'", "sp-update-dec-queue=''0''", "sp-use-pure-literal-rule=''0''", "sp-var-activity-inc='0.8964211008680841'", "sp-var-dec-heur=''16''", "sp-variable-decay='1.0183511544676385'", "sp-clause-inversion=''1''", "sp-rand-var-dec-scaling='0.9731793282108503'"], "cpu_time": 8460.818000000168, "total_cpu_time": null, "cost": 0.009142857142857142, "evaluations": 9300, "wallclock_time": 12569.268763542175}
{"incumbent": ["sp-clause-activity-inc='1.3823616538738377'", "sp-clause-decay='1.856968893027646'", "sp-clause-del-heur=''2''", "sp-first-restart='366'", "sp-learned-clause-sort-heur=''19''", "sp-learned-clauses-inc='1.3318367377676894'", "sp-learned-size-factor='1.2967906534316767'", "sp-orig-clause-sort-heur=''15''", "sp-phase-dec-heur=''2''", "sp-rand-var-dec-freq=''0.005''", "sp-resolution=''0''", "sp-restart-inc='1.3345916311038666'", "sp-update-dec-queue=''0''", "sp-use-pure-literal-rule=''1''", "sp-var-activity-inc='0.9591743853676582'", "sp-var-dec-heur=''16''", "sp-variable-decay='1.0015132112010787'", "sp-clause-inversion=''1''", "sp-rand-var-dec-scaling='0.9762089696329053'"], "cpu_time": 9012.118000000151, "total_cpu_time": null, "cost": 0.009012449759827465, "evaluations": 9896, "wallclock_time": 13180.303424596786}
{"incumbent": ["sp-clause-activity-inc='1.3823616538738377'", "sp-clause-decay='1.197886589885471'", "sp-clause-del-heur=''2''", "sp-first-restart='367'", "sp-learned-clause-sort-heur=''19''", "sp-learned-clauses-inc='1.3356165049129356'", "sp-learned-size-factor='0.4744614193005793'", "sp-orig-clause-sort-heur=''1''", "sp-phase-dec-heur=''2''", "sp-rand-var-dec-freq=''0.005''", "sp-resolution=''0''", "sp-restart-inc='1.3345916311038666'", "sp-update-dec-queue=''1''", "sp-use-pure-literal-rule=''0''", "sp-var-activity-inc='0.9591743853676582'", "sp-var-dec-heur=''16''", "sp-variable-decay='1.0976452579361966'", "sp-clause-inversion=''1''", "sp-rand-var-dec-scaling='0.9729316786226889'"], "cpu_time": 9191.170000000138, "total_cpu_time": null, "cost": 0.008801614763552481, "evaluations": 10096, "wallclock_time": 13387.594950914383}
{"incumbent": ["sp-clause-activity-inc='1.4080362971741758'", "sp-clause-decay='1.2002779202613525'", "sp-clause-del-heur=''1''", "sp-first-restart='366'", "sp-learned-clause-sort-heur=''19''", "sp-learned-clauses-inc='1.3351217565905307'", "sp-learned-size-factor='1.296708501874922'", "sp-orig-clause-sort-heur=''1''", "sp-phase-dec-heur=''2''", "sp-rand-var-dec-freq=''0.005''", "sp-resolution=''0''", "sp-restart-inc='1.3397079224116033'", "sp-update-dec-queue=''0''", "sp-use-pure-literal-rule=''0''", "sp-var-activity-inc='1.038135618022752'", "sp-var-dec-heur=''16''", "sp-variable-decay='1.0632021404044847'", "sp-clause-inversion=''1''", "sp-rand-var-dec-scaling='0.9808716819163557'"], "cpu_time": 9370.398000000136, "total_cpu_time": null, "cost": 0.008679423131303605, "evaluations": 10297, "wallclock_time": 13601.222575902939}
{"incumbent": ["sp-clause-activity-inc='1.4669540630122628'", "sp-clause-decay='1.197886589885471'", "sp-clause-del-heur=''2''", "sp-first-restart='367'", "sp-learned-clause-sort-heur=''19''", "sp-learned-clauses-inc='1.3356165049129356'", "sp-learned-size-factor='1.369162349758055'", "sp-orig-clause-sort-heur=''8''", "sp-phase-dec-heur=''2''", "sp-rand-var-dec-freq=''0.005''", "sp-resolution=''0''", "sp-restart-inc='1.3345916311038666'", "sp-update-dec-queue=''1''", "sp-use-pure-literal-rule=''0''", "sp-var-activity-inc='0.8803979894240508'", "sp-var-dec-heur=''16''", "sp-variable-decay='1.007122846022652'", "sp-clause-inversion=''1''", "sp-rand-var-dec-scaling='0.9796308345314011'"], "cpu_time": 9549.57000000013, "total_cpu_time": null, "cost": 0.00846671597633136, "evaluations": 10499, "wallclock_time": 13805.066592216492}
{"incumbent": ["sp-clause-activity-inc='1.4669540630122628'", "sp-clause-decay='1.197886589885471'", "sp-clause-del-heur=''2''", "sp-first-restart='367'", "sp-learned-clause-sort-heur=''19''", "sp-learned-clauses-inc='1.3356165049129356'", "sp-learned-size-factor='1.369162349758055'", "sp-orig-clause-sort-heur=''13''", "sp-phase-dec-heur=''2''", "sp-rand-var-dec-freq=''0.005''", "sp-resolution=''0''", "sp-restart-inc='1.3345916311038666'", "sp-update-dec-queue=''1''", "sp-use-pure-literal-rule=''1''", "sp-var-activity-inc='0.9113763005342433'", "sp-var-dec-heur=''16''", "sp-variable-decay='1.007122846022652'", "sp-clause-inversion=''1''", "sp-rand-var-dec-scaling='0.9796308345314011'"], "cpu_time": 9929.450000000124, "total_cpu_time": null, "cost": 0.008584193663225347, "evaluations": 10918, "wallclock_time": 14235.709303379059}
{"incumbent": ["sp-clause-activity-inc='1.4649088621890867'", "sp-clause-decay='1.3912355262229197'", "sp-clause-del-heur=''2''", "sp-first-restart='367'", "sp-learned-clause-sort-heur=''19''", "sp-learned-clauses-inc='1.2993756811531725'", "sp-learned-size-factor='1.4127731829183818'", "sp-orig-clause-sort-heur=''13''", "sp-phase-dec-heur=''2''", "sp-rand-var-dec-freq=''0.005''", "sp-resolution=''0''", "sp-restart-inc='1.3345916311038666'", "sp-update-dec-queue=''1''", "sp-use-pure-literal-rule=''0''", "sp-var-activity-inc='0.9748587749730222'", "sp-var-dec-heur=''16''", "sp-variable-decay='1.0578166136373413'", "sp-clause-inversion=''1''", "sp-rand-var-dec-scaling='0.9707387545602952'"], "cpu_time": 10117.626000000118, "total_cpu_time": null, "cost": 0.0084402131190497, "evaluations": 11129, "wallclock_time": 14451.770494937897}
{"incumbent": ["sp-clause-activity-inc='1.4669540630122628'", "sp-clause-decay='1.3977580482854293'", "sp-clause-del-heur=''2''", "sp-first-restart='367'", "sp-learned-clause-sort-heur=''19''", "sp-learned-clauses-inc='1.138439898350918'", "sp-learned-size-factor='1.4470566015599067'", "sp-orig-clause-sort-heur=''13''", "sp-phase-dec-heur=''2''", "sp-rand-var-dec-freq=''0.005''", "sp-resolution=''0''", "sp-restart-inc='1.3345916311038666'", "sp-update-dec-queue=''1''", "sp-use-pure-literal-rule=''0''", "sp-var-activity-inc='0.9622691265173984'", "sp-var-dec-heur=''16''", "sp-variable-decay='1.0545288051120147'", "sp-clause-inversion=''1''", "sp-rand-var-dec-scaling='0.9786785323994591'"], "cpu_time": 10310.674000000112, "total_cpu_time": null, "cost": 0.008272976680384085, "evaluations": 11343, "wallclock_time": 14660.530407428741}
{"incumbent": ["sp-clause-activity-inc='1.3757741135041752'", "sp-clause-decay='1.0110691456977179'", "sp-clause-del-heur=''2''", "sp-first-restart='366'", "sp-learned-clause-sort-heur=''18''", "sp-learned-clauses-inc='1.3351217565905307'", "sp-learned-size-factor='1.296708501874922'", "sp-orig-clause-sort-heur=''8''", "sp-phase-dec-heur=''2''", "sp-rand-var-dec-freq=''0.005''", "sp-resolution=''0''", "sp-restart-inc='1.3397079224116033'", "sp-update-dec-queue=''0''", "sp-use-pure-literal-rule=''0''", "sp-var-activity-inc='0.973474270998486'", "sp-var-dec-heur=''16''", "sp-variable-decay='1.09737133708988'", "sp-rand-var-dec-scaling='0.9748935525582829'"], "cpu_time": 11316.434000000101, "total_cpu_time": null, "cost": 0.008035084971415146, "evaluations": 12440, "wallclock_time": 15805.43252158165}
{"incumbent": ["sp-clause-activity-inc='1.4022871082388635'", "sp-clause-decay='1.0193830421907504'", "sp-clause-del-heur=''0''", "sp-first-restart='367'", "sp-learned-clause-sort-heur=''19''", "sp-learned-clauses-inc='1.3356165049129356'", "sp-learned-size-factor='1.281627199374926'", "sp-orig-clause-sort-heur=''13''", "sp-phase-dec-heur=''2''", "sp-rand-var-dec-freq=''0.005''", "sp-resolution=''0''", "sp-restart-inc='1.3345916311038666'", "sp-update-dec-queue=''0''", "sp-use-pure-literal-rule=''0''", "sp-var-activity-inc='0.9788007640583885'", "sp-var-dec-heur=''16''", "sp-variable-decay='1.0576686158797965'", "sp-clause-inversion=''1''", "sp-rand-var-dec-scaling='0.9865280107675143'"], "cpu_time": 11524.914000000095, "total_cpu_time": null, "cost": 0.007964604493690365, "evaluations": 12667, "wallclock_time": 16056.578841209412}
{"incumbent": ["sp-clause-activity-inc='1.3734325220726582'", "sp-clause-decay='1.0488222099764457'", "sp-clause-del-heur=''2''", "sp-first-restart='367'", "sp-learned-clause-sort-heur=''19''", "sp-learned-clauses-inc='1.3334331253149176'", "sp-learned-size-factor='1.322311471925804'", "sp-orig-clause-sort-heur=''13''", "sp-phase-dec-heur=''2''", "sp-rand-var-dec-freq=''0.005''", "sp-resolution=''0''", "sp-restart-inc='1.3337171353491453'", "sp-update-dec-queue=''1''", "sp-use-pure-literal-rule=''0''", "sp-var-activity-inc='0.8309760940670105'", "sp-var-dec-heur=''16''", "sp-variable-decay='1.0062382407114476'", "sp-clause-inversion=''1''", "sp-rand-var-dec-scaling='0.9852846916727271'"], "cpu_time": 11730.442000000088, "total_cpu_time": null, "cost": 0.00781368620037807, "evaluations": 12893, "wallclock_time": 16298.646146774292}
{"incumbent": ["sp-clause-activity-inc='1.390461674978298'", "sp-clause-decay='1.3977580482854293'", "sp-clause-del-heur=''1''", "sp-first-restart='367'", "sp-learned-clause-sort-heur=''19''", "sp-learned-clauses-inc='1.3365384360882828'", "sp-learned-size-factor='1.599105892978265'", "sp-orig-clause-sort-heur=''13''", "sp-phase-dec-heur=''2''", "sp-rand-var-dec-freq=''0.005''", "sp-resolution=''0''", "sp-restart-inc='1.3345916311038666'", "sp-update-dec-queue=''1''", "sp-use-pure-literal-rule=''0''", "sp-var-activity-inc='0.8426188662118645'", "sp-var-dec-heur=''16''", "sp-variable-decay='1.044809207029041'", "sp-clause-inversion=''1''", "sp-rand-var-dec-scaling='0.9800676712344139'"], "cpu_time": 11936.706000000091, "total_cpu_time": null, "cost": 0.007713733650416171, "evaluations": 13122, "wallclock_time": 16553.93925189972}
{"incumbent": ["sp-clause-activity-inc='1.4527709255838521'", "sp-clause-decay='1.2006007337606883'", "sp-clause-del-heur=''2''", "sp-first-restart='367'", "sp-learned-clause-sort-heur=''19''", "sp-learned-clauses-inc='1.2972727593833733'", "sp-learned-size-factor='1.2972008937708488'", "sp-orig-clause-sort-heur=''1''", "sp-phase-dec-heur=''2''", "sp-rand-var-dec-freq=''0.005''", "sp-resolution=''0''", "sp-restart-inc='1.3339751499657795'", "sp-update-dec-queue=''0''", "sp-use-pure-literal-rule=''0''", "sp-var-activity-inc='0.9262050130016015'", "sp-var-dec-heur=''16''", "sp-variable-decay='1.0780698237017075'", "sp-clause-inversion=''1''", "sp-rand-var-dec-scaling='0.9623939991672965'"], "cpu_time": 12142.594000000086, "total_cpu_time": null, "cost": 0.0075675359777923855, "evaluations": 13352, "wallclock_time": 16811.619800806046}
{"incumbent": ["sp-clause-activity-inc='1.4527709255838521'", "sp-clause-decay='1.4256963644355711'", "sp-clause-del-heur=''2''", "sp-first-restart='367'", "sp-learned-clause-sort-heur=''19''", "sp-learned-clauses-inc='1.2823027289421125'", "sp-learned-size-factor='1.2972008937708488'", "sp-orig-clause-sort-heur=''1''", "sp-phase-dec-heur=''2''", "sp-rand-var-dec-freq=''0.005''", "sp-resolution=''0''", "sp-restart-inc='1.3339751499657795'", "sp-update-dec-queue=''0''", "sp-use-pure-literal-rule=''1''", "sp-var-activity-inc='0.9807144644703892'", "sp-var-dec-heur=''16''", "sp-variable-decay='1.0780698237017075'", "sp-clause-inversion=''1''", "sp-rand-var-dec-scaling='0.9623939991672965'"], "cpu_time": 12349.742000000082, "total_cpu_time": null, "cost": 0.007438379775926458, "evaluations": 13587, "wallclock_time": 17063.012992620468}
{"incumbent": ["sp-clause-activity-inc='1.4527709255838521'", "sp-clause-decay='1.2002624504941244'", "sp-clause-del-heur=''2''", "sp-first-restart='367'", "sp-learned-clause-sort-heur=''19''", "sp-learned-clauses-inc='1.15898016108327'", "sp-learned-size-factor='1.2972008937708488'", "sp-orig-clause-sort-heur=''1''", "sp-phase-dec-heur=''2''", "sp-rand-var-dec-freq=''0.005''", "sp-resolution=''0''", "sp-restart-inc='1.3345916311038666'", "sp-update-dec-queue=''0''", "sp-use-pure-literal-rule=''1''", "sp-var-activity-inc='1.2462105836938562'", "sp-var-dec-heur=''16''", "sp-variable-decay='1.0029168263341663'", "sp-clause-inversion=''1''", "sp-rand-var-dec-scaling='0.9623939991672965'"], "cpu_time": 12556.95800000008, "total_cpu_time": null, "cost": 0.007326883694654332, "evaluations": 13820, "wallclock_time": 17318.014733076096}
{"incumbent": ["sp-clause-activity-inc='1.4608868941817161'", "sp-clause-decay='1.4832633940500057'", "sp-clause-del-heur=''2''", "sp-first-restart='367'", "sp-learned-clause-sort-heur=''19''", "sp-learned-clauses-inc='1.1401357621463548'", "sp-learned-size-factor='1.2967906534316767'", "sp-orig-clause-sort-heur=''13''", "sp-phase-dec-heur=''2''", "sp-rand-var-dec-freq=''0.005''", "sp-resolution=''0''", "sp-restart-inc='1.3345916311038666'", "sp-update-dec-queue=''1''", "sp-use-pure-literal-rule=''0''", "sp-var-activity-inc='0.959002199247245'", "sp-var-dec-heur=''16''", "sp-variable-decay='1.0015132112010787'", "sp-clause-inversion=''1''", "sp-rand-var-dec-scaling='0.9762089696329053'"], "cpu_time": 12763.698000000086, "total_cpu_time": null, "cost": 0.007237222222222223, "evaluations": 14053, "wallclock_time": 17573.13398361206}
{"incumbent": ["sp-clause-activity-inc='1.3700723717099987'", "sp-clause-decay='1.2015198364495703'", "sp-clause-del-heur=''1''", "sp-first-restart='367'", "sp-learned-clause-sort-heur=''0''", "sp-learned-clauses-inc='1.2823027289421125'", "sp-learned-size-factor='1.2972008937708488'", "sp-orig-clause-sort-heur=''13''", "sp-phase-dec-heur=''2''", "sp-rand-var-dec-freq=''0.005''", "sp-resolution=''0''", "sp-restart-inc='1.3339751499657795'", "sp-update-dec-queue=''1''", "sp-use-pure-literal-rule=''0''", "sp-var-activity-inc='0.9901531824552744'", "sp-var-dec-heur=''16''", "sp-variable-decay='1.0009140072448373'", "sp-rand-var-dec-scaling='0.9623939991672965'"], "cpu_time": 12973.190000000086, "total_cpu_time": null, "cost": 0.007165357557543885, "evaluations": 14293, "wallclock_time": 17846.39811682701}
{"incumbent": ["sp-clause-activity-inc='1.4527709255838521'", "sp-clause-decay='1.4186721911085727'", "sp-clause-del-heur=''2''", "sp-first-restart='367'", "sp-learned-clause-sort-heur=''19''", "sp-learned-clauses-inc='1.3253280293038059'", "sp-learned-size-factor='1.2972008937708488'", "sp-orig-clause-sort-heur=''1''", "sp-phase-dec-heur=''2''", "sp-rand-var-dec-freq=''0.005''", "sp-resolution=''0''", "sp-restart-inc='1.3339751499657795'", "sp-update-dec-queue=''1''", "sp-use-pure-literal-rule=''0''", "sp-var-activity-inc='0.8369410872801267'", "sp-var-dec-heur=''16''", "sp-variable-decay='1.0780698237017075'", "sp-clause-inversion=''1''", "sp-rand-var-dec-scaling='0.9623939991672965'"], "cpu_time": 13182.038000000082, "total_cpu_time": null, "cost": 0.007019080892233268, "evaluations": 14536, "wallclock_time": 18092.835821390152}
