"CPU Time Used","Estimated Training Performance","Wallclock Time","Incumbent ID","Automatic Configurator (CPU) Time","Configuration..."
0.000000, 2147483648.000000, 0.000942, 1, 0.000942, sp-clause-activity-inc='1.0', sp-clause-decay='1.4', sp-clause-del-heur=''2'', sp-first-restart='100', sp-learned-clause-sort-heur=''0'', sp-learned-clauses-inc='1.3', sp-learned-size-factor='0.4', sp-orig-clause-sort-heur=''0'', sp-phase-dec-heur=''5'', sp-rand-var-dec-freq=''0.001'', sp-resolution=''1'', sp-restart-inc='1.5', sp-update-dec-queue=''1'', sp-use-pure-literal-rule=''1'', sp-var-activity-inc='1.0', sp-var-dec-heur=''0'', sp-variable-decay='1.4', sp-max-res-lit-inc='1.0', sp-max-res-runs='4', sp-rand-phase-dec-freq=''0.001'', sp-rand-var-dec-scaling='1.0', sp-res-cutoff-cls='8', sp-res-cutoff-lits='400', sp-res-order-heur=''0'', sp-rand-phase-scaling='1.0'
0.012000, 0.012000, 0.174825, 1, 0.162825, sp-clause-activity-inc='1.0', sp-clause-decay='1.4', sp-clause-del-heur=''2'', sp-first-restart='100', sp-learned-clause-sort-heur=''0'', sp-learned-clauses-inc='1.3', sp-learned-size-factor='0.4', sp-orig-clause-sort-heur=''0'', sp-phase-dec-heur=''5'', sp-rand-var-dec-freq=''0.001'', sp-resolution=''1'', sp-restart-inc='1.5', sp-update-dec-queue=''1'', sp-use-pure-literal-rule=''1'', sp-var-activity-inc='1.0', sp-var-dec-heur=''0'', sp-variable-decay='1.4', sp-max-res-lit-inc='1.0', sp-max-res-runs='4', sp-rand-phase-dec-freq=''0.001'', sp-rand-var-dec-scaling='1.0', sp-res-cutoff-cls='8', sp-res-cutoff-lits='400', sp-res-order-heur=''0'', sp-rand-phase-scaling='1.0'
105.488000, 0.075222, 101.127884, 6, -4.360116, sp-clause-activity-inc='1.0', sp-clause-decay='1.4', sp-clause-del-heur=''2'', sp-first-restart='100', sp-learned-clause-sort-heur=''0'', sp-learned-clauses-inc='1.3', sp-learned-size-factor='0.39999999999999997', sp-orig-clause-sort-heur=''0'', sp-phase-dec-heur=''5'', sp-rand-var-dec-freq=''0.001'', sp-resolution=''1'', sp-restart-inc='1.5', sp-update-dec-queue=''1'', sp-use-pure-literal-rule=''1'', sp-var-activity-inc='1.0', sp-var-dec-heur=''0'', sp-variable-decay='1.4', sp-max-res-lit-inc='2.149409698076255', sp-max-res-runs='4', sp-rand-phase-dec-freq=''0.001'', sp-rand-var-dec-scaling='1.0', sp-res-cutoff-cls='8', sp-res-cutoff-lits='400', sp-res-order-heur=''0'', sp-rand-phase-scaling='1.0'
126.060000, 0.064781, 139.584645, 8, 13.524645, sp-clause-activity-inc='0.9117974398025444', sp-clause-decay='1.4', sp-clause-del-heur=''2'', sp-first-restart='100', sp-learned-clause-sort-heur=''10'', sp-learned-clauses-inc='1.3', sp-learned-size-factor='0.39999999999999997', sp-orig-clause-sort-heur=''0'', sp-phase-dec-heur=''5'', sp-rand-var-dec-freq=''0.001'', sp-resolution=''1'', sp-restart-inc='1.5', sp-update-dec-queue=''0'', sp-use-pure-literal-rule=''1'', sp-var-activity-inc='1.0', sp-var-dec-heur=''0'', sp-variable-decay='1.4', sp-max-res-lit-inc='3.2003976988193124', sp-max-res-runs='4', sp-rand-phase-dec-freq=''0.001'', sp-rand-var-dec-scaling='1.0', sp-res-cutoff-cls='16', sp-res-cutoff-lits='400', sp-res-order-heur=''0'', sp-rand-phase-scaling='0.9272821793608153'
255.312000, 0.053896, 478.123059, 16, 222.811059, sp-clause-activity-inc='1.0', sp-clause-decay='1.4', sp-clause-del-heur=''2'', sp-first-restart='100', sp-learned-clause-sort-heur=''8'', sp-learned-clauses-inc='1.3', sp-learned-size-factor='0.39999999999999997', sp-orig-clause-sort-heur=''0'', sp-phase-dec-heur=''5'', sp-rand-var-dec-freq=''0.005'', sp-resolution=''1'', sp-restart-inc='1.5', sp-update-dec-queue=''0'', sp-use-pure-literal-rule=''1'', sp-var-activity-inc='1.0', sp-var-dec-heur=''0'', sp-variable-decay='1.4', sp-max-res-lit-inc='1.1302271212437203', sp-max-res-runs='4', sp-rand-phase-dec-freq=''0.001'', sp-rand-var-dec-scaling='1.0', sp-res-cutoff-cls='5', sp-res-cutoff-lits='400', sp-res-order-heur=''0'', sp-rand-phase-scaling='0.8728035888999215'
367.944000, 0.044930, 785.745868, 21, 417.801868, sp-clause-activity-inc='0.8595801382382406', sp-clause-decay='1.4', sp-clause-del-heur=''0'', sp-first-restart='94', sp-learned-clause-sort-heur=''0'', sp-learned-clauses-inc='1.3', sp-learned-size-factor='0.39999999999999997', sp-orig-clause-sort-heur=''0'', sp-phase-dec-heur=''5'', sp-rand-var-dec-freq=''0.001'', sp-resolution=''2'', sp-restart-inc='1.455914598245984', sp-update-dec-queue=''0'', sp-use-pure-literal-rule=''1'', sp-var-activity-inc='1.0', sp-var-dec-heur=''7'', sp-variable-decay='1.1007577559479966', sp-max-res-lit-inc='1.263357907098234', sp-max-res-runs='4', sp-rand-phase-dec-freq=''0.001'', sp-rand-var-dec-scaling='1.0', sp-res-cutoff-cls='11', sp-res-cutoff-lits='806', sp-res-order-heur=''0'', sp-rand-phase-scaling='0.8237069658016116'
487.932000, 0.037316, 1136.679527, 27, 648.747527, sp-clause-activity-inc='0.9237133446938236', sp-clause-decay='1.4580710309512586', sp-clause-del-heur=''2'', sp-first-restart='100', sp-learned-clause-sort-heur=''17'', sp-learned-clauses-inc='1.3', sp-learned-size-factor='1.2386693561069042', sp-orig-clause-sort-heur=''0'', sp-phase-dec-heur=''5'', sp-rand-var-dec-freq=''0'', sp-resolution=''1'', sp-restart-inc='1.5', sp-update-dec-queue=''0'', sp-use-pure-literal-rule=''1'', sp-var-activity-inc='1.0', sp-var-dec-heur=''6'', sp-variable-decay='1.423463130090316', sp-max-res-lit-inc='1.127464062173561', sp-max-res-runs='4', sp-rand-phase-dec-freq=''0.001'', sp-res-cutoff-cls='3', sp-res-cutoff-lits='784', sp-res-order-heur=''0'', sp-rand-phase-scaling='0.7262281006532938'
528.212000, 0.033437, 1254.931948, 30, 726.719948, sp-clause-activity-inc='0.7230341703793703', sp-clause-decay='1.4', sp-clause-del-heur=''2'', sp-first-restart='183', sp-learned-clause-sort-heur=''15'', sp-learned-clauses-inc='1.3', sp-learned-size-factor='0.9710131486743718', sp-orig-clause-sort-heur=''0'', sp-phase-dec-heur=''5'', sp-rand-var-dec-freq=''0.005'', sp-resolution=''1'', sp-restart-inc='1.2336833671675387', sp-update-dec-queue=''0'', sp-use-pure-literal-rule=''1'', sp-var-activity-inc='1.0', sp-var-dec-heur=''16'', sp-variable-decay='1.0363418086554002', sp-max-res-lit-inc='1.0971458514729102', sp-max-res-runs='4', sp-rand-phase-dec-freq=''0.001'', sp-rand-var-dec-scaling='0.5821788295044573', sp-res-cutoff-cls='2', sp-res-cutoff-lits='822', sp-res-order-heur=''0'', sp-rand-phase-scaling='0.8840566034903565'
688.664000, 0.028373, 1549.430521, 34, 860.766521, sp-clause-activity-inc='1.0', sp-clause-decay='1.4', sp-clause-del-heur=''2'', sp-first-restart='240', sp-learned-clause-sort-heur=''8'', sp-learned-clauses-inc='1.3', sp-learned-size-factor='0.39999999999999997', sp-orig-clause-sort-heur=''0'', sp-phase-dec-heur=''5'', sp-rand-var-dec-freq=''0.005'', sp-resolution=''2'', sp-restart-inc='1.240470200916777', sp-update-dec-queue=''0'', sp-use-pure-literal-rule=''1'', sp-var-activity-inc='1.0', sp-var-dec-heur=''16'', sp-variable-decay='1.0818104818289507', sp-max-res-lit-inc='0.6113170697345355', sp-max-res-runs='4', sp-rand-phase-dec-freq=''0.001'', sp-rand-var-dec-scaling='0.45613850721343285', sp-res-cutoff-cls='2', sp-res-cutoff-lits='1182', sp-res-order-heur=''0'', sp-rand-phase-scaling='0.821052945304328'
1055.464000, 0.027122, 2322.149689, 47, 1266.685689, sp-clause-activity-inc='1.1867516242350358', sp-clause-decay='1.458650608940753', sp-clause-del-heur=''2'', sp-first-restart='240', sp-learned-clause-sort-heur=''8'', sp-learned-clauses-inc='1.3', sp-learned-size-factor='1.4606433889320445', sp-orig-clause-sort-heur=''15'', sp-phase-dec-heur=''5'', sp-rand-var-dec-freq=''0.005'', sp-resolution=''0'', sp-restart-inc='1.495173233776515', sp-update-dec-queue=''0'', sp-use-pure-literal-rule=''1'', sp-var-activity-inc='1.0', sp-var-dec-heur=''16'', sp-variable-decay='1.0248108025523512', sp-rand-phase-dec-freq=''0.001'', sp-rand-var-dec-scaling='0.7775701210354198', sp-rand-phase-scaling='0.8685972110475002'
1494.580000, 0.026004, 3043.106207, 59, 1548.526207, sp-clause-activity-inc='1.3086135707271385', sp-clause-decay='1.4313769993978704', sp-clause-del-heur=''2'', sp-first-restart='1645', sp-learned-clause-sort-heur=''0'', sp-learned-clauses-inc='1.120547030509297', sp-learned-size-factor='1.5325827187434862', sp-orig-clause-sort-heur=''12'', sp-phase-dec-heur=''5'', sp-rand-var-dec-freq=''0.005'', sp-resolution=''0'', sp-restart-inc='1.5360232024785465', sp-update-dec-queue=''0'', sp-use-pure-literal-rule=''1'', sp-var-activity-inc='1.3770476653066177', sp-var-dec-heur=''16'', sp-variable-decay='1.1211797941163868', sp-rand-phase-dec-freq=''0.005'', sp-rand-var-dec-scaling='0.5661413738072947', sp-rand-phase-scaling='0.9639897429359692'
1574.768000, 0.025162, 3165.471652, 61, 1590.703652, sp-clause-activity-inc='0.857658300373037', sp-clause-decay='1.4370101844889682', sp-clause-del-heur=''2'', sp-first-restart='1084', sp-learned-clause-sort-heur=''0'', sp-learned-clauses-inc='1.1089231194129947', sp-learned-size-factor='1.5722951174450661', sp-orig-clause-sort-heur=''13'', sp-phase-dec-heur=''6'', sp-rand-var-dec-freq=''0.005'', sp-resolution=''0'', sp-restart-inc='1.3336775284865594', sp-update-dec-queue=''1'', sp-use-pure-literal-rule=''0'', sp-var-activity-inc='1.4159743897933357', sp-var-dec-heur=''16'', sp-variable-decay='1.0235649866956735', sp-rand-phase-dec-freq=''0.05'', sp-rand-var-dec-scaling='0.3765187841878967', sp-rand-phase-scaling='1.0'
1733.340000, 0.022739, 3446.625553, 65, 1713.285553, sp-clause-activity-inc='1.1809372175143595', sp-clause-decay='1.5839007348060015', sp-clause-del-heur=''2'', sp-first-restart='463', sp-learned-clause-sort-heur=''0'', sp-learned-clauses-inc='1.1123820283835122', sp-learned-size-factor='1.5606834897120672', sp-orig-clause-sort-heur=''13'', sp-phase-dec-heur=''0'', sp-rand-var-dec-freq=''0.005'', sp-resolution=''2'', sp-restart-inc='1.7304498467908385', sp-update-dec-queue=''0'', sp-use-pure-literal-rule=''1'', sp-var-activity-inc='1.4159743897933357', sp-var-dec-heur=''16'', sp-variable-decay='1.1758419574768835', sp-max-res-lit-inc='1.0', sp-max-res-runs='4', sp-rand-phase-dec-freq=''0.01'', sp-rand-var-dec-scaling='0.5613650737546896', sp-res-cutoff-cls='8', sp-res-cutoff-lits='400', sp-res-order-heur=''0'', sp-rand-phase-scaling='1.0'
1812.192000, 0.021824, 3570.975127, 68, 1758.783127, sp-clause-activity-inc='1.2791105354514607', sp-clause-decay='1.8449164237388649', sp-clause-del-heur=''2'', sp-first-restart='2886', sp-learned-clause-sort-heur=''8'', sp-learned-clauses-inc='1.354169816650204', sp-learned-size-factor='0.9375546662225611', sp-orig-clause-sort-heur=''15'', sp-phase-dec-heur=''2'', sp-rand-var-dec-freq=''0.005'', sp-resolution=''0'', sp-restart-inc='1.2367777941701097', sp-update-dec-queue=''0'', sp-use-pure-literal-rule=''0'', sp-var-activity-inc='1.233515568342049', sp-var-dec-heur=''16'', sp-variable-decay='1.0392969548236108', sp-rand-var-dec-scaling='0.9634249999963447'
1891.892000, 0.020529, 3694.646833, 70, 1802.754833, sp-clause-activity-inc='1.4790046960084309', sp-clause-decay='1.8861929541525337', sp-clause-del-heur=''2'', sp-first-restart='43', sp-learned-clause-sort-heur=''8'', sp-learned-clauses-inc='1.3344832721480466', sp-learned-size-factor='1.5263444525483802', sp-orig-clause-sort-heur=''13'', sp-phase-dec-heur=''2'', sp-rand-var-dec-freq=''0.005'', sp-resolution=''0'', sp-restart-inc='1.2147546688575566', sp-update-dec-queue=''0'', sp-use-pure-literal-rule=''1'', sp-var-activity-inc='1.4544859974692348', sp-var-dec-heur=''16'', sp-variable-decay='1.0491295879236244', sp-rand-var-dec-scaling='0.951213307811843'
1971.956000, 0.019558, 3827.387115, 71, 1855.431115, sp-clause-activity-inc='1.4790046960084309', sp-clause-decay='1.8861929541525337', sp-clause-del-heur=''2'', sp-first-restart='43', sp-learned-clause-sort-heur=''8'', sp-learned-clauses-inc='1.2782641651785112', sp-learned-size-factor='0.6768272618921353', sp-orig-clause-sort-heur=''9'', sp-phase-dec-heur=''2'', sp-rand-var-dec-freq=''0.005'', sp-resolution=''0'', sp-restart-inc='1.2147546688575566', sp-update-dec-queue=''1'', sp-use-pure-literal-rule=''1'', sp-var-activity-inc='1.4544859974692348', sp-var-dec-heur=''16'', sp-variable-decay='1.017725320016003', sp-rand-var-dec-scaling='0.8487628605450239'
2050.468000, 0.018563, 3954.809409, 73, 1904.341409, sp-clause-activity-inc='1.3510452788400795', sp-clause-decay='1.8300020783986142', sp-clause-del-heur=''0'', sp-first-restart='654', sp-learned-clause-sort-heur=''8'', sp-learned-clauses-inc='1.345904840229803', sp-learned-size-factor='0.9852978583439572', sp-orig-clause-sort-heur=''2'', sp-phase-dec-heur=''2'', sp-rand-var-dec-freq=''0.005'', sp-resolution=''0'', sp-restart-inc='1.2367777941701097', sp-update-dec-queue=''1'', sp-use-pure-literal-rule=''0'', sp-var-activity-inc='1.4231221565143746', sp-var-dec-heur=''16'', sp-variable-decay='1.3187645743693182', sp-rand-var-dec-scaling='0.6209338847421073'
2126.960000, 0.017896, 4078.893787, 75, 1951.933787, sp-clause-activity-inc='1.3532073133105897', sp-clause-decay='1.728841406614277', sp-clause-del-heur=''0'', sp-first-restart='788', sp-learned-clause-sort-heur=''5'', sp-learned-clauses-inc='1.2201932552918175', sp-learned-size-factor='1.171005516375159', sp-orig-clause-sort-heur=''2'', sp-phase-dec-heur=''2'', sp-rand-var-dec-freq=''0.005'', sp-resolution=''0'', sp-restart-inc='1.122158304439733', sp-update-dec-queue=''0'', sp-use-pure-literal-rule=''1'', sp-var-activity-inc='1.3304697110035055', sp-var-dec-heur=''16'', sp-variable-decay='1.0205373776177804', sp-rand-var-dec-scaling='0.6993841496788906'
2204.236000, 0.017502, 4209.708101, 78, 2005.472101, sp-clause-activity-inc='1.470704354766104', sp-clause-decay='1.849043771309859', sp-clause-del-heur=''0'', sp-first-restart='264', sp-learned-clause-sort-heur=''8'', sp-learned-clauses-inc='1.339143143178573', sp-learned-size-factor='1.0554250255539877', sp-orig-clause-sort-heur=''16'', sp-phase-dec-heur=''2'', sp-rand-var-dec-freq=''0.005'', sp-resolution=''0'', sp-restart-inc='1.2819551960851971', sp-update-dec-queue=''0'', sp-use-pure-literal-rule=''0'', sp-var-activity-inc='1.3454508052580971', sp-var-dec-heur=''16'', sp-variable-decay='1.167716610241913', sp-rand-var-dec-scaling='0.7496151506582593'
2283.572000, 0.016505, 4330.596084, 79, 2047.024084, sp-clause-activity-inc='1.3588993826649298', sp-clause-decay='1.8300020783986142', sp-clause-del-heur=''2'', sp-first-restart='382', sp-learned-clause-sort-heur=''8'', sp-learned-clauses-inc='1.425794334091602', sp-learned-size-factor='1.1824047567709353', sp-orig-clause-sort-heur=''13'', sp-phase-dec-heur=''2'', sp-rand-var-dec-freq=''0.005'', sp-resolution=''0'', sp-restart-inc='1.2367777941701097', sp-update-dec-queue=''1'', sp-use-pure-literal-rule=''0'', sp-var-activity-inc='1.4320665253088412', sp-var-dec-heur=''16'', sp-variable-decay='1.1295983356209316', sp-rand-var-dec-scaling='0.8353686632525885'
2449.308000, 0.015394, 4592.085348, 83, 2142.777348, sp-clause-activity-inc='1.3670376384553091', sp-clause-decay='1.8861929541525337', sp-clause-del-heur=''1'', sp-first-restart='471', sp-learned-clause-sort-heur=''8'', sp-learned-clauses-inc='1.324052407863149', sp-learned-size-factor='1.1413429630877996', sp-orig-clause-sort-heur=''2'', sp-phase-dec-heur=''2'', sp-rand-var-dec-freq=''0.005'', sp-resolution=''0'', sp-restart-inc='1.1969303840245231', sp-update-dec-queue=''0'', sp-use-pure-literal-rule=''0'', sp-var-activity-inc='1.3929595641652022', sp-var-dec-heur=''16'', sp-variable-decay='1.141187561291734', sp-rand-var-dec-scaling='0.9368897503703872'
2529.552000, 0.014837, 4735.121817, 85, 2205.569817, sp-clause-activity-inc='1.3885490435627261', sp-clause-decay='1.851360884877292', sp-clause-del-heur=''2'', sp-first-restart='222', sp-learned-clause-sort-heur=''8'', sp-learned-clauses-inc='1.3316639894892532', sp-learned-size-factor='0.9979012983642331', sp-orig-clause-sort-heur=''15'', sp-phase-dec-heur=''2'', sp-rand-var-dec-freq=''0.005'', sp-resolution=''0'', sp-restart-inc='1.2498293624558334', sp-update-dec-queue=''0'', sp-use-pure-literal-rule=''0'', sp-var-activity-inc='1.216311388382722', sp-var-dec-heur=''16'', sp-variable-decay='1.0805028770109348', sp-rand-var-dec-scaling='0.7396972333673544'
3082.792000, 0.014479, 5626.720098, 98, 2543.928098, sp-clause-activity-inc='1.3885490435627261', sp-clause-decay='1.5710465031672345', sp-clause-del-heur=''2'', sp-first-restart='222', sp-learned-clause-sort-heur=''8'', sp-learned-clauses-inc='1.1708748941761922', sp-learned-size-factor='0.82113814219059', sp-orig-clause-sort-heur=''2'', sp-phase-dec-heur=''2'', sp-rand-var-dec-freq=''0.005'', sp-resolution=''0'', sp-restart-inc='1.2821997582588416', sp-update-dec-queue=''0'', sp-use-pure-literal-rule=''0'', sp-var-activity-inc='1.4309558509764448', sp-var-dec-heur=''16'', sp-variable-decay='1.019735021646626', sp-rand-var-dec-scaling='0.9122490688803051'
3176.124000, 0.013673, 5776.332332, 99, 2600.208332, sp-clause-activity-inc='1.3734325220726582', sp-clause-decay='1.9206515468554795', sp-clause-del-heur=''2'', sp-first-restart='367', sp-learned-clause-sort-heur=''8'', sp-learned-clauses-inc='1.3375589459364856', sp-learned-size-factor='1.0134732635989587', sp-orig-clause-sort-heur=''6'', sp-phase-dec-heur=''2'', sp-rand-var-dec-freq=''0.005'', sp-resolution=''0'', sp-restart-inc='1.2569616095951988', sp-update-dec-queue=''0'', sp-use-pure-literal-rule=''0'', sp-var-activity-inc='1.3974661800556147', sp-var-dec-heur=''16'', sp-variable-decay='1.0452533183873838', sp-rand-var-dec-scaling='0.9192715989157714'
3269.168000, 0.013391, 5915.837381, 101, 2646.669381, sp-clause-activity-inc='1.4778043760899615', sp-clause-decay='1.9563396979673002', sp-clause-del-heur=''0'', sp-first-restart='366', sp-learned-clause-sort-heur=''0'', sp-learned-clauses-inc='1.3365424155137928', sp-learned-size-factor='1.4809401082808993', sp-orig-clause-sort-heur=''13'', sp-phase-dec-heur=''2'', sp-rand-var-dec-freq=''0.005'', sp-resolution=''0'', sp-restart-inc='1.2706672453113288', sp-update-dec-queue=''0'', sp-use-pure-literal-rule=''1'', sp-var-activity-inc='1.3740723557848462', sp-var-dec-heur=''16'', sp-variable-decay='1.075589266323315', sp-rand-var-dec-scaling='0.8919936204664178'
3687.042000, 0.013161, 6540.039294, 110, 2852.997294, sp-clause-activity-inc='1.4109905717756135', sp-clause-decay='1.9003097980077928', sp-clause-del-heur=''0'', sp-first-restart='366', sp-learned-clause-sort-heur=''8'', sp-learned-clauses-inc='1.3130948256834034', sp-learned-size-factor='0.7913442980316909', sp-orig-clause-sort-heur=''2'', sp-phase-dec-heur=''2'', sp-rand-var-dec-freq=''0.0001'', sp-resolution=''0'', sp-restart-inc='1.1937767487869417', sp-update-dec-queue=''0'', sp-use-pure-literal-rule=''0'', sp-var-activity-inc='1.2466846963125509', sp-var-dec-heur=''16'', sp-variable-decay='1.428322375244538', sp-rand-var-dec-scaling='0.8571314248190176'
3794.410000, 0.012754, 6685.749195, 112, 2891.339195, sp-clause-activity-inc='1.4035863015573145', sp-clause-decay='1.5451418511788977', sp-clause-del-heur=''2'', sp-first-restart='366', sp-learned-clause-sort-heur=''0'', sp-learned-clauses-inc='1.3273668330121167', sp-learned-size-factor='1.1605370036193576', sp-orig-clause-sort-heur=''13'', sp-phase-dec-heur=''2'', sp-rand-var-dec-freq=''0.0001'', sp-resolution=''0'', sp-restart-inc='1.3626887076768945', sp-update-dec-queue=''0'', sp-use-pure-literal-rule=''0'', sp-var-activity-inc='1.2843899981015308', sp-var-dec-heur=''16'', sp-variable-decay='1.120132884478251', sp-rand-var-dec-scaling='1.0420784271247254'
3900.534000, 0.012137, 6854.760210, 113, 2954.226210, sp-clause-activity-inc='1.383193529635745', sp-clause-decay='1.8846293294511416', sp-clause-del-heur=''0'', sp-first-restart='366', sp-learned-clause-sort-heur=''19'', sp-learned-clauses-inc='1.2101178820010907', sp-learned-size-factor='1.0505376928022834', sp-orig-clause-sort-heur=''15'', sp-phase-dec-heur=''2'', sp-rand-var-dec-freq=''0.005'', sp-resolution=''0'', sp-restart-inc='1.2292428461927873', sp-update-dec-queue=''0'', sp-use-pure-literal-rule=''1'', sp-var-activity-inc='1.41530412594604', sp-var-dec-heur=''16'', sp-variable-decay='1.0057709929397989', sp-clause-inversion=''1'', sp-rand-var-dec-scaling='0.913055441655529'
4110.010000, 0.011600, 7178.103368, 117, 3068.093368, sp-clause-activity-inc='1.3877296931789864', sp-clause-decay='1.6562271412677836', sp-clause-del-heur=''0'', sp-first-restart='366', sp-learned-clause-sort-heur=''7'', sp-learned-clauses-inc='1.2933285656075273', sp-learned-size-factor='1.0564097566981385', sp-orig-clause-sort-heur=''16'', sp-phase-dec-heur=''2'', sp-rand-var-dec-freq=''0.001'', sp-resolution=''0'', sp-restart-inc='1.3582504559918003', sp-update-dec-queue=''1'', sp-use-pure-literal-rule=''0'', sp-var-activity-inc='1.3362618610694907', sp-var-dec-heur=''16'', sp-variable-decay='1.0057709929397989', sp-rand-var-dec-scaling='0.6795192684792085'
4561.830000, 0.011416, 7810.093395, 125, 3248.263395, sp-clause-activity-inc='1.4048048736726009', sp-clause-decay='1.507731961275679', sp-clause-del-heur=''0'', sp-first-restart='366', sp-learned-clause-sort-heur=''19'', sp-learned-clauses-inc='1.3183968391467922', sp-learned-size-factor='1.210186335313626', sp-orig-clause-sort-heur=''13'', sp-phase-dec-heur=''2'', sp-rand-var-dec-freq=''0.005'', sp-resolution=''0'', sp-restart-inc='1.2253636200157692', sp-update-dec-queue=''0'', sp-use-pure-literal-rule=''0'', sp-var-activity-inc='1.3023403997713565', sp-var-dec-heur=''16'', sp-variable-decay='1.0098848846942876', sp-clause-inversion=''1'', sp-rand-var-dec-scaling='1.0077182852677493'
4679.362000, 0.011003, 7966.401526, 128, 3287.039526, sp-clause-activity-inc='1.0276231650990686', sp-clause-decay='1.3993681497192', sp-clause-del-heur=''1'', sp-first-restart='366', sp-learned-clause-sort-heur=''0'', sp-learned-clauses-inc='1.3059612388330746', sp-learned-size-factor='1.2189464185234036', sp-orig-clause-sort-heur=''13'', sp-phase-dec-heur=''2'', sp-rand-var-dec-freq=''0.005'', sp-resolution=''0'', sp-restart-inc='1.2206621544518077', sp-update-dec-queue=''0'', sp-use-pure-literal-rule=''0'', sp-var-activity-inc='1.2585272926020765', sp-var-dec-heur=''16'', sp-variable-decay='1.0417079164005154', sp-rand-var-dec-scaling='1.0134086625413419'
4914.530000, 0.010390, 8299.160246, 131, 3384.630246, sp-clause-activity-inc='1.3784349315712703', sp-clause-decay='1.8797284134503718', sp-clause-del-heur=''1'', sp-first-restart='366', sp-learned-clause-sort-heur=''19'', sp-learned-clauses-inc='1.3319915788144931', sp-learned-size-factor='0.5581312859573383', sp-orig-clause-sort-heur=''13'', sp-phase-dec-heur=''2'', sp-rand-var-dec-freq=''0.005'', sp-resolution=''0'', sp-restart-inc='1.3345916311038666', sp-update-dec-queue=''1'', sp-use-pure-literal-rule=''0'', sp-var-activity-inc='0.9140950624872622', sp-var-dec-heur=''16'', sp-variable-decay='1.1190581037047085', sp-clause-inversion=''1'', sp-rand-var-dec-scaling='1.0138693371628713'
6613.218000, 0.010045, 10367.406046, 156, 3754.188046, sp-clause-activity-inc='1.3734325220726582', sp-clause-decay='1.370060484630367', sp-clause-del-heur=''1'', sp-first-restart='367', sp-learned-clause-sort-heur=''19'', sp-learned-clauses-inc='1.3334331253149176', sp-learned-size-factor='1.2249609316973047', sp-orig-clause-sort-heur=''11'', sp-phase-dec-heur=''2'', sp-rand-var-dec-freq=''0.005'', sp-resolution=''0'', sp-restart-inc='1.3337171353491453', sp-update-dec-queue=''1'', sp-use-pure-literal-rule=''0'', sp-var-activity-inc='0.8309760940670105', sp-var-dec-heur=''16'', sp-variable-decay='1.0981143182595552', sp-clause-inversion=''1'', sp-rand-var-dec-scaling='0.9873198118879736'
7258.970000, 0.009922, 11137.517128, 163, 3878.547128, sp-clause-activity-inc='1.4152816781887931', sp-clause-decay='1.391709142200269', sp-clause-del-heur=''1'', sp-first-restart='366', sp-learned-clause-sort-heur=''19'', sp-learned-clauses-inc='1.3351217565905307', sp-learned-size-factor='1.296708501874922', sp-orig-clause-sort-heur=''8'', sp-phase-dec-heur=''2'', sp-rand-var-dec-freq=''0.005'', sp-resolution=''0'', sp-restart-inc='1.3397079224116033', sp-update-dec-queue=''1'', sp-use-pure-literal-rule=''0'', sp-var-activity-inc='0.812466176028402', sp-var-dec-heur=''16'', sp-variable-decay='1.1048343032420813', sp-clause-inversion=''1'', sp-rand-var-dec-scaling='0.9748935525582829'
7941.602000, 0.009659, 11944.158669, 171, 4002.556669, sp-clause-activity-inc='1.3923289678707702', sp-clause-decay='1.2012780315922338', sp-clause-del-heur=''2'', sp-first-restart='367', sp-learned-clause-sort-heur=''10'', sp-learned-clauses-inc='1.3304053816037176', sp-learned-size-factor='1.181013507493009', sp-orig-clause-sort-heur=''1'', sp-phase-dec-heur=''2'', sp-rand-var-dec-freq=''0.005'', sp-resolution=''0'', sp-restart-inc='1.1263495557875836', sp-update-dec-queue=''0'', sp-use-pure-literal-rule=''0'', sp-var-activity-inc='0.8271700258072701', sp-var-dec-heur=''16'', sp-variable-decay='1.0214197908343166', sp-rand-var-dec-scaling='0.9504032436009682'
8111.534000, 0.009484, 12150.807604, 174, 4039.273604, sp-clause-activity-inc='1.4056913362389472', sp-clause-decay='1.188922921067535', sp-clause-del-heur=''1'', sp-first-restart='366', sp-learned-clause-sort-heur=''19'', sp-learned-clauses-inc='1.3295373997497801', sp-learned-size-factor='1.323897594735507', sp-orig-clause-sort-heur=''1'', sp-phase-dec-heur=''2'', sp-rand-var-dec-freq=''0.005'', sp-resolution=''0'', sp-restart-inc='1.1147092678379396', sp-update-dec-queue=''1'', sp-use-pure-literal-rule=''1'', sp-var-activity-inc='0.8426964787056789', sp-var-dec-heur=''16'', sp-variable-decay='1.0977640673393063', sp-clause-inversion=''1'', sp-rand-var-dec-scaling='0.9731793282108503'
8284.886000, 0.009323, 12359.872400, 175, 4074.986400, sp-clause-activity-inc='1.399624847775757', sp-clause-decay='1.188922921067535', sp-clause-del-heur=''2'', sp-first-restart='366', sp-learned-clause-sort-heur=''10'', sp-learned-clauses-inc='1.3295373997497801', sp-learned-size-factor='1.3608724590657055', sp-orig-clause-sort-heur=''1'', sp-phase-dec-heur=''2'', sp-rand-var-dec-freq=''0.005'', sp-resolution=''0'', sp-restart-inc='1.1081648914915185', sp-update-dec-queue=''0'', sp-use-pure-literal-rule=''0'', sp-var-activity-inc='0.8440783236601042', sp-var-dec-heur=''16'', sp-variable-decay='1.040672822992559', sp-rand-var-dec-scaling='0.9530965052113967'
8460.818000, 0.009143, 12569.268764, 177, 4108.450764, sp-clause-activity-inc='1.391431989918964', sp-clause-decay='1.100754616594275', sp-clause-del-heur=''2'', sp-first-restart='366', sp-learned-clause-sort-heur=''19'', sp-learned-clauses-inc='1.3295373997497801', sp-learned-size-factor='1.323897594735507', sp-orig-clause-sort-heur=''0'', sp-phase-dec-heur=''2'', sp-rand-var-dec-freq=''0.005'', sp-resolution=''0'', sp-restart-inc='1.4256768633611796', sp-update-dec-queue=''0'', sp-use-pure-literal-rule=''0'', sp-var-activity-inc='0.8964211008680841', sp-var-dec-heur=''16'', sp-variable-decay='1.0183511544676385', sp-clause-inversion=''1'', sp-rand-var-dec-scaling='0.9731793282108503'
9012.118000, 0.009012, 13180.303425, 183, 4168.185425, sp-clause-activity-inc='1.3823616538738377', sp-clause-decay='1.856968893027646', sp-clause-del-heur=''2'', sp-first-restart='366', sp-learned-clause-sort-heur=''19'', sp-learned-clauses-inc='1.3318367377676894', sp-learned-size-factor='1.2967906534316767', sp-orig-clause-sort-heur=''15'', sp-phase-dec-heur=''2'', sp-rand-var-dec-freq=''0.005'', sp-resolution=''0'', sp-restart-inc='1.3345916311038666', sp-update-dec-queue=''0'', sp-use-pure-literal-rule=''1'', sp-var-activity-inc='0.9591743853676582', sp-var-dec-heur=''16'', sp-variable-decay='1.0015132112010787', sp-clause-inversion=''1'', sp-rand-var-dec-scaling='0.9762089696329053'
9191.170000, 0.008802, 13387.594951, 185, 4196.424951, sp-clause-activity-inc='1.3823616538738377', sp-clause-decay='1.197886589885471', sp-clause-del-heur=''2'', sp-first-restart='367', sp-learned-clause-sort-heur=''19'', sp-learned-clauses-inc='1.3356165049129356', sp-learned-size-factor='0.4744614193005793', sp-orig-clause-sort-heur=''1'', sp-phase-dec-heur=''2'', sp-rand-var-dec-freq=''0.005'', sp-resolution=''0'', sp-restart-inc='1.3345916311038666', sp-update-dec-queue=''1'', sp-use-pure-literal-rule=''0'', sp-var-activity-inc='0.9591743853676582', sp-var-dec-heur=''16'', sp-variable-decay='1.0976452579361966', sp-clause-inversion=''1'', sp-rand-var-dec-scaling='0.9729316786226889'
9370.398000, 0.008679, 13601.222576, 187, 4230.824576, sp-clause-activity-inc='1.4080362971741758', sp-clause-decay='1.2002779202613525', sp-clause-del-heur=''1'', sp-first-restart='366', sp-learned-clause-sort-heur=''19'', sp-learned-clauses-inc='1.3351217565905307', sp-learned-size-factor='1.296708501874922', sp-orig-clause-sort-heur=''1'', sp-phase-dec-heur=''2'', sp-rand-var-dec-freq=''0.005'', sp-resolution=''0'', sp-restart-inc='1.3397079224116033', sp-update-dec-queue=''0'', sp-use-pure-literal-rule=''0'', sp-var-activity-inc='1.038135618022752', sp-var-dec-heur=''16'', sp-variable-decay='1.0632021404044847', sp-clause-inversion=''1'', sp-rand-var-dec-scaling='0.9808716819163557'
9549.570000, 0.008467, 13805.066592, 190, 4255.496592, sp-clause-activity-inc='1.4669540630122628', sp-clause-decay='1.197886589885471', sp-clause-del-heur=''2'', sp-first-restart='367', sp-learned-clause-sort-heur=''19'', sp-learned-clauses-inc='1.3356165049129356', sp-learned-size-factor='1.369162349758055', sp-orig-clause-sort-heur=''8'', sp-phase-dec-heur=''2'', sp-rand-var-dec-freq=''0.005'', sp-resolution=''0'', sp-restart-inc='1.3345916311038666', sp-update-dec-queue=''1'', sp-use-pure-literal-rule=''0'', sp-var-activity-inc='0.8803979894240508', sp-var-dec-heur=''16'', sp-variable-decay='1.007122846022652', sp-clause-inversion=''1'', sp-rand-var-dec-scaling='0.9796308345314011'
9929.450000, 0.008584, 14235.709303, 192, 4306.259303, sp-clause-activity-inc='1.4669540630122628', sp-clause-decay='1.197886589885471', sp-clause-del-heur=''2'', sp-first-restart='367', sp-learned-clause-sort-heur=''19'', sp-learned-clauses-inc='1.3356165049129356', sp-learned-size-factor='1.369162349758055', sp-orig-clause-sort-heur=''13'', sp-phase-dec-heur=''2'', sp-rand-var-dec-freq=''0.005'', sp-resolution=''0'', sp-restart-inc='1.3345916311038666', sp-update-dec-queue=''1'', sp-use-pure-literal-rule=''1'', sp-var-activity-inc='0.9113763005342433', sp-var-dec-heur=''16'', sp-variable-decay='1.007122846022652', sp-clause-inversion=''1'', sp-rand-var-dec-scaling='0.9796308345314011'
10117.626000, 0.008440, 14451.770495, 195, 4334.144495, sp-clause-activity-inc='1.4649088621890867', sp-clause-decay='1.3912355262229197', sp-clause-del-heur=''2'', sp-first-restart='367', sp-learned-clause-sort-heur=''19'', sp-learned-clauses-inc='1.2993756811531725', sp-learned-size-factor='1.4127731829183818', sp-orig-clause-sort-heur=''13'', sp-phase-dec-heur=''2'', sp-rand-var-dec-freq=''0.005'', sp-resolution=''0'', sp-restart-inc='1.3345916311038666', sp-update-dec-queue=''1'', sp-use-pure-literal-rule=''0'', sp-var-activity-inc='0.9748587749730222', sp-var-dec-heur=''16'', sp-variable-decay='1.0578166136373413', sp-clause-inversion=''1'', sp-rand-var-dec-scaling='0.9707387545602952'
10310.674000, 0.008273, 14660.530407, 196, 4349.856407, sp-clause-activity-inc='1.4669540630122628', sp-clause-decay='1.3977580482854293', sp-clause-del-heur=''2'', sp-first-restart='367', sp-learned-clause-sort-heur=''19'', sp-learned-clauses-inc='1.138439898350918', sp-learned-size-factor='1.4470566015599067', sp-orig-clause-sort-heur=''13'', sp-phase-dec-heur=''2'', sp-rand-var-dec-freq=''0.005'', sp-resolution=''0'', sp-restart-inc='1.3345916311038666', sp-update-dec-queue=''1'', sp-use-pure-literal-rule=''0'', sp-var-activity-inc='0.9622691265173984', sp-var-dec-heur=''16'', sp-variable-decay='1.0545288051120147', sp-clause-inversion=''1'', sp-rand-var-dec-scaling='0.9786785323994591'
11316.434000, 0.008035, 15805.432522, 206, 4488.998522, sp-clause-activity-inc='1.3757741135041752', sp-clause-decay='1.0110691456977179', sp-clause-del-heur=''2'', sp-first-restart='366', sp-learned-clause-sort-heur=''18'', sp-learned-clauses-inc='1.3351217565905307', sp-learned-size-factor='1.296708501874922', sp-orig-clause-sort-heur=''8'', sp-phase-dec-heur=''2'', sp-rand-var-dec-freq=''0.005'', sp-resolution=''0'', sp-restart-inc='1.3397079224116033', sp-update-dec-queue=''0'', sp-use-pure-literal-rule=''0'', sp-var-activity-inc='0.973474270998486', sp-var-dec-heur=''16'', sp-variable-decay='1.09737133708988', sp-rand-var-dec-scaling='0.9748935525582829'
11524.914000, 0.007965, 16056.578841, 209, 4531.664841, sp-clause-activity-inc='1.4022871082388635', sp-clause-decay='1.0193830421907504', sp-clause-del-heur=''0'', sp-first-restart='367', sp-learned-clause-sort-heur=''19'', sp-learned-clauses-inc='1.3356165049129356', sp-learned-size-factor='1.281627199374926', sp-orig-clause-sort-heur=''13'', sp-phase-dec-heur=''2'', sp-rand-var-dec-freq=''0.005'', sp-resolution=''0'', sp-restart-inc='1.3345916311038666', sp-update-dec-queue=''0'', sp-use-pure-literal-rule=''0'', sp-var-activity-inc='0.9788007640583885', sp-var-dec-heur=''16'', sp-variable-decay='1.0576686158797965', sp-clause-inversion=''1'', sp-rand-var-dec-scaling='0.9865280107675143'
11730.442000, 0.007814, 16298.646147, 211, 4568.204147, sp-clause-activity-inc='1.3734325220726582', sp-clause-decay='1.0488222099764457', sp-clause-del-heur=''2'', sp-first-restart='367', sp-learned-clause-sort-heur=''19'', sp-learned-clauses-inc='1.3334331253149176', sp-learned-size-factor='1.322311471925804', sp-orig-clause-sort-heur=''13'', sp-phase-dec-heur=''2'', sp-rand-var-dec-freq=''0.005'', sp-resolution=''0'', sp-restart-inc='1.3337171353491453', sp-update-dec-queue=''1'', sp-use-pure-literal-rule=''0'', sp-var-activity-inc='0.8309760940670105', sp-var-dec-heur=''16'', sp-variable-decay='1.0062382407114476', sp-clause-inversion=''1'', sp-rand-var-dec-scaling='0.9852846916727271'
11936.706000, 0.007714, 16553.939252, 212, 4617.233252, sp-clause-activity-inc='1.390461674978298', sp-clause-decay='1.3977580482854293', sp-clause-del-heur=''1'', sp-first-restart='367', sp-learned-clause-sort-heur=''19'', sp-learned-clauses-inc='1.3365384360882828', sp-learned-size-factor='1.599105892978265', sp-orig-clause-sort-heur=''13'', sp-phase-dec-heur=''2'', sp-rand-var-dec-freq=''0.005'', sp-resolution=''0'', sp-restart-inc='1.3345916311038666', sp-update-dec-queue=''1'', sp-use-pure-literal-rule=''0'', sp-var-activity-inc='0.8426188662118645', sp-var-dec-heur=''16'', sp-variable-decay='1.044809207029041', sp-clause-inversion=''1'', sp-rand-var-dec-scaling='0.9800676712344139'
12142.594000, 0.007568, 16811.619801, 214, 4669.025801, sp-clause-activity-inc='1.4527709255838521', sp-clause-decay='1.2006007337606883', sp-clause-del-heur=''2'', sp-first-restart='367', sp-learned-clause-sort-heur=''19'', sp-learned-clauses-inc='1.2972727593833733', sp-learned-size-factor='1.2972008937708488', sp-orig-clause-sort-heur=''1'', sp-phase-dec-heur=''2'', sp-rand-var-dec-freq=''0.005'', sp-resolution=''0'', sp-restart-inc='1.3339751499657795', sp-update-dec-queue=''0'', sp-use-pure-literal-rule=''0'', sp-var-activity-inc='0.9262050130016015', sp-var-dec-heur=''16'', sp-variable-decay='1.0780698237017075', sp-clause-inversion=''1'', sp-rand-var-dec-scaling='0.9623939991672965'
12349.742000, 0.007438, 17063.012993, 216, 4713.270993, sp-clause-activity-inc='1.4527709255838521', sp-clause-decay='1.4256963644355711', sp-clause-del-heur=''2'', sp-first-restart='367', sp-learned-clause-sort-heur=''19'', sp-learned-clauses-inc='1.2823027289421125', sp-learned-size-factor='1.2972008937708488', sp-orig-clause-sort-heur=''1'', sp-phase-dec-heur=''2'', sp-rand-var-dec-freq=''0.005'', sp-resolution=''0'', sp-restart-inc='1.3339751499657795', sp-update-dec-queue=''0'', sp-use-pure-literal-rule=''1'', sp-var-activity-inc='0.9807144644703892', sp-var-dec-heur=''16'', sp-variable-decay='1.0780698237017075', sp-clause-inversion=''1'', sp-rand-var-dec-scaling='0.9623939991672965'
12556.958000, 0.007327, 17318.014733, 218, 4761.056733, sp-clause-activity-inc='1.4527709255838521', sp-clause-decay='1.2002624504941244', sp-clause-del-heur=''2'', sp-first-restart='367', sp-learned-clause-sort-heur=''19'', sp-learned-clauses-inc='1.15898016108327', sp-learned-size-factor='1.2972008937708488', sp-orig-clause-sort-heur=''1'', sp-phase-dec-heur=''2'', sp-rand-var-dec-freq=''0.005'', sp-resolution=''0'', sp-restart-inc='1.3345916311038666', sp-update-dec-queue=''0'', sp-use-pure-literal-rule=''1'', sp-var-activity-inc='1.2462105836938562', sp-var-dec-heur=''16'', sp-variable-decay='1.0029168263341663', sp-clause-inversion=''1'', sp-rand-var-dec-scaling='0.9623939991672965'
12763.698000, 0.007237, 17573.133984, 221, 4809.435984, sp-clause-activity-inc='1.4608868941817161', sp-clause-decay='1.4832633940500057', sp-clause-del-heur=''2'', sp-first-restart='367', sp-learned-clause-sort-heur=''19'', sp-learned-clauses-inc='1.1401357621463548', sp-learned-size-factor='1.2967906534316767', sp-orig-clause-sort-heur=''13'', sp-phase-dec-heur=''2'', sp-rand-var-dec-freq=''0.005'', sp-resolution=''0'', sp-restart-inc='1.3345916311038666', sp-update-dec-queue=''1'', sp-use-pure-literal-rule=''0'', sp-var-activity-inc='0.959002199247245', sp-var-dec-heur=''16'', sp-variable-decay='1.0015132112010787', sp-clause-inversion=''1'', sp-rand-var-dec-scaling='0.9762089696329053'
12973.190000, 0.007165, 17846.398117, 222, 4873.208117, sp-clause-activity-inc='1.3700723717099987', sp-clause-decay='1.2015198364495703', sp-clause-del-heur=''1'', sp-first-restart='367', sp-learned-clause-sort-heur=''0'', sp-learned-clauses-inc='1.2823027289421125', sp-learned-size-factor='1.2972008937708488', sp-orig-clause-sort-heur=''13'', sp-phase-dec-heur=''2'', sp-rand-var-dec-freq=''0.005'', sp-resolution=''0'', sp-restart-inc='1.3339751499657795', sp-update-dec-queue=''1'', sp-use-pure-literal-rule=''0'', sp-var-activity-inc='0.9901531824552744', sp-var-dec-heur=''16'', sp-variable-decay='1.0009140072448373', sp-rand-var-dec-scaling='0.9623939991672965'
