{"cpu_time": 0, "incumbent": ["adaptive=''1''", "clausepen=''1''", "performrandomwalk=''0''", "singleclause=''1''", "tabusearch=''0''", "adaptivenoisescheme=''1''", "adaptwalkprob=''0''", "heuristic=''2''", "promisinglist=''1''", "ps='0.4'", "selectclause=''1''", "smoothingscheme=''1''", "adaptiveprom=''0''", "decreasingvariable=''3''", "performalternatenovelty=''1''", "phi='5'", "theta='6'", "updateschemepromlist=''3''", "wp='0.01'", "CONadaptpromwalkprob=''0''"], "evaluations": 0, "cost": 2147483648, "wallclock_time": 0.0014853477478027344, "total_cpu_time": null}
{"cpu_time": 5.0, "incumbent": ["adaptive=''1''", "clausepen=''1''", "performrandomwalk=''0''", "singleclause=''1''", "tabusearch=''0''", "adaptivenoisescheme=''1''", "adaptwalkprob=''0''", "heuristic=''2''", "promisinglist=''1''", "ps='0.4'", "selectclause=''1''", "smoothingscheme=''1''", "adaptiveprom=''0''", "decreasingvariable=''3''", "performalternatenovelty=''1''", "phi='5'", "theta='6'", "updateschemepromlist=''3''", "wp='0.01'", "CONadaptpromwalkprob=''0''"], "evaluations": 1, "cost": 50, "wallclock_time": 7.641351222991943, "total_cpu_time": null}
{"cpu_time": 118.34400000000001, "incumbent": ["adaptive=''0''", "clausepen=''0''", "performrandomwalk=''0''", "singleclause=''1''", "tabusearch=''0''", "CONadaptwalkprob=''0''", "CONselectclause=''1''", "c='0.0011870168597208689'", "heuristic=''13''", "promisinglist=''1''", "s='0.001375893581866807'", "CONdp='0.19821387337153568'", "adaptiveprom=''0''", "decreasingvariable=''9''", "novnoise='0.14861100208422362'", "performalternatenovelty=''0''", "updateschemepromlist=''3''", "CONadaptpromwalkprob=''0''", "promnovnoise='0.6497147606237637'", "CONpromwp='0.12471696852503102'"], "evaluations": 65, "cost": 0.003599999999999999, "wallclock_time": 77.40231513977051, "total_cpu_time": null}
{"cpu_time": 806.5199999999976, "incumbent": ["adaptive=''0''", "clausepen=''1''", "performrandomwalk=''1''", "singleclause=''1''", "tabusearch=''0''", "CONadaptwalkprob=''0''", "c='0.00038818695885076967'", "heuristic=''3''", "promisinglist=''0''", "ps='0.24532595480557787'", "randomwalk=''1''", "s='0.0019723346121005873'", "selectclause=''7''", "smoothingscheme=''2''", "CONdp='0.05'", "novnoise='0.5'", "performalternatenovelty=''1''", "rwp='0.01'"], "evaluations": 845, "cost": 0.0032000000000000006, "wallclock_time": 650.1100194454193, "total_cpu_time": null}
{"cpu_time": 1481.919999999995, "incumbent": ["adaptive=''1''", "clausepen=''2''", "performrandomwalk=''0''", "singleclause=''1''", "tabusearch=''0''", "adaptivenoisescheme=''1''", "adaptwalkprob=''0''", "heuristic=''1''", "promisinglist=''1''", "adaptiveprom=''0''", "decreasingvariable=''11''", "performalternatenovelty=''0''", "phi='7'", "theta='7'", "updateschemepromlist=''1''", "CONadaptpromwalkprob=''0''", "promnovnoise='0.7211121483003976'", "CONpromwp='0.01'"], "evaluations": 1365, "cost": 0.0032000000000000006, "wallclock_time": 1147.0101418495178, "total_cpu_time": null}
{"cpu_time": 1855.64799999998, "incumbent": ["adaptive=''1''", "clausepen=''2''", "performrandomwalk=''0''", "singleclause=''1''", "tabusearch=''0''", "adaptivenoisescheme=''1''", "adaptwalkprob=''0''", "heuristic=''1''", "promisinglist=''1''", "adaptiveprom=''1''", "decreasingvariable=''11''", "performalternatenovelty=''0''", "phi='7'", "theta='8'", "updateschemepromlist=''1''", "adaptpromwalkprob=''0''", "promphi='5'", "promtheta='6'", "promwp='0.01'"], "evaluations": 1690, "cost": 0.0032000000000000006, "wallclock_time": 1441.8077988624573, "total_cpu_time": null}
{"cpu_time": 3143.75200000005, "incumbent": ["adaptive=''1''", "clausepen=''2''", "performrandomwalk=''0''", "singleclause=''1''", "tabusearch=''0''", "adaptivenoisescheme=''1''", "adaptwalkprob=''1''", "heuristic=''1''", "promisinglist=''1''", "adaptiveprom=''1''", "decreasingvariable=''11''", "performalternatenovelty=''0''", "phi='7'", "theta='8'", "updateschemepromlist=''1''", "adaptpromwalkprob=''0''", "promphi='5'", "promtheta='6'", "promwp='0.01'"], "evaluations": 2665, "cost": 0.0032000000000000006, "wallclock_time": 2406.96963262558, "total_cpu_time": null}
{"cpu_time": 3427.7440000000865, "incumbent": ["adaptive=''1''", "clausepen=''1''", "performrandomwalk=''0''", "singleclause=''1''", "tabusearch=''0''", "adaptivenoisescheme=''1''", "adaptwalkprob=''1''", "heuristic=''1''", "promisinglist=''1''", "ps='0.4'", "selectclause=''1''", "smoothingscheme=''1''", "adaptiveprom=''0''", "decreasingvariable=''11''", "performalternatenovelty=''0''", "phi='7'", "theta='7'", "updateschemepromlist=''1''", "CONadaptpromwalkprob=''0''", "promnovnoise='0.7211121483003976'", "CONpromwp='0.01'"], "evaluations": 2990, "cost": 0.0032000000000000006, "wallclock_time": 2664.913803100586, "total_cpu_time": null}
{"cpu_time": 3655.0760000001146, "incumbent": ["adaptive=''1''", "clausepen=''2''", "performrandomwalk=''0''", "singleclause=''1''", "tabusearch=''0''", "adaptivenoisescheme=''1''", "adaptwalkprob=''0''", "heuristic=''1''", "promisinglist=''1''", "adaptiveprom=''1''", "decreasingvariable=''11''", "performalternatenovelty=''0''", "phi='7'", "theta='8'", "updateschemepromlist=''1''", "adaptpromwalkprob=''1''", "promphi='5'", "promtheta='6'"], "evaluations": 3250, "cost": 0.0032000000000000006, "wallclock_time": 2880.4348244667053, "total_cpu_time": null}
{"cpu_time": 4171.300000000136, "incumbent": ["adaptive=''1''", "clausepen=''1''", "performrandomwalk=''0''", "singleclause=''1''", "tabusearch=''0''", "adaptivenoisescheme=''1''", "adaptwalkprob=''1''", "heuristic=''1''", "promisinglist=''1''", "ps='0.4'", "selectclause=''1''", "smoothingscheme=''1''", "adaptiveprom=''1''", "decreasingvariable=''11''", "performalternatenovelty=''0''", "phi='7'", "theta='8'", "updateschemepromlist=''1''", "adaptpromwalkprob=''1''", "promphi='5'", "promtheta='6'"], "evaluations": 3510, "cost": 0.0031600000000000005, "wallclock_time": 3220.0954349040985, "total_cpu_time": null}
