"CPU Time Used","Estimated Training Performance","Wallclock Time","Incumbent ID","Automatic Configurator (CPU) Time","Configuration..."
0.000000, 2147483648.000000, 0.001485, 1, 0.001485, adaptive=''1'', clausepen=''1'', performrandomwalk=''0'', singleclause=''1'', tabusearch=''0'', adaptivenoisescheme=''1'', adaptwalkprob=''0'', heuristic=''2'', promisinglist=''1'', ps='0.4', selectclause=''1'', smoothingscheme=''1'', adaptiveprom=''0'', decreasingvariable=''3'', performalternatenovelty=''1'', phi='5', theta='6', updateschemepromlist=''3'', wp='0.01', CONadaptpromwalkprob=''0''
5.000000, 50.000000, 7.641351, 1, 2.641351, adaptive=''1'', clausepen=''1'', performrandomwalk=''0'', singleclause=''1'', tabusearch=''0'', adaptivenoisescheme=''1'', adaptwalkprob=''0'', heuristic=''2'', promisinglist=''1'', ps='0.4', selectclause=''1'', smoothingscheme=''1'', adaptiveprom=''0'', decreasingvariable=''3'', performalternatenovelty=''1'', phi='5', theta='6', updateschemepromlist=''3'', wp='0.01', CONadaptpromwalkprob=''0''
118.344000, 0.003600, 77.402315, 2, -40.941685, adaptive=''0'', clausepen=''0'', performrandomwalk=''0'', singleclause=''1'', tabusearch=''0'', CONadaptwalkprob=''0'', CONselectclause=''1'', c='0.0011870168597208689', heuristic=''13'', promisinglist=''1'', s='0.001375893581866807', CONdp='0.19821387337153568', adaptiveprom=''0'', decreasingvariable=''9'', novnoise='0.14861100208422362', performalternatenovelty=''0'', updateschemepromlist=''3'', CONadaptpromwalkprob=''0'', promnovnoise='0.6497147606237637', CONpromwp='0.12471696852503102'
806.520000, 0.003200, 650.110019, 122, -156.409981, adaptive=''0'', clausepen=''1'', performrandomwalk=''1'', singleclause=''1'', tabusearch=''0'', CONadaptwalkprob=''0'', c='0.00038818695885076967', heuristic=''3'', promisinglist=''0'', ps='0.24532595480557787', randomwalk=''1'', s='0.0019723346121005873', selectclause=''7'', smoothingscheme=''2'', CONdp='0.05', novnoise='0.5', performalternatenovelty=''1'', rwp='0.01'
1481.920000, 0.003200, 1147.010142, 193, -334.909858, adaptive=''1'', clausepen=''2'', performrandomwalk=''0'', singleclause=''1'', tabusearch=''0'', adaptivenoisescheme=''1'', adaptwalkprob=''0'', heuristic=''1'', promisinglist=''1'', adaptiveprom=''0'', decreasingvariable=''11'', performalternatenovelty=''0'', phi='7', theta='7', updateschemepromlist=''1'', CONadaptpromwalkprob=''0'', promnovnoise='0.7211121483003976', CONpromwp='0.01'
1855.648000, 0.003200, 1441.807799, 151, -413.840201, adaptive=''1'', clausepen=''2'', performrandomwalk=''0'', singleclause=''1'', tabusearch=''0'', adaptivenoisescheme=''1'', adaptwalkprob=''0'', heuristic=''1'', promisinglist=''1'', adaptiveprom=''1'', decreasingvariable=''11'', performalternatenovelty=''0'', phi='7', theta='8', updateschemepromlist=''1'', adaptpromwalkprob=''0'', promphi='5', promtheta='6', promwp='0.01'
3143.752000, 0.003200, 2406.969633, 298, -736.782367, adaptive=''1'', clausepen=''2'', performrandomwalk=''0'', singleclause=''1'', tabusearch=''0'', adaptivenoisescheme=''1'', adaptwalkprob=''1'', heuristic=''1'', promisinglist=''1'', adaptiveprom=''1'', decreasingvariable=''11'', performalternatenovelty=''0'', phi='7', theta='8', updateschemepromlist=''1'', adaptpromwalkprob=''0'', promphi='5', promtheta='6', promwp='0.01'
3427.744000, 0.003200, 2664.913803, 329, -762.830197, adaptive=''1'', clausepen=''1'', performrandomwalk=''0'', singleclause=''1'', tabusearch=''0'', adaptivenoisescheme=''1'', adaptwalkprob=''1'', heuristic=''1'', promisinglist=''1'', ps='0.4', selectclause=''1'', smoothingscheme=''1'', adaptiveprom=''0'', decreasingvariable=''11'', performalternatenovelty=''0'', phi='7', theta='7', updateschemepromlist=''1'', CONadaptpromwalkprob=''0'', promnovnoise='0.7211121483003976', CONpromwp='0.01'
3655.076000, 0.003200, 2880.434824, 355, -774.641176, adaptive=''1'', clausepen=''2'', performrandomwalk=''0'', singleclause=''1'', tabusearch=''0'', adaptivenoisescheme=''1'', adaptwalkprob=''0'', heuristic=''1'', promisinglist=''1'', adaptiveprom=''1'', decreasingvariable=''11'', performalternatenovelty=''0'', phi='7', theta='8', updateschemepromlist=''1'', adaptpromwalkprob=''1'', promphi='5', promtheta='6'
4171.300000, 0.003160, 3220.095435, 367, -951.204565, adaptive=''1'', clausepen=''1'', performrandomwalk=''0'', singleclause=''1'', tabusearch=''0'', adaptivenoisescheme=''1'', adaptwalkprob=''1'', heuristic=''1'', promisinglist=''1'', ps='0.4', selectclause=''1'', smoothingscheme=''1'', adaptiveprom=''1'', decreasingvariable=''11'', performalternatenovelty=''0'', phi='7', theta='8', updateschemepromlist=''1'', adaptpromwalkprob=''1'', promphi='5', promtheta='6'
