{"wallclock_time": 0.0014483928680419922, "cpu_time": 0, "evaluations": 0, "total_cpu_time": null, "incumbent": ["adaptive=''1''", "clausepen=''1''", "performrandomwalk=''0''", "singleclause=''1''", "tabusearch=''0''", "adaptivenoisescheme=''1''", "adaptwalkprob=''0''", "heuristic=''2''", "promisinglist=''1''", "ps='0.4'", "selectclause=''1''", "smoothingscheme=''1''", "adaptiveprom=''0''", "decreasingvariable=''3''", "performalternatenovelty=''1''", "phi='5'", "theta='6'", "updateschemepromlist=''3''", "wp='0.01'", "CONadaptpromwalkprob=''0''"], "cost": 2147483648}
{"wallclock_time": 7.635934114456177, "cpu_time": 5.0, "evaluations": 1, "total_cpu_time": null, "incumbent": ["adaptive=''1''", "clausepen=''1''", "performrandomwalk=''0''", "singleclause=''1''", "tabusearch=''0''", "adaptivenoisescheme=''1''", "adaptwalkprob=''0''", "heuristic=''2''", "promisinglist=''1''", "ps='0.4'", "selectclause=''1''", "smoothingscheme=''1''", "adaptiveprom=''0''", "decreasingvariable=''3''", "performalternatenovelty=''1''", "phi='5'", "theta='6'", "updateschemepromlist=''3''", "wp='0.01'", "CONadaptpromwalkprob=''0''"], "cost": 50}
{"wallclock_time": 94.25618934631348, "cpu_time": 86.11999999999995, "evaluations": 65, "total_cpu_time": null, "incumbent": ["adaptive=''1''", "clausepen=''1''", "performrandomwalk=''1''", "singleclause=''0''", "tabusearch=''0''", "DLSscoringmeasure=''3''", "DLStiebreaking=''4''", "adaptivenoisescheme=''1''", "randomwalk=''3''", "smoothingscheme=''1''", "DLSalpha='1.2104786214022534'", "DLSrho='0.8283965041719044'", "DLSsapsthresh='-0.33612938681905596'", "DLSwp='0.04215903948399469'", "rdp='0.12045948590594434'"], "cost": 0.0030800000000000003}
{"wallclock_time": 400.95341396331787, "cpu_time": 423.9340000000006, "evaluations": 260, "total_cpu_time": null, "incumbent": ["adaptive=''1''", "clausepen=''2''", "performrandomwalk=''1''", "singleclause=''0''", "tabusearch=''0''", "DLSscoringmeasure=''3''", "DLStiebreaking=''2''", "adaptivenoisescheme=''1''", "randomwalk=''3''", "rdp='0.05'"], "cost": 0.00284}
{"wallclock_time": 1699.2733762264252, "cpu_time": 1653.5139999999983, "evaluations": 1300, "total_cpu_time": null, "incumbent": ["adaptive=''0''", "clausepen=''1''", "performrandomwalk=''0''", "singleclause=''0''", "tabusearch=''0''", "DLSscoringmeasure=''3''", "DLStiebreaking=''2''", "smoothingscheme=''1''", "DLSalpha='1.2104786214022534'", "DLSps='0.050864631237888286'", "DLSrho='0.6531834023269867'", "DLSsapsthresh='-0.2430806436121454'", "DLSwp='0.029159637630192'"], "cost": 0.0028000000000000004}
{"wallclock_time": 2669.6456410884857, "cpu_time": 2491.878000000002, "evaluations": 2210, "total_cpu_time": null, "incumbent": ["adaptive=''0''", "clausepen=''1''", "performrandomwalk=''0''", "singleclause=''0''", "tabusearch=''1''", "DLSscoringmeasure=''1''", "DLStiebreaking=''2''", "smoothingscheme=''1''", "tabu='1'", "DLSalpha='1.2104786214022534'", "DLSps='0.06705640422782198'", "DLSrho='0.6531834023269867'", "DLSsapsthresh='-0.33723709692442616'", "DLSwp='0.027900437930792294'"], "cost": 0.0028000000000000004}
