"CPU Time Used","Estimated Training Performance","Wallclock Time","Incumbent ID","Automatic Configurator (CPU) Time","Configuration..."
0.000000, 2147483648.000000, 0.000863, 1, 0.000863, sp-clause-activity-inc='1.0', sp-clause-decay='1.4', sp-clause-del-heur=''2'', sp-first-restart='100', sp-learned-clause-sort-heur=''0'', sp-learned-clauses-inc='1.3', sp-learned-size-factor='0.4', sp-orig-clause-sort-heur=''0'', sp-phase-dec-heur=''5'', sp-rand-var-dec-freq=''0.001'', sp-resolution=''1'', sp-restart-inc='1.5', sp-update-dec-queue=''1'', sp-use-pure-literal-rule=''1'', sp-var-activity-inc='1.0', sp-var-dec-heur=''0'', sp-variable-decay='1.4', sp-max-res-lit-inc='1.0', sp-max-res-runs='4', sp-rand-phase-dec-freq=''0.001'', sp-rand-var-dec-scaling='1.0', sp-res-cutoff-cls='8', sp-res-cutoff-lits='400', sp-res-order-heur=''0'', sp-rand-phase-scaling='1.0'
0.056000, 0.056000, 0.211159, 1, 0.155159, sp-clause-activity-inc='1.0', sp-clause-decay='1.4', sp-clause-del-heur=''2'', sp-first-restart='100', sp-learned-clause-sort-heur=''0'', sp-learned-clauses-inc='1.3', sp-learned-size-factor='0.4', sp-orig-clause-sort-heur=''0'', sp-phase-dec-heur=''5'', sp-rand-var-dec-freq=''0.001'', sp-resolution=''1'', sp-restart-inc='1.5', sp-update-dec-queue=''1'', sp-use-pure-literal-rule=''1'', sp-var-activity-inc='1.0', sp-var-dec-heur=''0'', sp-variable-decay='1.4', sp-max-res-lit-inc='1.0', sp-max-res-runs='4', sp-rand-phase-dec-freq=''0.001'', sp-rand-var-dec-scaling='1.0', sp-res-cutoff-cls='8', sp-res-cutoff-lits='400', sp-res-order-heur=''0'', sp-rand-phase-scaling='1.0'
105.008000, 0.111360, 84.904776, 6, -20.103224, sp-clause-activity-inc='1.0553760718132068', sp-clause-decay='1.626866991246379', sp-clause-del-heur=''1'', sp-first-restart='25', sp-learned-clause-sort-heur=''10'', sp-learned-clauses-inc='1.135228000371437', sp-learned-size-factor='1.217316169313022', sp-orig-clause-sort-heur=''2'', sp-phase-dec-heur=''5'', sp-rand-var-dec-freq=''0'', sp-resolution=''2'', sp-restart-inc='1.2016621957786136', sp-update-dec-queue=''0'', sp-use-pure-literal-rule=''0'', sp-var-activity-inc='0.589355132522172', sp-var-dec-heur=''2'', sp-variable-decay='1.266440252424305', sp-max-res-lit-inc='0.27855269336509547', sp-max-res-runs='7', sp-rand-phase-dec-freq=''0.0001'', sp-res-cutoff-cls='11', sp-res-cutoff-lits='111', sp-res-order-heur=''19'', sp-rand-phase-scaling='0.4703216351491841'
261.864000, 0.111040, 203.855878, 26, -58.008122, sp-clause-activity-inc='1.0553760718132068', sp-clause-decay='1.626866991246379', sp-clause-del-heur=''1'', sp-first-restart='25', sp-learned-clause-sort-heur=''10'', sp-learned-clauses-inc='1.135228000371437', sp-learned-size-factor='1.217316169313022', sp-orig-clause-sort-heur=''2'', sp-phase-dec-heur=''5'', sp-rand-var-dec-freq=''0'', sp-resolution=''2'', sp-restart-inc='1.2016621957786136', sp-update-dec-queue=''0'', sp-use-pure-literal-rule=''0'', sp-var-activity-inc='0.589355132522172', sp-var-dec-heur=''3'', sp-variable-decay='1.266440252424305', sp-max-res-lit-inc='0.27855269336509547', sp-max-res-runs='7', sp-rand-phase-dec-freq=''0.0001'', sp-res-cutoff-cls='11', sp-res-cutoff-lits='137', sp-res-order-heur=''19'', sp-rand-phase-scaling='0.4703216351491841'
417.572000, 0.110720, 324.067040, 45, -93.504960, sp-clause-activity-inc='1.0553760718132068', sp-clause-decay='1.626866991246379', sp-clause-del-heur=''1'', sp-first-restart='25', sp-learned-clause-sort-heur=''10'', sp-learned-clauses-inc='1.135228000371437', sp-learned-size-factor='1.217316169313022', sp-orig-clause-sort-heur=''17'', sp-phase-dec-heur=''5'', sp-rand-var-dec-freq=''0'', sp-resolution=''2'', sp-restart-inc='1.2016621957786136', sp-update-dec-queue=''0'', sp-use-pure-literal-rule=''0'', sp-var-activity-inc='0.589355132522172', sp-var-dec-heur=''3'', sp-variable-decay='1.266440252424305', sp-max-res-lit-inc='0.27855269336509547', sp-max-res-runs='7', sp-rand-phase-dec-freq=''0.0001'', sp-res-cutoff-cls='11', sp-res-cutoff-lits='137', sp-res-order-heur=''19'', sp-rand-phase-scaling='0.4703216351491841'
1925.120000, 0.110200, 1461.320824, 202, -463.799176, sp-clause-activity-inc='1.0553760718132068', sp-clause-decay='1.4640242748964218', sp-clause-del-heur=''0'', sp-first-restart='25', sp-learned-clause-sort-heur=''10'', sp-learned-clauses-inc='1.135228000371437', sp-learned-size-factor='1.217316169313022', sp-orig-clause-sort-heur=''17'', sp-phase-dec-heur=''5'', sp-rand-var-dec-freq=''0'', sp-resolution=''2'', sp-restart-inc='1.2016621957786136', sp-update-dec-queue=''0'', sp-use-pure-literal-rule=''0'', sp-var-activity-inc='0.589355132522172', sp-var-dec-heur=''3'', sp-variable-decay='1.266440252424305', sp-max-res-lit-inc='0.27855269336509547', sp-max-res-runs='7', sp-rand-phase-dec-freq=''0.0001'', sp-res-cutoff-cls='11', sp-res-cutoff-lits='137', sp-res-order-heur=''19'', sp-rand-phase-scaling='0.4703216351491841'
2005.264000, 0.110000, 1519.973366, 207, -485.290634, sp-clause-activity-inc='1.03011638177385', sp-clause-decay='1.4640242748964218', sp-clause-del-heur=''0'', sp-first-restart='25', sp-learned-clause-sort-heur=''10'', sp-learned-clauses-inc='1.135228000371437', sp-learned-size-factor='1.217316169313022', sp-orig-clause-sort-heur=''17'', sp-phase-dec-heur=''5'', sp-rand-var-dec-freq=''0'', sp-resolution=''2'', sp-restart-inc='1.2016621957786136', sp-update-dec-queue=''0'', sp-use-pure-literal-rule=''0'', sp-var-activity-inc='0.589355132522172', sp-var-dec-heur=''3'', sp-variable-decay='1.266440252424305', sp-max-res-lit-inc='0.27855269336509547', sp-max-res-runs='7', sp-rand-phase-dec-freq=''0.0001'', sp-res-cutoff-cls='11', sp-res-cutoff-lits='137', sp-res-order-heur=''19'', sp-rand-phase-scaling='0.4703216351491841'
2170.184000, 0.107760, 1643.578395, 227, -526.605605, sp-clause-activity-inc='1.03011638177385', sp-clause-decay='1.081955522873562', sp-clause-del-heur=''0'', sp-first-restart='25', sp-learned-clause-sort-heur=''10'', sp-learned-clauses-inc='1.135228000371437', sp-learned-size-factor='1.217316169313022', sp-orig-clause-sort-heur=''17'', sp-phase-dec-heur=''5'', sp-rand-var-dec-freq=''0'', sp-resolution=''2'', sp-restart-inc='1.2016621957786136', sp-update-dec-queue=''0'', sp-use-pure-literal-rule=''0'', sp-var-activity-inc='0.589355132522172', sp-var-dec-heur=''3'', sp-variable-decay='1.266440252424305', sp-max-res-lit-inc='0.27855269336509547', sp-max-res-runs='7', sp-rand-phase-dec-freq=''0.0001'', sp-res-cutoff-cls='11', sp-res-cutoff-lits='137', sp-res-order-heur=''19'', sp-rand-phase-scaling='0.4703216351491841'
3103.660000, 0.107160, 2354.955176, 318, -748.704824, sp-clause-activity-inc='1.03011638177385', sp-clause-decay='1.0010218158848145', sp-clause-del-heur=''0'', sp-first-restart='25', sp-learned-clause-sort-heur=''10'', sp-learned-clauses-inc='1.135228000371437', sp-learned-size-factor='1.217316169313022', sp-orig-clause-sort-heur=''17'', sp-phase-dec-heur=''5'', sp-rand-var-dec-freq=''0'', sp-resolution=''2'', sp-restart-inc='1.2016621957786136', sp-update-dec-queue=''0'', sp-use-pure-literal-rule=''0'', sp-var-activity-inc='0.589355132522172', sp-var-dec-heur=''3'', sp-variable-decay='1.266440252424305', sp-max-res-lit-inc='0.27855269336509547', sp-max-res-runs='7', sp-rand-phase-dec-freq=''0.0001'', sp-res-cutoff-cls='11', sp-res-cutoff-lits='137', sp-res-order-heur=''19'', sp-rand-phase-scaling='0.4703216351491841'
5192.284000, 0.096320, 3945.377459, 561, -1246.906541, sp-clause-activity-inc='1.1255359048085767', sp-clause-decay='1.0765537509193404', sp-clause-del-heur=''0'', sp-first-restart='25', sp-learned-clause-sort-heur=''9'', sp-learned-clauses-inc='1.357042746562759', sp-learned-size-factor='0.8922401586008099', sp-orig-clause-sort-heur=''5'', sp-phase-dec-heur=''5'', sp-rand-var-dec-freq=''0.0001'', sp-resolution=''0'', sp-restart-inc='1.2016621957786136', sp-update-dec-queue=''0'', sp-use-pure-literal-rule=''1'', sp-var-activity-inc='0.589355132522172', sp-var-dec-heur=''3'', sp-variable-decay='1.1276732722892595', sp-rand-phase-dec-freq=''0.05'', sp-rand-var-dec-scaling='1.0', sp-rand-phase-scaling='0.5826490064881796'
5399.864000, 0.095960, 4111.502352, 587, -1288.361648, sp-clause-activity-inc='1.1255359048085767', sp-clause-decay='1.0765537509193404', sp-clause-del-heur=''0'', sp-first-restart='25', sp-learned-clause-sort-heur=''9'', sp-learned-clauses-inc='1.357042746562759', sp-learned-size-factor='0.8922401586008099', sp-orig-clause-sort-heur=''15'', sp-phase-dec-heur=''5'', sp-rand-var-dec-freq=''0.0001'', sp-resolution=''0'', sp-restart-inc='1.2016621957786136', sp-update-dec-queue=''0'', sp-use-pure-literal-rule=''1'', sp-var-activity-inc='0.589355132522172', sp-var-dec-heur=''3'', sp-variable-decay='1.1276732722892595', sp-rand-phase-dec-freq=''0.05'', sp-rand-var-dec-scaling='1.0', sp-rand-phase-scaling='0.5826490064881796'
8278.088000, 0.085480, 6426.550231, 888, -1851.537769, sp-clause-activity-inc='1.1255359048085767', sp-clause-decay='1.0765537509193404', sp-clause-del-heur=''0'', sp-first-restart='25', sp-learned-clause-sort-heur=''9'', sp-learned-clauses-inc='1.357042746562759', sp-learned-size-factor='0.8922401586008099', sp-orig-clause-sort-heur=''15'', sp-phase-dec-heur=''5'', sp-rand-var-dec-freq=''0.0001'', sp-resolution=''0'', sp-restart-inc='1.2016621957786136', sp-update-dec-queue=''0'', sp-use-pure-literal-rule=''1'', sp-var-activity-inc='0.589355132522172', sp-var-dec-heur=''3'', sp-variable-decay='1.1276732722892595', sp-rand-phase-dec-freq=''0.05'', sp-rand-var-dec-scaling='1.0', sp-rand-phase-scaling='0.6429441779981582'
8533.564000, 0.084320, 6635.251683, 922, -1898.312317, sp-clause-activity-inc='1.1255359048085767', sp-clause-decay='1.0765537509193404', sp-clause-del-heur=''0'', sp-first-restart='25', sp-learned-clause-sort-heur=''9'', sp-learned-clauses-inc='1.357042746562759', sp-learned-size-factor='0.8922401586008099', sp-orig-clause-sort-heur=''15'', sp-phase-dec-heur=''5'', sp-rand-var-dec-freq=''0.0001'', sp-resolution=''0'', sp-restart-inc='1.2016621957786136', sp-update-dec-queue=''0'', sp-use-pure-literal-rule=''1'', sp-var-activity-inc='0.589355132522172', sp-var-dec-heur=''2'', sp-variable-decay='1.1276732722892595', sp-rand-phase-dec-freq=''0.05'', sp-rand-var-dec-scaling='1.0', sp-rand-phase-scaling='0.6429441779981582'
8743.592000, 0.084280, 6806.453034, 946, -1937.138966, sp-clause-activity-inc='1.1255359048085767', sp-clause-decay='1.0765537509193404', sp-clause-del-heur=''0'', sp-first-restart='25', sp-learned-clause-sort-heur=''8'', sp-learned-clauses-inc='1.357042746562759', sp-learned-size-factor='0.8922401586008099', sp-orig-clause-sort-heur=''15'', sp-phase-dec-heur=''5'', sp-rand-var-dec-freq=''0.0001'', sp-resolution=''0'', sp-restart-inc='1.2016621957786136', sp-update-dec-queue=''0'', sp-use-pure-literal-rule=''1'', sp-var-activity-inc='0.589355132522172', sp-var-dec-heur=''2'', sp-variable-decay='1.1276732722892595', sp-rand-phase-dec-freq=''0.05'', sp-rand-var-dec-scaling='1.0', sp-rand-phase-scaling='0.6429441779981582'
13005.202000, 0.084040, 10311.627817, 1415, -2693.574183, sp-clause-activity-inc='1.1255359048085767', sp-clause-decay='1.0765537509193404', sp-clause-del-heur=''0'', sp-first-restart='25', sp-learned-clause-sort-heur=''8'', sp-learned-clauses-inc='1.357042746562759', sp-learned-size-factor='0.8922401586008099', sp-orig-clause-sort-heur=''10'', sp-phase-dec-heur=''5'', sp-rand-var-dec-freq=''0.0001'', sp-resolution=''0'', sp-restart-inc='1.2016621957786136', sp-update-dec-queue=''0'', sp-use-pure-literal-rule=''1'', sp-var-activity-inc='0.589355132522172', sp-var-dec-heur=''4'', sp-variable-decay='1.1276732722892595', sp-rand-phase-dec-freq=''0.05'', sp-rand-var-dec-scaling='1.0', sp-rand-phase-scaling='0.6429441779981582'
13277.198000, 0.083960, 10541.531431, 1449, -2735.666569, sp-clause-activity-inc='1.1255359048085767', sp-clause-decay='1.0765537509193404', sp-clause-del-heur=''0'', sp-first-restart='25', sp-learned-clause-sort-heur=''8'', sp-learned-clauses-inc='1.4758893493491552', sp-learned-size-factor='0.8922401586008099', sp-orig-clause-sort-heur=''10'', sp-phase-dec-heur=''5'', sp-rand-var-dec-freq=''0.0001'', sp-resolution=''0'', sp-restart-inc='1.2016621957786136', sp-update-dec-queue=''0'', sp-use-pure-literal-rule=''1'', sp-var-activity-inc='0.589355132522172', sp-var-dec-heur=''4'', sp-variable-decay='1.1276732722892595', sp-rand-phase-dec-freq=''0.05'', sp-rand-var-dec-scaling='1.0', sp-rand-phase-scaling='0.6429441779981582'
13662.366000, 0.083880, 10863.676438, 1490, -2798.689562, sp-clause-activity-inc='1.1852908243844167', sp-clause-decay='1.0765537509193404', sp-clause-del-heur=''0'', sp-first-restart='25', sp-learned-clause-sort-heur=''8'', sp-learned-clauses-inc='1.4758893493491552', sp-learned-size-factor='0.8922401586008099', sp-orig-clause-sort-heur=''10'', sp-phase-dec-heur=''5'', sp-rand-var-dec-freq=''0.0001'', sp-resolution=''0'', sp-restart-inc='1.2016621957786136', sp-update-dec-queue=''0'', sp-use-pure-literal-rule=''1'', sp-var-activity-inc='0.589355132522172', sp-var-dec-heur=''4'', sp-variable-decay='1.1276732722892595', sp-rand-phase-dec-freq=''0.05'', sp-rand-var-dec-scaling='1.0', sp-rand-phase-scaling='0.6429441779981582'
14792.890000, 0.083840, 11804.097864, 1627, -2988.792136, sp-clause-activity-inc='1.2743679208031846', sp-clause-decay='1.0765537509193404', sp-clause-del-heur=''0'', sp-first-restart='25', sp-learned-clause-sort-heur=''8'', sp-learned-clauses-inc='1.4758893493491552', sp-learned-size-factor='0.8922401586008099', sp-orig-clause-sort-heur=''10'', sp-phase-dec-heur=''5'', sp-rand-var-dec-freq=''0.0001'', sp-resolution=''0'', sp-restart-inc='1.2016621957786136', sp-update-dec-queue=''0'', sp-use-pure-literal-rule=''1'', sp-var-activity-inc='0.589355132522172', sp-var-dec-heur=''4'', sp-variable-decay='1.1276732722892595', sp-rand-phase-dec-freq=''0.05'', sp-rand-var-dec-scaling='1.0', sp-rand-phase-scaling='0.6429441779981582'
19065.098000, 0.079320, 15431.461718, 2051, -3633.636282, sp-clause-activity-inc='1.2743679208031846', sp-clause-decay='1.0765537509193404', sp-clause-del-heur=''0'', sp-first-restart='25', sp-learned-clause-sort-heur=''8'', sp-learned-clauses-inc='1.4758893493491552', sp-learned-size-factor='0.8922401586008099', sp-orig-clause-sort-heur=''10'', sp-phase-dec-heur=''5'', sp-rand-var-dec-freq=''0.0001'', sp-resolution=''0'', sp-restart-inc='1.2016621957786136', sp-update-dec-queue=''0'', sp-use-pure-literal-rule=''1'', sp-var-activity-inc='0.589355132522172', sp-var-dec-heur=''4'', sp-variable-decay='1.0457258357620227', sp-rand-phase-dec-freq=''0.05'', sp-rand-var-dec-scaling='1.0', sp-rand-phase-scaling='0.6429441779981582'
19187.982000, 0.079240, 15536.642603, 2071, -3651.339397, sp-clause-activity-inc='1.2743679208031846', sp-clause-decay='1.0765537509193404', sp-clause-del-heur=''0'', sp-first-restart='25', sp-learned-clause-sort-heur=''8'', sp-learned-clauses-inc='1.4526315803839567', sp-learned-size-factor='0.8922401586008099', sp-orig-clause-sort-heur=''10'', sp-phase-dec-heur=''5'', sp-rand-var-dec-freq=''0.0001'', sp-resolution=''0'', sp-restart-inc='1.2016621957786136', sp-update-dec-queue=''0'', sp-use-pure-literal-rule=''1'', sp-var-activity-inc='0.589355132522172', sp-var-dec-heur=''4'', sp-variable-decay='1.0457258357620227', sp-rand-phase-dec-freq=''0.05'', sp-rand-var-dec-scaling='1.0', sp-rand-phase-scaling='0.6429441779981582'
21113.962000, 0.079200, 17200.176209, 2311, -3913.785791, sp-clause-activity-inc='1.2743679208031846', sp-clause-decay='1.0765537509193404', sp-clause-del-heur=''0'', sp-first-restart='25', sp-learned-clause-sort-heur=''8'', sp-learned-clauses-inc='1.4526315803839567', sp-learned-size-factor='0.8922401586008099', sp-orig-clause-sort-heur=''10'', sp-phase-dec-heur=''5'', sp-rand-var-dec-freq=''0.0001'', sp-resolution=''0'', sp-restart-inc='1.2016621957786136', sp-update-dec-queue=''0'', sp-use-pure-literal-rule=''1'', sp-var-activity-inc='0.589355132522172', sp-var-dec-heur=''0'', sp-variable-decay='1.0457258357620227', sp-rand-phase-dec-freq=''0.05'', sp-rand-var-dec-scaling='1.0', sp-rand-phase-scaling='0.6429441779981582'
21173.074000, 0.074040, 17252.122275, 2320, -3920.951725, sp-clause-activity-inc='1.2743679208031846', sp-clause-decay='1.0765537509193404', sp-clause-del-heur=''0'', sp-first-restart='25', sp-learned-clause-sort-heur=''8'', sp-learned-clauses-inc='1.4526315803839567', sp-learned-size-factor='0.8922401586008099', sp-orig-clause-sort-heur=''10'', sp-phase-dec-heur=''5'', sp-rand-var-dec-freq=''0.0001'', sp-resolution=''0'', sp-restart-inc='1.2016621957786136', sp-update-dec-queue=''0'', sp-use-pure-literal-rule=''1'', sp-var-activity-inc='0.589355132522172', sp-var-dec-heur=''0'', sp-variable-decay='1.0457258357620227', sp-rand-phase-dec-freq=''0.05'', sp-rand-var-dec-scaling='1.0463195285343891', sp-rand-phase-scaling='0.6429441779981582'
