{"wallclock_time": 0.0008633136749267578, "evaluations": 0, "total_cpu_time": null, "cost": 2147483648, "incumbent": ["sp-clause-activity-inc='1.0'", "sp-clause-decay='1.4'", "sp-clause-del-heur=''2''", "sp-first-restart='100'", "sp-learned-clause-sort-heur=''0''", "sp-learned-clauses-inc='1.3'", "sp-learned-size-factor='0.4'", "sp-orig-clause-sort-heur=''0''", "sp-phase-dec-heur=''5''", "sp-rand-var-dec-freq=''0.001''", "sp-resolution=''1''", "sp-restart-inc='1.5'", "sp-update-dec-queue=''1''", "sp-use-pure-literal-rule=''1''", "sp-var-activity-inc='1.0'", "sp-var-dec-heur=''0''", "sp-variable-decay='1.4'", "sp-max-res-lit-inc='1.0'", "sp-max-res-runs='4'", "sp-rand-phase-dec-freq=''0.001''", "sp-rand-var-dec-scaling='1.0'", "sp-res-cutoff-cls='8'", "sp-res-cutoff-lits='400'", "sp-res-order-heur=''0''", "sp-rand-phase-scaling='1.0'"], "cpu_time": 0}
{"wallclock_time": 0.21115851402282715, "evaluations": 1, "total_cpu_time": null, "cost": 0.056, "incumbent": ["sp-clause-activity-inc='1.0'", "sp-clause-decay='1.4'", "sp-clause-del-heur=''2''", "sp-first-restart='100'", "sp-learned-clause-sort-heur=''0''", "sp-learned-clauses-inc='1.3'", "sp-learned-size-factor='0.4'", "sp-orig-clause-sort-heur=''0''", "sp-phase-dec-heur=''5''", "sp-rand-var-dec-freq=''0.001''", "sp-resolution=''1''", "sp-restart-inc='1.5'", "sp-update-dec-queue=''1''", "sp-use-pure-literal-rule=''1''", "sp-var-activity-inc='1.0'", "sp-var-dec-heur=''0''", "sp-variable-decay='1.4'", "sp-max-res-lit-inc='1.0'", "sp-max-res-runs='4'", "sp-rand-phase-dec-freq=''0.001''", "sp-rand-var-dec-scaling='1.0'", "sp-res-cutoff-cls='8'", "sp-res-cutoff-lits='400'", "sp-res-order-heur=''0''", "sp-rand-phase-scaling='1.0'"], "cpu_time": 0.056}
{"wallclock_time": 84.90477561950684, "evaluations": 65, "total_cpu_time": null, "cost": 0.11136000000000001, "incumbent": ["sp-clause-activity-inc='1.0553760718132068'", "sp-clause-decay='1.626866991246379'", "sp-clause-del-heur=''1''", "sp-first-restart='25'", "sp-learned-clause-sort-heur=''10''", "sp-learned-clauses-inc='1.135228000371437'", "sp-learned-size-factor='1.217316169313022'", "sp-orig-clause-sort-heur=''2''", "sp-phase-dec-heur=''5''", "sp-rand-var-dec-freq=''0''", "sp-resolution=''2''", "sp-restart-inc='1.2016621957786136'", "sp-update-dec-queue=''0''", "sp-use-pure-literal-rule=''0''", "sp-var-activity-inc='0.589355132522172'", "sp-var-dec-heur=''2''", "sp-variable-decay='1.266440252424305'", "sp-max-res-lit-inc='0.27855269336509547'", "sp-max-res-runs='7'", "sp-rand-phase-dec-freq=''0.0001''", "sp-res-cutoff-cls='11'", "sp-res-cutoff-lits='111'", "sp-res-order-heur=''19''", "sp-rand-phase-scaling='0.4703216351491841'"], "cpu_time": 105.00799999999997}
{"wallclock_time": 203.85587811470032, "evaluations": 195, "total_cpu_time": null, "cost": 0.11104000000000003, "incumbent": ["sp-clause-activity-inc='1.0553760718132068'", "sp-clause-decay='1.626866991246379'", "sp-clause-del-heur=''1''", "sp-first-restart='25'", "sp-learned-clause-sort-heur=''10''", "sp-learned-clauses-inc='1.135228000371437'", "sp-learned-size-factor='1.217316169313022'", "sp-orig-clause-sort-heur=''2''", "sp-phase-dec-heur=''5''", "sp-rand-var-dec-freq=''0''", "sp-resolution=''2''", "sp-restart-inc='1.2016621957786136'", "sp-update-dec-queue=''0''", "sp-use-pure-literal-rule=''0''", "sp-var-activity-inc='0.589355132522172'", "sp-var-dec-heur=''3''", "sp-variable-decay='1.266440252424305'", "sp-max-res-lit-inc='0.27855269336509547'", "sp-max-res-runs='7'", "sp-rand-phase-dec-freq=''0.0001''", "sp-res-cutoff-cls='11'", "sp-res-cutoff-lits='137'", "sp-res-order-heur=''19''", "sp-rand-phase-scaling='0.4703216351491841'"], "cpu_time": 261.8640000000002}
{"wallclock_time": 324.0670404434204, "evaluations": 325, "total_cpu_time": null, "cost": 0.11072000000000001, "incumbent": ["sp-clause-activity-inc='1.0553760718132068'", "sp-clause-decay='1.626866991246379'", "sp-clause-del-heur=''1''", "sp-first-restart='25'", "sp-learned-clause-sort-heur=''10''", "sp-learned-clauses-inc='1.135228000371437'", "sp-learned-size-factor='1.217316169313022'", "sp-orig-clause-sort-heur=''17''", "sp-phase-dec-heur=''5''", "sp-rand-var-dec-freq=''0''", "sp-resolution=''2''", "sp-restart-inc='1.2016621957786136'", "sp-update-dec-queue=''0''", "sp-use-pure-literal-rule=''0''", "sp-var-activity-inc='0.589355132522172'", "sp-var-dec-heur=''3''", "sp-variable-decay='1.266440252424305'", "sp-max-res-lit-inc='0.27855269336509547'", "sp-max-res-runs='7'", "sp-rand-phase-dec-freq=''0.0001''", "sp-res-cutoff-cls='11'", "sp-res-cutoff-lits='137'", "sp-res-order-heur=''19''", "sp-rand-phase-scaling='0.4703216351491841'"], "cpu_time": 417.5720000000002}
{"wallclock_time": 1461.3208243846893, "evaluations": 1560, "total_cpu_time": null, "cost": 0.1102, "incumbent": ["sp-clause-activity-inc='1.0553760718132068'", "sp-clause-decay='1.4640242748964218'", "sp-clause-del-heur=''0''", "sp-first-restart='25'", "sp-learned-clause-sort-heur=''10''", "sp-learned-clauses-inc='1.135228000371437'", "sp-learned-size-factor='1.217316169313022'", "sp-orig-clause-sort-heur=''17''", "sp-phase-dec-heur=''5''", "sp-rand-var-dec-freq=''0''", "sp-resolution=''2''", "sp-restart-inc='1.2016621957786136'", "sp-update-dec-queue=''0''", "sp-use-pure-literal-rule=''0''", "sp-var-activity-inc='0.589355132522172'", "sp-var-dec-heur=''3''", "sp-variable-decay='1.266440252424305'", "sp-max-res-lit-inc='0.27855269336509547'", "sp-max-res-runs='7'", "sp-rand-phase-dec-freq=''0.0001''", "sp-res-cutoff-cls='11'", "sp-res-cutoff-lits='137'", "sp-res-order-heur=''19''", "sp-rand-phase-scaling='0.4703216351491841'"], "cpu_time": 1925.1200000000083}
{"wallclock_time": 1519.9733657836914, "evaluations": 1625, "total_cpu_time": null, "cost": 0.11000000000000001, "incumbent": ["sp-clause-activity-inc='1.03011638177385'", "sp-clause-decay='1.4640242748964218'", "sp-clause-del-heur=''0''", "sp-first-restart='25'", "sp-learned-clause-sort-heur=''10''", "sp-learned-clauses-inc='1.135228000371437'", "sp-learned-size-factor='1.217316169313022'", "sp-orig-clause-sort-heur=''17''", "sp-phase-dec-heur=''5''", "sp-rand-var-dec-freq=''0''", "sp-resolution=''2''", "sp-restart-inc='1.2016621957786136'", "sp-update-dec-queue=''0''", "sp-use-pure-literal-rule=''0''", "sp-var-activity-inc='0.589355132522172'", "sp-var-dec-heur=''3''", "sp-variable-decay='1.266440252424305'", "sp-max-res-lit-inc='0.27855269336509547'", "sp-max-res-runs='7'", "sp-rand-phase-dec-freq=''0.0001''", "sp-res-cutoff-cls='11'", "sp-res-cutoff-lits='137'", "sp-res-order-heur=''19''", "sp-rand-phase-scaling='0.4703216351491841'"], "cpu_time": 2005.2640000000085}
{"wallclock_time": 1643.5783948898315, "evaluations": 1755, "total_cpu_time": null, "cost": 0.10776000000000001, "incumbent": ["sp-clause-activity-inc='1.03011638177385'", "sp-clause-decay='1.081955522873562'", "sp-clause-del-heur=''0''", "sp-first-restart='25'", "sp-learned-clause-sort-heur=''10''", "sp-learned-clauses-inc='1.135228000371437'", "sp-learned-size-factor='1.217316169313022'", "sp-orig-clause-sort-heur=''17''", "sp-phase-dec-heur=''5''", "sp-rand-var-dec-freq=''0''", "sp-resolution=''2''", "sp-restart-inc='1.2016621957786136'", "sp-update-dec-queue=''0''", "sp-use-pure-literal-rule=''0''", "sp-var-activity-inc='0.589355132522172'", "sp-var-dec-heur=''3''", "sp-variable-decay='1.266440252424305'", "sp-max-res-lit-inc='0.27855269336509547'", "sp-max-res-runs='7'", "sp-rand-phase-dec-freq=''0.0001''", "sp-res-cutoff-cls='11'", "sp-res-cutoff-lits='137'", "sp-res-order-heur=''19''", "sp-rand-phase-scaling='0.4703216351491841'"], "cpu_time": 2170.184000000002}
{"wallclock_time": 2354.9551758766174, "evaluations": 2535, "total_cpu_time": null, "cost": 0.10716000000000003, "incumbent": ["sp-clause-activity-inc='1.03011638177385'", "sp-clause-decay='1.0010218158848145'", "sp-clause-del-heur=''0''", "sp-first-restart='25'", "sp-learned-clause-sort-heur=''10''", "sp-learned-clauses-inc='1.135228000371437'", "sp-learned-size-factor='1.217316169313022'", "sp-orig-clause-sort-heur=''17''", "sp-phase-dec-heur=''5''", "sp-rand-var-dec-freq=''0''", "sp-resolution=''2''", "sp-restart-inc='1.2016621957786136'", "sp-update-dec-queue=''0''", "sp-use-pure-literal-rule=''0''", "sp-var-activity-inc='0.589355132522172'", "sp-var-dec-heur=''3''", "sp-variable-decay='1.266440252424305'", "sp-max-res-lit-inc='0.27855269336509547'", "sp-max-res-runs='7'", "sp-rand-phase-dec-freq=''0.0001''", "sp-res-cutoff-cls='11'", "sp-res-cutoff-lits='137'", "sp-res-order-heur=''19''", "sp-rand-phase-scaling='0.4703216351491841'"], "cpu_time": 3103.659999999985}
{"wallclock_time": 3945.3774585723877, "evaluations": 4290, "total_cpu_time": null, "cost": 0.09631999999999999, "incumbent": ["sp-clause-activity-inc='1.1255359048085767'", "sp-clause-decay='1.0765537509193404'", "sp-clause-del-heur=''0''", "sp-first-restart='25'", "sp-learned-clause-sort-heur=''9''", "sp-learned-clauses-inc='1.357042746562759'", "sp-learned-size-factor='0.8922401586008099'", "sp-orig-clause-sort-heur=''5''", "sp-phase-dec-heur=''5''", "sp-rand-var-dec-freq=''0.0001''", "sp-resolution=''0''", "sp-restart-inc='1.2016621957786136'", "sp-update-dec-queue=''0''", "sp-use-pure-literal-rule=''1''", "sp-var-activity-inc='0.589355132522172'", "sp-var-dec-heur=''3''", "sp-variable-decay='1.1276732722892595'", "sp-rand-phase-dec-freq=''0.05''", "sp-rand-var-dec-scaling='1.0'", "sp-rand-phase-scaling='0.5826490064881796'"], "cpu_time": 5192.284000000008}
{"wallclock_time": 4111.502352237701, "evaluations": 4485, "total_cpu_time": null, "cost": 0.09596, "incumbent": ["sp-clause-activity-inc='1.1255359048085767'", "sp-clause-decay='1.0765537509193404'", "sp-clause-del-heur=''0''", "sp-first-restart='25'", "sp-learned-clause-sort-heur=''9''", "sp-learned-clauses-inc='1.357042746562759'", "sp-learned-size-factor='0.8922401586008099'", "sp-orig-clause-sort-heur=''15''", "sp-phase-dec-heur=''5''", "sp-rand-var-dec-freq=''0.0001''", "sp-resolution=''0''", "sp-restart-inc='1.2016621957786136'", "sp-update-dec-queue=''0''", "sp-use-pure-literal-rule=''1''", "sp-var-activity-inc='0.589355132522172'", "sp-var-dec-heur=''3''", "sp-variable-decay='1.1276732722892595'", "sp-rand-phase-dec-freq=''0.05''", "sp-rand-var-dec-scaling='1.0'", "sp-rand-phase-scaling='0.5826490064881796'"], "cpu_time": 5399.8640000000105}
{"wallclock_time": 6426.550230741501, "evaluations": 7215, "total_cpu_time": null, "cost": 0.08548, "incumbent": ["sp-clause-activity-inc='1.1255359048085767'", "sp-clause-decay='1.0765537509193404'", "sp-clause-del-heur=''0''", "sp-first-restart='25'", "sp-learned-clause-sort-heur=''9''", "sp-learned-clauses-inc='1.357042746562759'", "sp-learned-size-factor='0.8922401586008099'", "sp-orig-clause-sort-heur=''15''", "sp-phase-dec-heur=''5''", "sp-rand-var-dec-freq=''0.0001''", "sp-resolution=''0''", "sp-restart-inc='1.2016621957786136'", "sp-update-dec-queue=''0''", "sp-use-pure-literal-rule=''1''", "sp-var-activity-inc='0.589355132522172'", "sp-var-dec-heur=''3''", "sp-variable-decay='1.1276732722892595'", "sp-rand-phase-dec-freq=''0.05''", "sp-rand-var-dec-scaling='1.0'", "sp-rand-phase-scaling='0.6429441779981582'"], "cpu_time": 8278.08799999994}
{"wallclock_time": 6635.251682758331, "evaluations": 7475, "total_cpu_time": null, "cost": 0.08431999999999998, "incumbent": ["sp-clause-activity-inc='1.1255359048085767'", "sp-clause-decay='1.0765537509193404'", "sp-clause-del-heur=''0''", "sp-first-restart='25'", "sp-learned-clause-sort-heur=''9''", "sp-learned-clauses-inc='1.357042746562759'", "sp-learned-size-factor='0.8922401586008099'", "sp-orig-clause-sort-heur=''15''", "sp-phase-dec-heur=''5''", "sp-rand-var-dec-freq=''0.0001''", "sp-resolution=''0''", "sp-restart-inc='1.2016621957786136'", "sp-update-dec-queue=''0''", "sp-use-pure-literal-rule=''1''", "sp-var-activity-inc='0.589355132522172'", "sp-var-dec-heur=''2''", "sp-variable-decay='1.1276732722892595'", "sp-rand-phase-dec-freq=''0.05''", "sp-rand-var-dec-scaling='1.0'", "sp-rand-phase-scaling='0.6429441779981582'"], "cpu_time": 8533.563999999918}
{"wallclock_time": 6806.453033685684, "evaluations": 7670, "total_cpu_time": null, "cost": 0.08428, "incumbent": ["sp-clause-activity-inc='1.1255359048085767'", "sp-clause-decay='1.0765537509193404'", "sp-clause-del-heur=''0''", "sp-first-restart='25'", "sp-learned-clause-sort-heur=''8''", "sp-learned-clauses-inc='1.357042746562759'", "sp-learned-size-factor='0.8922401586008099'", "sp-orig-clause-sort-heur=''15''", "sp-phase-dec-heur=''5''", "sp-rand-var-dec-freq=''0.0001''", "sp-resolution=''0''", "sp-restart-inc='1.2016621957786136'", "sp-update-dec-queue=''0''", "sp-use-pure-literal-rule=''1''", "sp-var-activity-inc='0.589355132522172'", "sp-var-dec-heur=''2''", "sp-variable-decay='1.1276732722892595'", "sp-rand-phase-dec-freq=''0.05''", "sp-rand-var-dec-scaling='1.0'", "sp-rand-phase-scaling='0.6429441779981582'"], "cpu_time": 8743.591999999882}
{"wallclock_time": 10311.627816915512, "evaluations": 11894, "total_cpu_time": null, "cost": 0.08404, "incumbent": ["sp-clause-activity-inc='1.1255359048085767'", "sp-clause-decay='1.0765537509193404'", "sp-clause-del-heur=''0''", "sp-first-restart='25'", "sp-learned-clause-sort-heur=''8''", "sp-learned-clauses-inc='1.357042746562759'", "sp-learned-size-factor='0.8922401586008099'", "sp-orig-clause-sort-heur=''10''", "sp-phase-dec-heur=''5''", "sp-rand-var-dec-freq=''0.0001''", "sp-resolution=''0''", "sp-restart-inc='1.2016621957786136'", "sp-update-dec-queue=''0''", "sp-use-pure-literal-rule=''1''", "sp-var-activity-inc='0.589355132522172'", "sp-var-dec-heur=''4''", "sp-variable-decay='1.1276732722892595'", "sp-rand-phase-dec-freq=''0.05''", "sp-rand-var-dec-scaling='1.0'", "sp-rand-phase-scaling='0.6429441779981582'"], "cpu_time": 13005.201999999448}
{"wallclock_time": 10541.531430959702, "evaluations": 12154, "total_cpu_time": null, "cost": 0.08395999999999999, "incumbent": ["sp-clause-activity-inc='1.1255359048085767'", "sp-clause-decay='1.0765537509193404'", "sp-clause-del-heur=''0''", "sp-first-restart='25'", "sp-learned-clause-sort-heur=''8''", "sp-learned-clauses-inc='1.4758893493491552'", "sp-learned-size-factor='0.8922401586008099'", "sp-orig-clause-sort-heur=''10''", "sp-phase-dec-heur=''5''", "sp-rand-var-dec-freq=''0.0001''", "sp-resolution=''0''", "sp-restart-inc='1.2016621957786136'", "sp-update-dec-queue=''0''", "sp-use-pure-literal-rule=''1''", "sp-var-activity-inc='0.589355132522172'", "sp-var-dec-heur=''4''", "sp-variable-decay='1.1276732722892595'", "sp-rand-phase-dec-freq=''0.05''", "sp-rand-var-dec-scaling='1.0'", "sp-rand-phase-scaling='0.6429441779981582'"], "cpu_time": 13277.19799999944}
{"wallclock_time": 10863.676438331604, "evaluations": 12544, "total_cpu_time": null, "cost": 0.08387999999999998, "incumbent": ["sp-clause-activity-inc='1.1852908243844167'", "sp-clause-decay='1.0765537509193404'", "sp-clause-del-heur=''0''", "sp-first-restart='25'", "sp-learned-clause-sort-heur=''8''", "sp-learned-clauses-inc='1.4758893493491552'", "sp-learned-size-factor='0.8922401586008099'", "sp-orig-clause-sort-heur=''10''", "sp-phase-dec-heur=''5''", "sp-rand-var-dec-freq=''0.0001''", "sp-resolution=''0''", "sp-restart-inc='1.2016621957786136'", "sp-update-dec-queue=''0''", "sp-use-pure-literal-rule=''1''", "sp-var-activity-inc='0.589355132522172'", "sp-var-dec-heur=''4''", "sp-variable-decay='1.1276732722892595'", "sp-rand-phase-dec-freq=''0.05''", "sp-rand-var-dec-scaling='1.0'", "sp-rand-phase-scaling='0.6429441779981582'"], "cpu_time": 13662.36599999943}
{"wallclock_time": 11804.097864151001, "evaluations": 13648, "total_cpu_time": null, "cost": 0.08383999999999997, "incumbent": ["sp-clause-activity-inc='1.2743679208031846'", "sp-clause-decay='1.0765537509193404'", "sp-clause-del-heur=''0''", "sp-first-restart='25'", "sp-learned-clause-sort-heur=''8''", "sp-learned-clauses-inc='1.4758893493491552'", "sp-learned-size-factor='0.8922401586008099'", "sp-orig-clause-sort-heur=''10''", "sp-phase-dec-heur=''5''", "sp-rand-var-dec-freq=''0.0001''", "sp-resolution=''0''", "sp-restart-inc='1.2016621957786136'", "sp-update-dec-queue=''0''", "sp-use-pure-literal-rule=''1''", "sp-var-activity-inc='0.589355132522172'", "sp-var-dec-heur=''4''", "sp-variable-decay='1.1276732722892595'", "sp-rand-phase-dec-freq=''0.05''", "sp-rand-var-dec-scaling='1.0'", "sp-rand-phase-scaling='0.6429441779981582'"], "cpu_time": 14792.889999999365}
{"wallclock_time": 15431.461718320847, "evaluations": 17872, "total_cpu_time": null, "cost": 0.07931999999999999, "incumbent": ["sp-clause-activity-inc='1.2743679208031846'", "sp-clause-decay='1.0765537509193404'", "sp-clause-del-heur=''0''", "sp-first-restart='25'", "sp-learned-clause-sort-heur=''8''", "sp-learned-clauses-inc='1.4758893493491552'", "sp-learned-size-factor='0.8922401586008099'", "sp-orig-clause-sort-heur=''10''", "sp-phase-dec-heur=''5''", "sp-rand-var-dec-freq=''0.0001''", "sp-resolution=''0''", "sp-restart-inc='1.2016621957786136'", "sp-update-dec-queue=''0''", "sp-use-pure-literal-rule=''1''", "sp-var-activity-inc='0.589355132522172'", "sp-var-dec-heur=''4''", "sp-variable-decay='1.0457258357620227'", "sp-rand-phase-dec-freq=''0.05''", "sp-rand-var-dec-scaling='1.0'", "sp-rand-phase-scaling='0.6429441779981582'"], "cpu_time": 19065.097999999285}
{"wallclock_time": 15536.642602682114, "evaluations": 18002, "total_cpu_time": null, "cost": 0.07923999999999998, "incumbent": ["sp-clause-activity-inc='1.2743679208031846'", "sp-clause-decay='1.0765537509193404'", "sp-clause-del-heur=''0''", "sp-first-restart='25'", "sp-learned-clause-sort-heur=''8''", "sp-learned-clauses-inc='1.4526315803839567'", "sp-learned-size-factor='0.8922401586008099'", "sp-orig-clause-sort-heur=''10''", "sp-phase-dec-heur=''5''", "sp-rand-var-dec-freq=''0.0001''", "sp-resolution=''0''", "sp-restart-inc='1.2016621957786136'", "sp-update-dec-queue=''0''", "sp-use-pure-literal-rule=''1''", "sp-var-activity-inc='0.589355132522172'", "sp-var-dec-heur=''4''", "sp-variable-decay='1.0457258357620227'", "sp-rand-phase-dec-freq=''0.05''", "sp-rand-var-dec-scaling='1.0'", "sp-rand-phase-scaling='0.6429441779981582'"], "cpu_time": 19187.98199999926}
{"wallclock_time": 17200.176208734512, "evaluations": 19952, "total_cpu_time": null, "cost": 0.07919999999999998, "incumbent": ["sp-clause-activity-inc='1.2743679208031846'", "sp-clause-decay='1.0765537509193404'", "sp-clause-del-heur=''0''", "sp-first-restart='25'", "sp-learned-clause-sort-heur=''8''", "sp-learned-clauses-inc='1.4526315803839567'", "sp-learned-size-factor='0.8922401586008099'", "sp-orig-clause-sort-heur=''10''", "sp-phase-dec-heur=''5''", "sp-rand-var-dec-freq=''0.0001''", "sp-resolution=''0''", "sp-restart-inc='1.2016621957786136'", "sp-update-dec-queue=''0''", "sp-use-pure-literal-rule=''1''", "sp-var-activity-inc='0.589355132522172'", "sp-var-dec-heur=''0''", "sp-variable-decay='1.0457258357620227'", "sp-rand-phase-dec-freq=''0.05''", "sp-rand-var-dec-scaling='1.0'", "sp-rand-phase-scaling='0.6429441779981582'"], "cpu_time": 21113.96199999893}
{"wallclock_time": 17252.122275352478, "evaluations": 20017, "total_cpu_time": null, "cost": 0.07404, "incumbent": ["sp-clause-activity-inc='1.2743679208031846'", "sp-clause-decay='1.0765537509193404'", "sp-clause-del-heur=''0''", "sp-first-restart='25'", "sp-learned-clause-sort-heur=''8''", "sp-learned-clauses-inc='1.4526315803839567'", "sp-learned-size-factor='0.8922401586008099'", "sp-orig-clause-sort-heur=''10''", "sp-phase-dec-heur=''5''", "sp-rand-var-dec-freq=''0.0001''", "sp-resolution=''0''", "sp-restart-inc='1.2016621957786136'", "sp-update-dec-queue=''0''", "sp-use-pure-literal-rule=''1''", "sp-var-activity-inc='0.589355132522172'", "sp-var-dec-heur=''0''", "sp-variable-decay='1.0457258357620227'", "sp-rand-phase-dec-freq=''0.05''", "sp-rand-var-dec-scaling='1.0463195285343891'", "sp-rand-phase-scaling='0.6429441779981582'"], "cpu_time": 21173.073999998924}
