"CPU Time Used","Estimated Training Performance","Wallclock Time","Incumbent ID","Automatic Configurator (CPU) Time","Configuration..."
0.000000, 2147483648.000000, 0.000951, 1, 0.000951, sp-clause-activity-inc='1.0', sp-clause-decay='1.4', sp-clause-del-heur=''2'', sp-first-restart='100', sp-learned-clause-sort-heur=''0'', sp-learned-clauses-inc='1.3', sp-learned-size-factor='0.4', sp-orig-clause-sort-heur=''0'', sp-phase-dec-heur=''5'', sp-rand-var-dec-freq=''0.001'', sp-resolution=''1'', sp-restart-inc='1.5', sp-update-dec-queue=''1'', sp-use-pure-literal-rule=''1'', sp-var-activity-inc='1.0', sp-var-dec-heur=''0'', sp-variable-decay='1.4', sp-max-res-lit-inc='1.0', sp-max-res-runs='4', sp-rand-phase-dec-freq=''0.001'', sp-rand-var-dec-scaling='1.0', sp-res-cutoff-cls='8', sp-res-cutoff-lits='400', sp-res-order-heur=''0'', sp-rand-phase-scaling='1.0'
0.064000, 0.064000, 0.213883, 1, 0.149883, sp-clause-activity-inc='1.0', sp-clause-decay='1.4', sp-clause-del-heur=''2'', sp-first-restart='100', sp-learned-clause-sort-heur=''0'', sp-learned-clauses-inc='1.3', sp-learned-size-factor='0.4', sp-orig-clause-sort-heur=''0'', sp-phase-dec-heur=''5'', sp-rand-var-dec-freq=''0.001'', sp-resolution=''1'', sp-restart-inc='1.5', sp-update-dec-queue=''1'', sp-use-pure-literal-rule=''1'', sp-var-activity-inc='1.0', sp-var-dec-heur=''0'', sp-variable-decay='1.4', sp-max-res-lit-inc='1.0', sp-max-res-runs='4', sp-rand-phase-dec-freq=''0.001'', sp-rand-var-dec-scaling='1.0', sp-res-cutoff-cls='8', sp-res-cutoff-lits='400', sp-res-order-heur=''0'', sp-rand-phase-scaling='1.0'
342.364000, 0.059247, 279.909662, 16, -62.454338, sp-clause-activity-inc='0.8228792463025634', sp-clause-decay='1.4091440233638697', sp-clause-del-heur=''0'', sp-first-restart='522', sp-learned-clause-sort-heur=''5'', sp-learned-clauses-inc='1.436237604887777', sp-learned-size-factor='0.21224356845480102', sp-orig-clause-sort-heur=''16'', sp-phase-dec-heur=''1'', sp-rand-var-dec-freq=''0'', sp-resolution=''2'', sp-restart-inc='1.5162825709872392', sp-update-dec-queue=''0'', sp-use-pure-literal-rule=''1'', sp-var-activity-inc='1.3110459704886912', sp-var-dec-heur=''5'', sp-variable-decay='1.4902836471307062', sp-max-res-lit-inc='2.966611470749153', sp-max-res-runs='1', sp-rand-phase-dec-freq=''0.05'', sp-res-cutoff-cls='11', sp-res-cutoff-lits='176', sp-res-order-heur=''14'', sp-rand-phase-scaling='0.8495873976867023'
379.104000, 0.051512, 311.071378, 11, -68.032622, sp-clause-activity-inc='1.095397818016418', sp-clause-decay='1.5746830334385422', sp-clause-del-heur=''0'', sp-first-restart='64', sp-learned-clause-sort-heur=''10'', sp-learned-clauses-inc='1.497132157522612', sp-learned-size-factor='0.15404502522483565', sp-orig-clause-sort-heur=''19'', sp-phase-dec-heur=''3'', sp-rand-var-dec-freq=''0.001'', sp-resolution=''0'', sp-restart-inc='1.1929541794010186', sp-update-dec-queue=''0'', sp-use-pure-literal-rule=''0'', sp-var-activity-inc='1.0095188835734046', sp-var-dec-heur=''16'', sp-variable-decay='1.301246404518003', sp-rand-phase-dec-freq=''0.0001'', sp-rand-var-dec-scaling='0.5545734729751981', sp-rand-phase-scaling='0.7106090342533662'
464.880000, 0.042289, 383.180880, 1, -81.699120, sp-clause-activity-inc='1.0', sp-clause-decay='1.4', sp-clause-del-heur=''2'', sp-first-restart='100', sp-learned-clause-sort-heur=''0'', sp-learned-clauses-inc='1.3', sp-learned-size-factor='0.4', sp-orig-clause-sort-heur=''0'', sp-phase-dec-heur=''5'', sp-rand-var-dec-freq=''0.001'', sp-resolution=''1'', sp-restart-inc='1.5', sp-update-dec-queue=''1'', sp-use-pure-literal-rule=''1'', sp-var-activity-inc='1.0', sp-var-dec-heur=''0'', sp-variable-decay='1.4', sp-max-res-lit-inc='1.0', sp-max-res-runs='4', sp-rand-phase-dec-freq=''0.001'', sp-rand-var-dec-scaling='1.0', sp-res-cutoff-cls='8', sp-res-cutoff-lits='400', sp-res-order-heur=''0'', sp-rand-phase-scaling='1.0'
541.192000, 0.036098, 445.593785, 11, -95.598215, sp-clause-activity-inc='1.095397818016418', sp-clause-decay='1.5746830334385422', sp-clause-del-heur=''0'', sp-first-restart='64', sp-learned-clause-sort-heur=''10'', sp-learned-clauses-inc='1.497132157522612', sp-learned-size-factor='0.15404502522483565', sp-orig-clause-sort-heur=''19'', sp-phase-dec-heur=''3'', sp-rand-var-dec-freq=''0.001'', sp-resolution=''0'', sp-restart-inc='1.1929541794010186', sp-update-dec-queue=''0'', sp-use-pure-literal-rule=''0'', sp-var-activity-inc='1.0095188835734046', sp-var-dec-heur=''16'', sp-variable-decay='1.301246404518003', sp-rand-phase-dec-freq=''0.0001'', sp-rand-var-dec-scaling='0.5545734729751981', sp-rand-phase-scaling='0.7106090342533662'
792.324000, 0.030348, 644.196172, 27, -148.127828, sp-clause-activity-inc='1.0610402561721046', sp-clause-decay='1.7095976673600812', sp-clause-del-heur=''1'', sp-first-restart='111', sp-learned-clause-sort-heur=''0'', sp-learned-clauses-inc='1.4654816544359413', sp-learned-size-factor='0.2579234451829101', sp-orig-clause-sort-heur=''7'', sp-phase-dec-heur=''5'', sp-rand-var-dec-freq=''0.001'', sp-resolution=''0'', sp-restart-inc='1.549618596163298', sp-update-dec-queue=''1'', sp-use-pure-literal-rule=''0'', sp-var-activity-inc='0.980187842030982', sp-var-dec-heur=''2'', sp-variable-decay='1.5555818308993348', sp-rand-phase-dec-freq=''0.0001'', sp-rand-var-dec-scaling='0.9008215671209445', sp-rand-phase-scaling='0.7459494714857142'
836.092000, 0.027980, 677.842450, 30, -158.249550, sp-clause-activity-inc='0.9074860292604526', sp-clause-decay='1.0024408719150566', sp-clause-del-heur=''1'', sp-first-restart='820', sp-learned-clause-sort-heur=''10'', sp-learned-clauses-inc='1.1188481226127636', sp-learned-size-factor='0.22100442265278072', sp-orig-clause-sort-heur=''18'', sp-phase-dec-heur=''4'', sp-rand-var-dec-freq=''0'', sp-resolution=''1'', sp-restart-inc='1.5285425785619848', sp-update-dec-queue=''1'', sp-use-pure-literal-rule=''0'', sp-var-activity-inc='1.2652388503914453', sp-var-dec-heur=''5'', sp-variable-decay='1.5465029510456771', sp-max-res-lit-inc='2.9420405260917764', sp-max-res-runs='3', sp-rand-phase-dec-freq=''0.05'', sp-res-cutoff-cls='6', sp-res-cutoff-lits='1056', sp-res-order-heur=''16'', sp-rand-phase-scaling='0.4972031243964888'
1408.792000, 0.025702, 1121.381716, 42, -287.410284, sp-clause-activity-inc='1.1643360368795275', sp-clause-decay='1.701066678945464', sp-clause-del-heur=''2'', sp-first-restart='1004', sp-learned-clause-sort-heur=''8'', sp-learned-clauses-inc='1.4423495841655072', sp-learned-size-factor='0.6590575691925764', sp-orig-clause-sort-heur=''15'', sp-phase-dec-heur=''1'', sp-rand-var-dec-freq=''0.0001'', sp-resolution=''1'', sp-restart-inc='1.6932495551005515', sp-update-dec-queue=''0'', sp-use-pure-literal-rule=''1'', sp-var-activity-inc='1.1732552736991264', sp-var-dec-heur=''7'', sp-variable-decay='1.2081496318720946', sp-max-res-lit-inc='0.8919706534389553', sp-max-res-runs='22', sp-rand-phase-dec-freq=''0.001'', sp-rand-var-dec-scaling='0.5442591329096071', sp-res-cutoff-cls='12', sp-res-cutoff-lits='212', sp-res-order-heur=''5'', sp-rand-phase-scaling='0.41132902463011123'
2401.184000, 0.023793, 1862.707278, 56, -538.476722, sp-clause-activity-inc='1.1690688280967798', sp-clause-decay='1.0319170189025941', sp-clause-del-heur=''0'', sp-first-restart='669', sp-learned-clause-sort-heur=''0'', sp-learned-clauses-inc='1.2038444238643806', sp-learned-size-factor='1.2914531968345648', sp-orig-clause-sort-heur=''16'', sp-phase-dec-heur=''6'', sp-rand-var-dec-freq=''0.0001'', sp-resolution=''2'', sp-restart-inc='1.8549089974052562', sp-update-dec-queue=''1'', sp-use-pure-literal-rule=''0'', sp-var-activity-inc='0.8461287562946642', sp-var-dec-heur=''5'', sp-variable-decay='1.019560165925779', sp-max-res-lit-inc='0.6172072555976482', sp-max-res-runs='1', sp-rand-phase-dec-freq=''0.0001'', sp-rand-var-dec-scaling='0.9358841850593465', sp-res-cutoff-cls='12', sp-res-cutoff-lits='355', sp-res-order-heur=''18'', sp-rand-phase-scaling='0.971052719629846'
6098.940000, 0.014587, 4619.204871, 75, -1479.735129, sp-clause-activity-inc='1.0207194157864565', sp-clause-decay='1.0046054425295026', sp-clause-del-heur=''1'', sp-first-restart='80', sp-learned-clause-sort-heur=''3'', sp-learned-clauses-inc='1.3853879712344208', sp-learned-size-factor='0.359573487089134', sp-orig-clause-sort-heur=''13'', sp-phase-dec-heur=''5'', sp-rand-var-dec-freq=''0.01'', sp-resolution=''1'', sp-restart-inc='1.7708944409324605', sp-update-dec-queue=''0'', sp-use-pure-literal-rule=''0'', sp-var-activity-inc='0.6085735935987748', sp-var-dec-heur=''16'', sp-variable-decay='1.288020955520047', sp-max-res-lit-inc='2.0544095239109685', sp-max-res-runs='27', sp-rand-phase-dec-freq=''0.01'', sp-rand-var-dec-scaling='0.6472644109438571', sp-res-cutoff-cls='3', sp-res-cutoff-lits='218', sp-res-order-heur=''19'', sp-rand-phase-scaling='1.0720152434627612'
6899.656000, 0.013650, 5227.920875, 58, -1671.735125, sp-clause-activity-inc='0.5164646462161406', sp-clause-decay='1.2477541199580562', sp-clause-del-heur=''0'', sp-first-restart='274', sp-learned-clause-sort-heur=''5'', sp-learned-clauses-inc='1.497749403445129', sp-learned-size-factor='1.4168606805048052', sp-orig-clause-sort-heur=''8'', sp-phase-dec-heur=''1'', sp-rand-var-dec-freq=''0.005'', sp-resolution=''1'', sp-restart-inc='1.5525311649777693', sp-update-dec-queue=''0'', sp-use-pure-literal-rule=''0'', sp-var-activity-inc='1.4217903686855378', sp-var-dec-heur=''7'', sp-variable-decay='1.9854842825905712', sp-max-res-lit-inc='0.36448454944905884', sp-max-res-runs='1', sp-rand-phase-dec-freq=''0.0001'', sp-rand-var-dec-scaling='0.5530428657019283', sp-res-cutoff-cls='4', sp-res-cutoff-lits='153', sp-res-order-heur=''0'', sp-rand-phase-scaling='0.34774722810809644'
7027.532000, 0.013397, 5324.569462, 76, -1702.962538, sp-clause-activity-inc='1.0045131601505624', sp-clause-decay='1.1480140271410588', sp-clause-del-heur=''1'', sp-first-restart='181', sp-learned-clause-sort-heur=''13'', sp-learned-clauses-inc='1.4279358142103824', sp-learned-size-factor='0.10040254450201459', sp-orig-clause-sort-heur=''2'', sp-phase-dec-heur=''6'', sp-rand-var-dec-freq=''0.0001'', sp-resolution=''2'', sp-restart-inc='1.4193923134243827', sp-update-dec-queue=''0'', sp-use-pure-literal-rule=''0'', sp-var-activity-inc='0.7557162426755893', sp-var-dec-heur=''0'', sp-variable-decay='1.728192452661501', sp-max-res-lit-inc='1.231012615672287', sp-max-res-runs='1', sp-rand-phase-dec-freq=''0.001'', sp-rand-var-dec-scaling='0.3786177229193101', sp-res-cutoff-cls='11', sp-res-cutoff-lits='476', sp-res-order-heur=''11'', sp-rand-phase-scaling='0.8754762583677018'
7844.268000, 0.012242, 5923.253410, 38, -1921.014590, sp-clause-activity-inc='0.8938922391201088', sp-clause-decay='1.55568384321148', sp-clause-del-heur=''2'', sp-first-restart='1171', sp-learned-clause-sort-heur=''10'', sp-learned-clauses-inc='1.3434192600112702', sp-learned-size-factor='1.3824823691742836', sp-orig-clause-sort-heur=''7'', sp-phase-dec-heur=''0'', sp-rand-var-dec-freq=''0.005'', sp-resolution=''2'', sp-restart-inc='1.78091683358249', sp-update-dec-queue=''0'', sp-use-pure-literal-rule=''1'', sp-var-activity-inc='0.833988539061194', sp-var-dec-heur=''16'', sp-variable-decay='1.1686355635188963', sp-max-res-lit-inc='1.0016876299862518', sp-max-res-runs='1', sp-rand-phase-dec-freq=''0'', sp-rand-var-dec-scaling='0.5729989634773773', sp-res-cutoff-cls='5', sp-res-cutoff-lits='779', sp-res-order-heur=''10''
8105.528000, 0.011179, 6123.337080, 78, -1982.190920, sp-clause-activity-inc='0.9077937780460644', sp-clause-decay='1.066618385096324', sp-clause-del-heur=''0'', sp-first-restart='3113', sp-learned-clause-sort-heur=''5'', sp-learned-clauses-inc='1.2464523802205103', sp-learned-size-factor='0.17029097931287904', sp-orig-clause-sort-heur=''19'', sp-phase-dec-heur=''6'', sp-rand-var-dec-freq=''0.001'', sp-resolution=''0'', sp-restart-inc='1.406654261761872', sp-update-dec-queue=''0'', sp-use-pure-literal-rule=''1'', sp-var-activity-inc='0.638300976071603', sp-var-dec-heur=''5'', sp-variable-decay='1.7618757725365493', sp-rand-phase-dec-freq=''0.0001'', sp-rand-var-dec-scaling='0.7285107899920844', sp-rand-phase-scaling='0.5676203493739985'
9130.780000, 0.010219, 6893.006962, 85, -2237.773038, sp-clause-activity-inc='1.390120437892926', sp-clause-decay='1.408410205308054', sp-clause-del-heur=''1'', sp-first-restart='555', sp-learned-clause-sort-heur=''6'', sp-learned-clauses-inc='1.1221041236552274', sp-learned-size-factor='0.2840748618479874', sp-orig-clause-sort-heur=''13'', sp-phase-dec-heur=''1'', sp-rand-var-dec-freq=''0.005'', sp-resolution=''0'', sp-restart-inc='1.8832259766343928', sp-update-dec-queue=''0'', sp-use-pure-literal-rule=''0'', sp-var-activity-inc='0.6369155175082231', sp-var-dec-heur=''6'', sp-variable-decay='1.5002363969427137', sp-rand-phase-dec-freq=''0.001'', sp-rand-var-dec-scaling='1.0351460701589894', sp-rand-phase-scaling='0.34808375653224577'
13400.436000, 0.009623, 10091.619458, 119, -3308.816542, sp-clause-activity-inc='1.2138307428452795', sp-clause-decay='1.26870220177244', sp-clause-del-heur=''0'', sp-first-restart='2302', sp-learned-clause-sort-heur=''18'', sp-learned-clauses-inc='1.3155786892901236', sp-learned-size-factor='0.8039021478862713', sp-orig-clause-sort-heur=''12'', sp-phase-dec-heur=''6'', sp-rand-var-dec-freq=''0.0001'', sp-resolution=''0'', sp-restart-inc='1.5945251817318835', sp-update-dec-queue=''1'', sp-use-pure-literal-rule=''0'', sp-var-activity-inc='1.2190975036712561', sp-var-dec-heur=''7'', sp-variable-decay='1.5576451179636472', sp-rand-phase-dec-freq=''0.001'', sp-rand-var-dec-scaling='0.8298606477887633', sp-rand-phase-scaling='0.40869087316576225'
15212.898000, 0.009434, 11407.450874, 121, -3805.447126, sp-clause-activity-inc='1.1693072667287923', sp-clause-decay='1.331168460212162', sp-clause-del-heur=''0'', sp-first-restart='26', sp-learned-clause-sort-heur=''14'', sp-learned-clauses-inc='1.1782622065740695', sp-learned-size-factor='0.3831673237799839', sp-orig-clause-sort-heur=''11'', sp-phase-dec-heur=''1'', sp-rand-var-dec-freq=''0.0001'', sp-resolution=''1'', sp-restart-inc='1.6853146847801006', sp-update-dec-queue=''0'', sp-use-pure-literal-rule=''1'', sp-var-activity-inc='1.0538137766124422', sp-var-dec-heur=''6'', sp-variable-decay='1.9318941038588722', sp-max-res-lit-inc='0.7811502456690194', sp-max-res-runs='1', sp-rand-phase-dec-freq=''0.001'', sp-rand-var-dec-scaling='0.7937799964223475', sp-res-cutoff-cls='4', sp-res-cutoff-lits='1522', sp-res-order-heur=''10'', sp-rand-phase-scaling='0.6274245505330915'
22684.234000, 0.006746, 16823.563230, 125, -5860.670770, sp-clause-activity-inc='0.5028994277229712', sp-clause-decay='1.1068744624584441', sp-clause-del-heur=''2'', sp-first-restart='25', sp-learned-clause-sort-heur=''18'', sp-learned-clauses-inc='1.472478329371513', sp-learned-size-factor='0.495360920876383', sp-orig-clause-sort-heur=''14'', sp-phase-dec-heur=''1'', sp-rand-var-dec-freq=''0.05'', sp-resolution=''2'', sp-restart-inc='1.790380444137877', sp-update-dec-queue=''1'', sp-use-pure-literal-rule=''1'', sp-var-activity-inc='1.4524605860596296', sp-var-dec-heur=''4'', sp-variable-decay='1.3635113308178077', sp-max-res-lit-inc='0.7923222228436576', sp-max-res-runs='4', sp-rand-phase-dec-freq=''0.0001'', sp-rand-var-dec-scaling='0.4083214543231691', sp-res-cutoff-cls='3', sp-res-cutoff-lits='181', sp-res-order-heur=''9'', sp-rand-phase-scaling='0.6178288189132722'
