{"incumbent": ["sp-clause-activity-inc='1.0'", "sp-clause-decay='1.4'", "sp-clause-del-heur=''2''", "sp-first-restart='100'", "sp-learned-clause-sort-heur=''0''", "sp-learned-clauses-inc='1.3'", "sp-learned-size-factor='0.4'", "sp-orig-clause-sort-heur=''0''", "sp-phase-dec-heur=''5''", "sp-rand-var-dec-freq=''0.001''", "sp-resolution=''1''", "sp-restart-inc='1.5'", "sp-update-dec-queue=''1''", "sp-use-pure-literal-rule=''1''", "sp-var-activity-inc='1.0'", "sp-var-dec-heur=''0''", "sp-variable-decay='1.4'", "sp-max-res-lit-inc='1.0'", "sp-max-res-runs='4'", "sp-rand-phase-dec-freq=''0.001''", "sp-rand-var-dec-scaling='1.0'", "sp-res-cutoff-cls='8'", "sp-res-cutoff-lits='400'", "sp-res-order-heur=''0''", "sp-rand-phase-scaling='1.0'"], "total_cpu_time": null, "evaluations": 0, "wallclock_time": 0.0009512901306152344, "cpu_time": 0, "cost": 2147483648}
{"incumbent": ["sp-clause-activity-inc='1.0'", "sp-clause-decay='1.4'", "sp-clause-del-heur=''2''", "sp-first-restart='100'", "sp-learned-clause-sort-heur=''0''", "sp-learned-clauses-inc='1.3'", "sp-learned-size-factor='0.4'", "sp-orig-clause-sort-heur=''0''", "sp-phase-dec-heur=''5''", "sp-rand-var-dec-freq=''0.001''", "sp-resolution=''1''", "sp-restart-inc='1.5'", "sp-update-dec-queue=''1''", "sp-use-pure-literal-rule=''1''", "sp-var-activity-inc='1.0'", "sp-var-dec-heur=''0''", "sp-variable-decay='1.4'", "sp-max-res-lit-inc='1.0'", "sp-max-res-runs='4'", "sp-rand-phase-dec-freq=''0.001''", "sp-rand-var-dec-scaling='1.0'", "sp-res-cutoff-cls='8'", "sp-res-cutoff-lits='400'", "sp-res-order-heur=''0''", "sp-rand-phase-scaling='1.0'"], "total_cpu_time": null, "evaluations": 1, "wallclock_time": 0.2138833999633789, "cpu_time": 0.064, "cost": 0.064}
{"incumbent": ["sp-clause-activity-inc='0.8228792463025634'", "sp-clause-decay='1.4091440233638697'", "sp-clause-del-heur=''0''", "sp-first-restart='522'", "sp-learned-clause-sort-heur=''5''", "sp-learned-clauses-inc='1.436237604887777'", "sp-learned-size-factor='0.21224356845480102'", "sp-orig-clause-sort-heur=''16''", "sp-phase-dec-heur=''1''", "sp-rand-var-dec-freq=''0''", "sp-resolution=''2''", "sp-restart-inc='1.5162825709872392'", "sp-update-dec-queue=''0''", "sp-use-pure-literal-rule=''1''", "sp-var-activity-inc='1.3110459704886912'", "sp-var-dec-heur=''5''", "sp-variable-decay='1.4902836471307062'", "sp-max-res-lit-inc='2.966611470749153'", "sp-max-res-runs='1'", "sp-rand-phase-dec-freq=''0.05''", "sp-res-cutoff-cls='11'", "sp-res-cutoff-lits='176'", "sp-res-order-heur=''14''", "sp-rand-phase-scaling='0.8495873976867023'"], "total_cpu_time": null, "evaluations": 172, "wallclock_time": 279.90966153144836, "cpu_time": 342.364, "cost": 0.05924691358024689}
{"incumbent": ["sp-clause-activity-inc='1.095397818016418'", "sp-clause-decay='1.5746830334385422'", "sp-clause-del-heur=''0''", "sp-first-restart='64'", "sp-learned-clause-sort-heur=''10''", "sp-learned-clauses-inc='1.497132157522612'", "sp-learned-size-factor='0.15404502522483565'", "sp-orig-clause-sort-heur=''19''", "sp-phase-dec-heur=''3''", "sp-rand-var-dec-freq=''0.001''", "sp-resolution=''0''", "sp-restart-inc='1.1929541794010186'", "sp-update-dec-queue=''0''", "sp-use-pure-literal-rule=''0''", "sp-var-activity-inc='1.0095188835734046'", "sp-var-dec-heur=''16''", "sp-variable-decay='1.301246404518003'", "sp-rand-phase-dec-freq=''0.0001''", "sp-rand-var-dec-scaling='0.5545734729751981'", "sp-rand-phase-scaling='0.7106090342533662'"], "total_cpu_time": null, "evaluations": 208, "wallclock_time": 311.07137846946716, "cpu_time": 379.1039999999999, "cost": 0.05151246537396121}
{"incumbent": ["sp-clause-activity-inc='1.0'", "sp-clause-decay='1.4'", "sp-clause-del-heur=''2''", "sp-first-restart='100'", "sp-learned-clause-sort-heur=''0''", "sp-learned-clauses-inc='1.3'", "sp-learned-size-factor='0.4'", "sp-orig-clause-sort-heur=''0''", "sp-phase-dec-heur=''5''", "sp-rand-var-dec-freq=''0.001''", "sp-resolution=''1''", "sp-restart-inc='1.5'", "sp-update-dec-queue=''1''", "sp-use-pure-literal-rule=''1''", "sp-var-activity-inc='1.0'", "sp-var-dec-heur=''0''", "sp-variable-decay='1.4'", "sp-max-res-lit-inc='1.0'", "sp-max-res-runs='4'", "sp-rand-phase-dec-freq=''0.001''", "sp-rand-var-dec-scaling='1.0'", "sp-res-cutoff-cls='8'", "sp-res-cutoff-lits='400'", "sp-res-order-heur=''0''", "sp-rand-phase-scaling='1.0'"], "total_cpu_time": null, "evaluations": 257, "wallclock_time": 383.18088030815125, "cpu_time": 464.8799999999998, "cost": 0.0422892561983471}
{"incumbent": ["sp-clause-activity-inc='1.095397818016418'", "sp-clause-decay='1.5746830334385422'", "sp-clause-del-heur=''0''", "sp-first-restart='64'", "sp-learned-clause-sort-heur=''10''", "sp-learned-clauses-inc='1.497132157522612'", "sp-learned-size-factor='0.15404502522483565'", "sp-orig-clause-sort-heur=''19''", "sp-phase-dec-heur=''3''", "sp-rand-var-dec-freq=''0.001''", "sp-resolution=''0''", "sp-restart-inc='1.1929541794010186'", "sp-update-dec-queue=''0''", "sp-use-pure-literal-rule=''0''", "sp-var-activity-inc='1.0095188835734046'", "sp-var-dec-heur=''16''", "sp-variable-decay='1.301246404518003'", "sp-rand-phase-dec-freq=''0.0001''", "sp-rand-var-dec-scaling='0.5545734729751981'", "sp-rand-phase-scaling='0.7106090342533662'"], "total_cpu_time": null, "evaluations": 332, "wallclock_time": 445.5937850475311, "cpu_time": 541.1919999999997, "cost": 0.03609829867674857}
{"incumbent": ["sp-clause-activity-inc='1.0610402561721046'", "sp-clause-decay='1.7095976673600812'", "sp-clause-del-heur=''1''", "sp-first-restart='111'", "sp-learned-clause-sort-heur=''0''", "sp-learned-clauses-inc='1.4654816544359413'", "sp-learned-size-factor='0.2579234451829101'", "sp-orig-clause-sort-heur=''7''", "sp-phase-dec-heur=''5''", "sp-rand-var-dec-freq=''0.001''", "sp-resolution=''0''", "sp-restart-inc='1.549618596163298'", "sp-update-dec-queue=''1''", "sp-use-pure-literal-rule=''0''", "sp-var-activity-inc='0.980187842030982'", "sp-var-dec-heur=''2''", "sp-variable-decay='1.5555818308993348'", "sp-rand-phase-dec-freq=''0.0001''", "sp-rand-var-dec-scaling='0.9008215671209445'", "sp-rand-phase-scaling='0.7459494714857142'"], "total_cpu_time": null, "evaluations": 492, "wallclock_time": 644.1961715221405, "cpu_time": 792.3239999999995, "cost": 0.03034842249657064}
{"incumbent": ["sp-clause-activity-inc='0.9074860292604526'", "sp-clause-decay='1.0024408719150566'", "sp-clause-del-heur=''1''", "sp-first-restart='820'", "sp-learned-clause-sort-heur=''10''", "sp-learned-clauses-inc='1.1188481226127636'", "sp-learned-size-factor='0.22100442265278072'", "sp-orig-clause-sort-heur=''18''", "sp-phase-dec-heur=''4''", "sp-rand-var-dec-freq=''0''", "sp-resolution=''1''", "sp-restart-inc='1.5285425785619848'", "sp-update-dec-queue=''1''", "sp-use-pure-literal-rule=''0''", "sp-var-activity-inc='1.2652388503914453'", "sp-var-dec-heur=''5''", "sp-variable-decay='1.5465029510456771'", "sp-max-res-lit-inc='2.9420405260917764'", "sp-max-res-runs='3'", "sp-rand-phase-dec-freq=''0.05''", "sp-res-cutoff-cls='6'", "sp-res-cutoff-lits='1056'", "sp-res-order-heur=''16''", "sp-rand-phase-scaling='0.4972031243964888'"], "total_cpu_time": null, "evaluations": 527, "wallclock_time": 677.8424496650696, "cpu_time": 836.0919999999996, "cost": 0.027979591836734687}
{"incumbent": ["sp-clause-activity-inc='1.1643360368795275'", "sp-clause-decay='1.701066678945464'", "sp-clause-del-heur=''2''", "sp-first-restart='1004'", "sp-learned-clause-sort-heur=''8''", "sp-learned-clauses-inc='1.4423495841655072'", "sp-learned-size-factor='0.6590575691925764'", "sp-orig-clause-sort-heur=''15''", "sp-phase-dec-heur=''1''", "sp-rand-var-dec-freq=''0.0001''", "sp-resolution=''1''", "sp-restart-inc='1.6932495551005515'", "sp-update-dec-queue=''0''", "sp-use-pure-literal-rule=''1''", "sp-var-activity-inc='1.1732552736991264'", "sp-var-dec-heur=''7''", "sp-variable-decay='1.2081496318720946'", "sp-max-res-lit-inc='0.8919706534389553'", "sp-max-res-runs='22'", "sp-rand-phase-dec-freq=''0.001''", "sp-rand-var-dec-scaling='0.5442591329096071'", "sp-res-cutoff-cls='12'", "sp-res-cutoff-lits='212'", "sp-res-order-heur=''5''", "sp-rand-phase-scaling='0.41132902463011123'"], "total_cpu_time": null, "evaluations": 830, "wallclock_time": 1121.3817160129547, "cpu_time": 1408.7919999999974, "cost": 0.02570242214532872}
{"incumbent": ["sp-clause-activity-inc='1.1690688280967798'", "sp-clause-decay='1.0319170189025941'", "sp-clause-del-heur=''0''", "sp-first-restart='669'", "sp-learned-clause-sort-heur=''0''", "sp-learned-clauses-inc='1.2038444238643806'", "sp-learned-size-factor='1.2914531968345648'", "sp-orig-clause-sort-heur=''16''", "sp-phase-dec-heur=''6''", "sp-rand-var-dec-freq=''0.0001''", "sp-resolution=''2''", "sp-restart-inc='1.8549089974052562'", "sp-update-dec-queue=''1''", "sp-use-pure-literal-rule=''0''", "sp-var-activity-inc='0.8461287562946642'", "sp-var-dec-heur=''5''", "sp-variable-decay='1.019560165925779'", "sp-max-res-lit-inc='0.6172072555976482'", "sp-max-res-runs='1'", "sp-rand-phase-dec-freq=''0.0001''", "sp-rand-var-dec-scaling='0.9358841850593465'", "sp-res-cutoff-cls='12'", "sp-res-cutoff-lits='355'", "sp-res-order-heur=''18''", "sp-rand-phase-scaling='0.971052719629846'"], "total_cpu_time": null, "evaluations": 1262, "wallclock_time": 1862.7072777748108, "cpu_time": 2401.1839999999966, "cost": 0.02379298036882808}
{"incumbent": ["sp-clause-activity-inc='1.0207194157864565'", "sp-clause-decay='1.0046054425295026'", "sp-clause-del-heur=''1''", "sp-first-restart='80'", "sp-learned-clause-sort-heur=''3''", "sp-learned-clauses-inc='1.3853879712344208'", "sp-learned-size-factor='0.359573487089134'", "sp-orig-clause-sort-heur=''13''", "sp-phase-dec-heur=''5''", "sp-rand-var-dec-freq=''0.01''", "sp-resolution=''1''", "sp-restart-inc='1.7708944409324605'", "sp-update-dec-queue=''0''", "sp-use-pure-literal-rule=''0''", "sp-var-activity-inc='0.6085735935987748'", "sp-var-dec-heur=''16''", "sp-variable-decay='1.288020955520047'", "sp-max-res-lit-inc='2.0544095239109685'", "sp-max-res-runs='27'", "sp-rand-phase-dec-freq=''0.01''", "sp-rand-var-dec-scaling='0.6472644109438571'", "sp-res-cutoff-cls='3'", "sp-res-cutoff-lits='218'", "sp-res-order-heur=''19''", "sp-rand-phase-scaling='1.0720152434627612'"], "total_cpu_time": null, "evaluations": 2974, "wallclock_time": 4619.204871177673, "cpu_time": 6098.9399999999905, "cost": 0.01458688865764828}
{"incumbent": ["sp-clause-activity-inc='0.5164646462161406'", "sp-clause-decay='1.2477541199580562'", "sp-clause-del-heur=''0''", "sp-first-restart='274'", "sp-learned-clause-sort-heur=''5''", "sp-learned-clauses-inc='1.497749403445129'", "sp-learned-size-factor='1.4168606805048052'", "sp-orig-clause-sort-heur=''8''", "sp-phase-dec-heur=''1''", "sp-rand-var-dec-freq=''0.005''", "sp-resolution=''1''", "sp-restart-inc='1.5525311649777693'", "sp-update-dec-queue=''0''", "sp-use-pure-literal-rule=''0''", "sp-var-activity-inc='1.4217903686855378'", "sp-var-dec-heur=''7''", "sp-variable-decay='1.9854842825905712'", "sp-max-res-lit-inc='0.36448454944905884'", "sp-max-res-runs='1'", "sp-rand-phase-dec-freq=''0.0001''", "sp-rand-var-dec-scaling='0.5530428657019283'", "sp-res-cutoff-cls='4'", "sp-res-cutoff-lits='153'", "sp-res-order-heur=''0''", "sp-rand-phase-scaling='0.34774722810809644'"], "total_cpu_time": null, "evaluations": 3698, "wallclock_time": 5227.920874595642, "cpu_time": 6899.65599999998, "cost": 0.013649653979238754}
{"incumbent": ["sp-clause-activity-inc='1.0045131601505624'", "sp-clause-decay='1.1480140271410588'", "sp-clause-del-heur=''1''", "sp-first-restart='181'", "sp-learned-clause-sort-heur=''13''", "sp-learned-clauses-inc='1.4279358142103824'", "sp-learned-size-factor='0.10040254450201459'", "sp-orig-clause-sort-heur=''2''", "sp-phase-dec-heur=''6''", "sp-rand-var-dec-freq=''0.0001''", "sp-resolution=''2''", "sp-restart-inc='1.4193923134243827'", "sp-update-dec-queue=''0''", "sp-use-pure-literal-rule=''0''", "sp-var-activity-inc='0.7557162426755893'", "sp-var-dec-heur=''0''", "sp-variable-decay='1.728192452661501'", "sp-max-res-lit-inc='1.231012615672287'", "sp-max-res-runs='1'", "sp-rand-phase-dec-freq=''0.001''", "sp-rand-var-dec-scaling='0.3786177229193101'", "sp-res-cutoff-cls='11'", "sp-res-cutoff-lits='476'", "sp-res-order-heur=''11''", "sp-rand-phase-scaling='0.8754762583677018'"], "total_cpu_time": null, "evaluations": 3827, "wallclock_time": 5324.569461584091, "cpu_time": 7027.531999999976, "cost": 0.013397185465238392}
{"incumbent": ["sp-clause-activity-inc='0.8938922391201088'", "sp-clause-decay='1.55568384321148'", "sp-clause-del-heur=''2''", "sp-first-restart='1171'", "sp-learned-clause-sort-heur=''10''", "sp-learned-clauses-inc='1.3434192600112702'", "sp-learned-size-factor='1.3824823691742836'", "sp-orig-clause-sort-heur=''7''", "sp-phase-dec-heur=''0''", "sp-rand-var-dec-freq=''0.005''", "sp-resolution=''2''", "sp-restart-inc='1.78091683358249'", "sp-update-dec-queue=''0''", "sp-use-pure-literal-rule=''1''", "sp-var-activity-inc='0.833988539061194'", "sp-var-dec-heur=''16''", "sp-variable-decay='1.1686355635188963'", "sp-max-res-lit-inc='1.0016876299862518'", "sp-max-res-runs='1'", "sp-rand-phase-dec-freq=''0''", "sp-rand-var-dec-scaling='0.5729989634773773'", "sp-res-cutoff-cls='5'", "sp-res-cutoff-lits='779'", "sp-res-order-heur=''10''"], "total_cpu_time": null, "evaluations": 4287, "wallclock_time": 5923.253409862518, "cpu_time": 7844.267999999973, "cost": 0.012241696378307373}
{"incumbent": ["sp-clause-activity-inc='0.9077937780460644'", "sp-clause-decay='1.066618385096324'", "sp-clause-del-heur=''0''", "sp-first-restart='3113'", "sp-learned-clause-sort-heur=''5''", "sp-learned-clauses-inc='1.2464523802205103'", "sp-learned-size-factor='0.17029097931287904'", "sp-orig-clause-sort-heur=''19''", "sp-phase-dec-heur=''6''", "sp-rand-var-dec-freq=''0.001''", "sp-resolution=''0''", "sp-restart-inc='1.406654261761872'", "sp-update-dec-queue=''0''", "sp-use-pure-literal-rule=''1''", "sp-var-activity-inc='0.638300976071603'", "sp-var-dec-heur=''5''", "sp-variable-decay='1.7618757725365493'", "sp-rand-phase-dec-freq=''0.0001''", "sp-rand-var-dec-scaling='0.7285107899920844'", "sp-rand-phase-scaling='0.5676203493739985'"], "total_cpu_time": null, "evaluations": 4513, "wallclock_time": 6123.337079524994, "cpu_time": 8105.5279999999775, "cost": 0.01117866666666667}
{"incumbent": ["sp-clause-activity-inc='1.390120437892926'", "sp-clause-decay='1.408410205308054'", "sp-clause-del-heur=''1''", "sp-first-restart='555'", "sp-learned-clause-sort-heur=''6''", "sp-learned-clauses-inc='1.1221041236552274'", "sp-learned-size-factor='0.2840748618479874'", "sp-orig-clause-sort-heur=''13''", "sp-phase-dec-heur=''1''", "sp-rand-var-dec-freq=''0.005''", "sp-resolution=''0''", "sp-restart-inc='1.8832259766343928'", "sp-update-dec-queue=''0''", "sp-use-pure-literal-rule=''0''", "sp-var-activity-inc='0.6369155175082231'", "sp-var-dec-heur=''6''", "sp-variable-decay='1.5002363969427137'", "sp-rand-phase-dec-freq=''0.001''", "sp-rand-var-dec-scaling='1.0351460701589894'", "sp-rand-phase-scaling='0.34808375653224577'"], "total_cpu_time": null, "evaluations": 5025, "wallclock_time": 6893.006962060928, "cpu_time": 9130.779999999995, "cost": 0.010218875180259572}
{"incumbent": ["sp-clause-activity-inc='1.2138307428452795'", "sp-clause-decay='1.26870220177244'", "sp-clause-del-heur=''0''", "sp-first-restart='2302'", "sp-learned-clause-sort-heur=''18''", "sp-learned-clauses-inc='1.3155786892901236'", "sp-learned-size-factor='0.8039021478862713'", "sp-orig-clause-sort-heur=''12''", "sp-phase-dec-heur=''6''", "sp-rand-var-dec-freq=''0.0001''", "sp-resolution=''0''", "sp-restart-inc='1.5945251817318835'", "sp-update-dec-queue=''1''", "sp-use-pure-literal-rule=''0''", "sp-var-activity-inc='1.2190975036712561'", "sp-var-dec-heur=''7''", "sp-variable-decay='1.5576451179636472'", "sp-rand-phase-dec-freq=''0.001''", "sp-rand-var-dec-scaling='0.8298606477887633'", "sp-rand-phase-scaling='0.40869087316576225'"], "total_cpu_time": null, "evaluations": 7236, "wallclock_time": 10091.61945772171, "cpu_time": 13400.435999999985, "cost": 0.009623263888888888}
{"incumbent": ["sp-clause-activity-inc='1.1693072667287923'", "sp-clause-decay='1.331168460212162'", "sp-clause-del-heur=''0''", "sp-first-restart='26'", "sp-learned-clause-sort-heur=''14''", "sp-learned-clauses-inc='1.1782622065740695'", "sp-learned-size-factor='0.3831673237799839'", "sp-orig-clause-sort-heur=''11''", "sp-phase-dec-heur=''1''", "sp-rand-var-dec-freq=''0.0001''", "sp-resolution=''1''", "sp-restart-inc='1.6853146847801006'", "sp-update-dec-queue=''0''", "sp-use-pure-literal-rule=''1''", "sp-var-activity-inc='1.0538137766124422'", "sp-var-dec-heur=''6''", "sp-variable-decay='1.9318941038588722'", "sp-max-res-lit-inc='0.7811502456690194'", "sp-max-res-runs='1'", "sp-rand-phase-dec-freq=''0.001''", "sp-rand-var-dec-scaling='0.7937799964223475'", "sp-res-cutoff-cls='4'", "sp-res-cutoff-lits='1522'", "sp-res-order-heur=''10''", "sp-rand-phase-scaling='0.6274245505330915'"], "total_cpu_time": null, "evaluations": 8218, "wallclock_time": 11407.450874090195, "cpu_time": 15212.897999999981, "cost": 0.009434063821607077}
{"incumbent": ["sp-clause-activity-inc='0.5028994277229712'", "sp-clause-decay='1.1068744624584441'", "sp-clause-del-heur=''2''", "sp-first-restart='25'", "sp-learned-clause-sort-heur=''18''", "sp-learned-clauses-inc='1.472478329371513'", "sp-learned-size-factor='0.495360920876383'", "sp-orig-clause-sort-heur=''14''", "sp-phase-dec-heur=''1''", "sp-rand-var-dec-freq=''0.05''", "sp-resolution=''2''", "sp-restart-inc='1.790380444137877'", "sp-update-dec-queue=''1''", "sp-use-pure-literal-rule=''1''", "sp-var-activity-inc='1.4524605860596296'", "sp-var-dec-heur=''4''", "sp-variable-decay='1.3635113308178077'", "sp-max-res-lit-inc='0.7923222228436576'", "sp-max-res-runs='4'", "sp-rand-phase-dec-freq=''0.0001''", "sp-rand-var-dec-scaling='0.4083214543231691'", "sp-res-cutoff-cls='3'", "sp-res-cutoff-lits='181'", "sp-res-order-heur=''9''", "sp-rand-phase-scaling='0.6178288189132722'"], "total_cpu_time": null, "evaluations": 12830, "wallclock_time": 16823.563229560852, "cpu_time": 22684.23400000016, "cost": 0.006746337890625001}
