{"wallclock_time": 0.00141143798828125, "cost": 2147483648, "total_cpu_time": null, "evaluations": 0, "cpu_time": 0, "incumbent": ["adaptive=''1''", "clausepen=''1''", "performrandomwalk=''0''", "singleclause=''1''", "tabusearch=''0''", "adaptivenoisescheme=''1''", "adaptwalkprob=''0''", "heuristic=''2''", "promisinglist=''1''", "ps='0.4'", "selectclause=''1''", "smoothingscheme=''1''", "adaptiveprom=''0''", "decreasingvariable=''3''", "performalternatenovelty=''1''", "phi='5'", "theta='6'", "updateschemepromlist=''3''", "wp='0.01'", "CONadaptpromwalkprob=''0''"]}
{"wallclock_time": 7.635071039199829, "cost": 50, "total_cpu_time": null, "evaluations": 1, "cpu_time": 5.0, "incumbent": ["adaptive=''1''", "clausepen=''1''", "performrandomwalk=''0''", "singleclause=''1''", "tabusearch=''0''", "adaptivenoisescheme=''1''", "adaptwalkprob=''0''", "heuristic=''2''", "promisinglist=''1''", "ps='0.4'", "selectclause=''1''", "smoothingscheme=''1''", "adaptiveprom=''0''", "decreasingvariable=''3''", "performalternatenovelty=''1''", "phi='5'", "theta='6'", "updateschemepromlist=''3''", "wp='0.01'", "CONadaptpromwalkprob=''0''"]}
{"wallclock_time": 119.05401062965393, "cost": 0.04763888888888889, "total_cpu_time": null, "evaluations": 33, "cpu_time": 70.54799999999999, "incumbent": ["adaptive=''1''", "clausepen=''2''", "performrandomwalk=''1''", "singleclause=''1''", "tabusearch=''0''", "adaptivenoisescheme=''1''", "adaptwalkprob=''0''", "heuristic=''13''", "promisinglist=''1''", "randomwalk=''3''", "adaptiveprom=''1''", "decreasingvariable=''10''", "dp='0.07008271406970996'", "performalternatenovelty=''0''", "phi='7'", "rdp='0.08280584587139517'", "theta='8'", "updateschemepromlist=''2''", "adaptpromwalkprob=''1''", "promphi='8'", "promtheta='4'"]}
{"wallclock_time": 178.9000482559204, "cost": 0.005750000000000001, "total_cpu_time": null, "evaluations": 91, "cpu_time": 96.04399999999997, "incumbent": ["adaptive=''1''", "clausepen=''2''", "performrandomwalk=''1''", "singleclause=''1''", "tabusearch=''1''", "adaptivenoisescheme=''1''", "adaptwalkprob=''0''", "heuristic=''13''", "promisinglist=''1''", "randomwalk=''3''", "tabu='1'", "adaptiveprom=''1''", "decreasingvariable=''10''", "dp='0.07008271406970996'", "performalternatenovelty=''0''", "phi='7'", "rdp='0.08280584587139517'", "theta='8'", "updateschemepromlist=''2''", "adaptpromwalkprob=''1''", "promphi='8'", "promtheta='4'"]}
{"wallclock_time": 189.79591584205627, "cost": 0.003958477508650519, "total_cpu_time": null, "evaluations": 108, "cpu_time": 97.188, "incumbent": ["adaptive=''1''", "clausepen=''2''", "performrandomwalk=''1''", "singleclause=''0''", "tabusearch=''1''", "DLSscoringmeasure=''1''", "DLStiebreaking=''3''", "adaptivenoisescheme=''2''", "randomwalk=''3''", "tabu='1'", "rdp='0.08280584587139517'"]}
{"wallclock_time": 694.7276849746704, "cost": 0.002769230769230769, "total_cpu_time": null, "evaluations": 306, "cpu_time": 377.9560000000004, "incumbent": ["adaptive=''1''", "clausepen=''2''", "performrandomwalk=''1''", "singleclause=''1''", "tabusearch=''1''", "adaptivenoisescheme=''2''", "adaptwalkprob=''0''", "heuristic=''9''", "promisinglist=''1''", "randomwalk=''3''", "tabu='1'", "adaptiveprom=''1''", "decreasingvariable=''10''", "phi='10'", "rdp='0.08280584587139517'", "theta='8'", "updateschemepromlist=''2''", "adaptpromwalkprob=''1''", "promphi='8'", "promtheta='4'"]}
{"wallclock_time": 766.4426169395447, "cost": 0.0012413793103448277, "total_cpu_time": null, "evaluations": 390, "cpu_time": 388.4920000000006, "incumbent": ["adaptive=''0''", "clausepen=''1''", "performrandomwalk=''1''", "singleclause=''1''", "tabusearch=''1''", "CONadaptwalkprob=''0''", "c='0.010000000000000014'", "heuristic=''9''", "promisinglist=''1''", "ps='0.7632502802096387'", "randomwalk=''3''", "s='0.010000000000000004'", "selectclause=''1''", "smoothingscheme=''1''", "tabu='1'", "adaptiveprom=''0''", "decreasingvariable=''3''", "rdp='0.05'", "updateschemepromlist=''3''", "wpwalk='0.5'", "CONadaptpromwalkprob=''0''"]}
{"wallclock_time": 1891.450257062912, "cost": 0.0009387755102040825, "total_cpu_time": null, "evaluations": 858, "cpu_time": 989.6479999999955, "incumbent": ["adaptive=''0''", "clausepen=''2''", "performrandomwalk=''0''", "singleclause=''1''", "tabusearch=''1''", "CONadaptwalkprob=''0''", "c='0.010000000000000014'", "heuristic=''4''", "promisinglist=''1''", "s='0.010000000000000004'", "tabu='6'", "CONdp='0.05'", "adaptiveprom=''1''", "decreasingvariable=''1''", "novnoise='0.5'", "performalternatenovelty=''1''", "updateschemepromlist=''3''", "adaptpromwalkprob=''0''", "tiebreaking='3'"]}
{"wallclock_time": 2379.925986766815, "cost": 0.0008981439565414219, "total_cpu_time": null, "evaluations": 1083, "cpu_time": 1233.559999999999, "incumbent": ["adaptive=''1''", "clausepen=''1''", "performrandomwalk=''0''", "singleclause=''1''", "tabusearch=''1''", "adaptivenoisescheme=''1''", "adaptwalkprob=''0''", "heuristic=''4''", "promisinglist=''1''", "ps='0.7632502802096387'", "selectclause=''1''", "smoothingscheme=''1''", "tabu='12'", "adaptiveprom=''0''", "decreasingvariable=''7''", "dp='0.05'", "performalternatenovelty=''1''", "phi='5'", "theta='5'", "updateschemepromlist=''3''", "CONadaptpromwalkprob=''0''", "promnovnoise='0.5'"]}
