"CPU Time Used","Estimated Training Performance","Wallclock Time","Incumbent ID","Automatic Configurator (CPU) Time","Configuration..."
0.000000, 2147483648.000000, 0.001411, 1, 0.001411, adaptive=''1'', clausepen=''1'', performrandomwalk=''0'', singleclause=''1'', tabusearch=''0'', adaptivenoisescheme=''1'', adaptwalkprob=''0'', heuristic=''2'', promisinglist=''1'', ps='0.4', selectclause=''1'', smoothingscheme=''1'', adaptiveprom=''0'', decreasingvariable=''3'', performalternatenovelty=''1'', phi='5', theta='6', updateschemepromlist=''3'', wp='0.01', CONadaptpromwalkprob=''0''
5.000000, 50.000000, 7.635071, 1, 2.635071, adaptive=''1'', clausepen=''1'', performrandomwalk=''0'', singleclause=''1'', tabusearch=''0'', adaptivenoisescheme=''1'', adaptwalkprob=''0'', heuristic=''2'', promisinglist=''1'', ps='0.4', selectclause=''1'', smoothingscheme=''1'', adaptiveprom=''0'', decreasingvariable=''3'', performalternatenovelty=''1'', phi='5', theta='6', updateschemepromlist=''3'', wp='0.01', CONadaptpromwalkprob=''0''
70.548000, 0.047639, 119.054011, 3, 48.506011, adaptive=''1'', clausepen=''2'', performrandomwalk=''1'', singleclause=''1'', tabusearch=''0'', adaptivenoisescheme=''1'', adaptwalkprob=''0'', heuristic=''13'', promisinglist=''1'', randomwalk=''3'', adaptiveprom=''1'', decreasingvariable=''10'', dp='0.07008271406970996', performalternatenovelty=''0'', phi='7', rdp='0.08280584587139517', theta='8', updateschemepromlist=''2'', adaptpromwalkprob=''1'', promphi='8', promtheta='4'
96.044000, 0.005750, 178.900048, 4, 82.856048, adaptive=''1'', clausepen=''2'', performrandomwalk=''1'', singleclause=''1'', tabusearch=''1'', adaptivenoisescheme=''1'', adaptwalkprob=''0'', heuristic=''13'', promisinglist=''1'', randomwalk=''3'', tabu='1', adaptiveprom=''1'', decreasingvariable=''10'', dp='0.07008271406970996', performalternatenovelty=''0'', phi='7', rdp='0.08280584587139517', theta='8', updateschemepromlist=''2'', adaptpromwalkprob=''1'', promphi='8', promtheta='4'
97.188000, 0.003958, 189.795916, 5, 92.607916, adaptive=''1'', clausepen=''2'', performrandomwalk=''1'', singleclause=''0'', tabusearch=''1'', DLSscoringmeasure=''1'', DLStiebreaking=''3'', adaptivenoisescheme=''2'', randomwalk=''3'', tabu='1', rdp='0.08280584587139517'
377.956000, 0.002769, 694.727685, 14, 316.771685, adaptive=''1'', clausepen=''2'', performrandomwalk=''1'', singleclause=''1'', tabusearch=''1'', adaptivenoisescheme=''2'', adaptwalkprob=''0'', heuristic=''9'', promisinglist=''1'', randomwalk=''3'', tabu='1', adaptiveprom=''1'', decreasingvariable=''10'', phi='10', rdp='0.08280584587139517', theta='8', updateschemepromlist=''2'', adaptpromwalkprob=''1'', promphi='8', promtheta='4'
388.492000, 0.001241, 766.442617, 17, 377.950617, adaptive=''0'', clausepen=''1'', performrandomwalk=''1'', singleclause=''1'', tabusearch=''1'', CONadaptwalkprob=''0'', c='0.010000000000000014', heuristic=''9'', promisinglist=''1'', ps='0.7632502802096387', randomwalk=''3'', s='0.010000000000000004', selectclause=''1'', smoothingscheme=''1'', tabu='1', adaptiveprom=''0'', decreasingvariable=''3'', rdp='0.05', updateschemepromlist=''3'', wpwalk='0.5', CONadaptpromwalkprob=''0''
989.648000, 0.000939, 1891.450257, 30, 901.802257, adaptive=''0'', clausepen=''2'', performrandomwalk=''0'', singleclause=''1'', tabusearch=''1'', CONadaptwalkprob=''0'', c='0.010000000000000014', heuristic=''4'', promisinglist=''1'', s='0.010000000000000004', tabu='6', CONdp='0.05', adaptiveprom=''1'', decreasingvariable=''1'', novnoise='0.5', performalternatenovelty=''1'', updateschemepromlist=''3'', adaptpromwalkprob=''0'', tiebreaking='3'
1233.560000, 0.000898, 2379.925987, 35, 1146.365987, adaptive=''1'', clausepen=''1'', performrandomwalk=''0'', singleclause=''1'', tabusearch=''1'', adaptivenoisescheme=''1'', adaptwalkprob=''0'', heuristic=''4'', promisinglist=''1'', ps='0.7632502802096387', selectclause=''1'', smoothingscheme=''1'', tabu='12', adaptiveprom=''0'', decreasingvariable=''7'', dp='0.05', performalternatenovelty=''1'', phi='5', theta='5', updateschemepromlist=''3'', CONadaptpromwalkprob=''0'', promnovnoise='0.5'
