"CPU Time Used","Estimated Training Performance","Wallclock Time","Incumbent ID","Automatic Configurator (CPU) Time","Configuration..."
0.000000, 2147483648.000000, 0.000842, 1, 0.000842, sp-clause-activity-inc='1.0', sp-clause-decay='1.4', sp-clause-del-heur=''2'', sp-first-restart='100', sp-learned-clause-sort-heur=''0'', sp-learned-clauses-inc='1.3', sp-learned-size-factor='0.4', sp-orig-clause-sort-heur=''0'', sp-phase-dec-heur=''5'', sp-rand-var-dec-freq=''0.001'', sp-resolution=''1'', sp-restart-inc='1.5', sp-update-dec-queue=''1'', sp-use-pure-literal-rule=''1'', sp-var-activity-inc='1.0', sp-var-dec-heur=''0'', sp-variable-decay='1.4', sp-max-res-lit-inc='1.0', sp-max-res-runs='4', sp-rand-phase-dec-freq=''0.001'', sp-rand-var-dec-scaling='1.0', sp-res-cutoff-cls='8', sp-res-cutoff-lits='400', sp-res-order-heur=''0'', sp-rand-phase-scaling='1.0'
0.056000, 0.056000, 0.182937, 1, 0.126937, sp-clause-activity-inc='1.0', sp-clause-decay='1.4', sp-clause-del-heur=''2'', sp-first-restart='100', sp-learned-clause-sort-heur=''0'', sp-learned-clauses-inc='1.3', sp-learned-size-factor='0.4', sp-orig-clause-sort-heur=''0'', sp-phase-dec-heur=''5'', sp-rand-var-dec-freq=''0.001'', sp-resolution=''1'', sp-restart-inc='1.5', sp-update-dec-queue=''1'', sp-use-pure-literal-rule=''1'', sp-var-activity-inc='1.0', sp-var-dec-heur=''0'', sp-variable-decay='1.4', sp-max-res-lit-inc='1.0', sp-max-res-runs='4', sp-rand-phase-dec-freq=''0.001'', sp-rand-var-dec-scaling='1.0', sp-res-cutoff-cls='8', sp-res-cutoff-lits='400', sp-res-order-heur=''0'', sp-rand-phase-scaling='1.0'
104.568000, 0.110120, 141.573589, 5, 37.005589, sp-clause-activity-inc='1.0553760718132068', sp-clause-decay='1.626866991246379', sp-clause-del-heur=''1'', sp-first-restart='25', sp-learned-clause-sort-heur=''10'', sp-learned-clauses-inc='1.135228000371437', sp-learned-size-factor='1.217316169313022', sp-orig-clause-sort-heur=''2'', sp-phase-dec-heur=''5'', sp-rand-var-dec-freq=''0'', sp-resolution=''2'', sp-restart-inc='1.2016621957786136', sp-update-dec-queue=''0'', sp-use-pure-literal-rule=''0'', sp-var-activity-inc='0.589355132522172', sp-var-dec-heur=''2'', sp-variable-decay='1.266440252424305', sp-max-res-lit-inc='0.27855269336509547', sp-max-res-runs='7', sp-rand-phase-dec-freq=''0.0001'', sp-res-cutoff-cls='11', sp-res-cutoff-lits='111', sp-res-order-heur=''19'', sp-rand-phase-scaling='0.4703216351491841'
336.696000, 0.087280, 465.173358, 25, 128.477358, sp-clause-activity-inc='1.4044098854025564', sp-clause-decay='1.3963974814399567', sp-clause-del-heur=''0'', sp-first-restart='33', sp-learned-clause-sort-heur=''11'', sp-learned-clauses-inc='1.1623881177298452', sp-learned-size-factor='0.3093080475002824', sp-orig-clause-sort-heur=''0'', sp-phase-dec-heur=''1'', sp-rand-var-dec-freq=''0.01'', sp-resolution=''1'', sp-restart-inc='1.5876147633361486', sp-update-dec-queue=''1'', sp-use-pure-literal-rule=''0'', sp-var-activity-inc='0.5944576707128002', sp-var-dec-heur=''0'', sp-variable-decay='1.8170558713829636', sp-max-res-lit-inc='1.088193036932408', sp-max-res-runs='1', sp-rand-phase-dec-freq=''0.0001'', sp-rand-var-dec-scaling='0.8516373291502983', sp-res-cutoff-cls='15', sp-res-cutoff-lits='213', sp-res-order-heur=''5'', sp-rand-phase-scaling='0.8368217848048647'
4931.010000, 0.085440, 7038.678745, 394, 2107.668745, sp-clause-activity-inc='1.4372713497887313', sp-clause-decay='1.0662962021017293', sp-clause-del-heur=''0'', sp-first-restart='29', sp-learned-clause-sort-heur=''13'', sp-learned-clauses-inc='1.4063885008889296', sp-learned-size-factor='0.16401642608746533', sp-orig-clause-sort-heur=''12'', sp-phase-dec-heur=''1'', sp-rand-var-dec-freq=''0.05'', sp-resolution=''0'', sp-restart-inc='1.7351558723126193', sp-update-dec-queue=''1'', sp-use-pure-literal-rule=''1'', sp-var-activity-inc='1.3014254195001342', sp-var-dec-heur=''0'', sp-variable-decay='1.7382395465641076', sp-rand-phase-dec-freq=''0'', sp-rand-var-dec-scaling='0.3117549097773019'
5170.810000, 0.078240, 7389.509961, 410, 2218.699961, sp-clause-activity-inc='0.8272182744736386', sp-clause-decay='1.1521292183757679', sp-clause-del-heur=''0'', sp-first-restart='29', sp-learned-clause-sort-heur=''11'', sp-learned-clauses-inc='1.4126681524343696', sp-learned-size-factor='1.188523940054607', sp-orig-clause-sort-heur=''11'', sp-phase-dec-heur=''5'', sp-rand-var-dec-freq=''0.05'', sp-resolution=''0'', sp-restart-inc='1.839688955485173', sp-update-dec-queue=''0'', sp-use-pure-literal-rule=''0'', sp-var-activity-inc='1.3762617361668146', sp-var-dec-heur=''3'', sp-variable-decay='1.2173424172502123', sp-rand-phase-dec-freq=''0.001'', sp-rand-var-dec-scaling='0.6220412635065778', sp-rand-phase-scaling='0.6655046176292538'
