{"wallclock_time": 0.0014221668243408203, "evaluations": 0, "cpu_time": 0, "cost": 2147483648, "total_cpu_time": null, "incumbent": ["adaptive=''1''", "clausepen=''1''", "performrandomwalk=''0''", "singleclause=''1''", "tabusearch=''0''", "adaptivenoisescheme=''1''", "adaptwalkprob=''0''", "heuristic=''2''", "promisinglist=''1''", "ps='0.4'", "selectclause=''1''", "smoothingscheme=''1''", "adaptiveprom=''0''", "decreasingvariable=''3''", "performalternatenovelty=''1''", "phi='5'", "theta='6'", "updateschemepromlist=''3''", "wp='0.01'", "CONadaptpromwalkprob=''0''"]}
{"wallclock_time": 0.5115890502929688, "evaluations": 1, "cpu_time": 0.032, "cost": 0.032, "total_cpu_time": null, "incumbent": ["adaptive=''1''", "clausepen=''1''", "performrandomwalk=''0''", "singleclause=''1''", "tabusearch=''0''", "adaptivenoisescheme=''1''", "adaptwalkprob=''0''", "heuristic=''2''", "promisinglist=''1''", "ps='0.4'", "selectclause=''1''", "smoothingscheme=''1''", "adaptiveprom=''0''", "decreasingvariable=''3''", "performalternatenovelty=''1''", "phi='5'", "theta='6'", "updateschemepromlist=''3''", "wp='0.01'", "CONadaptpromwalkprob=''0''"]}
{"wallclock_time": 21.072330713272095, "evaluations": 21, "cpu_time": 9.176000000000004, "cost": 0.00393388429752066, "total_cpu_time": null, "incumbent": ["adaptive=''1''", "clausepen=''2''", "performrandomwalk=''1''", "singleclause=''0''", "tabusearch=''0''", "DLSscoringmeasure=''1''", "DLStiebreaking=''3''", "adaptivenoisescheme=''2''", "randomwalk=''1''", "rwp='0.07675195056328697'"]}
{"wallclock_time": 27.99031400680542, "evaluations": 33, "cpu_time": 9.54400000000001, "cost": 0.002555555555555556, "total_cpu_time": null, "incumbent": ["adaptive=''1''", "clausepen=''2''", "performrandomwalk=''1''", "singleclause=''0''", "tabusearch=''1''", "DLSscoringmeasure=''1''", "DLStiebreaking=''3''", "adaptivenoisescheme=''1''", "randomwalk=''1''", "tabu='7'", "rwp='0.07467904501015507'"]}
{"wallclock_time": 245.5970356464386, "evaluations": 75, "cpu_time": 145.0600000000001, "cost": 0.002293333333333333, "total_cpu_time": null, "incumbent": ["adaptive=''1''", "clausepen=''2''", "performrandomwalk=''1''", "singleclause=''0''", "tabusearch=''0''", "DLSscoringmeasure=''3''", "DLStiebreaking=''3''", "adaptivenoisescheme=''2''", "randomwalk=''1''", "rwp='0.07675195056328697'"]}
{"wallclock_time": 435.03799080848694, "evaluations": 186, "cpu_time": 231.97600000000023, "cost": 0.0019501133786848073, "total_cpu_time": null, "incumbent": ["adaptive=''1''", "clausepen=''2''", "performrandomwalk=''1''", "singleclause=''0''", "tabusearch=''1''", "DLSscoringmeasure=''1''", "DLStiebreaking=''3''", "adaptivenoisescheme=''1''", "randomwalk=''1''", "tabu='12'", "rwp='0.01'"]}
{"wallclock_time": 449.12312841415405, "evaluations": 208, "cpu_time": 232.70000000000041, "cost": 0.0014958677685950417, "total_cpu_time": null, "incumbent": ["adaptive=''1''", "clausepen=''0''", "performrandomwalk=''1''", "singleclause=''1''", "tabusearch=''1''", "CONselectclause=''1''", "adaptivenoisescheme=''2''", "adaptwalkprob=''1''", "heuristic=''4''", "promisinglist=''1''", "randomwalk=''5''", "tabu='13'", "adaptiveprom=''0''", "decreasingvariable=''10''", "performalternatenovelty=''0''", "phi='9'", "rfp='0.10233059016103765'", "theta='4'", "updateschemepromlist=''1''", "CONadaptpromwalkprob=''0''", "promnovnoise='0.317865023004374'", "CONpromdp='0.08364529587801839'"]}
{"wallclock_time": 479.55230712890625, "evaluations": 255, "cpu_time": 234.3240000000003, "cost": 0.0013333333333333337, "total_cpu_time": null, "incumbent": ["adaptive=''1''", "clausepen=''2''", "performrandomwalk=''1''", "singleclause=''0''", "tabusearch=''1''", "DLSscoringmeasure=''3''", "DLStiebreaking=''3''", "adaptivenoisescheme=''2''", "randomwalk=''1''", "tabu='15'", "rwp='0.01'"]}
{"wallclock_time": 2735.884425163269, "evaluations": 1180, "cpu_time": 1601.6799999999987, "cost": 0.0007230320699708459, "total_cpu_time": null, "incumbent": ["adaptive=''1''", "clausepen=''2''", "performrandomwalk=''1''", "singleclause=''0''", "tabusearch=''1''", "DLSscoringmeasure=''1''", "DLStiebreaking=''2''", "adaptivenoisescheme=''1''", "randomwalk=''1''", "tabu='15'", "rwp='0.07467904501015507'"]}
{"wallclock_time": 2842.723903656006, "evaluations": 1333, "cpu_time": 1621.744000000001, "cost": 0.000693786982248521, "total_cpu_time": null, "incumbent": ["adaptive=''1''", "clausepen=''2''", "performrandomwalk=''1''", "singleclause=''1''", "tabusearch=''1''", "adaptivenoisescheme=''1''", "adaptwalkprob=''0''", "heuristic=''11''", "promisinglist=''1''", "randomwalk=''4''", "tabu='11'", "adaptiveprom=''1''", "decreasingvariable=''11''", "performalternatenovelty=''0''", "phi='8'", "rfp='0.1267464829526497'", "theta='6'", "updateschemepromlist=''2''", "wp='0.12436471371646635'", "adaptpromwalkprob=''1''", "promphi='10'", "promtheta='6'"]}
