"CPU Time Used","Estimated Training Performance","Wallclock Time","Incumbent ID","Automatic Configurator (CPU) Time","Configuration..."
0.000000, 2147483648.000000, 0.001422, 1, 0.001422, adaptive=''1'', clausepen=''1'', performrandomwalk=''0'', singleclause=''1'', tabusearch=''0'', adaptivenoisescheme=''1'', adaptwalkprob=''0'', heuristic=''2'', promisinglist=''1'', ps='0.4', selectclause=''1'', smoothingscheme=''1'', adaptiveprom=''0'', decreasingvariable=''3'', performalternatenovelty=''1'', phi='5', theta='6', updateschemepromlist=''3'', wp='0.01', CONadaptpromwalkprob=''0''
0.032000, 0.032000, 0.511589, 1, 0.479589, adaptive=''1'', clausepen=''1'', performrandomwalk=''0'', singleclause=''1'', tabusearch=''0'', adaptivenoisescheme=''1'', adaptwalkprob=''0'', heuristic=''2'', promisinglist=''1'', ps='0.4', selectclause=''1'', smoothingscheme=''1'', adaptiveprom=''0'', decreasingvariable=''3'', performalternatenovelty=''1'', phi='5', theta='6', updateschemepromlist=''3'', wp='0.01', CONadaptpromwalkprob=''0''
9.176000, 0.003934, 21.072331, 2, 11.896331, adaptive=''1'', clausepen=''2'', performrandomwalk=''1'', singleclause=''0'', tabusearch=''0'', DLSscoringmeasure=''1'', DLStiebreaking=''3'', adaptivenoisescheme=''2'', randomwalk=''1'', rwp='0.07675195056328697'
9.544000, 0.002556, 27.990314, 3, 18.446314, adaptive=''1'', clausepen=''2'', performrandomwalk=''1'', singleclause=''0'', tabusearch=''1'', DLSscoringmeasure=''1'', DLStiebreaking=''3'', adaptivenoisescheme=''1'', randomwalk=''1'', tabu='7', rwp='0.07467904501015507'
145.060000, 0.002293, 245.597036, 6, 100.537036, adaptive=''1'', clausepen=''2'', performrandomwalk=''1'', singleclause=''0'', tabusearch=''0'', DLSscoringmeasure=''3'', DLStiebreaking=''3'', adaptivenoisescheme=''2'', randomwalk=''1'', rwp='0.07675195056328697'
231.976000, 0.001950, 435.037991, 12, 203.061991, adaptive=''1'', clausepen=''2'', performrandomwalk=''1'', singleclause=''0'', tabusearch=''1'', DLSscoringmeasure=''1'', DLStiebreaking=''3'', adaptivenoisescheme=''1'', randomwalk=''1'', tabu='12', rwp='0.01'
232.700000, 0.001496, 449.123128, 13, 216.423128, adaptive=''1'', clausepen=''0'', performrandomwalk=''1'', singleclause=''1'', tabusearch=''1'', CONselectclause=''1'', adaptivenoisescheme=''2'', adaptwalkprob=''1'', heuristic=''4'', promisinglist=''1'', randomwalk=''5'', tabu='13', adaptiveprom=''0'', decreasingvariable=''10'', performalternatenovelty=''0'', phi='9', rfp='0.10233059016103765', theta='4', updateschemepromlist=''1'', CONadaptpromwalkprob=''0'', promnovnoise='0.317865023004374', CONpromdp='0.08364529587801839'
234.324000, 0.001333, 479.552307, 15, 245.228307, adaptive=''1'', clausepen=''2'', performrandomwalk=''1'', singleclause=''0'', tabusearch=''1'', DLSscoringmeasure=''3'', DLStiebreaking=''3'', adaptivenoisescheme=''2'', randomwalk=''1'', tabu='15', rwp='0.01'
1601.680000, 0.000723, 2735.884425, 40, 1134.204425, adaptive=''1'', clausepen=''2'', performrandomwalk=''1'', singleclause=''0'', tabusearch=''1'', DLSscoringmeasure=''1'', DLStiebreaking=''2'', adaptivenoisescheme=''1'', randomwalk=''1'', tabu='15', rwp='0.07467904501015507'
1621.744000, 0.000694, 2842.723904, 43, 1220.979904, adaptive=''1'', clausepen=''2'', performrandomwalk=''1'', singleclause=''1'', tabusearch=''1'', adaptivenoisescheme=''1'', adaptwalkprob=''0'', heuristic=''11'', promisinglist=''1'', randomwalk=''4'', tabu='11', adaptiveprom=''1'', decreasingvariable=''11'', performalternatenovelty=''0'', phi='8', rfp='0.1267464829526497', theta='6', updateschemepromlist=''2'', wp='0.12436471371646635', adaptpromwalkprob=''1'', promphi='10', promtheta='6'
