"CPU Time Used","Estimated Training Performance","Wallclock Time","Incumbent ID","Automatic Configurator (CPU) Time","Configuration..."
0.000000, 2147483648.000000, 0.000914, 1, 0.000914, sp-clause-activity-inc='1.0', sp-clause-decay='1.4', sp-clause-del-heur=''2'', sp-first-restart='100', sp-learned-clause-sort-heur=''0'', sp-learned-clauses-inc='1.3', sp-learned-size-factor='0.4', sp-orig-clause-sort-heur=''0'', sp-phase-dec-heur=''5'', sp-rand-var-dec-freq=''0.001'', sp-resolution=''1'', sp-restart-inc='1.5', sp-update-dec-queue=''1'', sp-use-pure-literal-rule=''1'', sp-var-activity-inc='1.0', sp-var-dec-heur=''0'', sp-variable-decay='1.4', sp-max-res-lit-inc='1.0', sp-max-res-runs='4', sp-rand-phase-dec-freq=''0.001'', sp-rand-var-dec-scaling='1.0', sp-res-cutoff-cls='8', sp-res-cutoff-lits='400', sp-res-order-heur=''0'', sp-rand-phase-scaling='1.0'
0.064000, 0.064000, 0.196943, 1, 0.132943, sp-clause-activity-inc='1.0', sp-clause-decay='1.4', sp-clause-del-heur=''2'', sp-first-restart='100', sp-learned-clause-sort-heur=''0'', sp-learned-clauses-inc='1.3', sp-learned-size-factor='0.4', sp-orig-clause-sort-heur=''0'', sp-phase-dec-heur=''5'', sp-rand-var-dec-freq=''0.001'', sp-resolution=''1'', sp-restart-inc='1.5', sp-update-dec-queue=''1'', sp-use-pure-literal-rule=''1'', sp-var-activity-inc='1.0', sp-var-dec-heur=''0'', sp-variable-decay='1.4', sp-max-res-lit-inc='1.0', sp-max-res-runs='4', sp-rand-phase-dec-freq=''0.001'', sp-rand-var-dec-scaling='1.0', sp-res-cutoff-cls='8', sp-res-cutoff-lits='400', sp-res-order-heur=''0'', sp-rand-phase-scaling='1.0'
135.088000, 0.066987, 104.890858, 7, -30.197142, sp-clause-activity-inc='1.0', sp-clause-decay='1.4', sp-clause-del-heur=''2'', sp-first-restart='567', sp-learned-clause-sort-heur=''0'', sp-learned-clauses-inc='1.3', sp-learned-size-factor='0.39999999999999997', sp-orig-clause-sort-heur=''0'', sp-phase-dec-heur=''5'', sp-rand-var-dec-freq=''0.001'', sp-resolution=''1'', sp-restart-inc='1.5', sp-update-dec-queue=''1'', sp-use-pure-literal-rule=''1'', sp-var-activity-inc='1.0', sp-var-dec-heur=''0'', sp-variable-decay='1.4', sp-max-res-lit-inc='1.0', sp-max-res-runs='4', sp-rand-phase-dec-freq=''0.001'', sp-rand-var-dec-scaling='1.0', sp-res-cutoff-cls='8', sp-res-cutoff-lits='400', sp-res-order-heur=''0'', sp-rand-phase-scaling='1.0'
197.384000, 0.055391, 150.617816, 8, -46.766184, sp-clause-activity-inc='1.0', sp-clause-decay='1.4', sp-clause-del-heur=''0'', sp-first-restart='567', sp-learned-clause-sort-heur=''0'', sp-learned-clauses-inc='1.3', sp-learned-size-factor='0.39999999999999997', sp-orig-clause-sort-heur=''0'', sp-phase-dec-heur=''5'', sp-rand-var-dec-freq=''0.001'', sp-resolution=''1'', sp-restart-inc='1.5', sp-update-dec-queue=''1'', sp-use-pure-literal-rule=''1'', sp-var-activity-inc='1.0', sp-var-dec-heur=''0'', sp-variable-decay='1.4', sp-max-res-lit-inc='1.0', sp-max-res-runs='4', sp-rand-phase-dec-freq=''0.001'', sp-rand-var-dec-scaling='1.0', sp-res-cutoff-cls='8', sp-res-cutoff-lits='400', sp-res-order-heur=''0'', sp-rand-phase-scaling='1.0'
302.912000, 0.048290, 230.126485, 10, -72.785515, sp-clause-activity-inc='1.0', sp-clause-decay='1.4', sp-clause-del-heur=''0'', sp-first-restart='567', sp-learned-clause-sort-heur=''11'', sp-learned-clauses-inc='1.3', sp-learned-size-factor='0.39999999999999997', sp-orig-clause-sort-heur=''0'', sp-phase-dec-heur=''5'', sp-rand-var-dec-freq=''0.001'', sp-resolution=''1'', sp-restart-inc='1.5', sp-update-dec-queue=''1'', sp-use-pure-literal-rule=''1'', sp-var-activity-inc='1.0', sp-var-dec-heur=''0'', sp-variable-decay='1.4', sp-max-res-lit-inc='1.0', sp-max-res-runs='4', sp-rand-phase-dec-freq=''0.001'', sp-rand-var-dec-scaling='1.0', sp-res-cutoff-cls='8', sp-res-cutoff-lits='400', sp-res-order-heur=''0'', sp-rand-phase-scaling='0.7939494530789047'
341.312000, 0.043302, 257.587144, 12, -83.724856, sp-clause-activity-inc='1.0', sp-clause-decay='1.4', sp-clause-del-heur=''0'', sp-first-restart='567', sp-learned-clause-sort-heur=''11'', sp-learned-clauses-inc='1.2549130960220252', sp-learned-size-factor='0.39999999999999997', sp-orig-clause-sort-heur=''0'', sp-phase-dec-heur=''5'', sp-rand-var-dec-freq=''0.001'', sp-resolution=''1'', sp-restart-inc='1.5', sp-update-dec-queue=''1'', sp-use-pure-literal-rule=''1'', sp-var-activity-inc='1.0', sp-var-dec-heur=''0'', sp-variable-decay='1.4', sp-max-res-lit-inc='1.0', sp-max-res-runs='4', sp-rand-phase-dec-freq=''0.001'', sp-rand-var-dec-scaling='1.0', sp-res-cutoff-cls='8', sp-res-cutoff-lits='400', sp-res-order-heur=''0'', sp-rand-phase-scaling='0.7939494530789047'
379.996000, 0.040000, 285.255104, 10, -94.740896, sp-clause-activity-inc='1.0', sp-clause-decay='1.4', sp-clause-del-heur=''0'', sp-first-restart='567', sp-learned-clause-sort-heur=''11'', sp-learned-clauses-inc='1.3', sp-learned-size-factor='0.39999999999999997', sp-orig-clause-sort-heur=''0'', sp-phase-dec-heur=''5'', sp-rand-var-dec-freq=''0.001'', sp-resolution=''1'', sp-restart-inc='1.5', sp-update-dec-queue=''1'', sp-use-pure-literal-rule=''1'', sp-var-activity-inc='1.0', sp-var-dec-heur=''0'', sp-variable-decay='1.4', sp-max-res-lit-inc='1.0', sp-max-res-runs='4', sp-rand-phase-dec-freq=''0.001'', sp-rand-var-dec-scaling='1.0', sp-res-cutoff-cls='8', sp-res-cutoff-lits='400', sp-res-order-heur=''0'', sp-rand-phase-scaling='0.7939494530789047'
453.356000, 0.029979, 339.690835, 15, -113.665165, sp-clause-activity-inc='1.0', sp-clause-decay='1.4', sp-clause-del-heur=''0'', sp-first-restart='567', sp-learned-clause-sort-heur=''11'', sp-learned-clauses-inc='1.3', sp-learned-size-factor='0.39999999999999997', sp-orig-clause-sort-heur=''0'', sp-phase-dec-heur=''5'', sp-rand-var-dec-freq=''0.001'', sp-resolution=''1'', sp-restart-inc='1.5', sp-update-dec-queue=''1'', sp-use-pure-literal-rule=''1'', sp-var-activity-inc='1.0', sp-var-dec-heur=''0'', sp-variable-decay='1.4', sp-max-res-lit-inc='1.0', sp-max-res-runs='4', sp-rand-phase-dec-freq=''0.001'', sp-rand-var-dec-scaling='1.0', sp-res-cutoff-cls='8', sp-res-cutoff-lits='400', sp-res-order-heur=''0'', sp-rand-phase-scaling='0.5461540821901998'
523.696000, 0.025692, 392.255944, 16, -131.440056, sp-clause-activity-inc='1.173506330404088', sp-clause-decay='1.4', sp-clause-del-heur=''0'', sp-first-restart='567', sp-learned-clause-sort-heur=''11'', sp-learned-clauses-inc='1.3', sp-learned-size-factor='0.39999999999999997', sp-orig-clause-sort-heur=''0'', sp-phase-dec-heur=''5'', sp-rand-var-dec-freq=''0.001'', sp-resolution=''1'', sp-restart-inc='1.5', sp-update-dec-queue=''1'', sp-use-pure-literal-rule=''1'', sp-var-activity-inc='1.0', sp-var-dec-heur=''0'', sp-variable-decay='1.4', sp-max-res-lit-inc='1.0', sp-max-res-runs='4', sp-rand-phase-dec-freq=''0.001'', sp-rand-var-dec-scaling='1.0', sp-res-cutoff-cls='8', sp-res-cutoff-lits='400', sp-res-order-heur=''0'', sp-rand-phase-scaling='0.5461540821901998'
558.688000, 0.024170, 419.354664, 18, -139.333336, sp-clause-activity-inc='1.173506330404088', sp-clause-decay='1.4', sp-clause-del-heur=''0'', sp-first-restart='567', sp-learned-clause-sort-heur=''11'', sp-learned-clauses-inc='1.3', sp-learned-size-factor='0.6162994659255803', sp-orig-clause-sort-heur=''0'', sp-phase-dec-heur=''5'', sp-rand-var-dec-freq=''0.001'', sp-resolution=''1'', sp-restart-inc='1.5', sp-update-dec-queue=''1'', sp-use-pure-literal-rule=''1'', sp-var-activity-inc='1.0', sp-var-dec-heur=''0'', sp-variable-decay='1.4', sp-max-res-lit-inc='1.0', sp-max-res-runs='4', sp-rand-phase-dec-freq=''0.001'', sp-rand-var-dec-scaling='1.0', sp-res-cutoff-cls='8', sp-res-cutoff-lits='400', sp-res-order-heur=''0'', sp-rand-phase-scaling='0.5461540821901998'
1336.308000, 0.025003, 1008.792063, 30, -327.515937, sp-clause-activity-inc='1.173506330404088', sp-clause-decay='1.4', sp-clause-del-heur=''0'', sp-first-restart='567', sp-learned-clause-sort-heur=''11'', sp-learned-clauses-inc='1.3', sp-learned-size-factor='0.6162994659255803', sp-orig-clause-sort-heur=''0'', sp-phase-dec-heur=''5'', sp-rand-var-dec-freq=''0.001'', sp-resolution=''1'', sp-restart-inc='1.3600573054239127', sp-update-dec-queue=''0'', sp-use-pure-literal-rule=''1'', sp-var-activity-inc='1.0', sp-var-dec-heur=''0'', sp-variable-decay='1.4', sp-max-res-lit-inc='1.0', sp-max-res-runs='6', sp-rand-phase-dec-freq=''0.001'', sp-rand-var-dec-scaling='1.0275468825752785', sp-res-cutoff-cls='11', sp-res-cutoff-lits='400', sp-res-order-heur=''0'', sp-rand-phase-scaling='0.5461540821901998'
1411.676000, 0.022449, 1064.767712, 31, -346.908288, sp-clause-activity-inc='1.173506330404088', sp-clause-decay='1.4', sp-clause-del-heur=''0'', sp-first-restart='567', sp-learned-clause-sort-heur=''11'', sp-learned-clauses-inc='1.3', sp-learned-size-factor='0.6162994659255803', sp-orig-clause-sort-heur=''0'', sp-phase-dec-heur=''5'', sp-rand-var-dec-freq=''0.001'', sp-resolution=''1'', sp-restart-inc='1.3258135174642907', sp-update-dec-queue=''0'', sp-use-pure-literal-rule=''1'', sp-var-activity-inc='1.0', sp-var-dec-heur=''0'', sp-variable-decay='1.4', sp-max-res-lit-inc='1.0', sp-max-res-runs='6', sp-rand-phase-dec-freq=''0.001'', sp-rand-var-dec-scaling='1.0275468825752785', sp-res-cutoff-cls='11', sp-res-cutoff-lits='400', sp-res-order-heur=''0'', sp-rand-phase-scaling='0.5461540821901998'
1643.448000, 0.020669, 1239.348994, 34, -404.099006, sp-clause-activity-inc='1.216625659115674', sp-clause-decay='1.4307016694550219', sp-clause-del-heur=''0'', sp-first-restart='567', sp-learned-clause-sort-heur=''11'', sp-learned-clauses-inc='1.3', sp-learned-size-factor='0.6162994659255803', sp-orig-clause-sort-heur=''0'', sp-phase-dec-heur=''5'', sp-rand-var-dec-freq=''0.001'', sp-resolution=''1'', sp-restart-inc='1.3258135174642907', sp-update-dec-queue=''0'', sp-use-pure-literal-rule=''1'', sp-var-activity-inc='1.0', sp-var-dec-heur=''0'', sp-variable-decay='1.4', sp-max-res-lit-inc='1.0', sp-max-res-runs='6', sp-rand-phase-dec-freq=''0.001'', sp-rand-var-dec-scaling='1.0275468825752785', sp-res-cutoff-cls='11', sp-res-cutoff-lits='400', sp-res-order-heur=''0'', sp-rand-phase-scaling='0.5461540821901998'
1723.764000, 0.019897, 1298.704897, 35, -425.059103, sp-clause-activity-inc='1.173506330404088', sp-clause-decay='1.4307016694550219', sp-clause-del-heur=''0'', sp-first-restart='567', sp-learned-clause-sort-heur=''11'', sp-learned-clauses-inc='1.3', sp-learned-size-factor='0.6162994659255803', sp-orig-clause-sort-heur=''15'', sp-phase-dec-heur=''5'', sp-rand-var-dec-freq=''0.001'', sp-resolution=''1'', sp-restart-inc='1.3258135174642907', sp-update-dec-queue=''0'', sp-use-pure-literal-rule=''1'', sp-var-activity-inc='1.0', sp-var-dec-heur=''0'', sp-variable-decay='1.4', sp-max-res-lit-inc='1.0', sp-max-res-runs='6', sp-rand-phase-dec-freq=''0.001'', sp-rand-var-dec-scaling='1.0275468825752785', sp-res-cutoff-cls='11', sp-res-cutoff-lits='400', sp-res-order-heur=''0'', sp-rand-phase-scaling='0.5461540821901998'
1887.016000, 0.018502, 1418.832782, 36, -468.183218, sp-clause-activity-inc='1.2012490432511571', sp-clause-decay='1.4307016694550219', sp-clause-del-heur=''0'', sp-first-restart='567', sp-learned-clause-sort-heur=''11'', sp-learned-clauses-inc='1.3', sp-learned-size-factor='0.6162994659255803', sp-orig-clause-sort-heur=''15'', sp-phase-dec-heur=''5'', sp-rand-var-dec-freq=''0.001'', sp-resolution=''1'', sp-restart-inc='1.3258135174642907', sp-update-dec-queue=''0'', sp-use-pure-literal-rule=''1'', sp-var-activity-inc='1.0', sp-var-dec-heur=''0'', sp-variable-decay='1.4', sp-max-res-lit-inc='1.0', sp-max-res-runs='6', sp-rand-phase-dec-freq=''0.001'', sp-rand-var-dec-scaling='1.0275468825752785', sp-res-cutoff-cls='11', sp-res-cutoff-lits='400', sp-res-order-heur=''0'', sp-rand-phase-scaling='0.5461540821901998'
2058.764000, 0.018154, 1544.714058, 37, -514.049942, sp-clause-activity-inc='1.2012490432511571', sp-clause-decay='1.4307016694550219', sp-clause-del-heur=''0'', sp-first-restart='567', sp-learned-clause-sort-heur=''11'', sp-learned-clauses-inc='1.3', sp-learned-size-factor='0.6162994659255803', sp-orig-clause-sort-heur=''15'', sp-phase-dec-heur=''5'', sp-rand-var-dec-freq=''0.0001'', sp-resolution=''1'', sp-restart-inc='1.3258135174642907', sp-update-dec-queue=''0'', sp-use-pure-literal-rule=''1'', sp-var-activity-inc='1.0', sp-var-dec-heur=''0'', sp-variable-decay='1.4', sp-max-res-lit-inc='1.0', sp-max-res-runs='6', sp-rand-phase-dec-freq=''0.001'', sp-rand-var-dec-scaling='1.0275468825752785', sp-res-cutoff-cls='11', sp-res-cutoff-lits='400', sp-res-order-heur=''0'', sp-rand-phase-scaling='0.5461540821901998'
2146.056000, 0.017482, 1608.127035, 40, -537.928965, sp-clause-activity-inc='1.2012490432511571', sp-clause-decay='1.4307016694550219', sp-clause-del-heur=''0'', sp-first-restart='567', sp-learned-clause-sort-heur=''11'', sp-learned-clauses-inc='1.3', sp-learned-size-factor='0.6162994659255803', sp-orig-clause-sort-heur=''15'', sp-phase-dec-heur=''5'', sp-rand-var-dec-freq=''0.0001'', sp-resolution=''1'', sp-restart-inc='1.3258135174642907', sp-update-dec-queue=''0'', sp-use-pure-literal-rule=''1'', sp-var-activity-inc='1.0', sp-var-dec-heur=''0'', sp-variable-decay='1.4', sp-max-res-lit-inc='1.0', sp-max-res-runs='6', sp-rand-phase-dec-freq=''0.001'', sp-rand-var-dec-scaling='1.0275468825752785', sp-res-cutoff-cls='16', sp-res-cutoff-lits='400', sp-res-order-heur=''0'', sp-rand-phase-scaling='0.5461540821901998'
2234.380000, 0.017103, 1672.750174, 37, -561.629826, sp-clause-activity-inc='1.2012490432511571', sp-clause-decay='1.4307016694550219', sp-clause-del-heur=''0'', sp-first-restart='567', sp-learned-clause-sort-heur=''11'', sp-learned-clauses-inc='1.3', sp-learned-size-factor='0.6162994659255803', sp-orig-clause-sort-heur=''15'', sp-phase-dec-heur=''5'', sp-rand-var-dec-freq=''0.0001'', sp-resolution=''1'', sp-restart-inc='1.3258135174642907', sp-update-dec-queue=''0'', sp-use-pure-literal-rule=''1'', sp-var-activity-inc='1.0', sp-var-dec-heur=''0'', sp-variable-decay='1.4', sp-max-res-lit-inc='1.0', sp-max-res-runs='6', sp-rand-phase-dec-freq=''0.001'', sp-rand-var-dec-scaling='1.0275468825752785', sp-res-cutoff-cls='11', sp-res-cutoff-lits='400', sp-res-order-heur=''0'', sp-rand-phase-scaling='0.5461540821901998'
2413.428000, 0.015865, 1802.835727, 42, -610.592273, sp-clause-activity-inc='1.2012490432511571', sp-clause-decay='1.4307016694550219', sp-clause-del-heur=''0'', sp-first-restart='567', sp-learned-clause-sort-heur=''11'', sp-learned-clauses-inc='1.3', sp-learned-size-factor='0.6162994659255803', sp-orig-clause-sort-heur=''15'', sp-phase-dec-heur=''5'', sp-rand-var-dec-freq=''0.0001'', sp-resolution=''1'', sp-restart-inc='1.3258135174642907', sp-update-dec-queue=''1'', sp-use-pure-literal-rule=''1'', sp-var-activity-inc='1.0', sp-var-dec-heur=''0'', sp-variable-decay='1.4', sp-max-res-lit-inc='1.0', sp-max-res-runs='6', sp-rand-phase-dec-freq=''0.001'', sp-rand-var-dec-scaling='1.0275468825752785', sp-res-cutoff-cls='11', sp-res-cutoff-lits='400', sp-res-order-heur=''0'', sp-rand-phase-scaling='0.5461540821901998'
2512.528000, 0.016992, 1875.124371, 44, -637.403629, sp-clause-activity-inc='1.2012490432511571', sp-clause-decay='1.4307016694550219', sp-clause-del-heur=''0'', sp-first-restart='567', sp-learned-clause-sort-heur=''11'', sp-learned-clauses-inc='1.3163406962344488', sp-learned-size-factor='0.6162994659255803', sp-orig-clause-sort-heur=''15'', sp-phase-dec-heur=''5'', sp-rand-var-dec-freq=''0.0001'', sp-resolution=''1'', sp-restart-inc='1.3258135174642907', sp-update-dec-queue=''1'', sp-use-pure-literal-rule=''1'', sp-var-activity-inc='1.0', sp-var-dec-heur=''0'', sp-variable-decay='1.4', sp-max-res-lit-inc='1.0', sp-max-res-runs='6', sp-rand-phase-dec-freq=''0.001'', sp-rand-var-dec-scaling='1.0275468825752785', sp-res-cutoff-cls='11', sp-res-cutoff-lits='400', sp-res-order-heur=''0'', sp-rand-phase-scaling='0.5461540821901998'
2944.888000, 0.016294, 2199.875490, 47, -745.012510, sp-clause-activity-inc='1.2012490432511571', sp-clause-decay='1.4307016694550219', sp-clause-del-heur=''0'', sp-first-restart='567', sp-learned-clause-sort-heur=''11'', sp-learned-clauses-inc='1.3163406962344488', sp-learned-size-factor='0.6162994659255803', sp-orig-clause-sort-heur=''15'', sp-phase-dec-heur=''5'', sp-rand-var-dec-freq=''0.0001'', sp-resolution=''1'', sp-restart-inc='1.3258135174642907', sp-update-dec-queue=''1'', sp-use-pure-literal-rule=''1'', sp-var-activity-inc='1.0', sp-var-dec-heur=''0'', sp-variable-decay='1.4', sp-max-res-lit-inc='1.0', sp-max-res-runs='6', sp-rand-phase-dec-freq=''0.001'', sp-rand-var-dec-scaling='1.0275468825752785', sp-res-cutoff-cls='11', sp-res-cutoff-lits='400', sp-res-order-heur=''6'', sp-rand-phase-scaling='0.5461540821901998'
3527.736000, 0.015670, 2645.458107, 49, -882.277893, sp-clause-activity-inc='1.2012490432511571', sp-clause-decay='1.4307016694550219', sp-clause-del-heur=''0'', sp-first-restart='567', sp-learned-clause-sort-heur=''11'', sp-learned-clauses-inc='1.3163406962344488', sp-learned-size-factor='0.6162994659255803', sp-orig-clause-sort-heur=''15'', sp-phase-dec-heur=''1'', sp-rand-var-dec-freq=''0.0001'', sp-resolution=''1'', sp-restart-inc='1.3258135174642907', sp-update-dec-queue=''1'', sp-use-pure-literal-rule=''1'', sp-var-activity-inc='1.0', sp-var-dec-heur=''0'', sp-variable-decay='1.4', sp-max-res-lit-inc='1.0', sp-max-res-runs='6', sp-rand-phase-dec-freq=''0.001'', sp-rand-var-dec-scaling='1.0275468825752785', sp-res-cutoff-cls='11', sp-res-cutoff-lits='400', sp-res-order-heur=''6'', sp-rand-phase-scaling='0.5461540821901998'
3652.580000, 0.015184, 2738.557444, 53, -914.022556, sp-clause-activity-inc='1.2012490432511571', sp-clause-decay='1.3461777234284706', sp-clause-del-heur=''0'', sp-first-restart='567', sp-learned-clause-sort-heur=''11'', sp-learned-clauses-inc='1.3163406962344488', sp-learned-size-factor='0.6162994659255803', sp-orig-clause-sort-heur=''15'', sp-phase-dec-heur=''1'', sp-rand-var-dec-freq=''0.0001'', sp-resolution=''1'', sp-restart-inc='1.3258135174642907', sp-update-dec-queue=''1'', sp-use-pure-literal-rule=''1'', sp-var-activity-inc='1.0', sp-var-dec-heur=''0'', sp-variable-decay='1.4', sp-max-res-lit-inc='1.0', sp-max-res-runs='6', sp-rand-phase-dec-freq=''0.001'', sp-rand-var-dec-scaling='1.0275468825752785', sp-res-cutoff-cls='11', sp-res-cutoff-lits='400', sp-res-order-heur=''6'', sp-rand-phase-scaling='0.5461540821901998'
3766.948000, 0.013415, 2824.540048, 55, -942.407952, sp-clause-activity-inc='1.2012490432511571', sp-clause-decay='1.3461777234284706', sp-clause-del-heur=''0'', sp-first-restart='567', sp-learned-clause-sort-heur=''11'', sp-learned-clauses-inc='1.3163406962344488', sp-learned-size-factor='0.6162994659255803', sp-orig-clause-sort-heur=''15'', sp-phase-dec-heur=''1'', sp-rand-var-dec-freq=''0.001'', sp-resolution=''1'', sp-restart-inc='1.3258135174642907', sp-update-dec-queue=''1'', sp-use-pure-literal-rule=''1'', sp-var-activity-inc='1.0', sp-var-dec-heur=''0'', sp-variable-decay='1.4', sp-max-res-lit-inc='1.0', sp-max-res-runs='6', sp-rand-phase-dec-freq=''0'', sp-rand-var-dec-scaling='1.0275468825752785', sp-res-cutoff-cls='11', sp-res-cutoff-lits='400', sp-res-order-heur=''6''
5970.612000, 0.012428, 4449.128405, 68, -1521.483595, sp-clause-activity-inc='1.2012490432511571', sp-clause-decay='1.3461777234284706', sp-clause-del-heur=''0'', sp-first-restart='567', sp-learned-clause-sort-heur=''11'', sp-learned-clauses-inc='1.3163406962344488', sp-learned-size-factor='0.6162994659255803', sp-orig-clause-sort-heur=''15'', sp-phase-dec-heur=''4'', sp-rand-var-dec-freq=''0.001'', sp-resolution=''1'', sp-restart-inc='1.3258135174642907', sp-update-dec-queue=''1'', sp-use-pure-literal-rule=''1'', sp-var-activity-inc='1.0', sp-var-dec-heur=''0'', sp-variable-decay='1.1695589365559813', sp-max-res-lit-inc='1.4001328997358635', sp-max-res-runs='6', sp-rand-phase-dec-freq=''0.05'', sp-rand-var-dec-scaling='1.0275468825752785', sp-res-cutoff-cls='10', sp-res-cutoff-lits='400', sp-res-order-heur=''6'', sp-rand-phase-scaling='1.0'
6283.268000, 0.011870, 4678.776396, 72, -1604.491604, sp-clause-activity-inc='1.2012490432511571', sp-clause-decay='1.3461777234284706', sp-clause-del-heur=''0'', sp-first-restart='567', sp-learned-clause-sort-heur=''11'', sp-learned-clauses-inc='1.3163406962344488', sp-learned-size-factor='0.6162994659255803', sp-orig-clause-sort-heur=''15'', sp-phase-dec-heur=''4'', sp-rand-var-dec-freq=''0.001'', sp-resolution=''0'', sp-restart-inc='1.3258135174642907', sp-update-dec-queue=''1'', sp-use-pure-literal-rule=''1'', sp-var-activity-inc='1.0', sp-var-dec-heur=''0'', sp-variable-decay='1.1695589365559813', sp-rand-phase-dec-freq=''0.05'', sp-rand-var-dec-scaling='1.0275468825752785', sp-rand-phase-scaling='1.0'
9416.532000, 0.011258, 6965.402501, 87, -2451.129499, sp-clause-activity-inc='1.2012490432511571', sp-clause-decay='1.3461777234284706', sp-clause-del-heur=''0'', sp-first-restart='567', sp-learned-clause-sort-heur=''11'', sp-learned-clauses-inc='1.3163406962344488', sp-learned-size-factor='0.6162994659255803', sp-orig-clause-sort-heur=''15'', sp-phase-dec-heur=''4'', sp-rand-var-dec-freq=''0.001'', sp-resolution=''2'', sp-restart-inc='1.3258135174642907', sp-update-dec-queue=''0'', sp-use-pure-literal-rule=''1'', sp-var-activity-inc='1.0', sp-var-dec-heur=''0'', sp-variable-decay='1.7106091672471297', sp-max-res-lit-inc='1.4001328997358635', sp-max-res-runs='6', sp-rand-phase-dec-freq=''0.001'', sp-rand-var-dec-scaling='1.0616244436559188', sp-res-cutoff-cls='10', sp-res-cutoff-lits='337', sp-res-order-heur=''6'', sp-rand-phase-scaling='0.8810263924758663'
13629.532000, 0.010252, 10007.730882, 102, -3621.801118, sp-clause-activity-inc='1.2012490432511571', sp-clause-decay='1.3461777234284706', sp-clause-del-heur=''1'', sp-first-restart='237', sp-learned-clause-sort-heur=''11'', sp-learned-clauses-inc='1.251787259560778', sp-learned-size-factor='0.6162994659255803', sp-orig-clause-sort-heur=''14'', sp-phase-dec-heur=''6'', sp-rand-var-dec-freq=''0.001'', sp-resolution=''0'', sp-restart-inc='1.3889472469464725', sp-update-dec-queue=''0'', sp-use-pure-literal-rule=''1'', sp-var-activity-inc='1.0', sp-var-dec-heur=''0'', sp-variable-decay='1.8498063679990282', sp-rand-phase-dec-freq=''0.001'', sp-rand-var-dec-scaling='1.0616244436559188', sp-rand-phase-scaling='0.8810263924758663'
14481.560000, 0.010126, 10618.131471, 104, -3863.428529, sp-clause-activity-inc='1.2012490432511571', sp-clause-decay='1.3461777234284706', sp-clause-del-heur=''1'', sp-first-restart='237', sp-learned-clause-sort-heur=''11'', sp-learned-clauses-inc='1.251787259560778', sp-learned-size-factor='0.6162994659255803', sp-orig-clause-sort-heur=''14'', sp-phase-dec-heur=''4'', sp-rand-var-dec-freq=''0.001'', sp-resolution=''0'', sp-restart-inc='1.3889472469464725', sp-update-dec-queue=''0'', sp-use-pure-literal-rule=''1'', sp-var-activity-inc='1.0', sp-var-dec-heur=''0'', sp-variable-decay='1.8498063679990282', sp-rand-phase-dec-freq=''0'', sp-rand-var-dec-scaling='1.0616244436559188'
16958.686000, 0.010088, 12387.705070, 113, -4570.980930, sp-clause-activity-inc='1.2012490432511571', sp-clause-decay='1.5911105431764316', sp-clause-del-heur=''1'', sp-first-restart='348', sp-learned-clause-sort-heur=''11'', sp-learned-clauses-inc='1.328361577670925', sp-learned-size-factor='0.6162994659255803', sp-orig-clause-sort-heur=''14'', sp-phase-dec-heur=''4'', sp-rand-var-dec-freq=''0.001'', sp-resolution=''2'', sp-restart-inc='1.3889472469464725', sp-update-dec-queue=''0'', sp-use-pure-literal-rule=''1'', sp-var-activity-inc='1.0', sp-var-dec-heur=''0'', sp-variable-decay='1.715673151447613', sp-max-res-lit-inc='1.0', sp-max-res-runs='4', sp-rand-phase-dec-freq=''0'', sp-rand-var-dec-scaling='1.0616244436559188', sp-res-cutoff-cls='8', sp-res-cutoff-lits='400', sp-res-order-heur=''0''
17268.702000, 0.009949, 12613.757971, 114, -4654.944029, sp-clause-activity-inc='1.2012490432511571', sp-clause-decay='1.5911105431764316', sp-clause-del-heur=''1'', sp-first-restart='348', sp-learned-clause-sort-heur=''11'', sp-learned-clauses-inc='1.328361577670925', sp-learned-size-factor='0.6162994659255803', sp-orig-clause-sort-heur=''14'', sp-phase-dec-heur=''4'', sp-rand-var-dec-freq=''0.001'', sp-resolution=''2'', sp-restart-inc='1.3889472469464725', sp-update-dec-queue=''0'', sp-use-pure-literal-rule=''1'', sp-var-activity-inc='1.0', sp-var-dec-heur=''0'', sp-variable-decay='1.715673151447613', sp-max-res-lit-inc='1.1116757814569753', sp-max-res-runs='4', sp-rand-phase-dec-freq=''0'', sp-rand-var-dec-scaling='1.0616244436559188', sp-res-cutoff-cls='8', sp-res-cutoff-lits='400', sp-res-order-heur=''0''
17568.342000, 0.009660, 12832.459120, 115, -4735.882880, sp-clause-activity-inc='1.2012490432511571', sp-clause-decay='1.5911105431764316', sp-clause-del-heur=''1'', sp-first-restart='348', sp-learned-clause-sort-heur=''11'', sp-learned-clauses-inc='1.328361577670925', sp-learned-size-factor='0.6162994659255803', sp-orig-clause-sort-heur=''14'', sp-phase-dec-heur=''4'', sp-rand-var-dec-freq=''0.001'', sp-resolution=''2'', sp-restart-inc='1.3889472469464725', sp-update-dec-queue=''0'', sp-use-pure-literal-rule=''1'', sp-var-activity-inc='1.0', sp-var-dec-heur=''0'', sp-variable-decay='1.715673151447613', sp-max-res-lit-inc='1.0', sp-max-res-runs='4', sp-rand-phase-dec-freq=''0'', sp-rand-var-dec-scaling='1.031730222445398', sp-res-cutoff-cls='8', sp-res-cutoff-lits='400', sp-res-order-heur=''0''
18183.738000, 0.009481, 13273.594270, 117, -4910.143730, sp-clause-activity-inc='1.2012490432511571', sp-clause-decay='1.5911105431764316', sp-clause-del-heur=''1'', sp-first-restart='348', sp-learned-clause-sort-heur=''11'', sp-learned-clauses-inc='1.328361577670925', sp-learned-size-factor='0.6162994659255803', sp-orig-clause-sort-heur=''14'', sp-phase-dec-heur=''4'', sp-rand-var-dec-freq=''0.001'', sp-resolution=''2'', sp-restart-inc='1.3889472469464725', sp-update-dec-queue=''0'', sp-use-pure-literal-rule=''1'', sp-var-activity-inc='1.0', sp-var-dec-heur=''0'', sp-variable-decay='1.7632702293019944', sp-max-res-lit-inc='1.0', sp-max-res-runs='4', sp-rand-phase-dec-freq=''0'', sp-rand-var-dec-scaling='1.031730222445398', sp-res-cutoff-cls='8', sp-res-cutoff-lits='400', sp-res-order-heur=''0''
18456.954000, 0.008206, 13467.789130, 118, -4989.164870, sp-clause-activity-inc='1.2012490432511571', sp-clause-decay='1.5911105431764316', sp-clause-del-heur=''1'', sp-first-restart='348', sp-learned-clause-sort-heur=''11'', sp-learned-clauses-inc='1.328361577670925', sp-learned-size-factor='0.6162994659255803', sp-orig-clause-sort-heur=''14'', sp-phase-dec-heur=''2'', sp-rand-var-dec-freq=''0.001'', sp-resolution=''2'', sp-restart-inc='1.3889472469464725', sp-update-dec-queue=''0'', sp-use-pure-literal-rule=''1'', sp-var-activity-inc='1.0', sp-var-dec-heur=''0'', sp-variable-decay='1.7632702293019944', sp-max-res-lit-inc='1.0', sp-max-res-runs='4', sp-rand-var-dec-scaling='1.031730222445398', sp-res-cutoff-cls='8', sp-res-cutoff-lits='400', sp-res-order-heur=''0''
24297.130000, 0.008146, 17551.813106, 132, -6745.316894, sp-clause-activity-inc='1.2012490432511571', sp-clause-decay='1.5911105431764316', sp-clause-del-heur=''0'', sp-first-restart='348', sp-learned-clause-sort-heur=''11'', sp-learned-clauses-inc='1.328361577670925', sp-learned-size-factor='0.6162994659255803', sp-orig-clause-sort-heur=''14'', sp-phase-dec-heur=''4'', sp-rand-var-dec-freq=''0.001'', sp-resolution=''2'', sp-restart-inc='1.3889472469464725', sp-update-dec-queue=''0'', sp-use-pure-literal-rule=''1'', sp-var-activity-inc='1.0', sp-var-dec-heur=''0'', sp-variable-decay='1.5357184035896165', sp-max-res-lit-inc='1.0', sp-max-res-runs='4', sp-rand-phase-dec-freq=''0.001'', sp-rand-var-dec-scaling='0.8563423121094271', sp-res-cutoff-cls='4', sp-res-cutoff-lits='400', sp-res-order-heur=''0'', sp-rand-phase-scaling='1.0'
