{"cpu_time": 0, "total_cpu_time": null, "wallclock_time": 0.0009136199951171875, "evaluations": 0, "incumbent": ["sp-clause-activity-inc='1.0'", "sp-clause-decay='1.4'", "sp-clause-del-heur=''2''", "sp-first-restart='100'", "sp-learned-clause-sort-heur=''0''", "sp-learned-clauses-inc='1.3'", "sp-learned-size-factor='0.4'", "sp-orig-clause-sort-heur=''0''", "sp-phase-dec-heur=''5''", "sp-rand-var-dec-freq=''0.001''", "sp-resolution=''1''", "sp-restart-inc='1.5'", "sp-update-dec-queue=''1''", "sp-use-pure-literal-rule=''1''", "sp-var-activity-inc='1.0'", "sp-var-dec-heur=''0''", "sp-variable-decay='1.4'", "sp-max-res-lit-inc='1.0'", "sp-max-res-runs='4'", "sp-rand-phase-dec-freq=''0.001''", "sp-rand-var-dec-scaling='1.0'", "sp-res-cutoff-cls='8'", "sp-res-cutoff-lits='400'", "sp-res-order-heur=''0''", "sp-rand-phase-scaling='1.0'"], "cost": 2147483648}
{"cpu_time": 0.064, "total_cpu_time": null, "wallclock_time": 0.19694304466247559, "evaluations": 1, "incumbent": ["sp-clause-activity-inc='1.0'", "sp-clause-decay='1.4'", "sp-clause-del-heur=''2''", "sp-first-restart='100'", "sp-learned-clause-sort-heur=''0''", "sp-learned-clauses-inc='1.3'", "sp-learned-size-factor='0.4'", "sp-orig-clause-sort-heur=''0''", "sp-phase-dec-heur=''5''", "sp-rand-var-dec-freq=''0.001''", "sp-resolution=''1''", "sp-restart-inc='1.5'", "sp-update-dec-queue=''1''", "sp-use-pure-literal-rule=''1''", "sp-var-activity-inc='1.0'", "sp-var-dec-heur=''0''", "sp-variable-decay='1.4'", "sp-max-res-lit-inc='1.0'", "sp-max-res-runs='4'", "sp-rand-phase-dec-freq=''0.001''", "sp-rand-var-dec-scaling='1.0'", "sp-res-cutoff-cls='8'", "sp-res-cutoff-lits='400'", "sp-res-order-heur=''0''", "sp-rand-phase-scaling='1.0'"], "cost": 0.064}
{"cpu_time": 135.088, "total_cpu_time": null, "wallclock_time": 104.89085841178894, "evaluations": 133, "incumbent": ["sp-clause-activity-inc='1.0'", "sp-clause-decay='1.4'", "sp-clause-del-heur=''2''", "sp-first-restart='567'", "sp-learned-clause-sort-heur=''0''", "sp-learned-clauses-inc='1.3'", "sp-learned-size-factor='0.39999999999999997'", "sp-orig-clause-sort-heur=''0''", "sp-phase-dec-heur=''5''", "sp-rand-var-dec-freq=''0.001''", "sp-resolution=''1''", "sp-restart-inc='1.5'", "sp-update-dec-queue=''1''", "sp-use-pure-literal-rule=''1''", "sp-var-activity-inc='1.0'", "sp-var-dec-heur=''0''", "sp-variable-decay='1.4'", "sp-max-res-lit-inc='1.0'", "sp-max-res-runs='4'", "sp-rand-phase-dec-freq=''0.001''", "sp-rand-var-dec-scaling='1.0'", "sp-res-cutoff-cls='8'", "sp-res-cutoff-lits='400'", "sp-res-order-heur=''0''", "sp-rand-phase-scaling='1.0'"], "cost": 0.06698666666666667}
{"cpu_time": 197.3840000000001, "total_cpu_time": null, "wallclock_time": 150.61781573295593, "evaluations": 198, "incumbent": ["sp-clause-activity-inc='1.0'", "sp-clause-decay='1.4'", "sp-clause-del-heur=''0''", "sp-first-restart='567'", "sp-learned-clause-sort-heur=''0''", "sp-learned-clauses-inc='1.3'", "sp-learned-size-factor='0.39999999999999997'", "sp-orig-clause-sort-heur=''0''", "sp-phase-dec-heur=''5''", "sp-rand-var-dec-freq=''0.001''", "sp-resolution=''1''", "sp-restart-inc='1.5'", "sp-update-dec-queue=''1''", "sp-use-pure-literal-rule=''1''", "sp-var-activity-inc='1.0'", "sp-var-dec-heur=''0''", "sp-variable-decay='1.4'", "sp-max-res-lit-inc='1.0'", "sp-max-res-runs='4'", "sp-rand-phase-dec-freq=''0.001''", "sp-rand-var-dec-scaling='1.0'", "sp-res-cutoff-cls='8'", "sp-res-cutoff-lits='400'", "sp-res-order-heur=''0''", "sp-rand-phase-scaling='1.0'"], "cost": 0.055391003460207595}
{"cpu_time": 302.9120000000001, "total_cpu_time": null, "wallclock_time": 230.1264853477478, "evaluations": 306, "incumbent": ["sp-clause-activity-inc='1.0'", "sp-clause-decay='1.4'", "sp-clause-del-heur=''0''", "sp-first-restart='567'", "sp-learned-clause-sort-heur=''11''", "sp-learned-clauses-inc='1.3'", "sp-learned-size-factor='0.39999999999999997'", "sp-orig-clause-sort-heur=''0''", "sp-phase-dec-heur=''5''", "sp-rand-var-dec-freq=''0.001''", "sp-resolution=''1''", "sp-restart-inc='1.5'", "sp-update-dec-queue=''1''", "sp-use-pure-literal-rule=''1''", "sp-var-activity-inc='1.0'", "sp-var-dec-heur=''0''", "sp-variable-decay='1.4'", "sp-max-res-lit-inc='1.0'", "sp-max-res-runs='4'", "sp-rand-phase-dec-freq=''0.001''", "sp-rand-var-dec-scaling='1.0'", "sp-res-cutoff-cls='8'", "sp-res-cutoff-lits='400'", "sp-res-order-heur=''0''", "sp-rand-phase-scaling='0.7939494530789047'"], "cost": 0.048290000000000007}
{"cpu_time": 341.31200000000007, "total_cpu_time": null, "wallclock_time": 257.58714413642883, "evaluations": 347, "incumbent": ["sp-clause-activity-inc='1.0'", "sp-clause-decay='1.4'", "sp-clause-del-heur=''0''", "sp-first-restart='567'", "sp-learned-clause-sort-heur=''11''", "sp-learned-clauses-inc='1.2549130960220252'", "sp-learned-size-factor='0.39999999999999997'", "sp-orig-clause-sort-heur=''0''", "sp-phase-dec-heur=''5''", "sp-rand-var-dec-freq=''0.001''", "sp-resolution=''1''", "sp-restart-inc='1.5'", "sp-update-dec-queue=''1''", "sp-use-pure-literal-rule=''1''", "sp-var-activity-inc='1.0'", "sp-var-dec-heur=''0''", "sp-variable-decay='1.4'", "sp-max-res-lit-inc='1.0'", "sp-max-res-runs='4'", "sp-rand-phase-dec-freq=''0.001''", "sp-rand-var-dec-scaling='1.0'", "sp-res-cutoff-cls='8'", "sp-res-cutoff-lits='400'", "sp-res-order-heur=''0''", "sp-rand-phase-scaling='0.7939494530789047'"], "cost": 0.04330158730158731}
{"cpu_time": 379.9960000000001, "total_cpu_time": null, "wallclock_time": 285.25510430336, "evaluations": 389, "incumbent": ["sp-clause-activity-inc='1.0'", "sp-clause-decay='1.4'", "sp-clause-del-heur=''0''", "sp-first-restart='567'", "sp-learned-clause-sort-heur=''11''", "sp-learned-clauses-inc='1.3'", "sp-learned-size-factor='0.39999999999999997'", "sp-orig-clause-sort-heur=''0''", "sp-phase-dec-heur=''5''", "sp-rand-var-dec-freq=''0.001''", "sp-resolution=''1''", "sp-restart-inc='1.5'", "sp-update-dec-queue=''1''", "sp-use-pure-literal-rule=''1''", "sp-var-activity-inc='1.0'", "sp-var-dec-heur=''0''", "sp-variable-decay='1.4'", "sp-max-res-lit-inc='1.0'", "sp-max-res-runs='4'", "sp-rand-phase-dec-freq=''0.001''", "sp-rand-var-dec-scaling='1.0'", "sp-res-cutoff-cls='8'", "sp-res-cutoff-lits='400'", "sp-res-order-heur=''0''", "sp-rand-phase-scaling='0.7939494530789047'"], "cost": 0.04000000000000001}
{"cpu_time": 453.356, "total_cpu_time": null, "wallclock_time": 339.6908347606659, "evaluations": 471, "incumbent": ["sp-clause-activity-inc='1.0'", "sp-clause-decay='1.4'", "sp-clause-del-heur=''0''", "sp-first-restart='567'", "sp-learned-clause-sort-heur=''11''", "sp-learned-clauses-inc='1.3'", "sp-learned-size-factor='0.39999999999999997'", "sp-orig-clause-sort-heur=''0''", "sp-phase-dec-heur=''5''", "sp-rand-var-dec-freq=''0.001''", "sp-resolution=''1''", "sp-restart-inc='1.5'", "sp-update-dec-queue=''1''", "sp-use-pure-literal-rule=''1''", "sp-var-activity-inc='1.0'", "sp-var-dec-heur=''0''", "sp-variable-decay='1.4'", "sp-max-res-lit-inc='1.0'", "sp-max-res-runs='4'", "sp-rand-phase-dec-freq=''0.001''", "sp-rand-var-dec-scaling='1.0'", "sp-res-cutoff-cls='8'", "sp-res-cutoff-lits='400'", "sp-res-order-heur=''0''", "sp-rand-phase-scaling='0.5461540821901998'"], "cost": 0.02997916666666667}
{"cpu_time": 523.6959999999997, "total_cpu_time": null, "wallclock_time": 392.255943775177, "evaluations": 563, "incumbent": ["sp-clause-activity-inc='1.173506330404088'", "sp-clause-decay='1.4'", "sp-clause-del-heur=''0''", "sp-first-restart='567'", "sp-learned-clause-sort-heur=''11''", "sp-learned-clauses-inc='1.3'", "sp-learned-size-factor='0.39999999999999997'", "sp-orig-clause-sort-heur=''0''", "sp-phase-dec-heur=''5''", "sp-rand-var-dec-freq=''0.001''", "sp-resolution=''1''", "sp-restart-inc='1.5'", "sp-update-dec-queue=''1''", "sp-use-pure-literal-rule=''1''", "sp-var-activity-inc='1.0'", "sp-var-dec-heur=''0''", "sp-variable-decay='1.4'", "sp-max-res-lit-inc='1.0'", "sp-max-res-runs='4'", "sp-rand-phase-dec-freq=''0.001''", "sp-rand-var-dec-scaling='1.0'", "sp-res-cutoff-cls='8'", "sp-res-cutoff-lits='400'", "sp-res-order-heur=''0''", "sp-rand-phase-scaling='0.5461540821901998'"], "cost": 0.025692307692307695}
{"cpu_time": 558.6879999999989, "total_cpu_time": null, "wallclock_time": 419.3546643257141, "evaluations": 616, "incumbent": ["sp-clause-activity-inc='1.173506330404088'", "sp-clause-decay='1.4'", "sp-clause-del-heur=''0''", "sp-first-restart='567'", "sp-learned-clause-sort-heur=''11''", "sp-learned-clauses-inc='1.3'", "sp-learned-size-factor='0.6162994659255803'", "sp-orig-clause-sort-heur=''0''", "sp-phase-dec-heur=''5''", "sp-rand-var-dec-freq=''0.001''", "sp-resolution=''1''", "sp-restart-inc='1.5'", "sp-update-dec-queue=''1''", "sp-use-pure-literal-rule=''1''", "sp-var-activity-inc='1.0'", "sp-var-dec-heur=''0''", "sp-variable-decay='1.4'", "sp-max-res-lit-inc='1.0'", "sp-max-res-runs='4'", "sp-rand-phase-dec-freq=''0.001''", "sp-rand-var-dec-scaling='1.0'", "sp-res-cutoff-cls='8'", "sp-res-cutoff-lits='400'", "sp-res-order-heur=''0''", "sp-rand-phase-scaling='0.5461540821901998'"], "cost": 0.024170096021947887}
{"cpu_time": 1336.3079999999934, "total_cpu_time": null, "wallclock_time": 1008.7920634746552, "evaluations": 1459, "incumbent": ["sp-clause-activity-inc='1.173506330404088'", "sp-clause-decay='1.4'", "sp-clause-del-heur=''0''", "sp-first-restart='567'", "sp-learned-clause-sort-heur=''11''", "sp-learned-clauses-inc='1.3'", "sp-learned-size-factor='0.6162994659255803'", "sp-orig-clause-sort-heur=''0''", "sp-phase-dec-heur=''5''", "sp-rand-var-dec-freq=''0.001''", "sp-resolution=''1''", "sp-restart-inc='1.3600573054239127'", "sp-update-dec-queue=''0''", "sp-use-pure-literal-rule=''1''", "sp-var-activity-inc='1.0'", "sp-var-dec-heur=''0''", "sp-variable-decay='1.4'", "sp-max-res-lit-inc='1.0'", "sp-max-res-runs='6'", "sp-rand-phase-dec-freq=''0.001''", "sp-rand-var-dec-scaling='1.0275468825752785'", "sp-res-cutoff-cls='11'", "sp-res-cutoff-lits='400'", "sp-res-order-heur=''0''", "sp-rand-phase-scaling='0.5461540821901998'"], "cost": 0.0250025}
{"cpu_time": 1411.6759999999936, "total_cpu_time": null, "wallclock_time": 1064.76771235466, "evaluations": 1537, "incumbent": ["sp-clause-activity-inc='1.173506330404088'", "sp-clause-decay='1.4'", "sp-clause-del-heur=''0''", "sp-first-restart='567'", "sp-learned-clause-sort-heur=''11''", "sp-learned-clauses-inc='1.3'", "sp-learned-size-factor='0.6162994659255803'", "sp-orig-clause-sort-heur=''0''", "sp-phase-dec-heur=''5''", "sp-rand-var-dec-freq=''0.001''", "sp-resolution=''1''", "sp-restart-inc='1.3258135174642907'", "sp-update-dec-queue=''0''", "sp-use-pure-literal-rule=''1''", "sp-var-activity-inc='1.0'", "sp-var-dec-heur=''0''", "sp-variable-decay='1.4'", "sp-max-res-lit-inc='1.0'", "sp-max-res-runs='6'", "sp-rand-phase-dec-freq=''0.001''", "sp-rand-var-dec-scaling='1.0275468825752785'", "sp-res-cutoff-cls='11'", "sp-res-cutoff-lits='400'", "sp-res-order-heur=''0''", "sp-rand-phase-scaling='0.5461540821901998'"], "cost": 0.022448542534205824}
{"cpu_time": 1643.4479999999935, "total_cpu_time": null, "wallclock_time": 1239.3489940166473, "evaluations": 1784, "incumbent": ["sp-clause-activity-inc='1.216625659115674'", "sp-clause-decay='1.4307016694550219'", "sp-clause-del-heur=''0''", "sp-first-restart='567'", "sp-learned-clause-sort-heur=''11''", "sp-learned-clauses-inc='1.3'", "sp-learned-size-factor='0.6162994659255803'", "sp-orig-clause-sort-heur=''0''", "sp-phase-dec-heur=''5''", "sp-rand-var-dec-freq=''0.001''", "sp-resolution=''1''", "sp-restart-inc='1.3258135174642907'", "sp-update-dec-queue=''0''", "sp-use-pure-literal-rule=''1''", "sp-var-activity-inc='1.0'", "sp-var-dec-heur=''0''", "sp-variable-decay='1.4'", "sp-max-res-lit-inc='1.0'", "sp-max-res-runs='6'", "sp-rand-phase-dec-freq=''0.001''", "sp-rand-var-dec-scaling='1.0275468825752785'", "sp-res-cutoff-cls='11'", "sp-res-cutoff-lits='400'", "sp-res-order-heur=''0''", "sp-rand-phase-scaling='0.5461540821901998'"], "cost": 0.020669421487603302}
{"cpu_time": 1723.7639999999938, "total_cpu_time": null, "wallclock_time": 1298.7048966884613, "evaluations": 1873, "incumbent": ["sp-clause-activity-inc='1.173506330404088'", "sp-clause-decay='1.4307016694550219'", "sp-clause-del-heur=''0''", "sp-first-restart='567'", "sp-learned-clause-sort-heur=''11''", "sp-learned-clauses-inc='1.3'", "sp-learned-size-factor='0.6162994659255803'", "sp-orig-clause-sort-heur=''15''", "sp-phase-dec-heur=''5''", "sp-rand-var-dec-freq=''0.001''", "sp-resolution=''1''", "sp-restart-inc='1.3258135174642907'", "sp-update-dec-queue=''0''", "sp-use-pure-literal-rule=''1''", "sp-var-activity-inc='1.0'", "sp-var-dec-heur=''0''", "sp-variable-decay='1.4'", "sp-max-res-lit-inc='1.0'", "sp-max-res-runs='6'", "sp-rand-phase-dec-freq=''0.001''", "sp-rand-var-dec-scaling='1.0275468825752785'", "sp-res-cutoff-cls='11'", "sp-res-cutoff-lits='400'", "sp-res-order-heur=''0''", "sp-rand-phase-scaling='0.5461540821901998'"], "cost": 0.019897283950617278}
{"cpu_time": 1887.0159999999942, "total_cpu_time": null, "wallclock_time": 1418.832781791687, "evaluations": 2056, "incumbent": ["sp-clause-activity-inc='1.2012490432511571'", "sp-clause-decay='1.4307016694550219'", "sp-clause-del-heur=''0''", "sp-first-restart='567'", "sp-learned-clause-sort-heur=''11''", "sp-learned-clauses-inc='1.3'", "sp-learned-size-factor='0.6162994659255803'", "sp-orig-clause-sort-heur=''15''", "sp-phase-dec-heur=''5''", "sp-rand-var-dec-freq=''0.001''", "sp-resolution=''1''", "sp-restart-inc='1.3258135174642907'", "sp-update-dec-queue=''0''", "sp-use-pure-literal-rule=''1''", "sp-var-activity-inc='1.0'", "sp-var-dec-heur=''0''", "sp-variable-decay='1.4'", "sp-max-res-lit-inc='1.0'", "sp-max-res-runs='6'", "sp-rand-phase-dec-freq=''0.001''", "sp-rand-var-dec-scaling='1.0275468825752785'", "sp-res-cutoff-cls='11'", "sp-res-cutoff-lits='400'", "sp-res-order-heur=''0''", "sp-rand-phase-scaling='0.5461540821901998'"], "cost": 0.01850248981439565}
{"cpu_time": 2058.763999999994, "total_cpu_time": null, "wallclock_time": 1544.7140579223633, "evaluations": 2247, "incumbent": ["sp-clause-activity-inc='1.2012490432511571'", "sp-clause-decay='1.4307016694550219'", "sp-clause-del-heur=''0''", "sp-first-restart='567'", "sp-learned-clause-sort-heur=''11''", "sp-learned-clauses-inc='1.3'", "sp-learned-size-factor='0.6162994659255803'", "sp-orig-clause-sort-heur=''15''", "sp-phase-dec-heur=''5''", "sp-rand-var-dec-freq=''0.0001''", "sp-resolution=''1''", "sp-restart-inc='1.3258135174642907'", "sp-update-dec-queue=''0''", "sp-use-pure-literal-rule=''1''", "sp-var-activity-inc='1.0'", "sp-var-dec-heur=''0''", "sp-variable-decay='1.4'", "sp-max-res-lit-inc='1.0'", "sp-max-res-runs='6'", "sp-rand-phase-dec-freq=''0.001''", "sp-rand-var-dec-scaling='1.0275468825752785'", "sp-res-cutoff-cls='11'", "sp-res-cutoff-lits='400'", "sp-res-order-heur=''0''", "sp-rand-phase-scaling='0.5461540821901998'"], "cost": 0.018154102457309453}
{"cpu_time": 2146.055999999996, "total_cpu_time": null, "wallclock_time": 1608.1270351409912, "evaluations": 2346, "incumbent": ["sp-clause-activity-inc='1.2012490432511571'", "sp-clause-decay='1.4307016694550219'", "sp-clause-del-heur=''0''", "sp-first-restart='567'", "sp-learned-clause-sort-heur=''11''", "sp-learned-clauses-inc='1.3'", "sp-learned-size-factor='0.6162994659255803'", "sp-orig-clause-sort-heur=''15''", "sp-phase-dec-heur=''5''", "sp-rand-var-dec-freq=''0.0001''", "sp-resolution=''1''", "sp-restart-inc='1.3258135174642907'", "sp-update-dec-queue=''0''", "sp-use-pure-literal-rule=''1''", "sp-var-activity-inc='1.0'", "sp-var-dec-heur=''0''", "sp-variable-decay='1.4'", "sp-max-res-lit-inc='1.0'", "sp-max-res-runs='6'", "sp-rand-phase-dec-freq=''0.001''", "sp-rand-var-dec-scaling='1.0275468825752785'", "sp-res-cutoff-cls='16'", "sp-res-cutoff-lits='400'", "sp-res-order-heur=''0''", "sp-rand-phase-scaling='0.5461540821901998'"], "cost": 0.017481599999999993}
{"cpu_time": 2234.379999999997, "total_cpu_time": null, "wallclock_time": 1672.7501738071442, "evaluations": 2447, "incumbent": ["sp-clause-activity-inc='1.2012490432511571'", "sp-clause-decay='1.4307016694550219'", "sp-clause-del-heur=''0''", "sp-first-restart='567'", "sp-learned-clause-sort-heur=''11''", "sp-learned-clauses-inc='1.3'", "sp-learned-size-factor='0.6162994659255803'", "sp-orig-clause-sort-heur=''15''", "sp-phase-dec-heur=''5''", "sp-rand-var-dec-freq=''0.0001''", "sp-resolution=''1''", "sp-restart-inc='1.3258135174642907'", "sp-update-dec-queue=''0''", "sp-use-pure-literal-rule=''1''", "sp-var-activity-inc='1.0'", "sp-var-dec-heur=''0''", "sp-variable-decay='1.4'", "sp-max-res-lit-inc='1.0'", "sp-max-res-runs='6'", "sp-rand-phase-dec-freq=''0.001''", "sp-rand-var-dec-scaling='1.0275468825752785'", "sp-res-cutoff-cls='11'", "sp-res-cutoff-lits='400'", "sp-res-order-heur=''0''", "sp-rand-phase-scaling='0.5461540821901998'"], "cost": 0.01710265282583621}
{"cpu_time": 2413.427999999999, "total_cpu_time": null, "wallclock_time": 1802.8357269763947, "evaluations": 2642, "incumbent": ["sp-clause-activity-inc='1.2012490432511571'", "sp-clause-decay='1.4307016694550219'", "sp-clause-del-heur=''0''", "sp-first-restart='567'", "sp-learned-clause-sort-heur=''11''", "sp-learned-clauses-inc='1.3'", "sp-learned-size-factor='0.6162994659255803'", "sp-orig-clause-sort-heur=''15''", "sp-phase-dec-heur=''5''", "sp-rand-var-dec-freq=''0.0001''", "sp-resolution=''1''", "sp-restart-inc='1.3258135174642907'", "sp-update-dec-queue=''1''", "sp-use-pure-literal-rule=''1''", "sp-var-activity-inc='1.0'", "sp-var-dec-heur=''0''", "sp-variable-decay='1.4'", "sp-max-res-lit-inc='1.0'", "sp-max-res-runs='6'", "sp-rand-phase-dec-freq=''0.001''", "sp-rand-var-dec-scaling='1.0275468825752785'", "sp-res-cutoff-cls='11'", "sp-res-cutoff-lits='400'", "sp-res-order-heur=''0''", "sp-rand-phase-scaling='0.5461540821901998'"], "cost": 0.015864720541117833}
{"cpu_time": 2512.5280000000002, "total_cpu_time": null, "wallclock_time": 1875.1243710517883, "evaluations": 2750, "incumbent": ["sp-clause-activity-inc='1.2012490432511571'", "sp-clause-decay='1.4307016694550219'", "sp-clause-del-heur=''0''", "sp-first-restart='567'", "sp-learned-clause-sort-heur=''11''", "sp-learned-clauses-inc='1.3163406962344488'", "sp-learned-size-factor='0.6162994659255803'", "sp-orig-clause-sort-heur=''15''", "sp-phase-dec-heur=''5''", "sp-rand-var-dec-freq=''0.0001''", "sp-resolution=''1''", "sp-restart-inc='1.3258135174642907'", "sp-update-dec-queue=''1''", "sp-use-pure-literal-rule=''1''", "sp-var-activity-inc='1.0'", "sp-var-dec-heur=''0''", "sp-variable-decay='1.4'", "sp-max-res-lit-inc='1.0'", "sp-max-res-runs='6'", "sp-rand-phase-dec-freq=''0.001''", "sp-rand-var-dec-scaling='1.0275468825752785'", "sp-res-cutoff-cls='11'", "sp-res-cutoff-lits='400'", "sp-res-order-heur=''0''", "sp-rand-phase-scaling='0.5461540821901998'"], "cost": 0.0169917695473251}
{"cpu_time": 2944.8880000000036, "total_cpu_time": null, "wallclock_time": 2199.8754897117615, "evaluations": 3195, "incumbent": ["sp-clause-activity-inc='1.2012490432511571'", "sp-clause-decay='1.4307016694550219'", "sp-clause-del-heur=''0''", "sp-first-restart='567'", "sp-learned-clause-sort-heur=''11''", "sp-learned-clauses-inc='1.3163406962344488'", "sp-learned-size-factor='0.6162994659255803'", "sp-orig-clause-sort-heur=''15''", "sp-phase-dec-heur=''5''", "sp-rand-var-dec-freq=''0.0001''", "sp-resolution=''1''", "sp-restart-inc='1.3258135174642907'", "sp-update-dec-queue=''1''", "sp-use-pure-literal-rule=''1''", "sp-var-activity-inc='1.0'", "sp-var-dec-heur=''0''", "sp-variable-decay='1.4'", "sp-max-res-lit-inc='1.0'", "sp-max-res-runs='6'", "sp-rand-phase-dec-freq=''0.001''", "sp-rand-var-dec-scaling='1.0275468825752785'", "sp-res-cutoff-cls='11'", "sp-res-cutoff-lits='400'", "sp-res-order-heur=''6''", "sp-rand-phase-scaling='0.5461540821901998'"], "cost": 0.0162936979785969}
{"cpu_time": 3527.735999999999, "total_cpu_time": null, "wallclock_time": 2645.4581067562103, "evaluations": 3793, "incumbent": ["sp-clause-activity-inc='1.2012490432511571'", "sp-clause-decay='1.4307016694550219'", "sp-clause-del-heur=''0''", "sp-first-restart='567'", "sp-learned-clause-sort-heur=''11''", "sp-learned-clauses-inc='1.3163406962344488'", "sp-learned-size-factor='0.6162994659255803'", "sp-orig-clause-sort-heur=''15''", "sp-phase-dec-heur=''1''", "sp-rand-var-dec-freq=''0.0001''", "sp-resolution=''1''", "sp-restart-inc='1.3258135174642907'", "sp-update-dec-queue=''1''", "sp-use-pure-literal-rule=''1''", "sp-var-activity-inc='1.0'", "sp-var-dec-heur=''0''", "sp-variable-decay='1.4'", "sp-max-res-lit-inc='1.0'", "sp-max-res-runs='6'", "sp-rand-phase-dec-freq=''0.001''", "sp-rand-var-dec-scaling='1.0275468825752785'", "sp-res-cutoff-cls='11'", "sp-res-cutoff-lits='400'", "sp-res-order-heur=''6''", "sp-rand-phase-scaling='0.5461540821901998'"], "cost": 0.01567044595616024}
{"cpu_time": 3652.579999999998, "total_cpu_time": null, "wallclock_time": 2738.55744433403, "evaluations": 3918, "incumbent": ["sp-clause-activity-inc='1.2012490432511571'", "sp-clause-decay='1.3461777234284706'", "sp-clause-del-heur=''0''", "sp-first-restart='567'", "sp-learned-clause-sort-heur=''11''", "sp-learned-clauses-inc='1.3163406962344488'", "sp-learned-size-factor='0.6162994659255803'", "sp-orig-clause-sort-heur=''15''", "sp-phase-dec-heur=''1''", "sp-rand-var-dec-freq=''0.0001''", "sp-resolution=''1''", "sp-restart-inc='1.3258135174642907'", "sp-update-dec-queue=''1''", "sp-use-pure-literal-rule=''1''", "sp-var-activity-inc='1.0'", "sp-var-dec-heur=''0''", "sp-variable-decay='1.4'", "sp-max-res-lit-inc='1.0'", "sp-max-res-runs='6'", "sp-rand-phase-dec-freq=''0.001''", "sp-rand-var-dec-scaling='1.0275468825752785'", "sp-res-cutoff-cls='11'", "sp-res-cutoff-lits='400'", "sp-res-order-heur=''6''", "sp-rand-phase-scaling='0.5461540821901998'"], "cost": 0.015183593749999998}
{"cpu_time": 3766.947999999998, "total_cpu_time": null, "wallclock_time": 2824.5400483608246, "evaluations": 4043, "incumbent": ["sp-clause-activity-inc='1.2012490432511571'", "sp-clause-decay='1.3461777234284706'", "sp-clause-del-heur=''0''", "sp-first-restart='567'", "sp-learned-clause-sort-heur=''11''", "sp-learned-clauses-inc='1.3163406962344488'", "sp-learned-size-factor='0.6162994659255803'", "sp-orig-clause-sort-heur=''15''", "sp-phase-dec-heur=''1''", "sp-rand-var-dec-freq=''0.001''", "sp-resolution=''1''", "sp-restart-inc='1.3258135174642907'", "sp-update-dec-queue=''1''", "sp-use-pure-literal-rule=''1''", "sp-var-activity-inc='1.0'", "sp-var-dec-heur=''0''", "sp-variable-decay='1.4'", "sp-max-res-lit-inc='1.0'", "sp-max-res-runs='6'", "sp-rand-phase-dec-freq=''0''", "sp-rand-var-dec-scaling='1.0275468825752785'", "sp-res-cutoff-cls='11'", "sp-res-cutoff-lits='400'", "sp-res-order-heur=''6''"], "cost": 0.013415384615384612}
{"cpu_time": 5970.611999999957, "total_cpu_time": null, "wallclock_time": 4449.12840461731, "evaluations": 6118, "incumbent": ["sp-clause-activity-inc='1.2012490432511571'", "sp-clause-decay='1.3461777234284706'", "sp-clause-del-heur=''0''", "sp-first-restart='567'", "sp-learned-clause-sort-heur=''11''", "sp-learned-clauses-inc='1.3163406962344488'", "sp-learned-size-factor='0.6162994659255803'", "sp-orig-clause-sort-heur=''15''", "sp-phase-dec-heur=''4''", "sp-rand-var-dec-freq=''0.001''", "sp-resolution=''1''", "sp-restart-inc='1.3258135174642907'", "sp-update-dec-queue=''1''", "sp-use-pure-literal-rule=''1''", "sp-var-activity-inc='1.0'", "sp-var-dec-heur=''0''", "sp-variable-decay='1.1695589365559813'", "sp-max-res-lit-inc='1.4001328997358635'", "sp-max-res-runs='6'", "sp-rand-phase-dec-freq=''0.05''", "sp-rand-var-dec-scaling='1.0275468825752785'", "sp-res-cutoff-cls='10'", "sp-res-cutoff-lits='400'", "sp-res-order-heur=''6''", "sp-rand-phase-scaling='1.0'"], "cost": 0.012428125000000005}
{"cpu_time": 6283.267999999953, "total_cpu_time": null, "wallclock_time": 4678.776395559311, "evaluations": 6390, "incumbent": ["sp-clause-activity-inc='1.2012490432511571'", "sp-clause-decay='1.3461777234284706'", "sp-clause-del-heur=''0''", "sp-first-restart='567'", "sp-learned-clause-sort-heur=''11''", "sp-learned-clauses-inc='1.3163406962344488'", "sp-learned-size-factor='0.6162994659255803'", "sp-orig-clause-sort-heur=''15''", "sp-phase-dec-heur=''4''", "sp-rand-var-dec-freq=''0.001''", "sp-resolution=''0''", "sp-restart-inc='1.3258135174642907'", "sp-update-dec-queue=''1''", "sp-use-pure-literal-rule=''1''", "sp-var-activity-inc='1.0'", "sp-var-dec-heur=''0''", "sp-variable-decay='1.1695589365559813'", "sp-rand-phase-dec-freq=''0.05''", "sp-rand-var-dec-scaling='1.0275468825752785'", "sp-rand-phase-scaling='1.0'"], "cost": 0.011870315288518745}
{"cpu_time": 9416.53199999993, "total_cpu_time": null, "wallclock_time": 6965.402500629425, "evaluations": 8948, "incumbent": ["sp-clause-activity-inc='1.2012490432511571'", "sp-clause-decay='1.3461777234284706'", "sp-clause-del-heur=''0''", "sp-first-restart='567'", "sp-learned-clause-sort-heur=''11''", "sp-learned-clauses-inc='1.3163406962344488'", "sp-learned-size-factor='0.6162994659255803'", "sp-orig-clause-sort-heur=''15''", "sp-phase-dec-heur=''4''", "sp-rand-var-dec-freq=''0.001''", "sp-resolution=''2''", "sp-restart-inc='1.3258135174642907'", "sp-update-dec-queue=''0''", "sp-use-pure-literal-rule=''1''", "sp-var-activity-inc='1.0'", "sp-var-dec-heur=''0''", "sp-variable-decay='1.7106091672471297'", "sp-max-res-lit-inc='1.4001328997358635'", "sp-max-res-runs='6'", "sp-rand-phase-dec-freq=''0.001''", "sp-rand-var-dec-scaling='1.0616244436559188'", "sp-res-cutoff-cls='10'", "sp-res-cutoff-lits='337'", "sp-res-order-heur=''6''", "sp-rand-phase-scaling='0.8810263924758663'"], "cost": 0.011257731958762885}
{"cpu_time": 13629.531999999945, "total_cpu_time": null, "wallclock_time": 10007.730881929398, "evaluations": 12246, "incumbent": ["sp-clause-activity-inc='1.2012490432511571'", "sp-clause-decay='1.3461777234284706'", "sp-clause-del-heur=''1''", "sp-first-restart='237'", "sp-learned-clause-sort-heur=''11''", "sp-learned-clauses-inc='1.251787259560778'", "sp-learned-size-factor='0.6162994659255803'", "sp-orig-clause-sort-heur=''14''", "sp-phase-dec-heur=''6''", "sp-rand-var-dec-freq=''0.001''", "sp-resolution=''0''", "sp-restart-inc='1.3889472469464725'", "sp-update-dec-queue=''0''", "sp-use-pure-literal-rule=''1''", "sp-var-activity-inc='1.0'", "sp-var-dec-heur=''0''", "sp-variable-decay='1.8498063679990282'", "sp-rand-phase-dec-freq=''0.001''", "sp-rand-var-dec-scaling='1.0616244436559188'", "sp-rand-phase-scaling='0.8810263924758663'"], "cost": 0.010252016602709689}
{"cpu_time": 14481.55999999996, "total_cpu_time": null, "wallclock_time": 10618.131471395493, "evaluations": 12897, "incumbent": ["sp-clause-activity-inc='1.2012490432511571'", "sp-clause-decay='1.3461777234284706'", "sp-clause-del-heur=''1''", "sp-first-restart='237'", "sp-learned-clause-sort-heur=''11''", "sp-learned-clauses-inc='1.251787259560778'", "sp-learned-size-factor='0.6162994659255803'", "sp-orig-clause-sort-heur=''14''", "sp-phase-dec-heur=''4''", "sp-rand-var-dec-freq=''0.001''", "sp-resolution=''0''", "sp-restart-inc='1.3889472469464725'", "sp-update-dec-queue=''0''", "sp-use-pure-literal-rule=''1''", "sp-var-activity-inc='1.0'", "sp-var-dec-heur=''0''", "sp-variable-decay='1.8498063679990282'", "sp-rand-phase-dec-freq=''0''", "sp-rand-var-dec-scaling='1.0616244436559188'"], "cost": 0.010125743162901303}
{"cpu_time": 16958.68600000002, "total_cpu_time": null, "wallclock_time": 12387.705070495605, "evaluations": 14671, "incumbent": ["sp-clause-activity-inc='1.2012490432511571'", "sp-clause-decay='1.5911105431764316'", "sp-clause-del-heur=''1''", "sp-first-restart='348'", "sp-learned-clause-sort-heur=''11''", "sp-learned-clauses-inc='1.328361577670925'", "sp-learned-size-factor='0.6162994659255803'", "sp-orig-clause-sort-heur=''14''", "sp-phase-dec-heur=''4''", "sp-rand-var-dec-freq=''0.001''", "sp-resolution=''2''", "sp-restart-inc='1.3889472469464725'", "sp-update-dec-queue=''0''", "sp-use-pure-literal-rule=''1''", "sp-var-activity-inc='1.0'", "sp-var-dec-heur=''0''", "sp-variable-decay='1.715673151447613'", "sp-max-res-lit-inc='1.0'", "sp-max-res-runs='4'", "sp-rand-phase-dec-freq=''0''", "sp-rand-var-dec-scaling='1.0616244436559188'", "sp-res-cutoff-cls='8'", "sp-res-cutoff-lits='400'", "sp-res-order-heur=''0''"], "cost": 0.01008844953173777}
{"cpu_time": 17268.70200000006, "total_cpu_time": null, "wallclock_time": 12613.757970571518, "evaluations": 14919, "incumbent": ["sp-clause-activity-inc='1.2012490432511571'", "sp-clause-decay='1.5911105431764316'", "sp-clause-del-heur=''1''", "sp-first-restart='348'", "sp-learned-clause-sort-heur=''11''", "sp-learned-clauses-inc='1.328361577670925'", "sp-learned-size-factor='0.6162994659255803'", "sp-orig-clause-sort-heur=''14''", "sp-phase-dec-heur=''4''", "sp-rand-var-dec-freq=''0.001''", "sp-resolution=''2''", "sp-restart-inc='1.3889472469464725'", "sp-update-dec-queue=''0''", "sp-use-pure-literal-rule=''1''", "sp-var-activity-inc='1.0'", "sp-var-dec-heur=''0''", "sp-variable-decay='1.715673151447613'", "sp-max-res-lit-inc='1.1116757814569753'", "sp-max-res-runs='4'", "sp-rand-phase-dec-freq=''0''", "sp-rand-var-dec-scaling='1.0616244436559188'", "sp-res-cutoff-cls='8'", "sp-res-cutoff-lits='400'", "sp-res-order-heur=''0''"], "cost": 0.009948928}
{"cpu_time": 17568.342000000095, "total_cpu_time": null, "wallclock_time": 12832.459120035172, "evaluations": 15162, "incumbent": ["sp-clause-activity-inc='1.2012490432511571'", "sp-clause-decay='1.5911105431764316'", "sp-clause-del-heur=''1''", "sp-first-restart='348'", "sp-learned-clause-sort-heur=''11''", "sp-learned-clauses-inc='1.328361577670925'", "sp-learned-size-factor='0.6162994659255803'", "sp-orig-clause-sort-heur=''14''", "sp-phase-dec-heur=''4''", "sp-rand-var-dec-freq=''0.001''", "sp-resolution=''2''", "sp-restart-inc='1.3889472469464725'", "sp-update-dec-queue=''0''", "sp-use-pure-literal-rule=''1''", "sp-var-activity-inc='1.0'", "sp-var-dec-heur=''0''", "sp-variable-decay='1.715673151447613'", "sp-max-res-lit-inc='1.0'", "sp-max-res-runs='4'", "sp-rand-phase-dec-freq=''0''", "sp-rand-var-dec-scaling='1.031730222445398'", "sp-res-cutoff-cls='8'", "sp-res-cutoff-lits='400'", "sp-res-order-heur=''0''"], "cost": 0.009660367850844039}
{"cpu_time": 18183.738000000118, "total_cpu_time": null, "wallclock_time": 13273.594269752502, "evaluations": 15666, "incumbent": ["sp-clause-activity-inc='1.2012490432511571'", "sp-clause-decay='1.5911105431764316'", "sp-clause-del-heur=''1''", "sp-first-restart='348'", "sp-learned-clause-sort-heur=''11''", "sp-learned-clauses-inc='1.328361577670925'", "sp-learned-size-factor='0.6162994659255803'", "sp-orig-clause-sort-heur=''14''", "sp-phase-dec-heur=''4''", "sp-rand-var-dec-freq=''0.001''", "sp-resolution=''2''", "sp-restart-inc='1.3889472469464725'", "sp-update-dec-queue=''0''", "sp-use-pure-literal-rule=''1''", "sp-var-activity-inc='1.0'", "sp-var-dec-heur=''0''", "sp-variable-decay='1.7632702293019944'", "sp-max-res-lit-inc='1.0'", "sp-max-res-runs='4'", "sp-rand-phase-dec-freq=''0''", "sp-rand-var-dec-scaling='1.031730222445398'", "sp-res-cutoff-cls='8'", "sp-res-cutoff-lits='400'", "sp-res-order-heur=''0''"], "cost": 0.009480957031249999}
{"cpu_time": 18456.954000000118, "total_cpu_time": null, "wallclock_time": 13467.789130449295, "evaluations": 15908, "incumbent": ["sp-clause-activity-inc='1.2012490432511571'", "sp-clause-decay='1.5911105431764316'", "sp-clause-del-heur=''1''", "sp-first-restart='348'", "sp-learned-clause-sort-heur=''11''", "sp-learned-clauses-inc='1.328361577670925'", "sp-learned-size-factor='0.6162994659255803'", "sp-orig-clause-sort-heur=''14''", "sp-phase-dec-heur=''2''", "sp-rand-var-dec-freq=''0.001''", "sp-resolution=''2''", "sp-restart-inc='1.3889472469464725'", "sp-update-dec-queue=''0''", "sp-use-pure-literal-rule=''1''", "sp-var-activity-inc='1.0'", "sp-var-dec-heur=''0''", "sp-variable-decay='1.7632702293019944'", "sp-max-res-lit-inc='1.0'", "sp-max-res-runs='4'", "sp-rand-var-dec-scaling='1.031730222445398'", "sp-res-cutoff-cls='8'", "sp-res-cutoff-lits='400'", "sp-res-order-heur=''0''"], "cost": 0.008205516495402923}
{"cpu_time": 24297.130000000278, "total_cpu_time": null, "wallclock_time": 17551.81310582161, "evaluations": 20210, "incumbent": ["sp-clause-activity-inc='1.2012490432511571'", "sp-clause-decay='1.5911105431764316'", "sp-clause-del-heur=''0''", "sp-first-restart='348'", "sp-learned-clause-sort-heur=''11''", "sp-learned-clauses-inc='1.328361577670925'", "sp-learned-size-factor='0.6162994659255803'", "sp-orig-clause-sort-heur=''14''", "sp-phase-dec-heur=''4''", "sp-rand-var-dec-freq=''0.001''", "sp-resolution=''2''", "sp-restart-inc='1.3889472469464725'", "sp-update-dec-queue=''0''", "sp-use-pure-literal-rule=''1''", "sp-var-activity-inc='1.0'", "sp-var-dec-heur=''0''", "sp-variable-decay='1.5357184035896165'", "sp-max-res-lit-inc='1.0'", "sp-max-res-runs='4'", "sp-rand-phase-dec-freq=''0.001''", "sp-rand-var-dec-scaling='0.8563423121094271'", "sp-res-cutoff-cls='4'", "sp-res-cutoff-lits='400'", "sp-res-order-heur=''0''", "sp-rand-phase-scaling='1.0'"], "cost": 0.008145921521997624}
{"cpu_time": 24996.038000000317, "total_cpu_time": null, "wallclock_time": 18048.811792373657, "evaluations": 20777, "incumbent": ["sp-clause-activity-inc='1.2012490432511571'", "sp-clause-decay='1.5911105431764316'", "sp-clause-del-heur=''0''", "sp-first-restart='348'", "sp-learned-clause-sort-heur=''11''", "sp-learned-clauses-inc='1.328361577670925'", "sp-learned-size-factor='0.6162994659255803'", "sp-orig-clause-sort-heur=''14''", "sp-phase-dec-heur=''4''", "sp-rand-var-dec-freq=''0.001''", "sp-resolution=''2''", "sp-restart-inc='1.3889472469464725'", "sp-update-dec-queue=''0''", "sp-use-pure-literal-rule=''1''", "sp-var-activity-inc='1.0503973842006753'", "sp-var-dec-heur=''0''", "sp-variable-decay='1.5357184035896165'", "sp-max-res-lit-inc='1.0'", "sp-max-res-runs='4'", "sp-rand-phase-dec-freq=''0.001''", "sp-rand-var-dec-scaling='0.8563423121094271'", "sp-res-cutoff-cls='4'", "sp-res-cutoff-lits='400'", "sp-res-order-heur=''0''", "sp-rand-phase-scaling='1.0'"], "cost": 0.008261927900411869}
