"CPU Time Used","Estimated Training Performance","Wallclock Time","Incumbent ID","Automatic Configurator (CPU) Time","Configuration..."
0.000000, 2147483648.000000, 0.000928, 1, 0.000928, sp-clause-activity-inc='1.0', sp-clause-decay='1.4', sp-clause-del-heur=''2'', sp-first-restart='100', sp-learned-clause-sort-heur=''0'', sp-learned-clauses-inc='1.3', sp-learned-size-factor='0.4', sp-orig-clause-sort-heur=''0'', sp-phase-dec-heur=''5'', sp-rand-var-dec-freq=''0.001'', sp-resolution=''1'', sp-restart-inc='1.5', sp-update-dec-queue=''1'', sp-use-pure-literal-rule=''1'', sp-var-activity-inc='1.0', sp-var-dec-heur=''0'', sp-variable-decay='1.4', sp-max-res-lit-inc='1.0', sp-max-res-runs='4', sp-rand-phase-dec-freq=''0.001'', sp-rand-var-dec-scaling='1.0', sp-res-cutoff-cls='8', sp-res-cutoff-lits='400', sp-res-order-heur=''0'', sp-rand-phase-scaling='1.0'
0.048000, 0.048000, 0.212480, 1, 0.164480, sp-clause-activity-inc='1.0', sp-clause-decay='1.4', sp-clause-del-heur=''2'', sp-first-restart='100', sp-learned-clause-sort-heur=''0'', sp-learned-clauses-inc='1.3', sp-learned-size-factor='0.4', sp-orig-clause-sort-heur=''0'', sp-phase-dec-heur=''5'', sp-rand-var-dec-freq=''0.001'', sp-resolution=''1'', sp-restart-inc='1.5', sp-update-dec-queue=''1'', sp-use-pure-literal-rule=''1'', sp-var-activity-inc='1.0', sp-var-dec-heur=''0'', sp-variable-decay='1.4', sp-max-res-lit-inc='1.0', sp-max-res-runs='4', sp-rand-phase-dec-freq=''0.001'', sp-rand-var-dec-scaling='1.0', sp-res-cutoff-cls='8', sp-res-cutoff-lits='400', sp-res-order-heur=''0'', sp-rand-phase-scaling='1.0'
94.708000, 0.082414, 79.741260, 3, -14.966740, sp-clause-activity-inc='1.3498354380938502', sp-clause-decay='1.086348285626959', sp-clause-del-heur=''1'', sp-first-restart='170', sp-learned-clause-sort-heur=''8'', sp-learned-clauses-inc='1.2614461714600345', sp-learned-size-factor='1.293590045904135', sp-orig-clause-sort-heur=''4'', sp-phase-dec-heur=''4'', sp-rand-var-dec-freq=''0.005'', sp-resolution=''2'', sp-restart-inc='1.4236303673415451', sp-update-dec-queue=''0'', sp-use-pure-literal-rule=''0'', sp-var-activity-inc='0.6291993948207112', sp-var-dec-heur=''17'', sp-variable-decay='1.2935317542336278', sp-max-res-lit-inc='3.0346230563312786', sp-max-res-runs='1', sp-rand-phase-dec-freq=''0'', sp-rand-var-dec-scaling='0.42049714666423715', sp-res-cutoff-cls='17', sp-res-cutoff-lits='300', sp-res-order-heur=''4''
259.748000, 0.082657, 215.972386, 5, -43.775614, sp-clause-activity-inc='1.1304205257337236', sp-clause-decay='1.0529182815865907', sp-clause-del-heur=''1'', sp-first-restart='91', sp-learned-clause-sort-heur=''7'', sp-learned-clauses-inc='1.2820410489623404', sp-learned-size-factor='1.4972785730243257', sp-orig-clause-sort-heur=''4'', sp-phase-dec-heur=''6'', sp-rand-var-dec-freq=''0.005'', sp-resolution=''2'', sp-restart-inc='1.8172945964540541', sp-update-dec-queue=''0'', sp-use-pure-literal-rule=''1'', sp-var-activity-inc='0.641998536161686', sp-var-dec-heur=''17'', sp-variable-decay='1.0094870710891906', sp-max-res-lit-inc='0.2642212513091856', sp-max-res-runs='1', sp-rand-phase-dec-freq=''0.005'', sp-rand-var-dec-scaling='0.4514016671691968', sp-res-cutoff-cls='6', sp-res-cutoff-lits='113', sp-res-order-heur=''4'', sp-rand-phase-scaling='0.6277514302250348'
302.816000, 0.070827, 250.743151, 2, -52.072849, sp-clause-activity-inc='1.3214449176202676', sp-clause-decay='1.2037734946390626', sp-clause-del-heur=''0'', sp-first-restart='1690', sp-learned-clause-sort-heur=''8'', sp-learned-clauses-inc='1.113370803211861', sp-learned-size-factor='0.3247862129829809', sp-orig-clause-sort-heur=''2'', sp-phase-dec-heur=''4'', sp-rand-var-dec-freq=''0.01'', sp-resolution=''1'', sp-restart-inc='1.355418024949711', sp-update-dec-queue=''1'', sp-use-pure-literal-rule=''0'', sp-var-activity-inc='0.9762955765721135', sp-var-dec-heur=''6'', sp-variable-decay='1.2284612823414178', sp-max-res-lit-inc='2.4235221773067597', sp-max-res-runs='7', sp-rand-phase-dec-freq=''0'', sp-rand-var-dec-scaling='1.0204548578977317', sp-res-cutoff-cls='20', sp-res-cutoff-lits='733', sp-res-order-heur=''11''
449.360000, 0.058970, 363.538372, 8, -85.821628, sp-clause-activity-inc='1.3649015373130098', sp-clause-decay='1.4342391039177367', sp-clause-del-heur=''1'', sp-first-restart='1087', sp-learned-clause-sort-heur=''7'', sp-learned-clauses-inc='1.4438102519179827', sp-learned-size-factor='0.1282162956564891', sp-orig-clause-sort-heur=''4'', sp-phase-dec-heur=''0'', sp-rand-var-dec-freq=''0.005'', sp-resolution=''2'', sp-restart-inc='1.2260778880152665', sp-update-dec-queue=''0'', sp-use-pure-literal-rule=''1'', sp-var-activity-inc='0.7422657876376817', sp-var-dec-heur=''7'', sp-variable-decay='1.4532122771076208', sp-max-res-lit-inc='1.158448529497373', sp-max-res-runs='1', sp-rand-phase-dec-freq=''0.0001'', sp-rand-var-dec-scaling='0.5621497270541965', sp-res-cutoff-cls='8', sp-res-cutoff-lits='567', sp-res-order-heur=''14'', sp-rand-phase-scaling='0.6497927270618944'
493.868000, 0.055574, 400.803965, 10, -93.064035, sp-clause-activity-inc='1.1068741254316827', sp-clause-decay='1.6179535378248966', sp-clause-del-heur=''0'', sp-first-restart='206', sp-learned-clause-sort-heur=''3'', sp-learned-clauses-inc='1.38999955560383', sp-learned-size-factor='1.2267371541295715', sp-orig-clause-sort-heur=''2'', sp-phase-dec-heur=''6'', sp-rand-var-dec-freq=''0.001'', sp-resolution=''0'', sp-restart-inc='1.3944383484096856', sp-update-dec-queue=''0'', sp-use-pure-literal-rule=''0'', sp-var-activity-inc='1.0713425113070933', sp-var-dec-heur=''0'', sp-variable-decay='1.3969664520100218', sp-rand-phase-dec-freq=''0.005'', sp-rand-var-dec-scaling='1.0740781388003742', sp-rand-phase-scaling='0.7320074923161972'
546.296000, 0.052636, 438.677493, 12, -107.618507, sp-clause-activity-inc='0.6580304034556237', sp-clause-decay='1.6200999380630718', sp-clause-del-heur=''2'', sp-first-restart='62', sp-learned-clause-sort-heur=''3'', sp-learned-clauses-inc='1.386377506623106', sp-learned-size-factor='0.3484455113157735', sp-orig-clause-sort-heur=''9'', sp-phase-dec-heur=''2'', sp-rand-var-dec-freq=''0.01'', sp-resolution=''2'', sp-restart-inc='1.5363537816306587', sp-update-dec-queue=''0'', sp-use-pure-literal-rule=''1'', sp-var-activity-inc='0.922612482959289', sp-var-dec-heur=''7'', sp-variable-decay='1.881219613658501', sp-max-res-lit-inc='0.5811308175977948', sp-max-res-runs='3', sp-rand-var-dec-scaling='1.0876248875222025', sp-res-cutoff-cls='3', sp-res-cutoff-lits='292', sp-res-order-heur=''6''
589.476000, 0.045739, 476.693277, 2, -112.782723, sp-clause-activity-inc='1.3214449176202676', sp-clause-decay='1.2037734946390626', sp-clause-del-heur=''0'', sp-first-restart='1690', sp-learned-clause-sort-heur=''8'', sp-learned-clauses-inc='1.113370803211861', sp-learned-size-factor='0.3247862129829809', sp-orig-clause-sort-heur=''2'', sp-phase-dec-heur=''4'', sp-rand-var-dec-freq=''0.01'', sp-resolution=''1'', sp-restart-inc='1.355418024949711', sp-update-dec-queue=''1'', sp-use-pure-literal-rule=''0'', sp-var-activity-inc='0.9762955765721135', sp-var-dec-heur=''6'', sp-variable-decay='1.2284612823414178', sp-max-res-lit-inc='2.4235221773067597', sp-max-res-runs='7', sp-rand-phase-dec-freq=''0'', sp-rand-var-dec-scaling='1.0204548578977317', sp-res-cutoff-cls='20', sp-res-cutoff-lits='733', sp-res-order-heur=''11''
628.556000, 0.036965, 509.102585, 15, -119.453415, sp-clause-activity-inc='0.5184176692481357', sp-clause-decay='1.846081375687475', sp-clause-del-heur=''2'', sp-first-restart='962', sp-learned-clause-sort-heur=''13'', sp-learned-clauses-inc='1.2444196955030553', sp-learned-size-factor='0.20115945201400923', sp-orig-clause-sort-heur=''5'', sp-phase-dec-heur=''5'', sp-rand-var-dec-freq=''0.0001'', sp-resolution=''1'', sp-restart-inc='1.2898875456407919', sp-update-dec-queue=''0'', sp-use-pure-literal-rule=''0'', sp-var-activity-inc='1.4820491101910651', sp-var-dec-heur=''2'', sp-variable-decay='1.0169809679387418', sp-max-res-lit-inc='0.9578131139824719', sp-max-res-runs='2', sp-rand-phase-dec-freq=''0'', sp-rand-var-dec-scaling='0.34089275752968573', sp-res-cutoff-cls='13', sp-res-cutoff-lits='107', sp-res-order-heur=''0''
823.572000, 0.029092, 661.552190, 20, -162.019810, sp-clause-activity-inc='0.5053389905632696', sp-clause-decay='1.2129156731134931', sp-clause-del-heur=''2'', sp-first-restart='27', sp-learned-clause-sort-heur=''8'', sp-learned-clauses-inc='1.154049984063688', sp-learned-size-factor='0.18147210610025663', sp-orig-clause-sort-heur=''10'', sp-phase-dec-heur=''6'', sp-rand-var-dec-freq=''0.0001'', sp-resolution=''2'', sp-restart-inc='1.2171374158824388', sp-update-dec-queue=''0'', sp-use-pure-literal-rule=''0'', sp-var-activity-inc='1.349213789167159', sp-var-dec-heur=''2'', sp-variable-decay='1.3395998228423158', sp-max-res-lit-inc='0.43194380174423785', sp-max-res-runs='2', sp-rand-phase-dec-freq=''0.01'', sp-rand-var-dec-scaling='0.8844838042998409', sp-res-cutoff-cls='2', sp-res-cutoff-lits='453', sp-res-order-heur=''16'', sp-rand-phase-scaling='0.6348515863165776'
962.576000, 0.028978, 778.706858, 27, -183.869142, sp-clause-activity-inc='1.249542930949271', sp-clause-decay='1.0515255071368121', sp-clause-del-heur=''1'', sp-first-restart='161', sp-learned-clause-sort-heur=''15'', sp-learned-clauses-inc='1.3987015892612131', sp-learned-size-factor='0.12489909017379813', sp-orig-clause-sort-heur=''4'', sp-phase-dec-heur=''0'', sp-rand-var-dec-freq=''0.05'', sp-resolution=''2'', sp-restart-inc='1.4663816083404861', sp-update-dec-queue=''1'', sp-use-pure-literal-rule=''0'', sp-var-activity-inc='1.1753430619338796', sp-var-dec-heur=''3'', sp-variable-decay='1.4987365770562266', sp-max-res-lit-inc='0.39765759308254944', sp-max-res-runs='1', sp-rand-phase-dec-freq=''0.005'', sp-rand-var-dec-scaling='0.5998170686431236', sp-res-cutoff-cls='2', sp-res-cutoff-lits='130', sp-res-order-heur=''15'', sp-rand-phase-scaling='0.4680796682306549'
1073.276000, 0.025980, 871.714139, 30, -201.561861, sp-clause-activity-inc='1.1462802572844644', sp-clause-decay='1.5635579567910658', sp-clause-del-heur=''2'', sp-first-restart='80', sp-learned-clause-sort-heur=''13'', sp-learned-clauses-inc='1.302558296356818', sp-learned-size-factor='0.26681500056323953', sp-orig-clause-sort-heur=''0'', sp-phase-dec-heur=''1'', sp-rand-var-dec-freq=''0.0001'', sp-resolution=''0'', sp-restart-inc='1.5098840999330538', sp-update-dec-queue=''0'', sp-use-pure-literal-rule=''0'', sp-var-activity-inc='0.5546676971880401', sp-var-dec-heur=''2'', sp-variable-decay='1.8164525759978936', sp-rand-phase-dec-freq=''0.01'', sp-rand-var-dec-scaling='0.5546353286877473', sp-rand-phase-scaling='1.0723685907879212'
1539.600000, 0.025537, 1237.264714, 41, -302.335286, sp-clause-activity-inc='1.1864373552743928', sp-clause-decay='1.3707974381275083', sp-clause-del-heur=''2'', sp-first-restart='2581', sp-learned-clause-sort-heur=''2'', sp-learned-clauses-inc='1.4116162427922296', sp-learned-size-factor='0.5687050600067723', sp-orig-clause-sort-heur=''8'', sp-phase-dec-heur=''5'', sp-rand-var-dec-freq=''0.05'', sp-resolution=''1'', sp-restart-inc='1.340139921318162', sp-update-dec-queue=''1'', sp-use-pure-literal-rule=''0'', sp-var-activity-inc='1.3560994967218813', sp-var-dec-heur=''5'', sp-variable-decay='1.0851225272501483', sp-max-res-lit-inc='0.3765902839088579', sp-max-res-runs='11', sp-rand-phase-dec-freq=''0.001'', sp-rand-var-dec-scaling='0.8931987187644879', sp-res-cutoff-cls='4', sp-res-cutoff-lits='417', sp-res-order-heur=''13'', sp-rand-phase-scaling='0.4659642667788195'
2160.438000, 0.022211, 1716.265300, 42, -444.172700, sp-clause-activity-inc='1.414190061031129', sp-clause-decay='1.999437846017471', sp-clause-del-heur=''2'', sp-first-restart='33', sp-learned-clause-sort-heur=''15'', sp-learned-clauses-inc='1.3083892107461148', sp-learned-size-factor='0.14100921735265426', sp-orig-clause-sort-heur=''19'', sp-phase-dec-heur=''5'', sp-rand-var-dec-freq=''0.001'', sp-resolution=''2'', sp-restart-inc='1.4276305716519768', sp-update-dec-queue=''0'', sp-use-pure-literal-rule=''1'', sp-var-activity-inc='1.0487952883524736', sp-var-dec-heur=''7'', sp-variable-decay='1.0087513430589103', sp-max-res-lit-inc='2.04225294925718', sp-max-res-runs='9', sp-rand-phase-dec-freq=''0.0001'', sp-rand-var-dec-scaling='0.9831465548960638', sp-res-cutoff-cls='2', sp-res-cutoff-lits='666', sp-res-order-heur=''2'', sp-rand-phase-scaling='0.6837298241397514'
3161.002000, 0.021381, 2474.212099, 5, -686.789901, sp-clause-activity-inc='1.1304205257337236', sp-clause-decay='1.0529182815865907', sp-clause-del-heur=''1'', sp-first-restart='91', sp-learned-clause-sort-heur=''7'', sp-learned-clauses-inc='1.2820410489623404', sp-learned-size-factor='1.4972785730243257', sp-orig-clause-sort-heur=''4'', sp-phase-dec-heur=''6'', sp-rand-var-dec-freq=''0.005'', sp-resolution=''2'', sp-restart-inc='1.8172945964540541', sp-update-dec-queue=''0'', sp-use-pure-literal-rule=''1'', sp-var-activity-inc='0.641998536161686', sp-var-dec-heur=''17'', sp-variable-decay='1.0094870710891906', sp-max-res-lit-inc='0.2642212513091856', sp-max-res-runs='1', sp-rand-phase-dec-freq=''0.005'', sp-rand-var-dec-scaling='0.4514016671691968', sp-res-cutoff-cls='6', sp-res-cutoff-lits='113', sp-res-order-heur=''4'', sp-rand-phase-scaling='0.6277514302250348'
3388.046000, 0.018633, 2652.716107, 15, -735.329893, sp-clause-activity-inc='0.5184176692481357', sp-clause-decay='1.846081375687475', sp-clause-del-heur=''2'', sp-first-restart='962', sp-learned-clause-sort-heur=''13'', sp-learned-clauses-inc='1.2444196955030553', sp-learned-size-factor='0.20115945201400923', sp-orig-clause-sort-heur=''5'', sp-phase-dec-heur=''5'', sp-rand-var-dec-freq=''0.0001'', sp-resolution=''1'', sp-restart-inc='1.2898875456407919', sp-update-dec-queue=''0'', sp-use-pure-literal-rule=''0'', sp-var-activity-inc='1.4820491101910651', sp-var-dec-heur=''2'', sp-variable-decay='1.0169809679387418', sp-max-res-lit-inc='0.9578131139824719', sp-max-res-runs='2', sp-rand-phase-dec-freq=''0'', sp-rand-var-dec-scaling='0.34089275752968573', sp-res-cutoff-cls='13', sp-res-cutoff-lits='107', sp-res-order-heur=''0''
3490.902000, 0.017604, 2734.485246, 23, -756.416754, sp-clause-activity-inc='1.4130784237508607', sp-clause-decay='1.1210620213714362', sp-clause-del-heur=''1'', sp-first-restart='633', sp-learned-clause-sort-heur=''17'', sp-learned-clauses-inc='1.2178207557137473', sp-learned-size-factor='0.4864501218920837', sp-orig-clause-sort-heur=''1'', sp-phase-dec-heur=''6'', sp-rand-var-dec-freq=''0.001'', sp-resolution=''1'', sp-restart-inc='1.782624062323777', sp-update-dec-queue=''1'', sp-use-pure-literal-rule=''1'', sp-var-activity-inc='1.247852598566466', sp-var-dec-heur=''16'', sp-variable-decay='1.029288419355805', sp-max-res-lit-inc='0.6424577663349709', sp-max-res-runs='1', sp-rand-phase-dec-freq=''0'', sp-rand-var-dec-scaling='0.658240890916154', sp-res-cutoff-cls='10', sp-res-cutoff-lits='1355', sp-res-order-heur=''18''
5317.358000, 0.014454, 4143.342793, 1, -1174.015207, sp-clause-activity-inc='1.0', sp-clause-decay='1.4', sp-clause-del-heur=''2'', sp-first-restart='100', sp-learned-clause-sort-heur=''0'', sp-learned-clauses-inc='1.3', sp-learned-size-factor='0.4', sp-orig-clause-sort-heur=''0'', sp-phase-dec-heur=''5'', sp-rand-var-dec-freq=''0.001'', sp-resolution=''1'', sp-restart-inc='1.5', sp-update-dec-queue=''1'', sp-use-pure-literal-rule=''1'', sp-var-activity-inc='1.0', sp-var-dec-heur=''0'', sp-variable-decay='1.4', sp-max-res-lit-inc='1.0', sp-max-res-runs='4', sp-rand-phase-dec-freq=''0.001'', sp-rand-var-dec-scaling='1.0', sp-res-cutoff-cls='8', sp-res-cutoff-lits='400', sp-res-order-heur=''0'', sp-rand-phase-scaling='1.0'
5589.654000, 0.013081, 4349.666357, 23, -1239.987643, sp-clause-activity-inc='1.4130784237508607', sp-clause-decay='1.1210620213714362', sp-clause-del-heur=''1'', sp-first-restart='633', sp-learned-clause-sort-heur=''17'', sp-learned-clauses-inc='1.2178207557137473', sp-learned-size-factor='0.4864501218920837', sp-orig-clause-sort-heur=''1'', sp-phase-dec-heur=''6'', sp-rand-var-dec-freq=''0.001'', sp-resolution=''1'', sp-restart-inc='1.782624062323777', sp-update-dec-queue=''1'', sp-use-pure-literal-rule=''1'', sp-var-activity-inc='1.247852598566466', sp-var-dec-heur=''16'', sp-variable-decay='1.029288419355805', sp-max-res-lit-inc='0.6424577663349709', sp-max-res-runs='1', sp-rand-phase-dec-freq=''0'', sp-rand-var-dec-scaling='0.658240890916154', sp-res-cutoff-cls='10', sp-res-cutoff-lits='1355', sp-res-order-heur=''18''
6013.258000, 0.011491, 4678.929656, 30, -1334.328344, sp-clause-activity-inc='1.1462802572844644', sp-clause-decay='1.5635579567910658', sp-clause-del-heur=''2'', sp-first-restart='80', sp-learned-clause-sort-heur=''13'', sp-learned-clauses-inc='1.302558296356818', sp-learned-size-factor='0.26681500056323953', sp-orig-clause-sort-heur=''0'', sp-phase-dec-heur=''1'', sp-rand-var-dec-freq=''0.0001'', sp-resolution=''0'', sp-restart-inc='1.5098840999330538', sp-update-dec-queue=''0'', sp-use-pure-literal-rule=''0'', sp-var-activity-inc='0.5546676971880401', sp-var-dec-heur=''2'', sp-variable-decay='1.8164525759978936', sp-rand-phase-dec-freq=''0.01'', sp-rand-var-dec-scaling='0.5546353286877473', sp-rand-phase-scaling='1.0723685907879212'
8528.778000, 0.011465, 6557.580312, 72, -1971.197688, sp-clause-activity-inc='0.5256591872416354', sp-clause-decay='1.9600629334627266', sp-clause-del-heur=''1'', sp-first-restart='88', sp-learned-clause-sort-heur=''4'', sp-learned-clauses-inc='1.1548421164130234', sp-learned-size-factor='0.14601826319661648', sp-orig-clause-sort-heur=''12'', sp-phase-dec-heur=''1'', sp-rand-var-dec-freq=''0'', sp-resolution=''1'', sp-restart-inc='1.562566568399541', sp-update-dec-queue=''1'', sp-use-pure-literal-rule=''1'', sp-var-activity-inc='1.4834285101822449', sp-var-dec-heur=''4'', sp-variable-decay='1.1214368400551484', sp-max-res-lit-inc='2.2934354786077873', sp-max-res-runs='7', sp-rand-phase-dec-freq=''0.05'', sp-res-cutoff-cls='19', sp-res-cutoff-lits='788', sp-res-order-heur=''2'', sp-rand-phase-scaling='0.7993141812149489'
11009.914000, 0.011346, 8419.630280, 55, -2590.283720, sp-clause-activity-inc='0.5374983320499306', sp-clause-decay='1.55924657667152', sp-clause-del-heur=''1'', sp-first-restart='213', sp-learned-clause-sort-heur=''6'', sp-learned-clauses-inc='1.1078821215946282', sp-learned-size-factor='1.012216867853155', sp-orig-clause-sort-heur=''13'', sp-phase-dec-heur=''2'', sp-rand-var-dec-freq=''0'', sp-resolution=''2'', sp-restart-inc='1.4012675961501695', sp-update-dec-queue=''0'', sp-use-pure-literal-rule=''1'', sp-var-activity-inc='0.8886645665291715', sp-var-dec-heur=''17'', sp-variable-decay='1.633837890569316', sp-max-res-lit-inc='0.35698241603514147', sp-max-res-runs='3', sp-res-cutoff-cls='2', sp-res-cutoff-lits='313', sp-res-order-heur=''0''
11221.646000, 0.011314, 8577.086600, 5, -2644.559400, sp-clause-activity-inc='1.1304205257337236', sp-clause-decay='1.0529182815865907', sp-clause-del-heur=''1'', sp-first-restart='91', sp-learned-clause-sort-heur=''7'', sp-learned-clauses-inc='1.2820410489623404', sp-learned-size-factor='1.4972785730243257', sp-orig-clause-sort-heur=''4'', sp-phase-dec-heur=''6'', sp-rand-var-dec-freq=''0.005'', sp-resolution=''2'', sp-restart-inc='1.8172945964540541', sp-update-dec-queue=''0'', sp-use-pure-literal-rule=''1'', sp-var-activity-inc='0.641998536161686', sp-var-dec-heur=''17'', sp-variable-decay='1.0094870710891906', sp-max-res-lit-inc='0.2642212513091856', sp-max-res-runs='1', sp-rand-phase-dec-freq=''0.005'', sp-rand-var-dec-scaling='0.4514016671691968', sp-res-cutoff-cls='6', sp-res-cutoff-lits='113', sp-res-order-heur=''4'', sp-rand-phase-scaling='0.6277514302250348'
11652.214000, 0.010725, 8900.413615, 55, -2751.800385, sp-clause-activity-inc='0.5374983320499306', sp-clause-decay='1.55924657667152', sp-clause-del-heur=''1'', sp-first-restart='213', sp-learned-clause-sort-heur=''6'', sp-learned-clauses-inc='1.1078821215946282', sp-learned-size-factor='1.012216867853155', sp-orig-clause-sort-heur=''13'', sp-phase-dec-heur=''2'', sp-rand-var-dec-freq=''0'', sp-resolution=''2'', sp-restart-inc='1.4012675961501695', sp-update-dec-queue=''0'', sp-use-pure-literal-rule=''1'', sp-var-activity-inc='0.8886645665291715', sp-var-dec-heur=''17'', sp-variable-decay='1.633837890569316', sp-max-res-lit-inc='0.35698241603514147', sp-max-res-runs='3', sp-res-cutoff-cls='2', sp-res-cutoff-lits='313', sp-res-order-heur=''0''
11867.674000, 0.010709, 9059.639658, 5, -2808.034342, sp-clause-activity-inc='1.1304205257337236', sp-clause-decay='1.0529182815865907', sp-clause-del-heur=''1'', sp-first-restart='91', sp-learned-clause-sort-heur=''7'', sp-learned-clauses-inc='1.2820410489623404', sp-learned-size-factor='1.4972785730243257', sp-orig-clause-sort-heur=''4'', sp-phase-dec-heur=''6'', sp-rand-var-dec-freq=''0.005'', sp-resolution=''2'', sp-restart-inc='1.8172945964540541', sp-update-dec-queue=''0'', sp-use-pure-literal-rule=''1'', sp-var-activity-inc='0.641998536161686', sp-var-dec-heur=''17'', sp-variable-decay='1.0094870710891906', sp-max-res-lit-inc='0.2642212513091856', sp-max-res-runs='1', sp-rand-phase-dec-freq=''0.005'', sp-rand-var-dec-scaling='0.4514016671691968', sp-res-cutoff-cls='6', sp-res-cutoff-lits='113', sp-res-order-heur=''4'', sp-rand-phase-scaling='0.6277514302250348'
12079.378000, 0.010310, 9216.021383, 55, -2863.356617, sp-clause-activity-inc='0.5374983320499306', sp-clause-decay='1.55924657667152', sp-clause-del-heur=''1'', sp-first-restart='213', sp-learned-clause-sort-heur=''6'', sp-learned-clauses-inc='1.1078821215946282', sp-learned-size-factor='1.012216867853155', sp-orig-clause-sort-heur=''13'', sp-phase-dec-heur=''2'', sp-rand-var-dec-freq=''0'', sp-resolution=''2'', sp-restart-inc='1.4012675961501695', sp-update-dec-queue=''0'', sp-use-pure-literal-rule=''1'', sp-var-activity-inc='0.8886645665291715', sp-var-dec-heur=''17'', sp-variable-decay='1.633837890569316', sp-max-res-lit-inc='0.35698241603514147', sp-max-res-runs='3', sp-res-cutoff-cls='2', sp-res-cutoff-lits='313', sp-res-order-heur=''0''
12520.414000, 0.009917, 9544.354153, 15, -2976.059847, sp-clause-activity-inc='0.5184176692481357', sp-clause-decay='1.846081375687475', sp-clause-del-heur=''2'', sp-first-restart='962', sp-learned-clause-sort-heur=''13'', sp-learned-clauses-inc='1.2444196955030553', sp-learned-size-factor='0.20115945201400923', sp-orig-clause-sort-heur=''5'', sp-phase-dec-heur=''5'', sp-rand-var-dec-freq=''0.0001'', sp-resolution=''1'', sp-restart-inc='1.2898875456407919', sp-update-dec-queue=''0'', sp-use-pure-literal-rule=''0'', sp-var-activity-inc='1.4820491101910651', sp-var-dec-heur=''2'', sp-variable-decay='1.0169809679387418', sp-max-res-lit-inc='0.9578131139824719', sp-max-res-runs='2', sp-rand-phase-dec-freq=''0'', sp-rand-var-dec-scaling='0.34089275752968573', sp-res-cutoff-cls='13', sp-res-cutoff-lits='107', sp-res-order-heur=''0''
12729.946000, 0.009344, 9702.410900, 71, -3027.535100, sp-clause-activity-inc='1.2986566245471183', sp-clause-decay='1.5712035071454704', sp-clause-del-heur=''2'', sp-first-restart='129', sp-learned-clause-sort-heur=''5'', sp-learned-clauses-inc='1.1497832172595466', sp-learned-size-factor='0.8011992892193001', sp-orig-clause-sort-heur=''7'', sp-phase-dec-heur=''4'', sp-rand-var-dec-freq=''0.01'', sp-resolution=''0'', sp-restart-inc='1.4072232987664388', sp-update-dec-queue=''0'', sp-use-pure-literal-rule=''0'', sp-var-activity-inc='0.8722134418403766', sp-var-dec-heur=''16'', sp-variable-decay='1.5513496447132784', sp-rand-phase-dec-freq=''0'', sp-rand-var-dec-scaling='1.0726152187071865'
13928.622000, 0.008670, 10598.355601, 23, -3330.266399, sp-clause-activity-inc='1.4130784237508607', sp-clause-decay='1.1210620213714362', sp-clause-del-heur=''1'', sp-first-restart='633', sp-learned-clause-sort-heur=''17'', sp-learned-clauses-inc='1.2178207557137473', sp-learned-size-factor='0.4864501218920837', sp-orig-clause-sort-heur=''1'', sp-phase-dec-heur=''6'', sp-rand-var-dec-freq=''0.001'', sp-resolution=''1'', sp-restart-inc='1.782624062323777', sp-update-dec-queue=''1'', sp-use-pure-literal-rule=''1'', sp-var-activity-inc='1.247852598566466', sp-var-dec-heur=''16'', sp-variable-decay='1.029288419355805', sp-max-res-lit-inc='0.6424577663349709', sp-max-res-runs='1', sp-rand-phase-dec-freq=''0'', sp-rand-var-dec-scaling='0.658240890916154', sp-res-cutoff-cls='10', sp-res-cutoff-lits='1355', sp-res-order-heur=''18''
17825.790000, 0.007597, 13492.977380, 81, -4332.812620, sp-clause-activity-inc='1.1433894734240124', sp-clause-decay='1.3325671159036319', sp-clause-del-heur=''1'', sp-first-restart='985', sp-learned-clause-sort-heur=''15'', sp-learned-clauses-inc='1.2259963772934097', sp-learned-size-factor='0.7210402727704833', sp-orig-clause-sort-heur=''15'', sp-phase-dec-heur=''2'', sp-rand-var-dec-freq=''0.01'', sp-resolution=''0'', sp-restart-inc='1.7829769409117764', sp-update-dec-queue=''1'', sp-use-pure-literal-rule=''1'', sp-var-activity-inc='0.8056711364471331', sp-var-dec-heur=''7'', sp-variable-decay='1.3249870979976621', sp-rand-var-dec-scaling='0.8944115182751002'
19088.770000, 0.007184, 14456.251087, 71, -4632.518913, sp-clause-activity-inc='1.2986566245471183', sp-clause-decay='1.5712035071454704', sp-clause-del-heur=''2'', sp-first-restart='129', sp-learned-clause-sort-heur=''5'', sp-learned-clauses-inc='1.1497832172595466', sp-learned-size-factor='0.8011992892193001', sp-orig-clause-sort-heur=''7'', sp-phase-dec-heur=''4'', sp-rand-var-dec-freq=''0.01'', sp-resolution=''0'', sp-restart-inc='1.4072232987664388', sp-update-dec-queue=''0'', sp-use-pure-literal-rule=''0'', sp-var-activity-inc='0.8722134418403766', sp-var-dec-heur=''16'', sp-variable-decay='1.5513496447132784', sp-rand-phase-dec-freq=''0'', sp-rand-var-dec-scaling='1.0726152187071865'
22102.218000, 0.006950, 16796.089116, 81, -5306.128884, sp-clause-activity-inc='1.1433894734240124', sp-clause-decay='1.3325671159036319', sp-clause-del-heur=''1'', sp-first-restart='985', sp-learned-clause-sort-heur=''15'', sp-learned-clauses-inc='1.2259963772934097', sp-learned-size-factor='0.7210402727704833', sp-orig-clause-sort-heur=''15'', sp-phase-dec-heur=''2'', sp-rand-var-dec-freq=''0.01'', sp-resolution=''0'', sp-restart-inc='1.7829769409117764', sp-update-dec-queue=''1'', sp-use-pure-literal-rule=''1'', sp-var-activity-inc='0.8056711364471331', sp-var-dec-heur=''7'', sp-variable-decay='1.3249870979976621', sp-rand-var-dec-scaling='0.8944115182751002'
