"CPU Time Used","Estimated Training Performance","Wallclock Time","Incumbent ID","Automatic Configurator (CPU) Time","Configuration..."
0.000000, 2147483648.000000, 0.001466, 1, 0.001466, adaptive=''1'', clausepen=''1'', performrandomwalk=''0'', singleclause=''1'', tabusearch=''0'', adaptivenoisescheme=''1'', adaptwalkprob=''0'', heuristic=''2'', promisinglist=''1'', ps='0.4', selectclause=''1'', smoothingscheme=''1'', adaptiveprom=''0'', decreasingvariable=''3'', performalternatenovelty=''1'', phi='5', theta='6', updateschemepromlist=''3'', wp='0.01', CONadaptpromwalkprob=''0''
1.940000, 1.940000, 2.493373, 1, 0.553373, adaptive=''1'', clausepen=''1'', performrandomwalk=''0'', singleclause=''1'', tabusearch=''0'', adaptivenoisescheme=''1'', adaptwalkprob=''0'', heuristic=''2'', promisinglist=''1'', ps='0.4', selectclause=''1'', smoothingscheme=''1'', adaptiveprom=''0'', decreasingvariable=''3'', performalternatenovelty=''1'', phi='5', theta='6', updateschemepromlist=''3'', wp='0.01', CONadaptpromwalkprob=''0''
2.940000, 0.003200, 8.859516, 2, 5.919516, adaptive=''1'', clausepen=''1'', performrandomwalk=''0'', singleclause=''1'', tabusearch=''1'', adaptivenoisescheme=''1'', adaptwalkprob=''0'', heuristic=''3'', promisinglist=''1'', ps='0.23177763390093095', selectclause=''1'', smoothingscheme=''2'', tabu='14', adaptiveprom=''1'', decreasingvariable=''6'', dp='0.13932553207622533', performalternatenovelty=''0'', phi='10', theta='6', updateschemepromlist=''1'', adaptpromwalkprob=''0''
43.572000, 0.003093, 74.409236, 10, 30.837236, adaptive=''1'', clausepen=''2'', performrandomwalk=''0'', singleclause=''1'', tabusearch=''0'', adaptivenoisescheme=''2'', adaptwalkprob=''0'', heuristic=''7'', promisinglist=''1'', adaptiveprom=''1'', decreasingvariable=''11'', phi='6', theta='10', updateschemepromlist=''3'', adaptpromwalkprob=''0'', promphi='3', promtheta='8', promwp='0.19889631884967743'
227.388000, 0.002444, 241.220302, 16, 13.832302, adaptive=''1'', clausepen=''1'', performrandomwalk=''0'', singleclause=''1'', tabusearch=''1'', adaptivenoisescheme=''1'', adaptwalkprob=''0'', heuristic=''4'', promisinglist=''1'', ps='0.23177763390093095', selectclause=''1'', smoothingscheme=''2'', tabu='14', adaptiveprom=''1'', decreasingvariable=''6'', dp='0.13932553207622533', performalternatenovelty=''0'', phi='10', theta='6', updateschemepromlist=''1'', adaptpromwalkprob=''0''
494.484000, 0.001224, 549.243842, 34, 54.759842, adaptive=''0'', clausepen=''0'', performrandomwalk=''1'', singleclause=''1'', tabusearch=''0'', CONadaptwalkprob=''0'', CONselectclause=''1'', c='0.006720561601920194', heuristic=''3'', promisinglist=''1'', randomwalk=''3'', s='0.00155861541631849', CONdp='0.05', adaptiveprom=''0'', decreasingvariable=''11'', novnoise='0.5', performalternatenovelty=''1'', rdp='0.01572929232923263', updateschemepromlist=''1'', CONadaptpromwalkprob=''0'', promnovnoise='0.5', CONpromwp='0.01'
1162.536000, 0.000914, 1155.119296, 48, -7.416704, adaptive=''1'', clausepen=''1'', performrandomwalk=''0'', singleclause=''1'', tabusearch=''0'', adaptivenoisescheme=''1'', adaptwalkprob=''0'', heuristic=''3'', promisinglist=''1'', ps='0.4', selectclause=''1'', smoothingscheme=''1'', adaptiveprom=''0'', decreasingvariable=''7'', dp='0.05', performalternatenovelty=''1'', phi='5', theta='6', updateschemepromlist=''1'', CONadaptpromwalkprob=''0'', promnovnoise='0.5'
1888.964000, 0.000842, 1765.477614, 51, -123.486386, adaptive=''1'', clausepen=''1'', performrandomwalk=''0'', singleclause=''1'', tabusearch=''0'', adaptivenoisescheme=''1'', adaptwalkprob=''0'', heuristic=''3'', promisinglist=''1'', ps='0.4', selectclause=''1'', smoothingscheme=''1'', adaptiveprom=''1'', decreasingvariable=''3'', dp='0.05', performalternatenovelty=''1'', phi='7', theta='6', updateschemepromlist=''1'', adaptpromwalkprob=''0''
2740.016000, 0.000760, 2714.720463, 76, -25.295537, adaptive=''0'', clausepen=''0'', performrandomwalk=''1'', singleclause=''1'', tabusearch=''0'', CONadaptwalkprob=''0'', CONselectclause=''1'', c='0.000246061728026793', heuristic=''8'', promisinglist=''1'', randomwalk=''1'', s='0.00600036713188737', adaptiveprom=''1'', decreasingvariable=''10'', rwp='0.01', updateschemepromlist=''1'', wpwalk='0.5', adaptpromwalkprob=''0'', promphi='5', promtheta='6', promdp='0.05'
2761.972000, 0.000696, 2761.094125, 78, -0.877875, adaptive=''0'', clausepen=''1'', performrandomwalk=''0'', singleclause=''1'', tabusearch=''1'', CONadaptwalkprob=''0'', c='0.010000000000000014', heuristic=''4'', promisinglist=''1'', ps='0.23177763390093095', s='0.010000000000000004', selectclause=''1'', smoothingscheme=''2'', tabu='1', CONdp='0.05', adaptiveprom=''1'', decreasingvariable=''6'', novnoise='0.5', performalternatenovelty=''0'', updateschemepromlist=''1'', adaptpromwalkprob=''0''
2828.664000, 0.000598, 2873.666955, 82, 45.002955, adaptive=''0'', clausepen=''1'', performrandomwalk=''0'', singleclause=''1'', tabusearch=''0'', CONadaptwalkprob=''0'', c='0.010000000000000014', heuristic=''7'', promisinglist=''1'', ps='0.4', s='0.010000000000000004', selectclause=''1'', smoothingscheme=''1'', adaptiveprom=''0'', decreasingvariable=''5'', updateschemepromlist=''1'', wpwalk='0.5', CONadaptpromwalkprob=''0'', tiebreaking='1'
