{"cost": 2147483648, "wallclock_time": 0.0014660358428955078, "evaluations": 0, "incumbent": ["adaptive=''1''", "clausepen=''1''", "performrandomwalk=''0''", "singleclause=''1''", "tabusearch=''0''", "adaptivenoisescheme=''1''", "adaptwalkprob=''0''", "heuristic=''2''", "promisinglist=''1''", "ps='0.4'", "selectclause=''1''", "smoothingscheme=''1''", "adaptiveprom=''0''", "decreasingvariable=''3''", "performalternatenovelty=''1''", "phi='5'", "theta='6'", "updateschemepromlist=''3''", "wp='0.01'", "CONadaptpromwalkprob=''0''"], "cpu_time": 0, "total_cpu_time": null}
{"cost": 1.94, "wallclock_time": 2.493373155593872, "evaluations": 1, "incumbent": ["adaptive=''1''", "clausepen=''1''", "performrandomwalk=''0''", "singleclause=''1''", "tabusearch=''0''", "adaptivenoisescheme=''1''", "adaptwalkprob=''0''", "heuristic=''2''", "promisinglist=''1''", "ps='0.4'", "selectclause=''1''", "smoothingscheme=''1''", "adaptiveprom=''0''", "decreasingvariable=''3''", "performalternatenovelty=''1''", "phi='5'", "theta='6'", "updateschemepromlist=''3''", "wp='0.01'", "CONadaptpromwalkprob=''0''"], "cpu_time": 1.94, "total_cpu_time": null}
{"cost": 0.0032000000000000006, "wallclock_time": 8.859516143798828, "evaluations": 13, "incumbent": ["adaptive=''1''", "clausepen=''1''", "performrandomwalk=''0''", "singleclause=''1''", "tabusearch=''1''", "adaptivenoisescheme=''1''", "adaptwalkprob=''0''", "heuristic=''3''", "promisinglist=''1''", "ps='0.23177763390093095'", "selectclause=''1''", "smoothingscheme=''2''", "tabu='14'", "adaptiveprom=''1''", "decreasingvariable=''6''", "dp='0.13932553207622533'", "performalternatenovelty=''0''", "phi='10'", "theta='6'", "updateschemepromlist=''1''", "adaptpromwalkprob=''0''"], "cpu_time": 2.94, "total_cpu_time": null}
{"cost": 0.003093333333333333, "wallclock_time": 74.40923571586609, "evaluations": 94, "incumbent": ["adaptive=''1''", "clausepen=''2''", "performrandomwalk=''0''", "singleclause=''1''", "tabusearch=''0''", "adaptivenoisescheme=''2''", "adaptwalkprob=''0''", "heuristic=''7''", "promisinglist=''1''", "adaptiveprom=''1''", "decreasingvariable=''11''", "phi='6'", "theta='10'", "updateschemepromlist=''3''", "adaptpromwalkprob=''0''", "promphi='3'", "promtheta='8'", "promwp='0.19889631884967743'"], "cpu_time": 43.571999999999996, "total_cpu_time": null}
{"cost": 0.0024444444444444453, "wallclock_time": 241.22030234336853, "evaluations": 167, "incumbent": ["adaptive=''1''", "clausepen=''1''", "performrandomwalk=''0''", "singleclause=''1''", "tabusearch=''1''", "adaptivenoisescheme=''1''", "adaptwalkprob=''0''", "heuristic=''4''", "promisinglist=''1''", "ps='0.23177763390093095'", "selectclause=''1''", "smoothingscheme=''2''", "tabu='14'", "adaptiveprom=''1''", "decreasingvariable=''6''", "dp='0.13932553207622533'", "performalternatenovelty=''0''", "phi='10'", "theta='6'", "updateschemepromlist=''1''", "adaptpromwalkprob=''0''"], "cpu_time": 227.38800000000015, "total_cpu_time": null}
{"cost": 0.0012244897959183675, "wallclock_time": 549.2438416481018, "evaluations": 494, "incumbent": ["adaptive=''0''", "clausepen=''0''", "performrandomwalk=''1''", "singleclause=''1''", "tabusearch=''0''", "CONadaptwalkprob=''0''", "CONselectclause=''1''", "c='0.006720561601920194'", "heuristic=''3''", "promisinglist=''1''", "randomwalk=''3''", "s='0.00155861541631849'", "CONdp='0.05'", "adaptiveprom=''0''", "decreasingvariable=''11''", "novnoise='0.5'", "performalternatenovelty=''1''", "rdp='0.01572929232923263'", "updateschemepromlist=''1''", "CONadaptpromwalkprob=''0''", "promnovnoise='0.5'", "CONpromwp='0.01'"], "cpu_time": 494.4840000000003, "total_cpu_time": null}
{"cost": 0.0009142857142857147, "wallclock_time": 1155.1192955970764, "evaluations": 836, "incumbent": ["adaptive=''1''", "clausepen=''1''", "performrandomwalk=''0''", "singleclause=''1''", "tabusearch=''0''", "adaptivenoisescheme=''1''", "adaptwalkprob=''0''", "heuristic=''3''", "promisinglist=''1''", "ps='0.4'", "selectclause=''1''", "smoothingscheme=''1''", "adaptiveprom=''0''", "decreasingvariable=''7''", "dp='0.05'", "performalternatenovelty=''1''", "phi='5'", "theta='6'", "updateschemepromlist=''1''", "CONadaptpromwalkprob=''0''", "promnovnoise='0.5'"], "cpu_time": 1162.5359999999948, "total_cpu_time": null}
{"cost": 0.0008421052631578951, "wallclock_time": 1765.4776136875153, "evaluations": 1049, "incumbent": ["adaptive=''1''", "clausepen=''1''", "performrandomwalk=''0''", "singleclause=''1''", "tabusearch=''0''", "adaptivenoisescheme=''1''", "adaptwalkprob=''0''", "heuristic=''3''", "promisinglist=''1''", "ps='0.4'", "selectclause=''1''", "smoothingscheme=''1''", "adaptiveprom=''1''", "decreasingvariable=''3''", "dp='0.05'", "performalternatenovelty=''1''", "phi='7'", "theta='6'", "updateschemepromlist=''1''", "adaptpromwalkprob=''0''"], "cpu_time": 1888.9639999999888, "total_cpu_time": null}
{"cost": 0.0007603550295857993, "wallclock_time": 2714.7204632759094, "evaluations": 2027, "incumbent": ["adaptive=''0''", "clausepen=''0''", "performrandomwalk=''1''", "singleclause=''1''", "tabusearch=''0''", "CONadaptwalkprob=''0''", "CONselectclause=''1''", "c='0.000246061728026793'", "heuristic=''8''", "promisinglist=''1''", "randomwalk=''1''", "s='0.00600036713188737'", "adaptiveprom=''1''", "decreasingvariable=''10''", "rwp='0.01'", "updateschemepromlist=''1''", "wpwalk='0.5'", "adaptpromwalkprob=''0''", "promphi='5'", "promtheta='6'", "promdp='0.05'"], "cpu_time": 2740.0159999999923, "total_cpu_time": null}
{"cost": 0.000696333214667142, "wallclock_time": 2761.094125032425, "evaluations": 2084, "incumbent": ["adaptive=''0''", "clausepen=''1''", "performrandomwalk=''0''", "singleclause=''1''", "tabusearch=''1''", "CONadaptwalkprob=''0''", "c='0.010000000000000014'", "heuristic=''4''", "promisinglist=''1''", "ps='0.23177763390093095'", "s='0.010000000000000004'", "selectclause=''1''", "smoothingscheme=''2''", "tabu='1'", "CONdp='0.05'", "adaptiveprom=''1''", "decreasingvariable=''6''", "novnoise='0.5'", "performalternatenovelty=''0''", "updateschemepromlist=''1''", "adaptpromwalkprob=''0''"], "cpu_time": 2761.9719999999943, "total_cpu_time": null}
{"cost": 0.0005976859504132234, "wallclock_time": 2873.6669552326202, "evaluations": 2235, "incumbent": ["adaptive=''0''", "clausepen=''1''", "performrandomwalk=''0''", "singleclause=''1''", "tabusearch=''0''", "CONadaptwalkprob=''0''", "c='0.010000000000000014'", "heuristic=''7''", "promisinglist=''1''", "ps='0.4'", "s='0.010000000000000004'", "selectclause=''1''", "smoothingscheme=''1''", "adaptiveprom=''0''", "decreasingvariable=''5''", "updateschemepromlist=''1''", "wpwalk='0.5'", "CONadaptpromwalkprob=''0''", "tiebreaking='1'"], "cpu_time": 2828.6639999999975, "total_cpu_time": null}
