"CPU Time Used","Estimated Training Performance","Wallclock Time","Incumbent ID","Automatic Configurator (CPU) Time","Configuration..."
0.000000, 2147483648.000000, 0.001612, 1, 0.001612, adaptive=''1'', clausepen=''1'', performrandomwalk=''0'', singleclause=''1'', tabusearch=''0'', adaptivenoisescheme=''1'', adaptwalkprob=''0'', heuristic=''2'', promisinglist=''1'', ps='0.4', selectclause=''1'', smoothingscheme=''1'', adaptiveprom=''0'', decreasingvariable=''3'', performalternatenovelty=''1'', phi='5', theta='6', updateschemepromlist=''3'', wp='0.01', CONadaptpromwalkprob=''0''
5.000000, 50.000000, 7.694077, 1, 2.694077, adaptive=''1'', clausepen=''1'', performrandomwalk=''0'', singleclause=''1'', tabusearch=''0'', adaptivenoisescheme=''1'', adaptwalkprob=''0'', heuristic=''2'', promisinglist=''1'', ps='0.4', selectclause=''1'', smoothingscheme=''1'', adaptiveprom=''0'', decreasingvariable=''3'', performalternatenovelty=''1'', phi='5', theta='6', updateschemepromlist=''3'', wp='0.01', CONadaptpromwalkprob=''0''
118.548000, 0.003600, 79.166389, 2, -39.381611, adaptive=''0'', clausepen=''0'', performrandomwalk=''0'', singleclause=''1'', tabusearch=''0'', CONadaptwalkprob=''0'', CONselectclause=''1'', c='0.0011870168597208689', heuristic=''13'', promisinglist=''1'', s='0.001375893581866807', CONdp='0.19821387337153568', adaptiveprom=''0'', decreasingvariable=''9'', novnoise='0.14861100208422362', performalternatenovelty=''0'', updateschemepromlist=''3'', CONadaptpromwalkprob=''0'', promnovnoise='0.6497147606237637', CONpromwp='0.12471696852503102'
708.248000, 0.003200, 424.325588, 42, -283.922412, adaptive=''1'', clausepen=''2'', performrandomwalk=''0'', singleclause=''0'', tabusearch=''0'', DLSscoringmeasure=''1'', DLStiebreaking=''1'', adaptivenoisescheme=''2''
1375.896000, 0.002960, 930.653181, 153, -445.242819, adaptive=''1'', clausepen=''2'', performrandomwalk=''0'', singleclause=''0'', tabusearch=''0'', DLSscoringmeasure=''1'', DLStiebreaking=''2'', adaptivenoisescheme=''2''
1467.900000, 0.002920, 988.942012, 164, -478.957988, adaptive=''0'', clausepen=''1'', performrandomwalk=''1'', singleclause=''0'', tabusearch=''0'', DLSscoringmeasure=''1'', DLStiebreaking=''3'', randomwalk=''1'', smoothingscheme=''1'', DLSalpha='1.257982137157736', DLSps='0.011120911019553393', DLSrho='0.7362389103691495', DLSsapsthresh='-0.1711525730329081', DLSwp='0.037852810777251285', rwp='0.11459742242573612'
