{"wallclock_time": 0.0009660720825195312, "incumbent": ["sp-clause-activity-inc='1.0'", "sp-clause-decay='1.4'", "sp-clause-del-heur=''2''", "sp-first-restart='100'", "sp-learned-clause-sort-heur=''0''", "sp-learned-clauses-inc='1.3'", "sp-learned-size-factor='0.4'", "sp-orig-clause-sort-heur=''0''", "sp-phase-dec-heur=''5''", "sp-rand-var-dec-freq=''0.001''", "sp-resolution=''1''", "sp-restart-inc='1.5'", "sp-update-dec-queue=''1''", "sp-use-pure-literal-rule=''1''", "sp-var-activity-inc='1.0'", "sp-var-dec-heur=''0''", "sp-variable-decay='1.4'", "sp-max-res-lit-inc='1.0'", "sp-max-res-runs='4'", "sp-rand-phase-dec-freq=''0.001''", "sp-rand-var-dec-scaling='1.0'", "sp-res-cutoff-cls='8'", "sp-res-cutoff-lits='400'", "sp-res-order-heur=''0''", "sp-rand-phase-scaling='1.0'"], "evaluations": 0, "cost": 2147483648, "cpu_time": 0, "total_cpu_time": null}
{"wallclock_time": 7.3085503578186035, "incumbent": ["sp-clause-activity-inc='1.0'", "sp-clause-decay='1.4'", "sp-clause-del-heur=''2''", "sp-first-restart='100'", "sp-learned-clause-sort-heur=''0''", "sp-learned-clauses-inc='1.3'", "sp-learned-size-factor='0.4'", "sp-orig-clause-sort-heur=''0''", "sp-phase-dec-heur=''5''", "sp-rand-var-dec-freq=''0.001''", "sp-resolution=''1''", "sp-restart-inc='1.5'", "sp-update-dec-queue=''1''", "sp-use-pure-literal-rule=''1''", "sp-var-activity-inc='1.0'", "sp-var-dec-heur=''0''", "sp-variable-decay='1.4'", "sp-max-res-lit-inc='1.0'", "sp-max-res-runs='4'", "sp-rand-phase-dec-freq=''0.001''", "sp-rand-var-dec-scaling='1.0'", "sp-res-cutoff-cls='8'", "sp-res-cutoff-lits='400'", "sp-res-order-heur=''0''", "sp-rand-phase-scaling='1.0'"], "evaluations": 1, "cost": 50, "cpu_time": 5.0, "total_cpu_time": null}
{"wallclock_time": 374.1033136844635, "incumbent": ["sp-clause-activity-inc='0.9931754737331457'", "sp-clause-decay='1.5488910996085057'", "sp-clause-del-heur=''2''", "sp-first-restart='126'", "sp-learned-clause-sort-heur=''2''", "sp-learned-clauses-inc='1.2218360582449341'", "sp-learned-size-factor='0.8613700259576947'", "sp-orig-clause-sort-heur=''9''", "sp-phase-dec-heur=''5''", "sp-rand-var-dec-freq=''0''", "sp-resolution=''0''", "sp-restart-inc='1.7330776719791268'", "sp-update-dec-queue=''0''", "sp-use-pure-literal-rule=''1''", "sp-var-activity-inc='0.5784442652907231'", "sp-var-dec-heur=''3''", "sp-variable-decay='1.1069450845488669'", "sp-rand-phase-dec-freq=''0.0001''", "sp-rand-phase-scaling='0.7336798053213501'"], "evaluations": 130, "cost": 0.09023999999999997, "cpu_time": 235.43600000000015, "total_cpu_time": null}
{"wallclock_time": 828.7690727710724, "incumbent": ["sp-clause-activity-inc='1.0756508294331617'", "sp-clause-decay='1.6749909024749314'", "sp-clause-del-heur=''2''", "sp-first-restart='55'", "sp-learned-clause-sort-heur=''13''", "sp-learned-clauses-inc='1.2637607269254743'", "sp-learned-size-factor='0.8613700259576947'", "sp-orig-clause-sort-heur=''18''", "sp-phase-dec-heur=''1''", "sp-rand-var-dec-freq=''0.01''", "sp-resolution=''0''", "sp-restart-inc='1.7131111530807344'", "sp-update-dec-queue=''0''", "sp-use-pure-literal-rule=''1''", "sp-var-activity-inc='0.9394873559327346'", "sp-var-dec-heur=''3''", "sp-variable-decay='1.123848611712898'", "sp-rand-phase-dec-freq=''0.001''", "sp-rand-var-dec-scaling='1.0'", "sp-rand-phase-scaling='0.528159565852025'"], "evaluations": 325, "cost": 0.06520000000000001, "cpu_time": 441.324, "total_cpu_time": null}
