"CPU Time Used","Estimated Training Performance","Wallclock Time","Incumbent ID","Automatic Configurator (CPU) Time","Configuration..."
0.000000, 2147483648.000000, 0.000966, 1, 0.000966, sp-clause-activity-inc='1.0', sp-clause-decay='1.4', sp-clause-del-heur=''2'', sp-first-restart='100', sp-learned-clause-sort-heur=''0'', sp-learned-clauses-inc='1.3', sp-learned-size-factor='0.4', sp-orig-clause-sort-heur=''0'', sp-phase-dec-heur=''5'', sp-rand-var-dec-freq=''0.001'', sp-resolution=''1'', sp-restart-inc='1.5', sp-update-dec-queue=''1'', sp-use-pure-literal-rule=''1'', sp-var-activity-inc='1.0', sp-var-dec-heur=''0'', sp-variable-decay='1.4', sp-max-res-lit-inc='1.0', sp-max-res-runs='4', sp-rand-phase-dec-freq=''0.001'', sp-rand-var-dec-scaling='1.0', sp-res-cutoff-cls='8', sp-res-cutoff-lits='400', sp-res-order-heur=''0'', sp-rand-phase-scaling='1.0'
5.000000, 50.000000, 7.308550, 1, 2.308550, sp-clause-activity-inc='1.0', sp-clause-decay='1.4', sp-clause-del-heur=''2'', sp-first-restart='100', sp-learned-clause-sort-heur=''0'', sp-learned-clauses-inc='1.3', sp-learned-size-factor='0.4', sp-orig-clause-sort-heur=''0'', sp-phase-dec-heur=''5'', sp-rand-var-dec-freq=''0.001'', sp-resolution=''1'', sp-restart-inc='1.5', sp-update-dec-queue=''1'', sp-use-pure-literal-rule=''1'', sp-var-activity-inc='1.0', sp-var-dec-heur=''0'', sp-variable-decay='1.4', sp-max-res-lit-inc='1.0', sp-max-res-runs='4', sp-rand-phase-dec-freq=''0.001'', sp-rand-var-dec-scaling='1.0', sp-res-cutoff-cls='8', sp-res-cutoff-lits='400', sp-res-order-heur=''0'', sp-rand-phase-scaling='1.0'
235.436000, 0.090240, 374.103314, 19, 138.667314, sp-clause-activity-inc='0.9931754737331457', sp-clause-decay='1.5488910996085057', sp-clause-del-heur=''2'', sp-first-restart='126', sp-learned-clause-sort-heur=''2'', sp-learned-clauses-inc='1.2218360582449341', sp-learned-size-factor='0.8613700259576947', sp-orig-clause-sort-heur=''9'', sp-phase-dec-heur=''5'', sp-rand-var-dec-freq=''0'', sp-resolution=''0'', sp-restart-inc='1.7330776719791268', sp-update-dec-queue=''0'', sp-use-pure-literal-rule=''1'', sp-var-activity-inc='0.5784442652907231', sp-var-dec-heur=''3'', sp-variable-decay='1.1069450845488669', sp-rand-phase-dec-freq=''0.0001'', sp-rand-phase-scaling='0.7336798053213501'
441.324000, 0.065200, 828.769073, 50, 387.445073, sp-clause-activity-inc='1.0756508294331617', sp-clause-decay='1.6749909024749314', sp-clause-del-heur=''2'', sp-first-restart='55', sp-learned-clause-sort-heur=''13'', sp-learned-clauses-inc='1.2637607269254743', sp-learned-size-factor='0.8613700259576947', sp-orig-clause-sort-heur=''18'', sp-phase-dec-heur=''1'', sp-rand-var-dec-freq=''0.01'', sp-resolution=''0'', sp-restart-inc='1.7131111530807344', sp-update-dec-queue=''0'', sp-use-pure-literal-rule=''1'', sp-var-activity-inc='0.9394873559327346', sp-var-dec-heur=''3'', sp-variable-decay='1.123848611712898', sp-rand-phase-dec-freq=''0.001'', sp-rand-var-dec-scaling='1.0', sp-rand-phase-scaling='0.528159565852025'
