"CPU Time Used","Estimated Training Performance","Wallclock Time","Incumbent ID","Automatic Configurator (CPU) Time","Configuration..."
0.000000, 2147483648.000000, 0.001489, 1, 0.001489, adaptive=''1'', clausepen=''1'', performrandomwalk=''0'', singleclause=''1'', tabusearch=''0'', adaptivenoisescheme=''1'', adaptwalkprob=''0'', heuristic=''2'', promisinglist=''1'', ps='0.4', selectclause=''1'', smoothingscheme=''1'', adaptiveprom=''0'', decreasingvariable=''3'', performalternatenovelty=''1'', phi='5', theta='6', updateschemepromlist=''3'', wp='0.01', CONadaptpromwalkprob=''0''
0.032000, 0.032000, 0.531293, 1, 0.499293, adaptive=''1'', clausepen=''1'', performrandomwalk=''0'', singleclause=''1'', tabusearch=''0'', adaptivenoisescheme=''1'', adaptwalkprob=''0'', heuristic=''2'', promisinglist=''1'', ps='0.4', selectclause=''1'', smoothingscheme=''1'', adaptiveprom=''0'', decreasingvariable=''3'', performalternatenovelty=''1'', phi='5', theta='6', updateschemepromlist=''3'', wp='0.01', CONadaptpromwalkprob=''0''
19.332000, 0.041200, 10.144329, 2, -9.187671, adaptive=''0'', clausepen=''0'', performrandomwalk=''1'', singleclause=''0'', tabusearch=''1'', DLSscoringmeasure=''1'', DLStiebreaking=''2'', randomwalk=''1'', tabu='16', rwp='0.11860732000368628'
25.000000, 0.007306, 19.520044, 6, -5.479956, adaptive=''0'', clausepen=''1'', performrandomwalk=''1'', singleclause=''1'', tabusearch=''1'', CONadaptwalkprob=''0'', c='7.482231624123594e-05', heuristic=''3'', promisinglist=''1'', ps='0.3521763389474045', randomwalk=''3'', s='0.037556100343050874', selectclause=''7'', smoothingscheme=''1'', tabu='10', CONdp='0.032425080201160604', adaptiveprom=''1'', decreasingvariable=''1'', novnoise='0.10435396031438501', performalternatenovelty=''0'', rdp='0.054049230619964396', updateschemepromlist=''3'', adaptpromwalkprob=''0'', tiebreaking='1'
28.264000, 0.006333, 28.347320, 9, 0.083320, adaptive=''0'', clausepen=''1'', performrandomwalk=''0'', singleclause=''1'', tabusearch=''1'', CONadaptwalkprob=''0'', c='0.0030131182168853547', heuristic=''6'', promisinglist=''1'', ps='0.9930163230893119', s='0.046843709220400306', selectclause=''7'', smoothingscheme=''1'', tabu='20', CONwp='0.0789413852968013', adaptiveprom=''0'', decreasingvariable=''5'', novnoise='0.5721564668114896', updateschemepromlist=''3'', CONadaptpromwalkprob=''0'', tiebreaking='1'
34.456000, 0.002746, 37.456314, 12, 3.000314, adaptive=''1'', clausepen=''2'', performrandomwalk=''1'', singleclause=''0'', tabusearch=''0'', DLSscoringmeasure=''1'', DLStiebreaking=''3'', adaptivenoisescheme=''1'', randomwalk=''1'', rwp='0.12944441643243226'
77.016000, 0.001781, 74.782950, 24, -2.233050, adaptive=''1'', clausepen=''2'', performrandomwalk=''1'', singleclause=''0'', tabusearch=''0'', DLSscoringmeasure=''3'', DLStiebreaking=''2'', adaptivenoisescheme=''2'', randomwalk=''3'', rdp='0.07497375925651949'
383.020000, 0.001604, 248.895431, 57, -134.124569, adaptive=''1'', clausepen=''1'', performrandomwalk=''0'', singleclause=''0'', tabusearch=''1'', DLSscoringmeasure=''1'', DLStiebreaking=''2'', adaptivenoisescheme=''1'', smoothingscheme=''1'', tabu='14', DLSalpha='1.149705735787831', DLSrho='0.22491589572458137', DLSsapsthresh='-0.21038735760412924', DLSwp='0.024970982817042915'
411.424000, 0.001231, 281.140049, 65, -130.283951, adaptive=''0'', clausepen=''1'', performrandomwalk=''1'', singleclause=''0'', tabusearch=''0'', DLSscoringmeasure=''1'', DLStiebreaking=''1'', randomwalk=''3'', smoothingscheme=''2'', DLSmaxinc='15', DLSpflat='0.13436175506938047', rdp='0.10839908792998881'
449.868000, 0.001143, 317.633466, 72, -132.234534, adaptive=''0'', clausepen=''1'', performrandomwalk=''0'', singleclause=''1'', tabusearch=''1'', CONadaptwalkprob=''0'', c='0.002075071438426037', heuristic=''8'', promisinglist=''1'', ps='0.4390429202306473', s='0.029220390026611247', selectclause=''1'', smoothingscheme=''1'', tabu='5', adaptiveprom=''0'', decreasingvariable=''4'', updateschemepromlist=''1'', wpwalk='0.7398527204002896', CONadaptpromwalkprob=''0'', tiebreaking='4'
1008.184000, 0.001140, 675.278103, 124, -332.905897, adaptive=''1'', clausepen=''2'', performrandomwalk=''1'', singleclause=''1'', tabusearch=''1'', adaptivenoisescheme=''2'', adaptwalkprob=''0'', heuristic=''5'', promisinglist=''1'', randomwalk=''5'', tabu='15', adaptiveprom=''1'', decreasingvariable=''9'', phi='3', rfp='0.10194306689776683', theta='7', updateschemepromlist=''3'', adaptpromwalkprob=''0'', promphi='9', promtheta='4', promwp='0.06189632878077302'
1152.776000, 0.000725, 797.190251, 140, -355.585749, adaptive=''1'', clausepen=''0'', performrandomwalk=''0'', singleclause=''1'', tabusearch=''0'', CONselectclause=''1'', adaptivenoisescheme=''1'', adaptwalkprob=''1'', heuristic=''2'', promisinglist=''1'', adaptiveprom=''0'', decreasingvariable=''11'', performalternatenovelty=''0'', phi='9', theta='6', updateschemepromlist=''3'', CONadaptpromwalkprob=''0'', promnovnoise='0.1669034086080246', CONpromwp='0.07643457939063103'
1191.452000, 0.000643, 826.979161, 144, -364.472839, adaptive=''1'', clausepen=''2'', performrandomwalk=''0'', singleclause=''0'', tabusearch=''0'', DLSscoringmeasure=''3'', DLStiebreaking=''2'', adaptivenoisescheme=''1''
2580.004000, 0.000541, 1492.612020, 180, -1087.391980, adaptive=''1'', clausepen=''2'', performrandomwalk=''1'', singleclause=''0'', tabusearch=''1'', DLSscoringmeasure=''1'', DLStiebreaking=''3'', adaptivenoisescheme=''2'', randomwalk=''1'', tabu='10', rwp='0.14401267775929713'
3607.952000, 0.000535, 2040.343266, 160, -1567.608734, adaptive=''1'', clausepen=''2'', performrandomwalk=''0'', singleclause=''0'', tabusearch=''0'', DLSscoringmeasure=''3'', DLStiebreaking=''4'', adaptivenoisescheme=''2''
5839.188000, 0.000450, 3010.106488, 245, -2829.081512, adaptive=''1'', clausepen=''1'', performrandomwalk=''1'', singleclause=''0'', tabusearch=''0'', DLSscoringmeasure=''3'', DLStiebreaking=''1'', adaptivenoisescheme=''1'', randomwalk=''1'', smoothingscheme=''1'', DLSalpha='1.202827000918782', DLSrho='0.7299868883134416', DLSsapsthresh='-0.37348993640498696', DLSwp='0.02947581491165773', rwp='0.06870976899422568'
