{"evaluations": 0, "cpu_time": 0, "incumbent": ["adaptive=''1''", "clausepen=''1''", "performrandomwalk=''0''", "singleclause=''1''", "tabusearch=''0''", "adaptivenoisescheme=''1''", "adaptwalkprob=''0''", "heuristic=''2''", "promisinglist=''1''", "ps='0.4'", "selectclause=''1''", "smoothingscheme=''1''", "adaptiveprom=''0''", "decreasingvariable=''3''", "performalternatenovelty=''1''", "phi='5'", "theta='6'", "updateschemepromlist=''3''", "wp='0.01'", "CONadaptpromwalkprob=''0''"], "wallclock_time": 0.0014886856079101562, "cost": 2147483648, "total_cpu_time": null}
{"evaluations": 1, "cpu_time": 0.032, "incumbent": ["adaptive=''1''", "clausepen=''1''", "performrandomwalk=''0''", "singleclause=''1''", "tabusearch=''0''", "adaptivenoisescheme=''1''", "adaptwalkprob=''0''", "heuristic=''2''", "promisinglist=''1''", "ps='0.4'", "selectclause=''1''", "smoothingscheme=''1''", "adaptiveprom=''0''", "decreasingvariable=''3''", "performalternatenovelty=''1''", "phi='5'", "theta='6'", "updateschemepromlist=''3''", "wp='0.01'", "CONadaptpromwalkprob=''0''"], "wallclock_time": 0.5312926769256592, "cost": 0.032, "total_cpu_time": null}
{"evaluations": 18, "cpu_time": 19.332, "incumbent": ["adaptive=''0''", "clausepen=''0''", "performrandomwalk=''1''", "singleclause=''0''", "tabusearch=''1''", "DLSscoringmeasure=''1''", "DLStiebreaking=''2''", "randomwalk=''1''", "tabu='16'", "rwp='0.11860732000368628'"], "wallclock_time": 10.144329309463501, "cost": 0.0412, "total_cpu_time": null}
{"evaluations": 55, "cpu_time": 24.999999999999993, "incumbent": ["adaptive=''0''", "clausepen=''1''", "performrandomwalk=''1''", "singleclause=''1''", "tabusearch=''1''", "CONadaptwalkprob=''0''", "c='7.482231624123594e-05'", "heuristic=''3''", "promisinglist=''1''", "ps='0.3521763389474045'", "randomwalk=''3''", "s='0.037556100343050874'", "selectclause=''7''", "smoothingscheme=''1''", "tabu='10'", "CONdp='0.032425080201160604'", "adaptiveprom=''1''", "decreasingvariable=''1''", "novnoise='0.10435396031438501'", "performalternatenovelty=''0''", "rdp='0.054049230619964396'", "updateschemepromlist=''3''", "adaptpromwalkprob=''0''", "tiebreaking='1'"], "wallclock_time": 19.52004384994507, "cost": 0.007305785123966942, "total_cpu_time": null}
{"evaluations": 88, "cpu_time": 28.264000000000014, "incumbent": ["adaptive=''0''", "clausepen=''1''", "performrandomwalk=''0''", "singleclause=''1''", "tabusearch=''1''", "CONadaptwalkprob=''0''", "c='0.0030131182168853547'", "heuristic=''6''", "promisinglist=''1''", "ps='0.9930163230893119'", "s='0.046843709220400306'", "selectclause=''7''", "smoothingscheme=''1''", "tabu='20'", "CONwp='0.0789413852968013'", "adaptiveprom=''0''", "decreasingvariable=''5''", "novnoise='0.5721564668114896'", "updateschemepromlist=''3''", "CONadaptpromwalkprob=''0''", "tiebreaking='1'"], "wallclock_time": 28.347320318222046, "cost": 0.006333333333333331, "total_cpu_time": null}
{"evaluations": 127, "cpu_time": 34.45599999999999, "incumbent": ["adaptive=''1''", "clausepen=''2''", "performrandomwalk=''1''", "singleclause=''0''", "tabusearch=''0''", "DLSscoringmeasure=''1''", "DLStiebreaking=''3''", "adaptivenoisescheme=''1''", "randomwalk=''1''", "rwp='0.12944441643243226'"], "wallclock_time": 37.45631384849548, "cost": 0.0027455621301775146, "total_cpu_time": null}
{"evaluations": 213, "cpu_time": 77.01600000000003, "incumbent": ["adaptive=''1''", "clausepen=''2''", "performrandomwalk=''1''", "singleclause=''0''", "tabusearch=''0''", "DLSscoringmeasure=''3''", "DLStiebreaking=''2''", "adaptivenoisescheme=''2''", "randomwalk=''3''", "rdp='0.07497375925651949'"], "wallclock_time": 74.78294968605042, "cost": 0.0017812500000000007, "total_cpu_time": null}
{"evaluations": 520, "cpu_time": 383.01999999999896, "incumbent": ["adaptive=''1''", "clausepen=''1''", "performrandomwalk=''0''", "singleclause=''0''", "tabusearch=''1''", "DLSscoringmeasure=''1''", "DLStiebreaking=''2''", "adaptivenoisescheme=''1''", "smoothingscheme=''1''", "tabu='14'", "DLSalpha='1.149705735787831'", "DLSrho='0.22491589572458137'", "DLSsapsthresh='-0.21038735760412924'", "DLSwp='0.024970982817042915'"], "wallclock_time": 248.89543080329895, "cost": 0.0016041666666666676, "total_cpu_time": null}
{"evaluations": 616, "cpu_time": 411.4239999999989, "incumbent": ["adaptive=''0''", "clausepen=''1''", "performrandomwalk=''1''", "singleclause=''0''", "tabusearch=''0''", "DLSscoringmeasure=''1''", "DLStiebreaking=''1''", "randomwalk=''3''", "smoothingscheme=''2''", "DLSmaxinc='15'", "DLSpflat='0.13436175506938047'", "rdp='0.10839908792998881'"], "wallclock_time": 281.1400489807129, "cost": 0.0012307692307692312, "total_cpu_time": null}
{"evaluations": 726, "cpu_time": 449.8679999999976, "incumbent": ["adaptive=''0''", "clausepen=''1''", "performrandomwalk=''0''", "singleclause=''1''", "tabusearch=''1''", "CONadaptwalkprob=''0''", "c='0.002075071438426037'", "heuristic=''8''", "promisinglist=''1''", "ps='0.4390429202306473'", "s='0.029220390026611247'", "selectclause=''1''", "smoothingscheme=''1''", "tabu='5'", "adaptiveprom=''0''", "decreasingvariable=''4''", "updateschemepromlist=''1''", "wpwalk='0.7398527204002896'", "CONadaptpromwalkprob=''0''", "tiebreaking='4'"], "wallclock_time": 317.63346552848816, "cost": 0.0011428571428571434, "total_cpu_time": null}
{"evaluations": 1573, "cpu_time": 1008.1839999999995, "incumbent": ["adaptive=''1''", "clausepen=''2''", "performrandomwalk=''1''", "singleclause=''1''", "tabusearch=''1''", "adaptivenoisescheme=''2''", "adaptwalkprob=''0''", "heuristic=''5''", "promisinglist=''1''", "randomwalk=''5''", "tabu='15'", "adaptiveprom=''1''", "decreasingvariable=''9''", "phi='3'", "rfp='0.10194306689776683'", "theta='7'", "updateschemepromlist=''3''", "adaptpromwalkprob=''0''", "promphi='9'", "promtheta='4'", "promwp='0.06189632878077302'"], "wallclock_time": 675.2781026363373, "cost": 0.0011397977394408095, "total_cpu_time": null}
{"evaluations": 2004, "cpu_time": 1152.7759999999976, "incumbent": ["adaptive=''1''", "clausepen=''0''", "performrandomwalk=''0''", "singleclause=''1''", "tabusearch=''0''", "CONselectclause=''1''", "adaptivenoisescheme=''1''", "adaptwalkprob=''1''", "heuristic=''2''", "promisinglist=''1''", "adaptiveprom=''0''", "decreasingvariable=''11''", "performalternatenovelty=''0''", "phi='9'", "theta='6'", "updateschemepromlist=''3''", "CONadaptpromwalkprob=''0''", "promnovnoise='0.1669034086080246'", "CONpromwp='0.07643457939063103'"], "wallclock_time": 797.1902508735657, "cost": 0.000724938271604939, "total_cpu_time": null}
{"evaluations": 2088, "cpu_time": 1191.452, "incumbent": ["adaptive=''1''", "clausepen=''2''", "performrandomwalk=''0''", "singleclause=''0''", "tabusearch=''0''", "DLSscoringmeasure=''3''", "DLStiebreaking=''2''", "adaptivenoisescheme=''1''"], "wallclock_time": 826.9791612625122, "cost": 0.0006427221172022688, "total_cpu_time": null}
{"evaluations": 3062, "cpu_time": 2580.004000000005, "incumbent": ["adaptive=''1''", "clausepen=''2''", "performrandomwalk=''1''", "singleclause=''0''", "tabusearch=''1''", "DLSscoringmeasure=''1''", "DLStiebreaking=''3''", "adaptivenoisescheme=''2''", "randomwalk=''1''", "tabu='10'", "rwp='0.14401267775929713'"], "wallclock_time": 1492.6120200157166, "cost": 0.0005408264462809922, "total_cpu_time": null}
{"evaluations": 4117, "cpu_time": 3607.9519999999816, "incumbent": ["adaptive=''1''", "clausepen=''2''", "performrandomwalk=''0''", "singleclause=''0''", "tabusearch=''0''", "DLSscoringmeasure=''3''", "DLStiebreaking=''4''", "adaptivenoisescheme=''2''"], "wallclock_time": 2040.3432664871216, "cost": 0.0005349112426035507, "total_cpu_time": null}
{"evaluations": 5197, "cpu_time": 5839.188000000011, "incumbent": ["adaptive=''1''", "clausepen=''1''", "performrandomwalk=''1''", "singleclause=''0''", "tabusearch=''0''", "DLSscoringmeasure=''3''", "DLStiebreaking=''1''", "adaptivenoisescheme=''1''", "randomwalk=''1''", "smoothingscheme=''1''", "DLSalpha='1.202827000918782'", "DLSrho='0.7299868883134416'", "DLSsapsthresh='-0.37348993640498696'", "DLSwp='0.02947581491165773'", "rwp='0.06870976899422568'"], "wallclock_time": 3010.1064875125885, "cost": 0.0004498456790123459, "total_cpu_time": null}
