"CPU Time Used","Estimated Training Performance","Wallclock Time","Incumbent ID","Automatic Configurator (CPU) Time","Configuration..."
0.000000, 2147483648.000000, 0.001422, 1, 0.001422, adaptive=''1'', clausepen=''1'', performrandomwalk=''0'', singleclause=''1'', tabusearch=''0'', adaptivenoisescheme=''1'', adaptwalkprob=''0'', heuristic=''2'', promisinglist=''1'', ps='0.4', selectclause=''1'', smoothingscheme=''1'', adaptiveprom=''0'', decreasingvariable=''3'', performalternatenovelty=''1'', phi='5', theta='6', updateschemepromlist=''3'', wp='0.01', CONadaptpromwalkprob=''0''
5.000000, 50.000000, 7.636245, 1, 2.636245, adaptive=''1'', clausepen=''1'', performrandomwalk=''0'', singleclause=''1'', tabusearch=''0'', adaptivenoisescheme=''1'', adaptwalkprob=''0'', heuristic=''2'', promisinglist=''1'', ps='0.4', selectclause=''1'', smoothingscheme=''1'', adaptiveprom=''0'', decreasingvariable=''3'', performalternatenovelty=''1'', phi='5', theta='6', updateschemepromlist=''3'', wp='0.01', CONadaptpromwalkprob=''0''
63.684000, 0.454545, 106.945966, 2, 43.261966, adaptive=''0'', clausepen=''1'', performrandomwalk=''0'', singleclause=''1'', tabusearch=''0'', CONadaptwalkprob=''0'', c='0.06300866971976342', heuristic=''9'', promisinglist=''0'', ps='0.42694598734047284', s='0.03153705421024783', selectclause=''1'', smoothingscheme=''1'', wpwalk='0.5178003643895858'
64.204000, 0.003611, 113.574260, 3, 49.370260, adaptive=''1'', clausepen=''1'', performrandomwalk=''0'', singleclause=''1'', tabusearch=''1'', adaptivenoisescheme=''1'', adaptwalkprob=''0'', heuristic=''2'', promisinglist=''1'', ps='0.689036342607268', selectclause=''1'', smoothingscheme=''2'', tabu='9', adaptiveprom=''1'', decreasingvariable=''10'', performalternatenovelty=''0'', phi='4', theta='7', updateschemepromlist=''3'', wp='0.1184960536295196', adaptpromwalkprob=''1'', promphi='9', promtheta='6'
475.532000, 0.002400, 738.634542, 11, 263.102542, adaptive=''0'', clausepen=''1'', performrandomwalk=''1'', singleclause=''1'', tabusearch=''1'', CONadaptwalkprob=''0'', c='0.08252772544240748', heuristic=''9'', promisinglist=''1'', ps='0.16551300364800284', randomwalk=''3'', s='0.016962474366603114', selectclause=''7'', smoothingscheme=''1'', tabu='13', adaptiveprom=''1'', decreasingvariable=''9'', rdp='0.015720661138018614', updateschemepromlist=''3'', wpwalk='0.16389165520413804', adaptpromwalkprob=''0'', promphi='10', promtheta='6', promwp='0.16144775721434726'
1182.044000, 0.002074, 1836.260677, 18, 654.216677, adaptive=''0'', clausepen=''1'', performrandomwalk=''0'', singleclause=''1'', tabusearch=''1'', CONadaptwalkprob=''0'', c='0.029787835158885886', heuristic=''11'', promisinglist=''1'', ps='0.44980718065388803', s='0.0331942806275986', selectclause=''1'', smoothingscheme=''2'', tabu='4', CONwp='0.1960693843544636', adaptiveprom=''1'', decreasingvariable=''8'', novnoise='0.137029204594737', performalternatenovelty=''0'', updateschemepromlist=''1'', adaptpromwalkprob=''1'', promphi='8', promtheta='4'
1182.976000, 0.001189, 1851.457968, 19, 668.481968, adaptive=''1'', clausepen=''2'', performrandomwalk=''1'', singleclause=''0'', tabusearch=''0'', DLSscoringmeasure=''3'', DLStiebreaking=''1'', adaptivenoisescheme=''2'', randomwalk=''1'', rwp='0.050409964738095'
