{"wallclock_time": 0.0014216899871826172, "cpu_time": 0, "evaluations": 0, "incumbent": ["adaptive=''1''", "clausepen=''1''", "performrandomwalk=''0''", "singleclause=''1''", "tabusearch=''0''", "adaptivenoisescheme=''1''", "adaptwalkprob=''0''", "heuristic=''2''", "promisinglist=''1''", "ps='0.4'", "selectclause=''1''", "smoothingscheme=''1''", "adaptiveprom=''0''", "decreasingvariable=''3''", "performalternatenovelty=''1''", "phi='5'", "theta='6'", "updateschemepromlist=''3''", "wp='0.01'", "CONadaptpromwalkprob=''0''"], "total_cpu_time": null, "cost": 2147483648}
{"wallclock_time": 7.636244773864746, "cpu_time": 5.0, "evaluations": 1, "incumbent": ["adaptive=''1''", "clausepen=''1''", "performrandomwalk=''0''", "singleclause=''1''", "tabusearch=''0''", "adaptivenoisescheme=''1''", "adaptwalkprob=''0''", "heuristic=''2''", "promisinglist=''1''", "ps='0.4'", "selectclause=''1''", "smoothingscheme=''1''", "adaptiveprom=''0''", "decreasingvariable=''3''", "performalternatenovelty=''1''", "phi='5'", "theta='6'", "updateschemepromlist=''3''", "wp='0.01'", "CONadaptpromwalkprob=''0''"], "total_cpu_time": null, "cost": 50}
{"wallclock_time": 106.94596600532532, "cpu_time": 63.684, "evaluations": 21, "incumbent": ["adaptive=''0''", "clausepen=''1''", "performrandomwalk=''0''", "singleclause=''1''", "tabusearch=''0''", "CONadaptwalkprob=''0''", "c='0.06300866971976342'", "heuristic=''9''", "promisinglist=''0''", "ps='0.42694598734047284'", "s='0.03153705421024783'", "selectclause=''1''", "smoothingscheme=''1''", "wpwalk='0.5178003643895858'"], "total_cpu_time": null, "cost": 0.45454545454545453}
{"wallclock_time": 113.57426023483276, "cpu_time": 64.204, "evaluations": 33, "incumbent": ["adaptive=''1''", "clausepen=''1''", "performrandomwalk=''0''", "singleclause=''1''", "tabusearch=''1''", "adaptivenoisescheme=''1''", "adaptwalkprob=''0''", "heuristic=''2''", "promisinglist=''1''", "ps='0.689036342607268'", "selectclause=''1''", "smoothingscheme=''2''", "tabu='9'", "adaptiveprom=''1''", "decreasingvariable=''10''", "performalternatenovelty=''0''", "phi='4'", "theta='7'", "updateschemepromlist=''3''", "wp='0.1184960536295196'", "adaptpromwalkprob=''1''", "promphi='9'", "promtheta='6'"], "total_cpu_time": null, "cost": 0.0036111111111111105}
{"wallclock_time": 738.6345422267914, "cpu_time": 475.5320000000002, "evaluations": 165, "incumbent": ["adaptive=''0''", "clausepen=''1''", "performrandomwalk=''1''", "singleclause=''1''", "tabusearch=''1''", "CONadaptwalkprob=''0''", "c='0.08252772544240748'", "heuristic=''9''", "promisinglist=''1''", "ps='0.16551300364800284'", "randomwalk=''3''", "s='0.016962474366603114'", "selectclause=''7''", "smoothingscheme=''1''", "tabu='13'", "adaptiveprom=''1''", "decreasingvariable=''9''", "rdp='0.015720661138018614'", "updateschemepromlist=''3''", "wpwalk='0.16389165520413804'", "adaptpromwalkprob=''0''", "promphi='10'", "promtheta='6'", "promwp='0.16144775721434726'"], "total_cpu_time": null, "cost": 0.002400000000000001}
{"wallclock_time": 1836.260677099228, "cpu_time": 1182.0440000000012, "evaluations": 333, "incumbent": ["adaptive=''0''", "clausepen=''1''", "performrandomwalk=''0''", "singleclause=''1''", "tabusearch=''1''", "CONadaptwalkprob=''0''", "c='0.029787835158885886'", "heuristic=''11''", "promisinglist=''1''", "ps='0.44980718065388803'", "s='0.0331942806275986'", "selectclause=''1''", "smoothingscheme=''2''", "tabu='4'", "CONwp='0.1960693843544636'", "adaptiveprom=''1''", "decreasingvariable=''8''", "novnoise='0.137029204594737'", "performalternatenovelty=''0''", "updateschemepromlist=''1''", "adaptpromwalkprob=''1''", "promphi='8'", "promtheta='4'"], "total_cpu_time": null, "cost": 0.0020740740740740754}
{"wallclock_time": 1851.4579677581787, "cpu_time": 1182.9759999999997, "evaluations": 361, "incumbent": ["adaptive=''1''", "clausepen=''2''", "performrandomwalk=''1''", "singleclause=''0''", "tabusearch=''0''", "DLSscoringmeasure=''3''", "DLStiebreaking=''1''", "adaptivenoisescheme=''2''", "randomwalk=''1''", "rwp='0.050409964738095'"], "total_cpu_time": null, "cost": 0.0011887755102040823}
