"CPU Time Used","Estimated Training Performance","Wallclock Time","Incumbent ID","Automatic Configurator (CPU) Time","Configuration..."
0.000000, 2147483648.000000, 0.001381, 1, 0.001381, adaptive=''1'', clausepen=''1'', performrandomwalk=''0'', singleclause=''1'', tabusearch=''0'', adaptivenoisescheme=''1'', adaptwalkprob=''0'', heuristic=''2'', promisinglist=''1'', ps='0.4', selectclause=''1'', smoothingscheme=''1'', adaptiveprom=''0'', decreasingvariable=''3'', performalternatenovelty=''1'', phi='5', theta='6', updateschemepromlist=''3'', wp='0.01', CONadaptpromwalkprob=''0''
5.000000, 50.000000, 7.543447, 1, 2.543447, adaptive=''1'', clausepen=''1'', performrandomwalk=''0'', singleclause=''1'', tabusearch=''0'', adaptivenoisescheme=''1'', adaptwalkprob=''0'', heuristic=''2'', promisinglist=''1'', ps='0.4', selectclause=''1'', smoothingscheme=''1'', adaptiveprom=''0'', decreasingvariable=''3'', performalternatenovelty=''1'', phi='5', theta='6', updateschemepromlist=''3'', wp='0.01', CONadaptpromwalkprob=''0''
86.112000, 0.003240, 158.533434, 11, 72.421434, adaptive=''1'', clausepen=''1'', performrandomwalk=''1'', singleclause=''0'', tabusearch=''0'', DLSscoringmeasure=''3'', DLStiebreaking=''4'', adaptivenoisescheme=''1'', randomwalk=''3'', smoothingscheme=''1'', DLSalpha='1.2104786214022534', DLSrho='0.8283965041719044', DLSsapsthresh='-0.33612938681905596', DLSwp='0.04215903948399469', rdp='0.12045948590594434'
325.696000, 0.002840, 571.443312, 35, 245.747312, adaptive=''1'', clausepen=''2'', performrandomwalk=''1'', singleclause=''0'', tabusearch=''0'', DLSscoringmeasure=''3'', DLStiebreaking=''4'', adaptivenoisescheme=''2'', randomwalk=''3'', rdp='0.05'
