"CPU Time Used","Estimated Training Performance","Wallclock Time","Incumbent ID","Automatic Configurator (CPU) Time","Configuration..."
0.000000, 2147483648.000000, 0.001491, 1, 0.001491, adaptive=''1'', clausepen=''1'', performrandomwalk=''0'', singleclause=''1'', tabusearch=''0'', adaptivenoisescheme=''1'', adaptwalkprob=''0'', heuristic=''2'', promisinglist=''1'', ps='0.4', selectclause=''1'', smoothingscheme=''1'', adaptiveprom=''0'', decreasingvariable=''3'', performalternatenovelty=''1'', phi='5', theta='6', updateschemepromlist=''3'', wp='0.01', CONadaptpromwalkprob=''0''
1.376000, 1.376000, 1.977341, 1, 0.601341, adaptive=''1'', clausepen=''1'', performrandomwalk=''0'', singleclause=''1'', tabusearch=''0'', adaptivenoisescheme=''1'', adaptwalkprob=''0'', heuristic=''2'', promisinglist=''1'', ps='0.4', selectclause=''1'', smoothingscheme=''1'', adaptiveprom=''0'', decreasingvariable=''3'', performalternatenovelty=''1'', phi='5', theta='6', updateschemepromlist=''3'', wp='0.01', CONadaptpromwalkprob=''0''
4.504000, 0.010000, 9.321450, 2, 4.817450, adaptive=''1'', clausepen=''0'', performrandomwalk=''1'', singleclause=''1'', tabusearch=''1'', CONselectclause=''1'', adaptivenoisescheme=''2'', adaptwalkprob=''0'', heuristic=''8'', promisinglist=''1'', randomwalk=''4'', tabu='2', adaptiveprom=''1'', decreasingvariable=''7'', rfp='0.12012172717631044', updateschemepromlist=''2'', adaptpromwalkprob=''0'', promphi='8', promtheta='8'
14.684000, 0.007636, 19.227404, 3, 4.543404, adaptive=''0'', clausepen=''2'', performrandomwalk=''1'', singleclause=''1'', tabusearch=''1'', CONadaptwalkprob=''0'', c='1.0540361759263047e-06', heuristic=''1'', promisinglist=''1'', randomwalk=''4'', s='0.00381133022620455', tabu='3', adaptiveprom=''1'', decreasingvariable=''4'', novnoise='0.35498594381855086', performalternatenovelty=''0'', rfp='0.0985322887185434', updateschemepromlist=''1'', adaptpromwalkprob=''0'', tiebreaking='3'
254.716000, 0.003976, 136.273912, 11, -118.442088, adaptive=''0'', clausepen=''0'', performrandomwalk=''1'', singleclause=''1'', tabusearch=''1'', CONadaptwalkprob=''0'', CONselectclause=''1'', c='0.010000000000000014', heuristic=''3'', promisinglist=''1'', randomwalk=''4'', s='0.007021720423115787', tabu='2', CONdp='0.05', adaptiveprom=''1'', decreasingvariable=''9'', novnoise='0.5', performalternatenovelty=''1'', rfp='0.12012172717631044', updateschemepromlist=''2'', adaptpromwalkprob=''0'', promphi='4', promtheta='8', promwp='0.01'
273.260000, 0.002400, 175.003693, 20, -98.256307, adaptive=''0'', clausepen=''0'', performrandomwalk=''1'', singleclause=''1'', tabusearch=''1'', CONadaptwalkprob=''0'', CONselectclause=''1'', c='0.010000000000000014', heuristic=''4'', promisinglist=''1'', randomwalk=''5'', s='0.0044643360112254045', tabu='2', CONdp='0.05', adaptiveprom=''1'', decreasingvariable=''9'', novnoise='0.5', performalternatenovelty=''1'', rfp='0.12012172717631044', updateschemepromlist=''2'', adaptpromwalkprob=''0'', promphi='8', promtheta='8', promwp='0.01'
1585.784000, 0.001965, 774.136673, 53, -811.647327, adaptive=''1'', clausepen=''2'', performrandomwalk=''1'', singleclause=''0'', tabusearch=''0'', DLSscoringmeasure=''3'', DLStiebreaking=''1'', adaptivenoisescheme=''2'', randomwalk=''5'', rfp='0.04770547144460923'
1694.448000, 0.001202, 848.070894, 59, -846.377106, adaptive=''1'', clausepen=''2'', performrandomwalk=''1'', singleclause=''0'', tabusearch=''1'', DLSscoringmeasure=''3'', DLStiebreaking=''1'', adaptivenoisescheme=''2'', randomwalk=''5'', tabu='1', rfp='0.01'
2594.956000, 0.001082, 1236.275807, 75, -1358.680193, adaptive=''1'', clausepen=''0'', performrandomwalk=''1'', singleclause=''1'', tabusearch=''0'', CONselectclause=''1'', adaptivenoisescheme=''2'', adaptwalkprob=''0'', heuristic=''4'', promisinglist=''1'', randomwalk=''5'', adaptiveprom=''1'', decreasingvariable=''5'', dp='0.05', performalternatenovelty=''1'', phi='5', rfp='0.13977566577464795', theta='6', updateschemepromlist=''3'', adaptpromwalkprob=''0'', tiebreaking='1'
2653.304000, 0.000983, 1336.448118, 86, -1316.855882, adaptive=''0'', clausepen=''0'', performrandomwalk=''1'', singleclause=''1'', tabusearch=''0'', CONadaptwalkprob=''0'', CONselectclause=''1'', c='0.010000000000000014', heuristic=''4'', promisinglist=''1'', randomwalk=''5'', s='0.0047640330617580275', CONdp='0.05', adaptiveprom=''1'', decreasingvariable=''9'', novnoise='0.5', performalternatenovelty=''1'', rfp='0.07514217158357828', updateschemepromlist=''1'', adaptpromwalkprob=''0'', promphi='8', promtheta='6', promwp='0.01'
2667.792000, 0.000807, 1370.560673, 90, -1297.231327, adaptive=''0'', clausepen=''0'', performrandomwalk=''1'', singleclause=''1'', tabusearch=''0'', CONadaptwalkprob=''0'', CONselectclause=''1'', c='0.010000000000000014', heuristic=''4'', promisinglist=''1'', randomwalk=''5'', s='0.003996224377234916', CONdp='0.05', adaptiveprom=''1'', decreasingvariable=''5'', novnoise='0.5', performalternatenovelty=''1'', rfp='0.13799319128772855', updateschemepromlist=''1'', adaptpromwalkprob=''0'', tiebreaking='1'
3751.952000, 0.000729, 1996.499668, 125, -1755.452332, adaptive=''0'', clausepen=''2'', performrandomwalk=''1'', singleclause=''1'', tabusearch=''1'', CONadaptwalkprob=''0'', c='0.010000000000000014', heuristic=''4'', promisinglist=''1'', randomwalk=''5'', s='0.00445302857623163', tabu='1', CONdp='0.05', adaptiveprom=''1'', decreasingvariable=''6'', novnoise='0.5', performalternatenovelty=''1'', rfp='0.07242897802676408', updateschemepromlist=''1'', adaptpromwalkprob=''0''
3938.312000, 0.000653, 2220.400531, 143, -1717.911469, adaptive=''1'', clausepen=''2'', performrandomwalk=''1'', singleclause=''1'', tabusearch=''1'', adaptivenoisescheme=''1'', adaptwalkprob=''0'', heuristic=''4'', promisinglist=''1'', randomwalk=''5'', tabu='1', adaptiveprom=''1'', decreasingvariable=''5'', dp='0.05', performalternatenovelty=''1'', phi='5', rfp='0.07080841260020429', theta='6', updateschemepromlist=''1'', adaptpromwalkprob=''1'', tiebreaking='1'
3971.016000, 0.000560, 2268.549352, 147, -1702.466648, adaptive=''0'', clausepen=''0'', performrandomwalk=''1'', singleclause=''1'', tabusearch=''0'', CONadaptwalkprob=''0'', CONselectclause=''1'', c='0.010000000000000014', heuristic=''4'', promisinglist=''1'', randomwalk=''5'', s='0.002138863487397074', CONdp='0.05', adaptiveprom=''1'', decreasingvariable=''7'', novnoise='0.5', performalternatenovelty=''1'', rfp='0.09528353109096195', updateschemepromlist=''1'', adaptpromwalkprob=''0'', promphi='9', promtheta='7'
4764.528000, 0.000492, 3096.518837, 203, -1668.009163, adaptive=''0'', clausepen=''2'', performrandomwalk=''1'', singleclause=''1'', tabusearch=''0'', CONadaptwalkprob=''0'', c='0.010000000000000014', heuristic=''4'', promisinglist=''1'', randomwalk=''5'', s='0.003418922107221257', CONdp='0.05', adaptiveprom=''1'', decreasingvariable=''8'', novnoise='0.5', performalternatenovelty=''1'', rfp='0.07242897802676408', updateschemepromlist=''1'', adaptpromwalkprob=''0'', promphi='5', promtheta='6', promdp='0.05'
