{"evaluations": 0, "cost": 2147483648, "wallclock_time": 0.0014913082122802734, "cpu_time": 0, "incumbent": ["adaptive=''1''", "clausepen=''1''", "performrandomwalk=''0''", "singleclause=''1''", "tabusearch=''0''", "adaptivenoisescheme=''1''", "adaptwalkprob=''0''", "heuristic=''2''", "promisinglist=''1''", "ps='0.4'", "selectclause=''1''", "smoothingscheme=''1''", "adaptiveprom=''0''", "decreasingvariable=''3''", "performalternatenovelty=''1''", "phi='5'", "theta='6'", "updateschemepromlist=''3''", "wp='0.01'", "CONadaptpromwalkprob=''0''"], "total_cpu_time": null}
{"evaluations": 1, "cost": 1.376, "wallclock_time": 1.9773411750793457, "cpu_time": 1.376, "incumbent": ["adaptive=''1''", "clausepen=''1''", "performrandomwalk=''0''", "singleclause=''1''", "tabusearch=''0''", "adaptivenoisescheme=''1''", "adaptwalkprob=''0''", "heuristic=''2''", "promisinglist=''1''", "ps='0.4'", "selectclause=''1''", "smoothingscheme=''1''", "adaptiveprom=''0''", "decreasingvariable=''3''", "performalternatenovelty=''1''", "phi='5'", "theta='6'", "updateschemepromlist=''3''", "wp='0.01'", "CONadaptpromwalkprob=''0''"], "total_cpu_time": null}
{"evaluations": 14, "cost": 0.009999999999999998, "wallclock_time": 9.321450233459473, "cpu_time": 4.504, "incumbent": ["adaptive=''1''", "clausepen=''0''", "performrandomwalk=''1''", "singleclause=''1''", "tabusearch=''1''", "CONselectclause=''1''", "adaptivenoisescheme=''2''", "adaptwalkprob=''0''", "heuristic=''8''", "promisinglist=''1''", "randomwalk=''4''", "tabu='2'", "adaptiveprom=''1''", "decreasingvariable=''7''", "rfp='0.12012172717631044'", "updateschemepromlist=''2''", "adaptpromwalkprob=''0''", "promphi='8'", "promtheta='8'"], "total_cpu_time": null}
{"evaluations": 43, "cost": 0.007636363636363635, "wallclock_time": 19.227404356002808, "cpu_time": 14.683999999999992, "incumbent": ["adaptive=''0''", "clausepen=''2''", "performrandomwalk=''1''", "singleclause=''1''", "tabusearch=''1''", "CONadaptwalkprob=''0''", "c='1.0540361759263047e-06'", "heuristic=''1''", "promisinglist=''1''", "randomwalk=''4''", "s='0.00381133022620455'", "tabu='3'", "adaptiveprom=''1''", "decreasingvariable=''4''", "novnoise='0.35498594381855086'", "performalternatenovelty=''0''", "rfp='0.0985322887185434'", "updateschemepromlist=''1''", "adaptpromwalkprob=''0''", "tiebreaking='3'"], "total_cpu_time": null}
{"evaluations": 109, "cost": 0.003976331360946746, "wallclock_time": 136.2739119529724, "cpu_time": 254.71599999999992, "incumbent": ["adaptive=''0''", "clausepen=''0''", "performrandomwalk=''1''", "singleclause=''1''", "tabusearch=''1''", "CONadaptwalkprob=''0''", "CONselectclause=''1''", "c='0.010000000000000014'", "heuristic=''3''", "promisinglist=''1''", "randomwalk=''4''", "s='0.007021720423115787'", "tabu='2'", "CONdp='0.05'", "adaptiveprom=''1''", "decreasingvariable=''9''", "novnoise='0.5'", "performalternatenovelty=''1''", "rfp='0.12012172717631044'", "updateschemepromlist=''2''", "adaptpromwalkprob=''0''", "promphi='4'", "promtheta='8'", "promwp='0.01'"], "total_cpu_time": null}
{"evaluations": 191, "cost": 0.0023999999999999994, "wallclock_time": 175.00369334220886, "cpu_time": 273.26000000000033, "incumbent": ["adaptive=''0''", "clausepen=''0''", "performrandomwalk=''1''", "singleclause=''1''", "tabusearch=''1''", "CONadaptwalkprob=''0''", "CONselectclause=''1''", "c='0.010000000000000014'", "heuristic=''4''", "promisinglist=''1''", "randomwalk=''5''", "s='0.0044643360112254045'", "tabu='2'", "CONdp='0.05'", "adaptiveprom=''1''", "decreasingvariable=''9''", "novnoise='0.5'", "performalternatenovelty=''1''", "rfp='0.12012172717631044'", "updateschemepromlist=''2''", "adaptpromwalkprob=''0''", "promphi='8'", "promtheta='8'", "promwp='0.01'"], "total_cpu_time": null}
{"evaluations": 645, "cost": 0.001964800000000001, "wallclock_time": 774.13667345047, "cpu_time": 1585.7839999999974, "incumbent": ["adaptive=''1''", "clausepen=''2''", "performrandomwalk=''1''", "singleclause=''0''", "tabusearch=''0''", "DLSscoringmeasure=''3''", "DLStiebreaking=''1''", "adaptivenoisescheme=''2''", "randomwalk=''5''", "rfp='0.04770547144460923'"], "total_cpu_time": null}
{"evaluations": 789, "cost": 0.00120164609053498, "wallclock_time": 848.070894241333, "cpu_time": 1694.4479999999987, "incumbent": ["adaptive=''1''", "clausepen=''2''", "performrandomwalk=''1''", "singleclause=''0''", "tabusearch=''1''", "DLSscoringmeasure=''3''", "DLStiebreaking=''1''", "adaptivenoisescheme=''2''", "randomwalk=''5''", "tabu='1'", "rfp='0.01'"], "total_cpu_time": null}
{"evaluations": 1070, "cost": 0.0010822060353798128, "wallclock_time": 1236.2758071422577, "cpu_time": 2594.9560000000024, "incumbent": ["adaptive=''1''", "clausepen=''0''", "performrandomwalk=''1''", "singleclause=''1''", "tabusearch=''0''", "CONselectclause=''1''", "adaptivenoisescheme=''2''", "adaptwalkprob=''0''", "heuristic=''4''", "promisinglist=''1''", "randomwalk=''5''", "adaptiveprom=''1''", "decreasingvariable=''5''", "dp='0.05'", "performalternatenovelty=''1''", "phi='5'", "rfp='0.13977566577464795'", "theta='6'", "updateschemepromlist=''3''", "adaptpromwalkprob=''0''", "tiebreaking='1'"], "total_cpu_time": null}
{"evaluations": 1380, "cost": 0.000982698961937717, "wallclock_time": 1336.4481184482574, "cpu_time": 2653.3039999999974, "incumbent": ["adaptive=''0''", "clausepen=''0''", "performrandomwalk=''1''", "singleclause=''1''", "tabusearch=''0''", "CONadaptwalkprob=''0''", "CONselectclause=''1''", "c='0.010000000000000014'", "heuristic=''4''", "promisinglist=''1''", "randomwalk=''5''", "s='0.0047640330617580275'", "CONdp='0.05'", "adaptiveprom=''1''", "decreasingvariable=''9''", "novnoise='0.5'", "performalternatenovelty=''1''", "rfp='0.07514217158357828'", "updateschemepromlist=''1''", "adaptpromwalkprob=''0''", "promphi='8'", "promtheta='6'", "promwp='0.01'"], "total_cpu_time": null}
{"evaluations": 1499, "cost": 0.0008065306122448985, "wallclock_time": 1370.5606727600098, "cpu_time": 2667.7919999999867, "incumbent": ["adaptive=''0''", "clausepen=''0''", "performrandomwalk=''1''", "singleclause=''1''", "tabusearch=''0''", "CONadaptwalkprob=''0''", "CONselectclause=''1''", "c='0.010000000000000014'", "heuristic=''4''", "promisinglist=''1''", "randomwalk=''5''", "s='0.003996224377234916'", "CONdp='0.05'", "adaptiveprom=''1''", "decreasingvariable=''5''", "novnoise='0.5'", "performalternatenovelty=''1''", "rfp='0.13799319128772855'", "updateschemepromlist=''1''", "adaptpromwalkprob=''0''", "tiebreaking='1'"], "total_cpu_time": null}
{"evaluations": 2464, "cost": 0.000729338842975207, "wallclock_time": 1996.4996683597565, "cpu_time": 3751.9519999999975, "incumbent": ["adaptive=''0''", "clausepen=''2''", "performrandomwalk=''1''", "singleclause=''1''", "tabusearch=''1''", "CONadaptwalkprob=''0''", "c='0.010000000000000014'", "heuristic=''4''", "promisinglist=''1''", "randomwalk=''5''", "s='0.00445302857623163'", "tabu='1'", "CONdp='0.05'", "adaptiveprom=''1''", "decreasingvariable=''6''", "novnoise='0.5'", "performalternatenovelty=''1''", "rfp='0.07242897802676408'", "updateschemepromlist=''1''", "adaptpromwalkprob=''0''"], "total_cpu_time": null}
{"evaluations": 3116, "cost": 0.0006530612244897962, "wallclock_time": 2220.4005312919617, "cpu_time": 3938.3120000000263, "incumbent": ["adaptive=''1''", "clausepen=''2''", "performrandomwalk=''1''", "singleclause=''1''", "tabusearch=''1''", "adaptivenoisescheme=''1''", "adaptwalkprob=''0''", "heuristic=''4''", "promisinglist=''1''", "randomwalk=''5''", "tabu='1'", "adaptiveprom=''1''", "decreasingvariable=''5''", "dp='0.05'", "performalternatenovelty=''1''", "phi='5'", "rfp='0.07080841260020429'", "theta='6'", "updateschemepromlist=''1''", "adaptpromwalkprob=''1''", "tiebreaking='1'"], "total_cpu_time": null}
{"evaluations": 3253, "cost": 0.0005600000000000004, "wallclock_time": 2268.549352169037, "cpu_time": 3971.0160000000055, "incumbent": ["adaptive=''0''", "clausepen=''0''", "performrandomwalk=''1''", "singleclause=''1''", "tabusearch=''0''", "CONadaptwalkprob=''0''", "CONselectclause=''1''", "c='0.010000000000000014'", "heuristic=''4''", "promisinglist=''1''", "randomwalk=''5''", "s='0.002138863487397074'", "CONdp='0.05'", "adaptiveprom=''1''", "decreasingvariable=''7''", "novnoise='0.5'", "performalternatenovelty=''1''", "rfp='0.09528353109096195'", "updateschemepromlist=''1''", "adaptpromwalkprob=''0''", "promphi='9'", "promtheta='7'"], "total_cpu_time": null}
{"evaluations": 5513, "cost": 0.0004923076923076925, "wallclock_time": 3096.518837451935, "cpu_time": 4764.527999999988, "incumbent": ["adaptive=''0''", "clausepen=''2''", "performrandomwalk=''1''", "singleclause=''1''", "tabusearch=''0''", "CONadaptwalkprob=''0''", "c='0.010000000000000014'", "heuristic=''4''", "promisinglist=''1''", "randomwalk=''5''", "s='0.003418922107221257'", "CONdp='0.05'", "adaptiveprom=''1''", "decreasingvariable=''8''", "novnoise='0.5'", "performalternatenovelty=''1''", "rfp='0.07242897802676408'", "updateschemepromlist=''1''", "adaptpromwalkprob=''0''", "promphi='5'", "promtheta='6'", "promdp='0.05'"], "total_cpu_time": null}
