"CPU Time Used","Estimated Training Performance","Wallclock Time","Incumbent ID","Automatic Configurator (CPU) Time","Configuration..."
0.000000, 2147483648.000000, 0.000910, 1, 0.000910, sp-clause-activity-inc='1.0', sp-clause-decay='1.4', sp-clause-del-heur=''2'', sp-first-restart='100', sp-learned-clause-sort-heur=''0'', sp-learned-clauses-inc='1.3', sp-learned-size-factor='0.4', sp-orig-clause-sort-heur=''0'', sp-phase-dec-heur=''5'', sp-rand-var-dec-freq=''0.001'', sp-resolution=''1'', sp-restart-inc='1.5', sp-update-dec-queue=''1'', sp-use-pure-literal-rule=''1'', sp-var-activity-inc='1.0', sp-var-dec-heur=''0'', sp-variable-decay='1.4', sp-max-res-lit-inc='1.0', sp-max-res-runs='4', sp-rand-phase-dec-freq=''0.001'', sp-rand-var-dec-scaling='1.0', sp-res-cutoff-cls='8', sp-res-cutoff-lits='400', sp-res-order-heur=''0'', sp-rand-phase-scaling='1.0'
5.000000, 50.000000, 7.306976, 1, 2.306976, sp-clause-activity-inc='1.0', sp-clause-decay='1.4', sp-clause-del-heur=''2'', sp-first-restart='100', sp-learned-clause-sort-heur=''0'', sp-learned-clauses-inc='1.3', sp-learned-size-factor='0.4', sp-orig-clause-sort-heur=''0'', sp-phase-dec-heur=''5'', sp-rand-var-dec-freq=''0.001'', sp-resolution=''1'', sp-restart-inc='1.5', sp-update-dec-queue=''1'', sp-use-pure-literal-rule=''1'', sp-var-activity-inc='1.0', sp-var-dec-heur=''0'', sp-variable-decay='1.4', sp-max-res-lit-inc='1.0', sp-max-res-runs='4', sp-rand-phase-dec-freq=''0.001'', sp-rand-var-dec-scaling='1.0', sp-res-cutoff-cls='8', sp-res-cutoff-lits='400', sp-res-order-heur=''0'', sp-rand-phase-scaling='1.0'
424.572000, 0.115240, 374.164404, 20, -50.407596, sp-clause-activity-inc='0.6577436149606432', sp-clause-decay='1.095208382775109', sp-clause-del-heur=''2'', sp-first-restart='39', sp-learned-clause-sort-heur=''5'', sp-learned-clauses-inc='1.4791822069105216', sp-learned-size-factor='0.1220319975602174', sp-orig-clause-sort-heur=''10'', sp-phase-dec-heur=''4'', sp-rand-var-dec-freq=''0.05'', sp-resolution=''0'', sp-restart-inc='1.3799674436396205', sp-update-dec-queue=''1'', sp-use-pure-literal-rule=''1'', sp-var-activity-inc='1.4078464340341692', sp-var-dec-heur=''17'', sp-variable-decay='1.1314300593999291', sp-rand-phase-dec-freq=''0.005'', sp-rand-var-dec-scaling='0.9759798557263333', sp-rand-phase-scaling='0.862253223999311'
1040.196000, 0.106880, 942.102656, 53, -98.093344, sp-clause-activity-inc='1.2331105115524759', sp-clause-decay='1.534622220101755', sp-clause-del-heur=''2'', sp-first-restart='120', sp-learned-clause-sort-heur=''14'', sp-learned-clauses-inc='1.157011243165761', sp-learned-size-factor='1.0165226905836005', sp-orig-clause-sort-heur=''10'', sp-phase-dec-heur=''2'', sp-rand-var-dec-freq=''0.01'', sp-resolution=''2'', sp-restart-inc='1.2680081403458274', sp-update-dec-queue=''1'', sp-use-pure-literal-rule=''0'', sp-var-activity-inc='0.5834636106578394', sp-var-dec-heur=''16'', sp-variable-decay='1.9157006677016015', sp-max-res-lit-inc='1.0831314294618715', sp-max-res-runs='1', sp-rand-var-dec-scaling='0.9699924717859834', sp-res-cutoff-cls='2', sp-res-cutoff-lits='216', sp-res-order-heur=''4''
1241.112000, 0.081520, 1132.953136, 39, -108.158864, sp-clause-activity-inc='1.0090306262691824', sp-clause-decay='1.0950993262912256', sp-clause-del-heur=''0'', sp-first-restart='111', sp-learned-clause-sort-heur=''6'', sp-learned-clauses-inc='1.3687684130567817', sp-learned-size-factor='0.2019923921956614', sp-orig-clause-sort-heur=''10'', sp-phase-dec-heur=''5'', sp-rand-var-dec-freq=''0.005'', sp-resolution=''1'', sp-restart-inc='1.7976347682311538', sp-update-dec-queue=''0'', sp-use-pure-literal-rule=''1'', sp-var-activity-inc='1.1698809283293536', sp-var-dec-heur=''0'', sp-variable-decay='1.0660216239702842', sp-max-res-lit-inc='0.26414431743012123', sp-max-res-runs='5', sp-rand-phase-dec-freq=''0'', sp-rand-var-dec-scaling='0.438864972686939', sp-res-cutoff-cls='5', sp-res-cutoff-lits='614', sp-res-order-heur=''15''
2598.276000, 0.076440, 2320.491421, 155, -277.784579, sp-clause-activity-inc='0.7017359330097181', sp-clause-decay='1.251118868469631', sp-clause-del-heur=''1'', sp-first-restart='1801', sp-learned-clause-sort-heur=''14'', sp-learned-clauses-inc='1.4877172377200196', sp-learned-size-factor='0.24493117531802114', sp-orig-clause-sort-heur=''0'', sp-phase-dec-heur=''1'', sp-rand-var-dec-freq=''0.01'', sp-resolution=''0'', sp-restart-inc='1.7059529242835079', sp-update-dec-queue=''1'', sp-use-pure-literal-rule=''0'', sp-var-activity-inc='1.0278295581533128', sp-var-dec-heur=''3'', sp-variable-decay='1.2249768241346488', sp-rand-phase-dec-freq=''0.001'', sp-rand-var-dec-scaling='0.868527348000314', sp-rand-phase-scaling='0.5932591621956936'
