{"cost": 2147483648, "cpu_time": 0, "evaluations": 0, "wallclock_time": 0.0008759498596191406, "total_cpu_time": null, "incumbent": ["sp-clause-activity-inc='1.0'", "sp-clause-decay='1.4'", "sp-clause-del-heur=''2''", "sp-first-restart='100'", "sp-learned-clause-sort-heur=''0''", "sp-learned-clauses-inc='1.3'", "sp-learned-size-factor='0.4'", "sp-orig-clause-sort-heur=''0''", "sp-phase-dec-heur=''5''", "sp-rand-var-dec-freq=''0.001''", "sp-resolution=''1''", "sp-restart-inc='1.5'", "sp-update-dec-queue=''1''", "sp-use-pure-literal-rule=''1''", "sp-var-activity-inc='1.0'", "sp-var-dec-heur=''0''", "sp-variable-decay='1.4'", "sp-max-res-lit-inc='1.0'", "sp-max-res-runs='4'", "sp-rand-phase-dec-freq=''0.001''", "sp-rand-var-dec-scaling='1.0'", "sp-res-cutoff-cls='8'", "sp-res-cutoff-lits='400'", "sp-res-order-heur=''0''", "sp-rand-phase-scaling='1.0'"]}
{"cost": 0.064, "cpu_time": 0.064, "evaluations": 1, "wallclock_time": 0.1942441463470459, "total_cpu_time": null, "incumbent": ["sp-clause-activity-inc='1.0'", "sp-clause-decay='1.4'", "sp-clause-del-heur=''2''", "sp-first-restart='100'", "sp-learned-clause-sort-heur=''0''", "sp-learned-clauses-inc='1.3'", "sp-learned-size-factor='0.4'", "sp-orig-clause-sort-heur=''0''", "sp-phase-dec-heur=''5''", "sp-rand-var-dec-freq=''0.001''", "sp-resolution=''1''", "sp-restart-inc='1.5'", "sp-update-dec-queue=''1''", "sp-use-pure-literal-rule=''1''", "sp-var-activity-inc='1.0'", "sp-var-dec-heur=''0''", "sp-variable-decay='1.4'", "sp-max-res-lit-inc='1.0'", "sp-max-res-runs='4'", "sp-rand-phase-dec-freq=''0.001''", "sp-rand-var-dec-scaling='1.0'", "sp-res-cutoff-cls='8'", "sp-res-cutoff-lits='400'", "sp-res-order-heur=''0''", "sp-rand-phase-scaling='1.0'"]}
{"cost": 0.0591288888888889, "cpu_time": 168.98800000000014, "evaluations": 127, "wallclock_time": 276.62415075302124, "total_cpu_time": null, "incumbent": ["sp-clause-activity-inc='0.6076136842559006'", "sp-clause-decay='1.6611651562887257'", "sp-clause-del-heur=''2''", "sp-first-restart='239'", "sp-learned-clause-sort-heur=''18''", "sp-learned-clauses-inc='1.4906894480170951'", "sp-learned-size-factor='0.5893219088053173'", "sp-orig-clause-sort-heur=''2''", "sp-phase-dec-heur=''5''", "sp-rand-var-dec-freq=''0.005''", "sp-resolution=''1''", "sp-restart-inc='1.3985901029400736'", "sp-update-dec-queue=''0''", "sp-use-pure-literal-rule=''0''", "sp-var-activity-inc='1.010655065842474'", "sp-var-dec-heur=''0''", "sp-variable-decay='1.2454338672721876'", "sp-max-res-lit-inc='3.641225890912782'", "sp-max-res-runs='4'", "sp-rand-phase-dec-freq=''0.001''", "sp-rand-var-dec-scaling='0.7433980455121938'", "sp-res-cutoff-cls='9'", "sp-res-cutoff-lits='136'", "sp-res-order-heur=''7''", "sp-rand-phase-scaling='1.0'"]}
{"cost": 0.053813148788927324, "cpu_time": 231.42000000000016, "evaluations": 186, "wallclock_time": 449.9486484527588, "total_cpu_time": null, "incumbent": ["sp-clause-activity-inc='1.0'", "sp-clause-decay='1.5471209403339208'", "sp-clause-del-heur=''2''", "sp-first-restart='224'", "sp-learned-clause-sort-heur=''0''", "sp-learned-clauses-inc='1.3'", "sp-learned-size-factor='0.41555302390912674'", "sp-orig-clause-sort-heur=''6''", "sp-phase-dec-heur=''5''", "sp-rand-var-dec-freq=''0.005''", "sp-resolution=''1''", "sp-restart-inc='1.3985991480130382'", "sp-update-dec-queue=''1''", "sp-use-pure-literal-rule=''1''", "sp-var-activity-inc='1.0'", "sp-var-dec-heur=''0''", "sp-variable-decay='1.0790830090239614'", "sp-max-res-lit-inc='2.584183741621357'", "sp-max-res-runs='4'", "sp-rand-phase-dec-freq=''0.001''", "sp-rand-var-dec-scaling='0.6387443260266392'", "sp-res-cutoff-cls='10'", "sp-res-cutoff-lits='379'", "sp-res-order-heur=''8''", "sp-rand-phase-scaling='1.0'"]}
{"cost": 0.04590581717451523, "cpu_time": 296.4120000000002, "evaluations": 249, "wallclock_time": 652.2865905761719, "total_cpu_time": null, "incumbent": ["sp-clause-activity-inc='1.113679360785047'", "sp-clause-decay='1.6611651562887257'", "sp-clause-del-heur=''2''", "sp-first-restart='484'", "sp-learned-clause-sort-heur=''3''", "sp-learned-clauses-inc='1.4906894480170951'", "sp-learned-size-factor='0.5893219088053173'", "sp-orig-clause-sort-heur=''2''", "sp-phase-dec-heur=''5''", "sp-rand-var-dec-freq=''0.005''", "sp-resolution=''1''", "sp-restart-inc='1.3985901029400736'", "sp-update-dec-queue=''1''", "sp-use-pure-literal-rule=''1''", "sp-var-activity-inc='0.9417655172980199'", "sp-var-dec-heur=''0''", "sp-variable-decay='1.1056178450241143'", "sp-max-res-lit-inc='3.641225890912782'", "sp-max-res-runs='4'", "sp-rand-phase-dec-freq=''0.001''", "sp-rand-var-dec-scaling='0.7828979206849056'", "sp-res-cutoff-cls='14'", "sp-res-cutoff-lits='354'", "sp-res-order-heur=''10''", "sp-rand-phase-scaling='1.0'"]}
{"cost": 0.04285999999999999, "cpu_time": 331.7560000000002, "evaluations": 287, "wallclock_time": 751.2610394954681, "total_cpu_time": null, "incumbent": ["sp-clause-activity-inc='0.7172704464562173'", "sp-clause-decay='1.7353549992457808'", "sp-clause-del-heur=''2''", "sp-first-restart='239'", "sp-learned-clause-sort-heur=''0''", "sp-learned-clauses-inc='1.3789247296286316'", "sp-learned-size-factor='0.5893219088053173'", "sp-orig-clause-sort-heur=''19''", "sp-phase-dec-heur=''5''", "sp-rand-var-dec-freq=''0.005''", "sp-resolution=''1''", "sp-restart-inc='1.3525386467810607'", "sp-update-dec-queue=''0''", "sp-use-pure-literal-rule=''0''", "sp-var-activity-inc='0.6941905203208292'", "sp-var-dec-heur=''0''", "sp-variable-decay='1.1620206288223027'", "sp-max-res-lit-inc='0.9300643007517033'", "sp-max-res-runs='4'", "sp-rand-phase-dec-freq=''0.001''", "sp-rand-var-dec-scaling='0.8002451709222584'", "sp-res-cutoff-cls='20'", "sp-res-cutoff-lits='136'", "sp-res-order-heur=''7''", "sp-rand-phase-scaling='1.0'"]}
{"cost": 0.03473553719008264, "cpu_time": 408.1800000000001, "evaluations": 361, "wallclock_time": 958.136522769928, "total_cpu_time": null, "incumbent": ["sp-clause-activity-inc='0.5885574952496999'", "sp-clause-decay='1.3781706224863397'", "sp-clause-del-heur=''2''", "sp-first-restart='359'", "sp-learned-clause-sort-heur=''0''", "sp-learned-clauses-inc='1.4863964879403675'", "sp-learned-size-factor='0.5891785615966734'", "sp-orig-clause-sort-heur=''13''", "sp-phase-dec-heur=''5''", "sp-rand-var-dec-freq=''0.005''", "sp-resolution=''1''", "sp-restart-inc='1.6536765603371406'", "sp-update-dec-queue=''0''", "sp-use-pure-literal-rule=''0''", "sp-var-activity-inc='1.2037746175172785'", "sp-var-dec-heur=''0''", "sp-variable-decay='1.1839624552414567'", "sp-max-res-lit-inc='2.511218572383786'", "sp-max-res-runs='1'", "sp-rand-phase-dec-freq=''0.001''", "sp-rand-var-dec-scaling='0.7588807134985365'", "sp-res-cutoff-cls='13'", "sp-res-cutoff-lits='145'", "sp-res-order-heur=''18''", "sp-rand-phase-scaling='1.0'"]}
{"cost": 0.03300567107750472, "cpu_time": 443.8040000000002, "evaluations": 399, "wallclock_time": 1062.6451053619385, "total_cpu_time": null, "incumbent": ["sp-clause-activity-inc='0.5799248434723788'", "sp-clause-decay='1.659876758280642'", "sp-clause-del-heur=''2''", "sp-first-restart='378'", "sp-learned-clause-sort-heur=''15''", "sp-learned-clauses-inc='1.4906894480170951'", "sp-learned-size-factor='0.5893219088053173'", "sp-orig-clause-sort-heur=''12''", "sp-phase-dec-heur=''5''", "sp-rand-var-dec-freq=''0.0001''", "sp-resolution=''1''", "sp-restart-inc='1.5261265889613826'", "sp-update-dec-queue=''1''", "sp-use-pure-literal-rule=''0''", "sp-var-activity-inc='1.4038061802406905'", "sp-var-dec-heur=''0''", "sp-variable-decay='1.2507546069238709'", "sp-max-res-lit-inc='1.0031887549159102'", "sp-max-res-runs='2'", "sp-rand-phase-dec-freq=''0.001''", "sp-rand-var-dec-scaling='0.7828979206849056'", "sp-res-cutoff-cls='13'", "sp-res-cutoff-lits='354'", "sp-res-order-heur=''18''", "sp-rand-phase-scaling='1.0'"]}
{"cost": 0.030899408284023672, "cpu_time": 565.7400000000005, "evaluations": 526, "wallclock_time": 1467.480764389038, "total_cpu_time": null, "incumbent": ["sp-clause-activity-inc='0.5885574952496999'", "sp-clause-decay='1.3781706224863397'", "sp-clause-del-heur=''2''", "sp-first-restart='486'", "sp-learned-clause-sort-heur=''1''", "sp-learned-clauses-inc='1.3812958618785642'", "sp-learned-size-factor='0.20483635913122475'", "sp-orig-clause-sort-heur=''7''", "sp-phase-dec-heur=''5''", "sp-rand-var-dec-freq=''0.0001''", "sp-resolution=''1''", "sp-restart-inc='1.6001826679209339'", "sp-update-dec-queue=''0''", "sp-use-pure-literal-rule=''0''", "sp-var-activity-inc='1.3166067736751375'", "sp-var-dec-heur=''0''", "sp-variable-decay='1.2363171551276408'", "sp-max-res-lit-inc='1.4917693346910186'", "sp-max-res-runs='2'", "sp-rand-phase-dec-freq=''0.001''", "sp-rand-var-dec-scaling='0.7982030498461118'", "sp-res-cutoff-cls='12'", "sp-res-cutoff-lits='321'", "sp-res-order-heur=''18''", "sp-rand-phase-scaling='1.0'"]}
{"cost": 0.024933673469387747, "cpu_time": 646.42, "evaluations": 625, "wallclock_time": 1714.0255227088928, "total_cpu_time": null, "incumbent": ["sp-clause-activity-inc='0.6692961354964809'", "sp-clause-decay='1.8016367463789944'", "sp-clause-del-heur=''2''", "sp-first-restart='436'", "sp-learned-clause-sort-heur=''0''", "sp-learned-clauses-inc='1.4907025118964066'", "sp-learned-size-factor='0.6376528994104917'", "sp-orig-clause-sort-heur=''14''", "sp-phase-dec-heur=''5''", "sp-rand-var-dec-freq=''0.001''", "sp-resolution=''1''", "sp-restart-inc='1.562954126243304'", "sp-update-dec-queue=''0''", "sp-use-pure-literal-rule=''1''", "sp-var-activity-inc='1.3174696034338407'", "sp-var-dec-heur=''0''", "sp-variable-decay='1.1839624552414567'", "sp-max-res-lit-inc='0.6653451413145187'", "sp-max-res-runs='1'", "sp-rand-phase-dec-freq=''0.001''", "sp-rand-var-dec-scaling='0.7942429371577293'", "sp-res-cutoff-cls='20'", "sp-res-cutoff-lits='339'", "sp-res-order-heur=''3''", "sp-rand-phase-scaling='1.0'"]}
{"cost": 0.0219467401285583, "cpu_time": 898.7879999999981, "evaluations": 902, "wallclock_time": 2414.808824777603, "total_cpu_time": null, "incumbent": ["sp-clause-activity-inc='0.7673889662934708'", "sp-clause-decay='1.5022674001005927'", "sp-clause-del-heur=''2''", "sp-first-restart='1090'", "sp-learned-clause-sort-heur=''0''", "sp-learned-clauses-inc='1.3706088720582006'", "sp-learned-size-factor='0.4376458500958032'", "sp-orig-clause-sort-heur=''19''", "sp-phase-dec-heur=''5''", "sp-rand-var-dec-freq=''0.005''", "sp-resolution=''1''", "sp-restart-inc='1.5972333804245662'", "sp-update-dec-queue=''0''", "sp-use-pure-literal-rule=''1''", "sp-var-activity-inc='1.141300391794902'", "sp-var-dec-heur=''0''", "sp-variable-decay='1.2444054564312441'", "sp-max-res-lit-inc='1.2291252099789733'", "sp-max-res-runs='1'", "sp-rand-phase-dec-freq=''0.001''", "sp-rand-var-dec-scaling='0.7825602696644478'", "sp-res-cutoff-cls='17'", "sp-res-cutoff-lits='166'", "sp-res-order-heur=''7''", "sp-rand-phase-scaling='1.0'"]}
{"cost": 0.020283446712018132, "cpu_time": 1558.0519999999967, "evaluations": 1552, "wallclock_time": 3862.505475759506, "total_cpu_time": null, "incumbent": ["sp-clause-activity-inc='1.2253744473124657'", "sp-clause-decay='1.6830015383481527'", "sp-clause-del-heur=''2''", "sp-first-restart='264'", "sp-learned-clause-sort-heur=''3''", "sp-learned-clauses-inc='1.4133179062674612'", "sp-learned-size-factor='0.5786480619438807'", "sp-orig-clause-sort-heur=''19''", "sp-phase-dec-heur=''5''", "sp-rand-var-dec-freq=''0.005''", "sp-resolution=''1''", "sp-restart-inc='1.5993538680550268'", "sp-update-dec-queue=''0''", "sp-use-pure-literal-rule=''1''", "sp-var-activity-inc='1.3632570811423936'", "sp-var-dec-heur=''0''", "sp-variable-decay='1.0006077208914257'", "sp-max-res-lit-inc='3.9820084905218884'", "sp-max-res-runs='3'", "sp-rand-phase-dec-freq=''0.001''", "sp-rand-var-dec-scaling='1.060664955236265'", "sp-res-cutoff-cls='19'", "sp-res-cutoff-lits='100'", "sp-res-order-heur=''5''", "sp-rand-phase-scaling='1.0'"]}
{"cost": 0.01916824196597353, "cpu_time": 1901.4199999999948, "evaluations": 1888, "wallclock_time": 4538.799523115158, "total_cpu_time": null, "incumbent": ["sp-clause-activity-inc='1.209199649670885'", "sp-clause-decay='1.4572905579734114'", "sp-clause-del-heur=''2''", "sp-first-restart='284'", "sp-learned-clause-sort-heur=''0''", "sp-learned-clauses-inc='1.4067099953397109'", "sp-learned-size-factor='0.4311478458279066'", "sp-orig-clause-sort-heur=''1''", "sp-phase-dec-heur=''5''", "sp-rand-var-dec-freq=''0.005''", "sp-resolution=''1''", "sp-restart-inc='1.5910679451164322'", "sp-update-dec-queue=''0''", "sp-use-pure-literal-rule=''1''", "sp-var-activity-inc='1.1747140189341845'", "sp-var-dec-heur=''0''", "sp-variable-decay='1.0646369795248498'", "sp-max-res-lit-inc='1.789570862977642'", "sp-max-res-runs='4'", "sp-rand-phase-dec-freq=''0.001''", "sp-rand-var-dec-scaling='1.0896589631961677'", "sp-res-cutoff-cls='13'", "sp-res-cutoff-lits='108'", "sp-res-order-heur=''7''", "sp-rand-phase-scaling='1.0'"]}
{"cost": 0.018095065640561337, "cpu_time": 1980.0359999999944, "evaluations": 1970, "wallclock_time": 4701.397250652313, "total_cpu_time": null, "incumbent": ["sp-clause-activity-inc='0.5952267388927261'", "sp-clause-decay='1.0829628451220998'", "sp-clause-del-heur=''2''", "sp-first-restart='254'", "sp-learned-clause-sort-heur=''15''", "sp-learned-clauses-inc='1.393527930501972'", "sp-learned-size-factor='0.5546073896077222'", "sp-orig-clause-sort-heur=''1''", "sp-phase-dec-heur=''5''", "sp-rand-var-dec-freq=''0.0001''", "sp-resolution=''1''", "sp-restart-inc='1.589151228791148'", "sp-update-dec-queue=''1''", "sp-use-pure-literal-rule=''0''", "sp-var-activity-inc='1.169583239765589'", "sp-var-dec-heur=''0''", "sp-variable-decay='1.3822059122938823'", "sp-max-res-lit-inc='1.7660922214193122'", "sp-max-res-runs='3'", "sp-rand-phase-dec-freq=''0.001''", "sp-rand-var-dec-scaling='0.7756213165848453'", "sp-res-cutoff-cls='13'", "sp-res-cutoff-lits='106'", "sp-res-order-heur=''18''", "sp-rand-phase-scaling='1.0'"]}
{"cost": 0.014865384615384614, "cpu_time": 2436.2159999999917, "evaluations": 2445, "wallclock_time": 5547.705055952072, "total_cpu_time": null, "incumbent": ["sp-clause-activity-inc='1.3207186625550391'", "sp-clause-decay='1.6817119795645201'", "sp-clause-del-heur=''2''", "sp-first-restart='272'", "sp-learned-clause-sort-heur=''3''", "sp-learned-clauses-inc='1.4959895849092337'", "sp-learned-size-factor='0.5596742173864426'", "sp-orig-clause-sort-heur=''14''", "sp-phase-dec-heur=''5''", "sp-rand-var-dec-freq=''0.005''", "sp-resolution=''1''", "sp-restart-inc='1.6667815673421047'", "sp-update-dec-queue=''1''", "sp-use-pure-literal-rule=''0''", "sp-var-activity-inc='1.2280053636057122'", "sp-var-dec-heur=''0''", "sp-variable-decay='1.0127530314509785'", "sp-max-res-lit-inc='2.5302993256410273'", "sp-max-res-runs='1'", "sp-rand-phase-dec-freq=''0.001''", "sp-rand-var-dec-scaling='1.0813653096190459'", "sp-res-cutoff-cls='15'", "sp-res-cutoff-lits='362'", "sp-res-order-heur=''11''", "sp-rand-phase-scaling='1.0'"]}
{"cost": 0.014578024007386886, "cpu_time": 2939.9559999999874, "evaluations": 2978, "wallclock_time": 6464.45331120491, "total_cpu_time": null, "incumbent": ["sp-clause-activity-inc='1.3054707137869335'", "sp-clause-decay='1.641792002062633'", "sp-clause-del-heur=''2''", "sp-first-restart='252'", "sp-learned-clause-sort-heur=''15''", "sp-learned-clauses-inc='1.3909074259390617'", "sp-learned-size-factor='0.39341843050971403'", "sp-orig-clause-sort-heur=''12''", "sp-phase-dec-heur=''5''", "sp-rand-var-dec-freq=''0.005''", "sp-resolution=''1''", "sp-restart-inc='1.4955668126650856'", "sp-update-dec-queue=''0''", "sp-use-pure-literal-rule=''1''", "sp-var-activity-inc='1.4913565447080637'", "sp-var-dec-heur=''0''", "sp-variable-decay='1.0007961429956822'", "sp-max-res-lit-inc='2.0364457578245254'", "sp-max-res-runs='3'", "sp-rand-phase-dec-freq=''0.001''", "sp-rand-var-dec-scaling='0.5350081687817989'", "sp-res-cutoff-cls='15'", "sp-res-cutoff-lits='104'", "sp-res-order-heur=''15''", "sp-rand-phase-scaling='1.0'"]}
{"cost": 0.013596666666666663, "cpu_time": 3249.3359999999816, "evaluations": 3304, "wallclock_time": 7013.439443826675, "total_cpu_time": null, "incumbent": ["sp-clause-activity-inc='1.4344987820843853'", "sp-clause-decay='1.4237857169061747'", "sp-clause-del-heur=''2''", "sp-first-restart='248'", "sp-learned-clause-sort-heur=''18''", "sp-learned-clauses-inc='1.2755893973970784'", "sp-learned-size-factor='0.4945106174764502'", "sp-orig-clause-sort-heur=''13''", "sp-phase-dec-heur=''1''", "sp-rand-var-dec-freq=''0.005''", "sp-resolution=''1''", "sp-restart-inc='1.5334875621436326'", "sp-update-dec-queue=''0''", "sp-use-pure-literal-rule=''0''", "sp-var-activity-inc='1.3721210474989805'", "sp-var-dec-heur=''0''", "sp-variable-decay='1.0007961429956822'", "sp-max-res-lit-inc='1.1206460135386518'", "sp-max-res-runs='4'", "sp-rand-phase-dec-freq=''0.001''", "sp-rand-var-dec-scaling='1.072860713404181'", "sp-res-cutoff-cls='20'", "sp-res-cutoff-lits='373'", "sp-res-order-heur=''15''", "sp-rand-phase-scaling='1.0'"]}
{"cost": 0.013284027623078634, "cpu_time": 4053.5359999999714, "evaluations": 4160, "wallclock_time": 8353.288362979889, "total_cpu_time": null, "incumbent": ["sp-clause-activity-inc='1.2993829055348027'", "sp-clause-decay='1.6931957727953375'", "sp-clause-del-heur=''2''", "sp-first-restart='253'", "sp-learned-clause-sort-heur=''3''", "sp-learned-clauses-inc='1.2876856148357936'", "sp-learned-size-factor='0.294487965885622'", "sp-orig-clause-sort-heur=''4''", "sp-phase-dec-heur=''1''", "sp-rand-var-dec-freq=''0.005''", "sp-resolution=''1''", "sp-restart-inc='1.711823195947961'", "sp-update-dec-queue=''0''", "sp-use-pure-literal-rule=''1''", "sp-var-activity-inc='1.3254115044421553'", "sp-var-dec-heur=''0''", "sp-variable-decay='1.0009515681892587'", "sp-max-res-lit-inc='3.0294248193556506'", "sp-max-res-runs='9'", "sp-rand-phase-dec-freq=''0.001''", "sp-rand-var-dec-scaling='0.49720447919783856'", "sp-res-cutoff-cls='9'", "sp-res-cutoff-lits='421'", "sp-res-order-heur=''15''", "sp-rand-phase-scaling='1.0'"]}
{"cost": 0.01290653224112581, "cpu_time": 4317.547999999969, "evaluations": 4431, "wallclock_time": 8808.477238178253, "total_cpu_time": null, "incumbent": ["sp-clause-activity-inc='1.4494954599302103'", "sp-clause-decay='1.6795580950363795'", "sp-clause-del-heur=''2''", "sp-first-restart='248'", "sp-learned-clause-sort-heur=''0''", "sp-learned-clauses-inc='1.2730985974152431'", "sp-learned-size-factor='0.3160798345592336'", "sp-orig-clause-sort-heur=''18''", "sp-phase-dec-heur=''5''", "sp-rand-var-dec-freq=''0.005''", "sp-resolution=''1''", "sp-restart-inc='1.5109797118735593'", "sp-update-dec-queue=''1''", "sp-use-pure-literal-rule=''1''", "sp-var-activity-inc='1.192076442795101'", "sp-var-dec-heur=''0''", "sp-variable-decay='1.0007961429956822'", "sp-max-res-lit-inc='0.2854965680243599'", "sp-max-res-runs='3'", "sp-rand-phase-dec-freq=''0.001''", "sp-rand-var-dec-scaling='0.6794587762207298'", "sp-res-cutoff-cls='14'", "sp-res-cutoff-lits='373'", "sp-res-order-heur=''15''", "sp-rand-phase-scaling='1.0'"]}
{"cost": 0.012541162467764336, "cpu_time": 4570.14399999997, "evaluations": 4699, "wallclock_time": 9226.05751132965, "total_cpu_time": null, "incumbent": ["sp-clause-activity-inc='1.427101171668431'", "sp-clause-decay='1.4489593389683733'", "sp-clause-del-heur=''2''", "sp-first-restart='295'", "sp-learned-clause-sort-heur=''0''", "sp-learned-clauses-inc='1.2840241119025602'", "sp-learned-size-factor='0.472867040145902'", "sp-orig-clause-sort-heur=''14''", "sp-phase-dec-heur=''1''", "sp-rand-var-dec-freq=''0.005''", "sp-resolution=''2''", "sp-restart-inc='1.699392562914961'", "sp-update-dec-queue=''0''", "sp-use-pure-literal-rule=''1''", "sp-var-activity-inc='1.0423939602631704'", "sp-var-dec-heur=''0''", "sp-variable-decay='1.0012525785269428'", "sp-max-res-lit-inc='0.267724640525849'", "sp-max-res-runs='4'", "sp-rand-phase-dec-freq=''0.001''", "sp-rand-var-dec-scaling='0.4819034111525501'", "sp-res-cutoff-cls='12'", "sp-res-cutoff-lits='396'", "sp-res-order-heur=''11''", "sp-rand-phase-scaling='1.0'"]}
{"cost": 0.011282407407407408, "cpu_time": 4691.123999999971, "evaluations": 4838, "wallclock_time": 9404.339913129807, "total_cpu_time": null, "incumbent": ["sp-clause-activity-inc='1.4891625253686804'", "sp-clause-decay='1.3889878387095547'", "sp-clause-del-heur=''2''", "sp-first-restart='258'", "sp-learned-clause-sort-heur=''18''", "sp-learned-clauses-inc='1.288824551706876'", "sp-learned-size-factor='0.3321848899899682'", "sp-orig-clause-sort-heur=''4''", "sp-phase-dec-heur=''5''", "sp-rand-var-dec-freq=''0.005''", "sp-resolution=''2''", "sp-restart-inc='1.740251738973723'", "sp-update-dec-queue=''0''", "sp-use-pure-literal-rule=''0''", "sp-var-activity-inc='1.184736101010348'", "sp-var-dec-heur=''0''", "sp-variable-decay='1.0007961429956822'", "sp-max-res-lit-inc='1.5393369443340448'", "sp-max-res-runs='8'", "sp-rand-phase-dec-freq=''0.001''", "sp-rand-var-dec-scaling='1.0754929211834499'", "sp-res-cutoff-cls='20'", "sp-res-cutoff-lits='375'", "sp-res-order-heur=''15''", "sp-rand-phase-scaling='1.0'"]}
{"cost": 0.01110328888888889, "cpu_time": 5066.959999999976, "evaluations": 5241, "wallclock_time": 10028.394942522049, "total_cpu_time": null, "incumbent": ["sp-clause-activity-inc='1.350354916985114'", "sp-clause-decay='1.6868595724208646'", "sp-clause-del-heur=''2''", "sp-first-restart='250'", "sp-learned-clause-sort-heur=''0''", "sp-learned-clauses-inc='1.4273468770614248'", "sp-learned-size-factor='0.2931247922617581'", "sp-orig-clause-sort-heur=''1''", "sp-phase-dec-heur=''1''", "sp-rand-var-dec-freq=''0.005''", "sp-resolution=''2''", "sp-restart-inc='1.4855911199755056'", "sp-update-dec-queue=''0''", "sp-use-pure-literal-rule=''1''", "sp-var-activity-inc='1.1886626033690604'", "sp-var-dec-heur=''0''", "sp-variable-decay='1.000767075027435'", "sp-max-res-lit-inc='2.098678841716737'", "sp-max-res-runs='8'", "sp-rand-phase-dec-freq=''0.001''", "sp-rand-var-dec-scaling='1.0806719363208206'", "sp-res-cutoff-cls='15'", "sp-res-cutoff-lits='103'", "sp-res-order-heur=''15''", "sp-rand-phase-scaling='1.0'"]}
{"cost": 0.010701973351324001, "cpu_time": 5322.583999999978, "evaluations": 5538, "wallclock_time": 10406.66169667244, "total_cpu_time": null, "incumbent": ["sp-clause-activity-inc='1.3030439171838142'", "sp-clause-decay='1.4336391028841606'", "sp-clause-del-heur=''2''", "sp-first-restart='237'", "sp-learned-clause-sort-heur=''0''", "sp-learned-clauses-inc='1.3499506182038947'", "sp-learned-size-factor='0.5300694909768527'", "sp-orig-clause-sort-heur=''13''", "sp-phase-dec-heur=''5''", "sp-rand-var-dec-freq=''0.005''", "sp-resolution=''1''", "sp-restart-inc='1.698277134875653'", "sp-update-dec-queue=''1''", "sp-use-pure-literal-rule=''1''", "sp-var-activity-inc='0.8649007819342532'", "sp-var-dec-heur=''0''", "sp-variable-decay='1.0008753810518736'", "sp-max-res-lit-inc='1.6788244761756925'", "sp-max-res-runs='7'", "sp-rand-phase-dec-freq=''0.001''", "sp-rand-var-dec-scaling='1.078114992188076'", "sp-res-cutoff-cls='20'", "sp-res-cutoff-lits='377'", "sp-res-order-heur=''15''", "sp-rand-phase-scaling='1.0'"]}
{"cost": 0.009502964268546708, "cpu_time": 5573.979999999974, "evaluations": 5823, "wallclock_time": 10820.069866418839, "total_cpu_time": null, "incumbent": ["sp-clause-activity-inc='1.2372513445997815'", "sp-clause-decay='1.2979756466205556'", "sp-clause-del-heur=''2''", "sp-first-restart='248'", "sp-learned-clause-sort-heur=''0''", "sp-learned-clauses-inc='1.264764164078708'", "sp-learned-size-factor='0.4895404610944338'", "sp-orig-clause-sort-heur=''14''", "sp-phase-dec-heur=''1''", "sp-rand-var-dec-freq=''0.005''", "sp-resolution=''2''", "sp-restart-inc='1.5334875621436326'", "sp-update-dec-queue=''0''", "sp-use-pure-literal-rule=''1''", "sp-var-activity-inc='1.3886702918059657'", "sp-var-dec-heur=''0''", "sp-variable-decay='1.0007961429956822'", "sp-max-res-lit-inc='0.9093925670290006'", "sp-max-res-runs='9'", "sp-rand-phase-dec-freq=''0.001''", "sp-rand-var-dec-scaling='1.060201301366127'", "sp-res-cutoff-cls='15'", "sp-res-cutoff-lits='401'", "sp-res-order-heur=''15''", "sp-rand-phase-scaling='1.0'"]}
{"cost": 0.009276875000000002, "cpu_time": 5694.071999999976, "evaluations": 5967, "wallclock_time": 11019.568476676941, "total_cpu_time": null, "incumbent": ["sp-clause-activity-inc='0.8316507388763595'", "sp-clause-decay='1.9771834205893788'", "sp-clause-del-heur=''2''", "sp-first-restart='236'", "sp-learned-clause-sort-heur=''3''", "sp-learned-clauses-inc='1.268213199309575'", "sp-learned-size-factor='0.36851358171874'", "sp-orig-clause-sort-heur=''14''", "sp-phase-dec-heur=''1''", "sp-rand-var-dec-freq=''0.005''", "sp-resolution=''1''", "sp-restart-inc='1.8551289898673964'", "sp-update-dec-queue=''1''", "sp-use-pure-literal-rule=''0''", "sp-var-activity-inc='1.2065986081787385'", "sp-var-dec-heur=''0''", "sp-variable-decay='1.0009515681892587'", "sp-max-res-lit-inc='0.31305476474659916'", "sp-max-res-runs='1'", "sp-rand-phase-dec-freq=''0.001''", "sp-rand-var-dec-scaling='0.5291277834626655'", "sp-res-cutoff-cls='18'", "sp-res-cutoff-lits='100'", "sp-res-order-heur=''15''", "sp-rand-phase-scaling='1.0'"]}
{"cost": 0.009100705283847843, "cpu_time": 7706.633999999981, "evaluations": 8163, "wallclock_time": 13925.741707324982, "total_cpu_time": null, "incumbent": ["sp-clause-activity-inc='1.0801754531786945'", "sp-clause-decay='1.2862904495750174'", "sp-clause-del-heur=''2''", "sp-first-restart='420'", "sp-learned-clause-sort-heur=''0''", "sp-learned-clauses-inc='1.2207217064902451'", "sp-learned-size-factor='0.46324256568278055'", "sp-orig-clause-sort-heur=''18''", "sp-phase-dec-heur=''5''", "sp-rand-var-dec-freq=''0.005''", "sp-resolution=''1''", "sp-restart-inc='1.548291932322581'", "sp-update-dec-queue=''1''", "sp-use-pure-literal-rule=''1''", "sp-var-activity-inc='1.2367187768667305'", "sp-var-dec-heur=''0''", "sp-variable-decay='1.0004632678442784'", "sp-max-res-lit-inc='2.9818100956675915'", "sp-max-res-runs='1'", "sp-rand-phase-dec-freq=''0.001''", "sp-rand-var-dec-scaling='0.5095707722056659'", "sp-res-cutoff-cls='15'", "sp-res-cutoff-lits='100'", "sp-res-order-heur=''3''", "sp-rand-phase-scaling='1.0'"]}
{"cost": 0.008884684876182374, "cpu_time": 8373.437999999971, "evaluations": 8888, "wallclock_time": 14887.177652835846, "total_cpu_time": null, "incumbent": ["sp-clause-activity-inc='0.8018379449490702'", "sp-clause-decay='1.9739225635646314'", "sp-clause-del-heur=''2''", "sp-first-restart='236'", "sp-learned-clause-sort-heur=''3''", "sp-learned-clauses-inc='1.276821261894378'", "sp-learned-size-factor='0.39954285317453603'", "sp-orig-clause-sort-heur=''18''", "sp-phase-dec-heur=''1''", "sp-rand-var-dec-freq=''0.005''", "sp-resolution=''1''", "sp-restart-inc='1.8573236133069901'", "sp-update-dec-queue=''0''", "sp-use-pure-literal-rule=''1''", "sp-var-activity-inc='1.0542860358067658'", "sp-var-dec-heur=''0''", "sp-variable-decay='1.0009515681892587'", "sp-max-res-lit-inc='0.27398405865406483'", "sp-max-res-runs='6'", "sp-rand-phase-dec-freq=''0.001''", "sp-rand-var-dec-scaling='0.536680639573335'", "sp-res-cutoff-cls='15'", "sp-res-cutoff-lits='140'", "sp-res-order-heur=''12''", "sp-rand-phase-scaling='1.0'"]}
{"cost": 0.008595041322314048, "cpu_time": 8711.541999999958, "evaluations": 9279, "wallclock_time": 15358.964448928833, "total_cpu_time": null, "incumbent": ["sp-clause-activity-inc='0.6840343353734512'", "sp-clause-decay='1.1954488836787978'", "sp-clause-del-heur=''2''", "sp-first-restart='237'", "sp-learned-clause-sort-heur=''0''", "sp-learned-clauses-inc='1.2779031281980597'", "sp-learned-size-factor='0.4686973121499724'", "sp-orig-clause-sort-heur=''19''", "sp-phase-dec-heur=''5''", "sp-rand-var-dec-freq=''0.005''", "sp-resolution=''1''", "sp-restart-inc='1.6886955791920635'", "sp-update-dec-queue=''1''", "sp-use-pure-literal-rule=''1''", "sp-var-activity-inc='0.8110832093530662'", "sp-var-dec-heur=''0''", "sp-variable-decay='1.0008753810518736'", "sp-max-res-lit-inc='0.5611516579995108'", "sp-max-res-runs='4'", "sp-rand-phase-dec-freq=''0.001''", "sp-rand-var-dec-scaling='0.8416722361235338'", "sp-res-cutoff-cls='18'", "sp-res-cutoff-lits='100'", "sp-res-order-heur=''12''", "sp-rand-phase-scaling='1.0'"]}
{"cost": 0.008394079200307577, "cpu_time": 9247.08999999997, "evaluations": 9870, "wallclock_time": 16084.981737613678, "total_cpu_time": null, "incumbent": ["sp-clause-activity-inc='1.2483124981204308'", "sp-clause-decay='1.6585609392942928'", "sp-clause-del-heur=''2''", "sp-first-restart='284'", "sp-learned-clause-sort-heur=''0''", "sp-learned-clauses-inc='1.2861189257327523'", "sp-learned-size-factor='0.2911719013050524'", "sp-orig-clause-sort-heur=''14''", "sp-phase-dec-heur=''5''", "sp-rand-var-dec-freq=''0.001''", "sp-resolution=''1''", "sp-restart-inc='1.7874767192705048'", "sp-update-dec-queue=''0''", "sp-use-pure-literal-rule=''1''", "sp-var-activity-inc='1.1361325065720724'", "sp-var-dec-heur=''0''", "sp-variable-decay='1.000220723247291'", "sp-max-res-lit-inc='0.31021695160972523'", "sp-max-res-runs='2'", "sp-rand-phase-dec-freq=''0.001''", "sp-rand-var-dec-scaling='0.489425916729171'", "sp-res-cutoff-cls='15'", "sp-res-cutoff-lits='363'", "sp-res-order-heur=''3''", "sp-rand-phase-scaling='1.0'"]}
{"cost": 0.008096521821095298, "cpu_time": 9415.42599999996, "evaluations": 10063, "wallclock_time": 16319.640648126602, "total_cpu_time": null, "incumbent": ["sp-clause-activity-inc='1.3020401894651612'", "sp-clause-decay='1.6206303361345602'", "sp-clause-del-heur=''2''", "sp-first-restart='290'", "sp-learned-clause-sort-heur=''0''", "sp-learned-clauses-inc='1.2992477246398044'", "sp-learned-size-factor='0.4251116027307192'", "sp-orig-clause-sort-heur=''14''", "sp-phase-dec-heur=''5''", "sp-rand-var-dec-freq=''0.005''", "sp-resolution=''1''", "sp-restart-inc='1.4245512662624784'", "sp-update-dec-queue=''1''", "sp-use-pure-literal-rule=''1''", "sp-var-activity-inc='1.1785271111148679'", "sp-var-dec-heur=''0''", "sp-variable-decay='1.0008753810518736'", "sp-max-res-lit-inc='1.2739793008811044'", "sp-max-res-runs='2'", "sp-rand-phase-dec-freq=''0.001''", "sp-rand-var-dec-scaling='1.0417449579477378'", "sp-res-cutoff-cls='11'", "sp-res-cutoff-lits='409'", "sp-res-order-heur=''3''", "sp-rand-phase-scaling='1.0'"]}
{"cost": 0.007879909297052153, "cpu_time": 9773.637999999966, "evaluations": 10457, "wallclock_time": 16828.63067984581, "total_cpu_time": null, "incumbent": ["sp-clause-activity-inc='1.2110326367644322'", "sp-clause-decay='1.0699714917733956'", "sp-clause-del-heur=''2''", "sp-first-restart='237'", "sp-learned-clause-sort-heur=''14''", "sp-learned-clauses-inc='1.271071490732246'", "sp-learned-size-factor='0.5297920159922613'", "sp-orig-clause-sort-heur=''15''", "sp-phase-dec-heur=''5''", "sp-rand-var-dec-freq=''0.005''", "sp-resolution=''2''", "sp-restart-inc='1.565557834292587'", "sp-update-dec-queue=''0''", "sp-use-pure-literal-rule=''0''", "sp-var-activity-inc='1.3430623791048093'", "sp-var-dec-heur=''0''", "sp-variable-decay='1.0008753810518736'", "sp-max-res-lit-inc='0.3094971438413111'", "sp-max-res-runs='7'", "sp-rand-phase-dec-freq=''0.001''", "sp-rand-var-dec-scaling='0.501640690040734'", "sp-res-cutoff-cls='11'", "sp-res-cutoff-lits='227'", "sp-res-order-heur=''12''", "sp-rand-phase-scaling='1.0'"]}
{"cost": 0.007688264462809919, "cpu_time": 10701.739999999936, "evaluations": 11512, "wallclock_time": 18104.036980867386, "total_cpu_time": null, "incumbent": ["sp-clause-activity-inc='1.243694231052048'", "sp-clause-decay='1.9944014353026076'", "sp-clause-del-heur=''2''", "sp-first-restart='236'", "sp-learned-clause-sort-heur=''16''", "sp-learned-clauses-inc='1.278632138950947'", "sp-learned-size-factor='0.24128629919931688'", "sp-orig-clause-sort-heur=''18''", "sp-phase-dec-heur=''1''", "sp-rand-var-dec-freq=''0.005''", "sp-resolution=''1''", "sp-restart-inc='1.8573236133069901'", "sp-update-dec-queue=''0''", "sp-use-pure-literal-rule=''0''", "sp-var-activity-inc='1.3360320698435215'", "sp-var-dec-heur=''0''", "sp-variable-decay='1.0009515681892587'", "sp-max-res-lit-inc='0.3192124353544572'", "sp-max-res-runs='11'", "sp-rand-phase-dec-freq=''0.001''", "sp-rand-var-dec-scaling='0.48462789573630444'", "sp-res-cutoff-cls='14'", "sp-res-cutoff-lits='138'", "sp-res-order-heur=''12''", "sp-rand-phase-scaling='1.0'"]}
