"CPU Time Used","Estimated Training Performance","Wallclock Time","Incumbent ID","Automatic Configurator (CPU) Time","Configuration..."
0.000000, 2147483648.000000, 0.000876, 1, 0.000876, sp-clause-activity-inc='1.0', sp-clause-decay='1.4', sp-clause-del-heur=''2'', sp-first-restart='100', sp-learned-clause-sort-heur=''0'', sp-learned-clauses-inc='1.3', sp-learned-size-factor='0.4', sp-orig-clause-sort-heur=''0'', sp-phase-dec-heur=''5'', sp-rand-var-dec-freq=''0.001'', sp-resolution=''1'', sp-restart-inc='1.5', sp-update-dec-queue=''1'', sp-use-pure-literal-rule=''1'', sp-var-activity-inc='1.0', sp-var-dec-heur=''0'', sp-variable-decay='1.4', sp-max-res-lit-inc='1.0', sp-max-res-runs='4', sp-rand-phase-dec-freq=''0.001'', sp-rand-var-dec-scaling='1.0', sp-res-cutoff-cls='8', sp-res-cutoff-lits='400', sp-res-order-heur=''0'', sp-rand-phase-scaling='1.0'
0.064000, 0.064000, 0.194244, 1, 0.130244, sp-clause-activity-inc='1.0', sp-clause-decay='1.4', sp-clause-del-heur=''2'', sp-first-restart='100', sp-learned-clause-sort-heur=''0'', sp-learned-clauses-inc='1.3', sp-learned-size-factor='0.4', sp-orig-clause-sort-heur=''0'', sp-phase-dec-heur=''5'', sp-rand-var-dec-freq=''0.001'', sp-resolution=''1'', sp-restart-inc='1.5', sp-update-dec-queue=''1'', sp-use-pure-literal-rule=''1'', sp-var-activity-inc='1.0', sp-var-dec-heur=''0'', sp-variable-decay='1.4', sp-max-res-lit-inc='1.0', sp-max-res-runs='4', sp-rand-phase-dec-freq=''0.001'', sp-rand-var-dec-scaling='1.0', sp-res-cutoff-cls='8', sp-res-cutoff-lits='400', sp-res-order-heur=''0'', sp-rand-phase-scaling='1.0'
168.988000, 0.059129, 276.624151, 12, 107.636151, sp-clause-activity-inc='0.6076136842559006', sp-clause-decay='1.6611651562887257', sp-clause-del-heur=''2'', sp-first-restart='239', sp-learned-clause-sort-heur=''18'', sp-learned-clauses-inc='1.4906894480170951', sp-learned-size-factor='0.5893219088053173', sp-orig-clause-sort-heur=''2'', sp-phase-dec-heur=''5'', sp-rand-var-dec-freq=''0.005'', sp-resolution=''1'', sp-restart-inc='1.3985901029400736', sp-update-dec-queue=''0'', sp-use-pure-literal-rule=''0'', sp-var-activity-inc='1.010655065842474', sp-var-dec-heur=''0'', sp-variable-decay='1.2454338672721876', sp-max-res-lit-inc='3.641225890912782', sp-max-res-runs='4', sp-rand-phase-dec-freq=''0.001'', sp-rand-var-dec-scaling='0.7433980455121938', sp-res-cutoff-cls='9', sp-res-cutoff-lits='136', sp-res-order-heur=''7'', sp-rand-phase-scaling='1.0'
231.420000, 0.053813, 449.948648, 15, 218.528648, sp-clause-activity-inc='1.0', sp-clause-decay='1.5471209403339208', sp-clause-del-heur=''2'', sp-first-restart='224', sp-learned-clause-sort-heur=''0'', sp-learned-clauses-inc='1.3', sp-learned-size-factor='0.41555302390912674', sp-orig-clause-sort-heur=''6'', sp-phase-dec-heur=''5'', sp-rand-var-dec-freq=''0.005'', sp-resolution=''1'', sp-restart-inc='1.3985991480130382', sp-update-dec-queue=''1'', sp-use-pure-literal-rule=''1'', sp-var-activity-inc='1.0', sp-var-dec-heur=''0'', sp-variable-decay='1.0790830090239614', sp-max-res-lit-inc='2.584183741621357', sp-max-res-runs='4', sp-rand-phase-dec-freq=''0.001'', sp-rand-var-dec-scaling='0.6387443260266392', sp-res-cutoff-cls='10', sp-res-cutoff-lits='379', sp-res-order-heur=''8'', sp-rand-phase-scaling='1.0'
296.412000, 0.045906, 652.286591, 20, 355.874591, sp-clause-activity-inc='1.113679360785047', sp-clause-decay='1.6611651562887257', sp-clause-del-heur=''2'', sp-first-restart='484', sp-learned-clause-sort-heur=''3'', sp-learned-clauses-inc='1.4906894480170951', sp-learned-size-factor='0.5893219088053173', sp-orig-clause-sort-heur=''2'', sp-phase-dec-heur=''5'', sp-rand-var-dec-freq=''0.005'', sp-resolution=''1'', sp-restart-inc='1.3985901029400736', sp-update-dec-queue=''1'', sp-use-pure-literal-rule=''1'', sp-var-activity-inc='0.9417655172980199', sp-var-dec-heur=''0'', sp-variable-decay='1.1056178450241143', sp-max-res-lit-inc='3.641225890912782', sp-max-res-runs='4', sp-rand-phase-dec-freq=''0.001'', sp-rand-var-dec-scaling='0.7828979206849056', sp-res-cutoff-cls='14', sp-res-cutoff-lits='354', sp-res-order-heur=''10'', sp-rand-phase-scaling='1.0'
331.756000, 0.042860, 751.261039, 21, 419.505039, sp-clause-activity-inc='0.7172704464562173', sp-clause-decay='1.7353549992457808', sp-clause-del-heur=''2'', sp-first-restart='239', sp-learned-clause-sort-heur=''0'', sp-learned-clauses-inc='1.3789247296286316', sp-learned-size-factor='0.5893219088053173', sp-orig-clause-sort-heur=''19'', sp-phase-dec-heur=''5'', sp-rand-var-dec-freq=''0.005'', sp-resolution=''1'', sp-restart-inc='1.3525386467810607', sp-update-dec-queue=''0'', sp-use-pure-literal-rule=''0'', sp-var-activity-inc='0.6941905203208292', sp-var-dec-heur=''0'', sp-variable-decay='1.1620206288223027', sp-max-res-lit-inc='0.9300643007517033', sp-max-res-runs='4', sp-rand-phase-dec-freq=''0.001'', sp-rand-var-dec-scaling='0.8002451709222584', sp-res-cutoff-cls='20', sp-res-cutoff-lits='136', sp-res-order-heur=''7'', sp-rand-phase-scaling='1.0'
408.180000, 0.034736, 958.136523, 25, 549.956523, sp-clause-activity-inc='0.5885574952496999', sp-clause-decay='1.3781706224863397', sp-clause-del-heur=''2'', sp-first-restart='359', sp-learned-clause-sort-heur=''0'', sp-learned-clauses-inc='1.4863964879403675', sp-learned-size-factor='0.5891785615966734', sp-orig-clause-sort-heur=''13'', sp-phase-dec-heur=''5'', sp-rand-var-dec-freq=''0.005'', sp-resolution=''1'', sp-restart-inc='1.6536765603371406', sp-update-dec-queue=''0'', sp-use-pure-literal-rule=''0'', sp-var-activity-inc='1.2037746175172785', sp-var-dec-heur=''0'', sp-variable-decay='1.1839624552414567', sp-max-res-lit-inc='2.511218572383786', sp-max-res-runs='1', sp-rand-phase-dec-freq=''0.001'', sp-rand-var-dec-scaling='0.7588807134985365', sp-res-cutoff-cls='13', sp-res-cutoff-lits='145', sp-res-order-heur=''18'', sp-rand-phase-scaling='1.0'
443.804000, 0.033006, 1062.645105, 28, 618.841105, sp-clause-activity-inc='0.5799248434723788', sp-clause-decay='1.659876758280642', sp-clause-del-heur=''2'', sp-first-restart='378', sp-learned-clause-sort-heur=''15'', sp-learned-clauses-inc='1.4906894480170951', sp-learned-size-factor='0.5893219088053173', sp-orig-clause-sort-heur=''12'', sp-phase-dec-heur=''5'', sp-rand-var-dec-freq=''0.0001'', sp-resolution=''1'', sp-restart-inc='1.5261265889613826', sp-update-dec-queue=''1'', sp-use-pure-literal-rule=''0'', sp-var-activity-inc='1.4038061802406905', sp-var-dec-heur=''0'', sp-variable-decay='1.2507546069238709', sp-max-res-lit-inc='1.0031887549159102', sp-max-res-runs='2', sp-rand-phase-dec-freq=''0.001'', sp-rand-var-dec-scaling='0.7828979206849056', sp-res-cutoff-cls='13', sp-res-cutoff-lits='354', sp-res-order-heur=''18'', sp-rand-phase-scaling='1.0'
565.740000, 0.030899, 1467.480764, 34, 901.740764, sp-clause-activity-inc='0.5885574952496999', sp-clause-decay='1.3781706224863397', sp-clause-del-heur=''2'', sp-first-restart='486', sp-learned-clause-sort-heur=''1'', sp-learned-clauses-inc='1.3812958618785642', sp-learned-size-factor='0.20483635913122475', sp-orig-clause-sort-heur=''7'', sp-phase-dec-heur=''5'', sp-rand-var-dec-freq=''0.0001'', sp-resolution=''1'', sp-restart-inc='1.6001826679209339', sp-update-dec-queue=''0'', sp-use-pure-literal-rule=''0'', sp-var-activity-inc='1.3166067736751375', sp-var-dec-heur=''0'', sp-variable-decay='1.2363171551276408', sp-max-res-lit-inc='1.4917693346910186', sp-max-res-runs='2', sp-rand-phase-dec-freq=''0.001'', sp-rand-var-dec-scaling='0.7982030498461118', sp-res-cutoff-cls='12', sp-res-cutoff-lits='321', sp-res-order-heur=''18'', sp-rand-phase-scaling='1.0'
646.420000, 0.024934, 1714.025523, 37, 1067.605523, sp-clause-activity-inc='0.6692961354964809', sp-clause-decay='1.8016367463789944', sp-clause-del-heur=''2'', sp-first-restart='436', sp-learned-clause-sort-heur=''0'', sp-learned-clauses-inc='1.4907025118964066', sp-learned-size-factor='0.6376528994104917', sp-orig-clause-sort-heur=''14'', sp-phase-dec-heur=''5'', sp-rand-var-dec-freq=''0.001'', sp-resolution=''1'', sp-restart-inc='1.562954126243304', sp-update-dec-queue=''0'', sp-use-pure-literal-rule=''1'', sp-var-activity-inc='1.3174696034338407', sp-var-dec-heur=''0'', sp-variable-decay='1.1839624552414567', sp-max-res-lit-inc='0.6653451413145187', sp-max-res-runs='1', sp-rand-phase-dec-freq=''0.001'', sp-rand-var-dec-scaling='0.7942429371577293', sp-res-cutoff-cls='20', sp-res-cutoff-lits='339', sp-res-order-heur=''3'', sp-rand-phase-scaling='1.0'
898.788000, 0.021947, 2414.808825, 48, 1516.020825, sp-clause-activity-inc='0.7673889662934708', sp-clause-decay='1.5022674001005927', sp-clause-del-heur=''2'', sp-first-restart='1090', sp-learned-clause-sort-heur=''0'', sp-learned-clauses-inc='1.3706088720582006', sp-learned-size-factor='0.4376458500958032', sp-orig-clause-sort-heur=''19'', sp-phase-dec-heur=''5'', sp-rand-var-dec-freq=''0.005'', sp-resolution=''1'', sp-restart-inc='1.5972333804245662', sp-update-dec-queue=''0'', sp-use-pure-literal-rule=''1'', sp-var-activity-inc='1.141300391794902', sp-var-dec-heur=''0'', sp-variable-decay='1.2444054564312441', sp-max-res-lit-inc='1.2291252099789733', sp-max-res-runs='1', sp-rand-phase-dec-freq=''0.001'', sp-rand-var-dec-scaling='0.7825602696644478', sp-res-cutoff-cls='17', sp-res-cutoff-lits='166', sp-res-order-heur=''7'', sp-rand-phase-scaling='1.0'
1558.052000, 0.020283, 3862.505476, 65, 2304.453476, sp-clause-activity-inc='1.2253744473124657', sp-clause-decay='1.6830015383481527', sp-clause-del-heur=''2'', sp-first-restart='264', sp-learned-clause-sort-heur=''3'', sp-learned-clauses-inc='1.4133179062674612', sp-learned-size-factor='0.5786480619438807', sp-orig-clause-sort-heur=''19'', sp-phase-dec-heur=''5'', sp-rand-var-dec-freq=''0.005'', sp-resolution=''1'', sp-restart-inc='1.5993538680550268', sp-update-dec-queue=''0'', sp-use-pure-literal-rule=''1'', sp-var-activity-inc='1.3632570811423936', sp-var-dec-heur=''0'', sp-variable-decay='1.0006077208914257', sp-max-res-lit-inc='3.9820084905218884', sp-max-res-runs='3', sp-rand-phase-dec-freq=''0.001'', sp-rand-var-dec-scaling='1.060664955236265', sp-res-cutoff-cls='19', sp-res-cutoff-lits='100', sp-res-order-heur=''5'', sp-rand-phase-scaling='1.0'
1901.420000, 0.019168, 4538.799523, 73, 2637.379523, sp-clause-activity-inc='1.209199649670885', sp-clause-decay='1.4572905579734114', sp-clause-del-heur=''2'', sp-first-restart='284', sp-learned-clause-sort-heur=''0'', sp-learned-clauses-inc='1.4067099953397109', sp-learned-size-factor='0.4311478458279066', sp-orig-clause-sort-heur=''1'', sp-phase-dec-heur=''5'', sp-rand-var-dec-freq=''0.005'', sp-resolution=''1'', sp-restart-inc='1.5910679451164322', sp-update-dec-queue=''0'', sp-use-pure-literal-rule=''1'', sp-var-activity-inc='1.1747140189341845', sp-var-dec-heur=''0'', sp-variable-decay='1.0646369795248498', sp-max-res-lit-inc='1.789570862977642', sp-max-res-runs='4', sp-rand-phase-dec-freq=''0.001'', sp-rand-var-dec-scaling='1.0896589631961677', sp-res-cutoff-cls='13', sp-res-cutoff-lits='108', sp-res-order-heur=''7'', sp-rand-phase-scaling='1.0'
1980.036000, 0.018095, 4701.397251, 76, 2721.361251, sp-clause-activity-inc='0.5952267388927261', sp-clause-decay='1.0829628451220998', sp-clause-del-heur=''2'', sp-first-restart='254', sp-learned-clause-sort-heur=''15'', sp-learned-clauses-inc='1.393527930501972', sp-learned-size-factor='0.5546073896077222', sp-orig-clause-sort-heur=''1'', sp-phase-dec-heur=''5'', sp-rand-var-dec-freq=''0.0001'', sp-resolution=''1'', sp-restart-inc='1.589151228791148', sp-update-dec-queue=''1'', sp-use-pure-literal-rule=''0'', sp-var-activity-inc='1.169583239765589', sp-var-dec-heur=''0'', sp-variable-decay='1.3822059122938823', sp-max-res-lit-inc='1.7660922214193122', sp-max-res-runs='3', sp-rand-phase-dec-freq=''0.001'', sp-rand-var-dec-scaling='0.7756213165848453', sp-res-cutoff-cls='13', sp-res-cutoff-lits='106', sp-res-order-heur=''18'', sp-rand-phase-scaling='1.0'
2436.216000, 0.014865, 5547.705056, 86, 3111.489056, sp-clause-activity-inc='1.3207186625550391', sp-clause-decay='1.6817119795645201', sp-clause-del-heur=''2'', sp-first-restart='272', sp-learned-clause-sort-heur=''3'', sp-learned-clauses-inc='1.4959895849092337', sp-learned-size-factor='0.5596742173864426', sp-orig-clause-sort-heur=''14'', sp-phase-dec-heur=''5'', sp-rand-var-dec-freq=''0.005'', sp-resolution=''1'', sp-restart-inc='1.6667815673421047', sp-update-dec-queue=''1'', sp-use-pure-literal-rule=''0'', sp-var-activity-inc='1.2280053636057122', sp-var-dec-heur=''0'', sp-variable-decay='1.0127530314509785', sp-max-res-lit-inc='2.5302993256410273', sp-max-res-runs='1', sp-rand-phase-dec-freq=''0.001'', sp-rand-var-dec-scaling='1.0813653096190459', sp-res-cutoff-cls='15', sp-res-cutoff-lits='362', sp-res-order-heur=''11'', sp-rand-phase-scaling='1.0'
2939.956000, 0.014578, 6464.453311, 95, 3524.497311, sp-clause-activity-inc='1.3054707137869335', sp-clause-decay='1.641792002062633', sp-clause-del-heur=''2'', sp-first-restart='252', sp-learned-clause-sort-heur=''15'', sp-learned-clauses-inc='1.3909074259390617', sp-learned-size-factor='0.39341843050971403', sp-orig-clause-sort-heur=''12'', sp-phase-dec-heur=''5'', sp-rand-var-dec-freq=''0.005'', sp-resolution=''1'', sp-restart-inc='1.4955668126650856', sp-update-dec-queue=''0'', sp-use-pure-literal-rule=''1'', sp-var-activity-inc='1.4913565447080637', sp-var-dec-heur=''0'', sp-variable-decay='1.0007961429956822', sp-max-res-lit-inc='2.0364457578245254', sp-max-res-runs='3', sp-rand-phase-dec-freq=''0.001'', sp-rand-var-dec-scaling='0.5350081687817989', sp-res-cutoff-cls='15', sp-res-cutoff-lits='104', sp-res-order-heur=''15'', sp-rand-phase-scaling='1.0'
3249.336000, 0.013597, 7013.439444, 102, 3764.103444, sp-clause-activity-inc='1.4344987820843853', sp-clause-decay='1.4237857169061747', sp-clause-del-heur=''2'', sp-first-restart='248', sp-learned-clause-sort-heur=''18'', sp-learned-clauses-inc='1.2755893973970784', sp-learned-size-factor='0.4945106174764502', sp-orig-clause-sort-heur=''13'', sp-phase-dec-heur=''1'', sp-rand-var-dec-freq=''0.005'', sp-resolution=''1'', sp-restart-inc='1.5334875621436326', sp-update-dec-queue=''0'', sp-use-pure-literal-rule=''0'', sp-var-activity-inc='1.3721210474989805', sp-var-dec-heur=''0'', sp-variable-decay='1.0007961429956822', sp-max-res-lit-inc='1.1206460135386518', sp-max-res-runs='4', sp-rand-phase-dec-freq=''0.001'', sp-rand-var-dec-scaling='1.072860713404181', sp-res-cutoff-cls='20', sp-res-cutoff-lits='373', sp-res-order-heur=''15'', sp-rand-phase-scaling='1.0'
4053.536000, 0.013284, 8353.288363, 116, 4299.752363, sp-clause-activity-inc='1.2993829055348027', sp-clause-decay='1.6931957727953375', sp-clause-del-heur=''2'', sp-first-restart='253', sp-learned-clause-sort-heur=''3'', sp-learned-clauses-inc='1.2876856148357936', sp-learned-size-factor='0.294487965885622', sp-orig-clause-sort-heur=''4'', sp-phase-dec-heur=''1'', sp-rand-var-dec-freq=''0.005'', sp-resolution=''1'', sp-restart-inc='1.711823195947961', sp-update-dec-queue=''0'', sp-use-pure-literal-rule=''1'', sp-var-activity-inc='1.3254115044421553', sp-var-dec-heur=''0'', sp-variable-decay='1.0009515681892587', sp-max-res-lit-inc='3.0294248193556506', sp-max-res-runs='9', sp-rand-phase-dec-freq=''0.001'', sp-rand-var-dec-scaling='0.49720447919783856', sp-res-cutoff-cls='9', sp-res-cutoff-lits='421', sp-res-order-heur=''15'', sp-rand-phase-scaling='1.0'
4317.548000, 0.012907, 8808.477238, 120, 4490.929238, sp-clause-activity-inc='1.4494954599302103', sp-clause-decay='1.6795580950363795', sp-clause-del-heur=''2'', sp-first-restart='248', sp-learned-clause-sort-heur=''0'', sp-learned-clauses-inc='1.2730985974152431', sp-learned-size-factor='0.3160798345592336', sp-orig-clause-sort-heur=''18'', sp-phase-dec-heur=''5'', sp-rand-var-dec-freq=''0.005'', sp-resolution=''1'', sp-restart-inc='1.5109797118735593', sp-update-dec-queue=''1'', sp-use-pure-literal-rule=''1'', sp-var-activity-inc='1.192076442795101', sp-var-dec-heur=''0'', sp-variable-decay='1.0007961429956822', sp-max-res-lit-inc='0.2854965680243599', sp-max-res-runs='3', sp-rand-phase-dec-freq=''0.001'', sp-rand-var-dec-scaling='0.6794587762207298', sp-res-cutoff-cls='14', sp-res-cutoff-lits='373', sp-res-order-heur=''15'', sp-rand-phase-scaling='1.0'
4570.144000, 0.012541, 9226.057511, 123, 4655.913511, sp-clause-activity-inc='1.427101171668431', sp-clause-decay='1.4489593389683733', sp-clause-del-heur=''2'', sp-first-restart='295', sp-learned-clause-sort-heur=''0'', sp-learned-clauses-inc='1.2840241119025602', sp-learned-size-factor='0.472867040145902', sp-orig-clause-sort-heur=''14'', sp-phase-dec-heur=''1'', sp-rand-var-dec-freq=''0.005'', sp-resolution=''2'', sp-restart-inc='1.699392562914961', sp-update-dec-queue=''0'', sp-use-pure-literal-rule=''1'', sp-var-activity-inc='1.0423939602631704', sp-var-dec-heur=''0'', sp-variable-decay='1.0012525785269428', sp-max-res-lit-inc='0.267724640525849', sp-max-res-runs='4', sp-rand-phase-dec-freq=''0.001'', sp-rand-var-dec-scaling='0.4819034111525501', sp-res-cutoff-cls='12', sp-res-cutoff-lits='396', sp-res-order-heur=''11'', sp-rand-phase-scaling='1.0'
4691.124000, 0.011282, 9404.339913, 125, 4713.215913, sp-clause-activity-inc='1.4891625253686804', sp-clause-decay='1.3889878387095547', sp-clause-del-heur=''2'', sp-first-restart='258', sp-learned-clause-sort-heur=''18'', sp-learned-clauses-inc='1.288824551706876', sp-learned-size-factor='0.3321848899899682', sp-orig-clause-sort-heur=''4'', sp-phase-dec-heur=''5'', sp-rand-var-dec-freq=''0.005'', sp-resolution=''2'', sp-restart-inc='1.740251738973723', sp-update-dec-queue=''0'', sp-use-pure-literal-rule=''0'', sp-var-activity-inc='1.184736101010348', sp-var-dec-heur=''0'', sp-variable-decay='1.0007961429956822', sp-max-res-lit-inc='1.5393369443340448', sp-max-res-runs='8', sp-rand-phase-dec-freq=''0.001'', sp-rand-var-dec-scaling='1.0754929211834499', sp-res-cutoff-cls='20', sp-res-cutoff-lits='375', sp-res-order-heur=''15'', sp-rand-phase-scaling='1.0'
5066.960000, 0.011103, 10028.394943, 132, 4961.434943, sp-clause-activity-inc='1.350354916985114', sp-clause-decay='1.6868595724208646', sp-clause-del-heur=''2'', sp-first-restart='250', sp-learned-clause-sort-heur=''0'', sp-learned-clauses-inc='1.4273468770614248', sp-learned-size-factor='0.2931247922617581', sp-orig-clause-sort-heur=''1'', sp-phase-dec-heur=''1'', sp-rand-var-dec-freq=''0.005'', sp-resolution=''2'', sp-restart-inc='1.4855911199755056', sp-update-dec-queue=''0'', sp-use-pure-literal-rule=''1'', sp-var-activity-inc='1.1886626033690604', sp-var-dec-heur=''0'', sp-variable-decay='1.000767075027435', sp-max-res-lit-inc='2.098678841716737', sp-max-res-runs='8', sp-rand-phase-dec-freq=''0.001'', sp-rand-var-dec-scaling='1.0806719363208206', sp-res-cutoff-cls='15', sp-res-cutoff-lits='103', sp-res-order-heur=''15'', sp-rand-phase-scaling='1.0'
5322.584000, 0.010702, 10406.661697, 136, 5084.077697, sp-clause-activity-inc='1.3030439171838142', sp-clause-decay='1.4336391028841606', sp-clause-del-heur=''2'', sp-first-restart='237', sp-learned-clause-sort-heur=''0'', sp-learned-clauses-inc='1.3499506182038947', sp-learned-size-factor='0.5300694909768527', sp-orig-clause-sort-heur=''13'', sp-phase-dec-heur=''5'', sp-rand-var-dec-freq=''0.005'', sp-resolution=''1'', sp-restart-inc='1.698277134875653', sp-update-dec-queue=''1'', sp-use-pure-literal-rule=''1'', sp-var-activity-inc='0.8649007819342532', sp-var-dec-heur=''0'', sp-variable-decay='1.0008753810518736', sp-max-res-lit-inc='1.6788244761756925', sp-max-res-runs='7', sp-rand-phase-dec-freq=''0.001'', sp-rand-var-dec-scaling='1.078114992188076', sp-res-cutoff-cls='20', sp-res-cutoff-lits='377', sp-res-order-heur=''15'', sp-rand-phase-scaling='1.0'
5573.980000, 0.009503, 10820.069866, 140, 5246.089866, sp-clause-activity-inc='1.2372513445997815', sp-clause-decay='1.2979756466205556', sp-clause-del-heur=''2'', sp-first-restart='248', sp-learned-clause-sort-heur=''0'', sp-learned-clauses-inc='1.264764164078708', sp-learned-size-factor='0.4895404610944338', sp-orig-clause-sort-heur=''14'', sp-phase-dec-heur=''1'', sp-rand-var-dec-freq=''0.005'', sp-resolution=''2'', sp-restart-inc='1.5334875621436326', sp-update-dec-queue=''0'', sp-use-pure-literal-rule=''1'', sp-var-activity-inc='1.3886702918059657', sp-var-dec-heur=''0'', sp-variable-decay='1.0007961429956822', sp-max-res-lit-inc='0.9093925670290006', sp-max-res-runs='9', sp-rand-phase-dec-freq=''0.001'', sp-rand-var-dec-scaling='1.060201301366127', sp-res-cutoff-cls='15', sp-res-cutoff-lits='401', sp-res-order-heur=''15'', sp-rand-phase-scaling='1.0'
5694.072000, 0.009277, 11019.568477, 142, 5325.496477, sp-clause-activity-inc='0.8316507388763595', sp-clause-decay='1.9771834205893788', sp-clause-del-heur=''2'', sp-first-restart='236', sp-learned-clause-sort-heur=''3'', sp-learned-clauses-inc='1.268213199309575', sp-learned-size-factor='0.36851358171874', sp-orig-clause-sort-heur=''14'', sp-phase-dec-heur=''1'', sp-rand-var-dec-freq=''0.005'', sp-resolution=''1'', sp-restart-inc='1.8551289898673964', sp-update-dec-queue=''1'', sp-use-pure-literal-rule=''0'', sp-var-activity-inc='1.2065986081787385', sp-var-dec-heur=''0'', sp-variable-decay='1.0009515681892587', sp-max-res-lit-inc='0.31305476474659916', sp-max-res-runs='1', sp-rand-phase-dec-freq=''0.001'', sp-rand-var-dec-scaling='0.5291277834626655', sp-res-cutoff-cls='18', sp-res-cutoff-lits='100', sp-res-order-heur=''15'', sp-rand-phase-scaling='1.0'
7706.634000, 0.009101, 13925.741707, 167, 6219.107707, sp-clause-activity-inc='1.0801754531786945', sp-clause-decay='1.2862904495750174', sp-clause-del-heur=''2'', sp-first-restart='420', sp-learned-clause-sort-heur=''0'', sp-learned-clauses-inc='1.2207217064902451', sp-learned-size-factor='0.46324256568278055', sp-orig-clause-sort-heur=''18'', sp-phase-dec-heur=''5'', sp-rand-var-dec-freq=''0.005'', sp-resolution=''1'', sp-restart-inc='1.548291932322581', sp-update-dec-queue=''1'', sp-use-pure-literal-rule=''1'', sp-var-activity-inc='1.2367187768667305', sp-var-dec-heur=''0'', sp-variable-decay='1.0004632678442784', sp-max-res-lit-inc='2.9818100956675915', sp-max-res-runs='1', sp-rand-phase-dec-freq=''0.001'', sp-rand-var-dec-scaling='0.5095707722056659', sp-res-cutoff-cls='15', sp-res-cutoff-lits='100', sp-res-order-heur=''3'', sp-rand-phase-scaling='1.0'
8373.438000, 0.008885, 14887.177653, 176, 6513.739653, sp-clause-activity-inc='0.8018379449490702', sp-clause-decay='1.9739225635646314', sp-clause-del-heur=''2'', sp-first-restart='236', sp-learned-clause-sort-heur=''3'', sp-learned-clauses-inc='1.276821261894378', sp-learned-size-factor='0.39954285317453603', sp-orig-clause-sort-heur=''18'', sp-phase-dec-heur=''1'', sp-rand-var-dec-freq=''0.005'', sp-resolution=''1'', sp-restart-inc='1.8573236133069901', sp-update-dec-queue=''0'', sp-use-pure-literal-rule=''1'', sp-var-activity-inc='1.0542860358067658', sp-var-dec-heur=''0'', sp-variable-decay='1.0009515681892587', sp-max-res-lit-inc='0.27398405865406483', sp-max-res-runs='6', sp-rand-phase-dec-freq=''0.001'', sp-rand-var-dec-scaling='0.536680639573335', sp-res-cutoff-cls='15', sp-res-cutoff-lits='140', sp-res-order-heur=''12'', sp-rand-phase-scaling='1.0'
8711.542000, 0.008595, 15358.964449, 179, 6647.422449, sp-clause-activity-inc='0.6840343353734512', sp-clause-decay='1.1954488836787978', sp-clause-del-heur=''2'', sp-first-restart='237', sp-learned-clause-sort-heur=''0'', sp-learned-clauses-inc='1.2779031281980597', sp-learned-size-factor='0.4686973121499724', sp-orig-clause-sort-heur=''19'', sp-phase-dec-heur=''5'', sp-rand-var-dec-freq=''0.005'', sp-resolution=''1'', sp-restart-inc='1.6886955791920635', sp-update-dec-queue=''1'', sp-use-pure-literal-rule=''1'', sp-var-activity-inc='0.8110832093530662', sp-var-dec-heur=''0'', sp-variable-decay='1.0008753810518736', sp-max-res-lit-inc='0.5611516579995108', sp-max-res-runs='4', sp-rand-phase-dec-freq=''0.001'', sp-rand-var-dec-scaling='0.8416722361235338', sp-res-cutoff-cls='18', sp-res-cutoff-lits='100', sp-res-order-heur=''12'', sp-rand-phase-scaling='1.0'
9247.090000, 0.008394, 16084.981738, 186, 6837.891738, sp-clause-activity-inc='1.2483124981204308', sp-clause-decay='1.6585609392942928', sp-clause-del-heur=''2'', sp-first-restart='284', sp-learned-clause-sort-heur=''0'', sp-learned-clauses-inc='1.2861189257327523', sp-learned-size-factor='0.2911719013050524', sp-orig-clause-sort-heur=''14'', sp-phase-dec-heur=''5'', sp-rand-var-dec-freq=''0.001'', sp-resolution=''1'', sp-restart-inc='1.7874767192705048', sp-update-dec-queue=''0'', sp-use-pure-literal-rule=''1'', sp-var-activity-inc='1.1361325065720724', sp-var-dec-heur=''0'', sp-variable-decay='1.000220723247291', sp-max-res-lit-inc='0.31021695160972523', sp-max-res-runs='2', sp-rand-phase-dec-freq=''0.001'', sp-rand-var-dec-scaling='0.489425916729171', sp-res-cutoff-cls='15', sp-res-cutoff-lits='363', sp-res-order-heur=''3'', sp-rand-phase-scaling='1.0'
9415.426000, 0.008097, 16319.640648, 188, 6904.214648, sp-clause-activity-inc='1.3020401894651612', sp-clause-decay='1.6206303361345602', sp-clause-del-heur=''2'', sp-first-restart='290', sp-learned-clause-sort-heur=''0'', sp-learned-clauses-inc='1.2992477246398044', sp-learned-size-factor='0.4251116027307192', sp-orig-clause-sort-heur=''14'', sp-phase-dec-heur=''5'', sp-rand-var-dec-freq=''0.005'', sp-resolution=''1'', sp-restart-inc='1.4245512662624784', sp-update-dec-queue=''1'', sp-use-pure-literal-rule=''1'', sp-var-activity-inc='1.1785271111148679', sp-var-dec-heur=''0'', sp-variable-decay='1.0008753810518736', sp-max-res-lit-inc='1.2739793008811044', sp-max-res-runs='2', sp-rand-phase-dec-freq=''0.001'', sp-rand-var-dec-scaling='1.0417449579477378', sp-res-cutoff-cls='11', sp-res-cutoff-lits='409', sp-res-order-heur=''3'', sp-rand-phase-scaling='1.0'
9773.638000, 0.007880, 16828.630680, 192, 7054.992680, sp-clause-activity-inc='1.2110326367644322', sp-clause-decay='1.0699714917733956', sp-clause-del-heur=''2'', sp-first-restart='237', sp-learned-clause-sort-heur=''14'', sp-learned-clauses-inc='1.271071490732246', sp-learned-size-factor='0.5297920159922613', sp-orig-clause-sort-heur=''15'', sp-phase-dec-heur=''5'', sp-rand-var-dec-freq=''0.005'', sp-resolution=''2'', sp-restart-inc='1.565557834292587', sp-update-dec-queue=''0'', sp-use-pure-literal-rule=''0'', sp-var-activity-inc='1.3430623791048093', sp-var-dec-heur=''0'', sp-variable-decay='1.0008753810518736', sp-max-res-lit-inc='0.3094971438413111', sp-max-res-runs='7', sp-rand-phase-dec-freq=''0.001'', sp-rand-var-dec-scaling='0.501640690040734', sp-res-cutoff-cls='11', sp-res-cutoff-lits='227', sp-res-order-heur=''12'', sp-rand-phase-scaling='1.0'
