{"cpu_time": 0, "incumbent": ["sp-clause-activity-inc='1.0'", "sp-clause-decay='1.4'", "sp-clause-del-heur=''2''", "sp-first-restart='100'", "sp-learned-clause-sort-heur=''0''", "sp-learned-clauses-inc='1.3'", "sp-learned-size-factor='0.4'", "sp-orig-clause-sort-heur=''0''", "sp-phase-dec-heur=''5''", "sp-rand-var-dec-freq=''0.001''", "sp-resolution=''1''", "sp-restart-inc='1.5'", "sp-update-dec-queue=''1''", "sp-use-pure-literal-rule=''1''", "sp-var-activity-inc='1.0'", "sp-var-dec-heur=''0''", "sp-variable-decay='1.4'", "sp-max-res-lit-inc='1.0'", "sp-max-res-runs='4'", "sp-rand-phase-dec-freq=''0.001''", "sp-rand-var-dec-scaling='1.0'", "sp-res-cutoff-cls='8'", "sp-res-cutoff-lits='400'", "sp-res-order-heur=''0''", "sp-rand-phase-scaling='1.0'"], "total_cpu_time": null, "cost": 2147483648, "evaluations": 0, "wallclock_time": 0.0009026527404785156}
{"cpu_time": 0.056, "incumbent": ["sp-clause-activity-inc='1.0'", "sp-clause-decay='1.4'", "sp-clause-del-heur=''2''", "sp-first-restart='100'", "sp-learned-clause-sort-heur=''0''", "sp-learned-clauses-inc='1.3'", "sp-learned-size-factor='0.4'", "sp-orig-clause-sort-heur=''0''", "sp-phase-dec-heur=''5''", "sp-rand-var-dec-freq=''0.001''", "sp-resolution=''1''", "sp-restart-inc='1.5'", "sp-update-dec-queue=''1''", "sp-use-pure-literal-rule=''1''", "sp-var-activity-inc='1.0'", "sp-var-dec-heur=''0''", "sp-variable-decay='1.4'", "sp-max-res-lit-inc='1.0'", "sp-max-res-runs='4'", "sp-rand-phase-dec-freq=''0.001''", "sp-rand-var-dec-scaling='1.0'", "sp-res-cutoff-cls='8'", "sp-res-cutoff-lits='400'", "sp-res-order-heur=''0''", "sp-rand-phase-scaling='1.0'"], "total_cpu_time": null, "cost": 0.056, "evaluations": 1, "wallclock_time": 0.20749688148498535}
{"cpu_time": 280.33, "incumbent": ["sp-clause-activity-inc='1.2330192647374227'", "sp-clause-decay='1.4952982165214421'", "sp-clause-del-heur=''2''", "sp-first-restart='146'", "sp-learned-clause-sort-heur=''16''", "sp-learned-clauses-inc='1.3497494862995374'", "sp-learned-size-factor='0.16093037151507114'", "sp-orig-clause-sort-heur=''0''", "sp-phase-dec-heur=''3''", "sp-rand-var-dec-freq=''0.0001''", "sp-resolution=''2''", "sp-restart-inc='1.72294109835383'", "sp-update-dec-queue=''0''", "sp-use-pure-literal-rule=''1''", "sp-var-activity-inc='1.2543389830223937'", "sp-var-dec-heur=''0''", "sp-variable-decay='1.335349946887575'", "sp-max-res-lit-inc='2.504663263497211'", "sp-max-res-runs='7'", "sp-rand-phase-dec-freq=''0.0001''", "sp-rand-var-dec-scaling='0.768136421775669'", "sp-res-cutoff-cls='2'", "sp-res-cutoff-lits='302'", "sp-res-order-heur=''0''", "sp-rand-phase-scaling='0.5465805473685973'"], "total_cpu_time": null, "cost": 0.06682031249999998, "evaluations": 156, "wallclock_time": 433.28124165534973}
{"cpu_time": 312.27, "incumbent": ["sp-clause-activity-inc='0.9651807885108694'", "sp-clause-decay='1.4960103509246003'", "sp-clause-del-heur=''2''", "sp-first-restart='146'", "sp-learned-clause-sort-heur=''16''", "sp-learned-clauses-inc='1.234118189216483'", "sp-learned-size-factor='0.16093037151507114'", "sp-orig-clause-sort-heur=''0''", "sp-phase-dec-heur=''3''", "sp-rand-var-dec-freq=''0.005''", "sp-resolution=''2''", "sp-restart-inc='1.72294109835383'", "sp-update-dec-queue=''0''", "sp-use-pure-literal-rule=''1''", "sp-var-activity-inc='1.2543389830223937'", "sp-var-dec-heur=''0''", "sp-variable-decay='1.2956085671769393'", "sp-max-res-lit-inc='1.0921829907662934'", "sp-max-res-runs='7'", "sp-rand-phase-dec-freq=''0.001''", "sp-rand-var-dec-scaling='0.8705213406837076'", "sp-res-cutoff-cls='2'", "sp-res-cutoff-lits='302'", "sp-res-order-heur=''9''", "sp-rand-phase-scaling='0.5465805473685973'"], "total_cpu_time": null, "cost": 0.06184083044982697, "evaluations": 182, "wallclock_time": 521.7004461288452}
{"cpu_time": 347.0740000000001, "incumbent": ["sp-clause-activity-inc='1.0'", "sp-clause-decay='1.4'", "sp-clause-del-heur=''2''", "sp-first-restart='152'", "sp-learned-clause-sort-heur=''18''", "sp-learned-clauses-inc='1.2396899542526962'", "sp-learned-size-factor='0.18769811038785503'", "sp-orig-clause-sort-heur=''0''", "sp-phase-dec-heur=''5''", "sp-rand-var-dec-freq=''0.01''", "sp-resolution=''2''", "sp-restart-inc='1.5'", "sp-update-dec-queue=''1''", "sp-use-pure-literal-rule=''1''", "sp-var-activity-inc='1.0523902765135387'", "sp-var-dec-heur=''0''", "sp-variable-decay='1.2793599834632798'", "sp-max-res-lit-inc='0.8010956092914794'", "sp-max-res-runs='2'", "sp-rand-phase-dec-freq=''0.001''", "sp-rand-var-dec-scaling='0.9239688245947209'", "sp-res-cutoff-cls='7'", "sp-res-cutoff-lits='388'", "sp-res-order-heur=''0''", "sp-rand-phase-scaling='1.0'"], "total_cpu_time": null, "cost": 0.05519753086419752, "evaluations": 217, "wallclock_time": 630.301589012146}
{"cpu_time": 433.6780000000001, "incumbent": ["sp-clause-activity-inc='0.972425719299989'", "sp-clause-decay='1.4287849617717558'", "sp-clause-del-heur=''2''", "sp-first-restart='135'", "sp-learned-clause-sort-heur=''16''", "sp-learned-clauses-inc='1.2800257019269794'", "sp-learned-size-factor='0.1852520807420577'", "sp-orig-clause-sort-heur=''0''", "sp-phase-dec-heur=''3''", "sp-rand-var-dec-freq=''0.001''", "sp-resolution=''2''", "sp-restart-inc='1.3849388141959806'", "sp-update-dec-queue=''1''", "sp-use-pure-literal-rule=''1''", "sp-var-activity-inc='1.0'", "sp-var-dec-heur=''16''", "sp-variable-decay='1.4'", "sp-max-res-lit-inc='1.2769323492453917'", "sp-max-res-runs='3'", "sp-rand-phase-dec-freq=''0.001''", "sp-rand-var-dec-scaling='0.8556741651009467'", "sp-res-cutoff-cls='6'", "sp-res-cutoff-lits='974'", "sp-res-order-heur=''9''", "sp-rand-phase-scaling='0.8339302595421143'"], "total_cpu_time": null, "cost": 0.04759999999999999, "evaluations": 292, "wallclock_time": 850.6480665206909}
{"cpu_time": 472.1500000000001, "incumbent": ["sp-clause-activity-inc='1.0004234903845934'", "sp-clause-decay='1.8843735419932128'", "sp-clause-del-heur=''0''", "sp-first-restart='117'", "sp-learned-clause-sort-heur=''6''", "sp-learned-clauses-inc='1.1185451560358781'", "sp-learned-size-factor='0.23268519571435123'", "sp-orig-clause-sort-heur=''14''", "sp-phase-dec-heur=''3''", "sp-rand-var-dec-freq=''0.0001''", "sp-resolution=''2''", "sp-restart-inc='1.4587719209994718'", "sp-update-dec-queue=''0''", "sp-use-pure-literal-rule=''1''", "sp-var-activity-inc='1.0678280011150618'", "sp-var-dec-heur=''16''", "sp-variable-decay='1.6851215647921294'", "sp-max-res-lit-inc='0.8408556929187848'", "sp-max-res-runs='4'", "sp-rand-phase-dec-freq=''0.001''", "sp-rand-var-dec-scaling='0.9644627204516245'", "sp-res-cutoff-cls='6'", "sp-res-cutoff-lits='100'", "sp-res-order-heur=''0''", "sp-rand-phase-scaling='0.7471527313365871'"], "total_cpu_time": null, "cost": 0.04353741496598639, "evaluations": 333, "wallclock_time": 964.2771754264832}
{"cpu_time": 511.094, "incumbent": ["sp-clause-activity-inc='1.0004234903845934'", "sp-clause-decay='1.8843735419932128'", "sp-clause-del-heur=''2''", "sp-first-restart='217'", "sp-learned-clause-sort-heur=''6''", "sp-learned-clauses-inc='1.1185451560358781'", "sp-learned-size-factor='0.1846397994128078'", "sp-orig-clause-sort-heur=''14''", "sp-phase-dec-heur=''3''", "sp-rand-var-dec-freq=''0.05''", "sp-resolution=''2''", "sp-restart-inc='1.4917525355497623'", "sp-update-dec-queue=''0''", "sp-use-pure-literal-rule=''1''", "sp-var-activity-inc='1.336937408278728'", "sp-var-dec-heur=''16''", "sp-variable-decay='1.6851215647921294'", "sp-max-res-lit-inc='1.3551226672245424'", "sp-max-res-runs='13'", "sp-rand-phase-dec-freq=''0.001''", "sp-rand-var-dec-scaling='0.5962059038568011'", "sp-res-cutoff-cls='9'", "sp-res-cutoff-lits='1600'", "sp-res-order-heur=''0''", "sp-rand-phase-scaling='0.7471527313365871'"], "total_cpu_time": null, "cost": 0.03994214876033058, "evaluations": 376, "wallclock_time": 1066.2729575634003}
{"cpu_time": 549.7539999999998, "incumbent": ["sp-clause-activity-inc='0.7119395292537143'", "sp-clause-decay='1.6251536372405349'", "sp-clause-del-heur=''1''", "sp-first-restart='103'", "sp-learned-clause-sort-heur=''6''", "sp-learned-clauses-inc='1.1466904996422669'", "sp-learned-size-factor='0.20375570588426453'", "sp-orig-clause-sort-heur=''19''", "sp-phase-dec-heur=''3''", "sp-rand-var-dec-freq=''0.01''", "sp-resolution=''2''", "sp-restart-inc='1.2466007077807264'", "sp-update-dec-queue=''0''", "sp-use-pure-literal-rule=''1''", "sp-var-activity-inc='1.336937408278728'", "sp-var-dec-heur=''16''", "sp-variable-decay='1.6851215647921294'", "sp-max-res-lit-inc='1.082117959655624'", "sp-max-res-runs='6'", "sp-rand-phase-dec-freq=''0.001''", "sp-rand-var-dec-scaling='0.5962059038568011'", "sp-res-cutoff-cls='2'", "sp-res-cutoff-lits='1600'", "sp-res-order-heur=''9''", "sp-rand-phase-scaling='0.7471527313365871'"], "total_cpu_time": null, "cost": 0.036438563327032124, "evaluations": 421, "wallclock_time": 1173.135995388031}
{"cpu_time": 588.0779999999995, "incumbent": ["sp-clause-activity-inc='1.2888664392263929'", "sp-clause-decay='1.4136530951940771'", "sp-clause-del-heur=''0''", "sp-first-restart='146'", "sp-learned-clause-sort-heur=''16''", "sp-learned-clauses-inc='1.1751562969922211'", "sp-learned-size-factor='0.21235205785165248'", "sp-orig-clause-sort-heur=''4''", "sp-phase-dec-heur=''3''", "sp-rand-var-dec-freq=''0.005''", "sp-resolution=''2''", "sp-restart-inc='1.3907395481786704'", "sp-update-dec-queue=''1''", "sp-use-pure-literal-rule=''1''", "sp-var-activity-inc='1.2497000319347973'", "sp-var-dec-heur=''16''", "sp-variable-decay='1.584358492461365'", "sp-max-res-lit-inc='0.34873250236178666'", "sp-max-res-runs='3'", "sp-rand-phase-dec-freq=''0.001''", "sp-rand-var-dec-scaling='0.5526131172872588'", "sp-res-cutoff-cls='6'", "sp-res-cutoff-lits='857'", "sp-res-order-heur=''9''", "sp-rand-phase-scaling='1.0'"], "total_cpu_time": null, "cost": 0.03330555555555554, "evaluations": 468, "wallclock_time": 1266.508364200592}
{"cpu_time": 626.4339999999995, "incumbent": ["sp-clause-activity-inc='1.2539356909691504'", "sp-clause-decay='1.3090472641408233'", "sp-clause-del-heur=''1''", "sp-first-restart='121'", "sp-learned-clause-sort-heur=''12''", "sp-learned-clauses-inc='1.243410945915933'", "sp-learned-size-factor='0.1846397994128078'", "sp-orig-clause-sort-heur=''4''", "sp-phase-dec-heur=''5''", "sp-rand-var-dec-freq=''0.01''", "sp-resolution=''2''", "sp-restart-inc='1.533066524936352'", "sp-update-dec-queue=''1''", "sp-use-pure-literal-rule=''1''", "sp-var-activity-inc='1.3558088300771582'", "sp-var-dec-heur=''16''", "sp-variable-decay='1.3476338598302102'", "sp-max-res-lit-inc='0.7288494417209317'", "sp-max-res-runs='5'", "sp-rand-phase-dec-freq=''0''", "sp-rand-var-dec-scaling='0.5962059038568011'", "sp-res-cutoff-cls='5'", "sp-res-cutoff-lits='497'", "sp-res-order-heur=''9''"], "total_cpu_time": null, "cost": 0.030649599999999996, "evaluations": 516, "wallclock_time": 1376.386337518692}
{"cpu_time": 819.3419999999976, "incumbent": ["sp-clause-activity-inc='0.9845787002975077'", "sp-clause-decay='1.219702071642895'", "sp-clause-del-heur=''1''", "sp-first-restart='128'", "sp-learned-clause-sort-heur=''16''", "sp-learned-clauses-inc='1.29897319775791'", "sp-learned-size-factor='0.18270392218989595'", "sp-orig-clause-sort-heur=''11''", "sp-phase-dec-heur=''5''", "sp-rand-var-dec-freq=''0.001''", "sp-resolution=''2''", "sp-restart-inc='1.352598448486675'", "sp-update-dec-queue=''1''", "sp-use-pure-literal-rule=''1''", "sp-var-activity-inc='1.407501174476809'", "sp-var-dec-heur=''16''", "sp-variable-decay='1.325434903114392'", "sp-max-res-lit-inc='0.5657719344141208'", "sp-max-res-runs='1'", "sp-rand-phase-dec-freq=''0.0001''", "sp-rand-var-dec-scaling='0.5650483924667533'", "sp-res-cutoff-cls='5'", "sp-res-cutoff-lits='352'", "sp-res-order-heur=''9''", "sp-rand-phase-scaling='1.0'"], "total_cpu_time": null, "cost": 0.028913198573127227, "evaluations": 733, "wallclock_time": 1857.2082662582397}
{"cpu_time": 1038.3179999999968, "incumbent": ["sp-clause-activity-inc='0.9378117890666743'", "sp-clause-decay='1.305726453175846'", "sp-clause-del-heur=''1''", "sp-first-restart='111'", "sp-learned-clause-sort-heur=''18''", "sp-learned-clauses-inc='1.4013304123319132'", "sp-learned-size-factor='0.16390452667351815'", "sp-orig-clause-sort-heur=''16''", "sp-phase-dec-heur=''4''", "sp-rand-var-dec-freq=''0.01''", "sp-resolution=''2''", "sp-restart-inc='1.2457822608363955'", "sp-update-dec-queue=''1''", "sp-use-pure-literal-rule=''1''", "sp-var-activity-inc='1.407501174476809'", "sp-var-dec-heur=''16''", "sp-variable-decay='1.2661170242316708'", "sp-max-res-lit-inc='0.4431880211931079'", "sp-max-res-runs='1'", "sp-rand-phase-dec-freq=''0.05''", "sp-rand-var-dec-scaling='0.48541222984226934'", "sp-res-cutoff-cls='5'", "sp-res-cutoff-lits='502'", "sp-res-order-heur=''9''", "sp-rand-phase-scaling='1.0266146379869427'"], "total_cpu_time": null, "cost": 0.025520661157024786, "evaluations": 976, "wallclock_time": 2393.5240349769592}
{"cpu_time": 1625.701999999991, "incumbent": ["sp-clause-activity-inc='0.7986984835568902'", "sp-clause-decay='1.687831260306118'", "sp-clause-del-heur=''2''", "sp-first-restart='35'", "sp-learned-clause-sort-heur=''18''", "sp-learned-clauses-inc='1.4360773697823799'", "sp-learned-size-factor='0.26487922267741587'", "sp-orig-clause-sort-heur=''7''", "sp-phase-dec-heur=''0''", "sp-rand-var-dec-freq=''0.0001''", "sp-resolution=''1''", "sp-restart-inc='1.6254391328664486'", "sp-update-dec-queue=''1''", "sp-use-pure-literal-rule=''1''", "sp-var-activity-inc='1.077748785792659'", "sp-var-dec-heur=''16''", "sp-variable-decay='1.3319383063416959'", "sp-max-res-lit-inc='1.0241768194897773'", "sp-max-res-runs='1'", "sp-rand-phase-dec-freq=''0.05''", "sp-rand-var-dec-scaling='0.8389402444045118'", "sp-res-cutoff-cls='10'", "sp-res-cutoff-lits='247'", "sp-res-order-heur=''17''", "sp-rand-phase-scaling='1.0839756727364789'"], "total_cpu_time": null, "cost": 0.023702558001189773, "evaluations": 1564, "wallclock_time": 3673.2769112586975}
{"cpu_time": 1968.7179999999894, "incumbent": ["sp-clause-activity-inc='0.80058362669313'", "sp-clause-decay='1.0444841823722275'", "sp-clause-del-heur=''0''", "sp-first-restart='132'", "sp-learned-clause-sort-heur=''1''", "sp-learned-clauses-inc='1.426825735412022'", "sp-learned-size-factor='0.31489509717984704'", "sp-orig-clause-sort-heur=''11''", "sp-phase-dec-heur=''4''", "sp-rand-var-dec-freq=''0.0001''", "sp-resolution=''2''", "sp-restart-inc='1.5810469920756018'", "sp-update-dec-queue=''1''", "sp-use-pure-literal-rule=''1''", "sp-var-activity-inc='1.4471208491724215'", "sp-var-dec-heur=''16''", "sp-variable-decay='1.2932024292387743'", "sp-max-res-lit-inc='1.0'", "sp-max-res-runs='1'", "sp-rand-phase-dec-freq=''0.05''", "sp-rand-var-dec-scaling='1.0133395867033597'", "sp-res-cutoff-cls='12'", "sp-res-cutoff-lits='266'", "sp-res-order-heur=''0''", "sp-rand-phase-scaling='1.088074513273917'"], "total_cpu_time": null, "cost": 0.020227160493827157, "evaluations": 1903, "wallclock_time": 4314.431770563126}
{"cpu_time": 2243.91799999999, "incumbent": ["sp-clause-activity-inc='0.6265511730874609'", "sp-clause-decay='1.170889934096365'", "sp-clause-del-heur=''0''", "sp-first-restart='64'", "sp-learned-clause-sort-heur=''1''", "sp-learned-clauses-inc='1.3631362216335625'", "sp-learned-size-factor='0.29608496287700087'", "sp-orig-clause-sort-heur=''5''", "sp-phase-dec-heur=''1''", "sp-rand-var-dec-freq=''0.001''", "sp-resolution=''2''", "sp-restart-inc='1.4960908606649534'", "sp-update-dec-queue=''0''", "sp-use-pure-literal-rule=''1''", "sp-var-activity-inc='1.0457031523908462'", "sp-var-dec-heur=''16''", "sp-variable-decay='1.2591146916024754'", "sp-max-res-lit-inc='0.34873250236178666'", "sp-max-res-runs='1'", "sp-rand-phase-dec-freq=''0.001''", "sp-rand-var-dec-scaling='0.5526131172872588'", "sp-res-cutoff-cls='10'", "sp-res-cutoff-lits='234'", "sp-res-order-heur=''0''", "sp-rand-phase-scaling='1.0786018194122746'"], "total_cpu_time": null, "cost": 0.019553819444444443, "evaluations": 2179, "wallclock_time": 4817.594019651413}
{"cpu_time": 2325.301999999988, "incumbent": ["sp-clause-activity-inc='1.2948046679343155'", "sp-clause-decay='1.5857486084574792'", "sp-clause-del-heur=''2''", "sp-first-restart='167'", "sp-learned-clause-sort-heur=''18''", "sp-learned-clauses-inc='1.4360773697823799'", "sp-learned-size-factor='0.33656753785636806'", "sp-orig-clause-sort-heur=''8''", "sp-phase-dec-heur=''2''", "sp-rand-var-dec-freq=''0.01''", "sp-resolution=''2''", "sp-restart-inc='1.4799463835250668'", "sp-update-dec-queue=''1''", "sp-use-pure-literal-rule=''1''", "sp-var-activity-inc='1.1091949813598112'", "sp-var-dec-heur=''16''", "sp-variable-decay='1.3336701207014952'", "sp-max-res-lit-inc='0.2983713198555837'", "sp-max-res-runs='1'", "sp-rand-var-dec-scaling='0.7018381460325995'", "sp-res-cutoff-cls='9'", "sp-res-cutoff-lits='193'", "sp-res-order-heur=''13''"], "total_cpu_time": null, "cost": 0.016791336942940435, "evaluations": 2270, "wallclock_time": 4980.338089704514}
{"cpu_time": 2494.6539999999827, "incumbent": ["sp-clause-activity-inc='0.5423890651423362'", "sp-clause-decay='1.2212565514334424'", "sp-clause-del-heur=''1''", "sp-first-restart='182'", "sp-learned-clause-sort-heur=''2''", "sp-learned-clauses-inc='1.2704064952876506'", "sp-learned-size-factor='0.3182259906892617'", "sp-orig-clause-sort-heur=''8''", "sp-phase-dec-heur=''2''", "sp-rand-var-dec-freq=''0.001''", "sp-resolution=''2''", "sp-restart-inc='1.456205179465735'", "sp-update-dec-queue=''1''", "sp-use-pure-literal-rule=''1''", "sp-var-activity-inc='1.2156940186283214'", "sp-var-dec-heur=''16''", "sp-variable-decay='1.3914504584424516'", "sp-max-res-lit-inc='0.47900648629312476'", "sp-max-res-runs='1'", "sp-rand-var-dec-scaling='0.7028074744954029'", "sp-res-cutoff-cls='13'", "sp-res-cutoff-lits='102'", "sp-res-order-heur=''0''"], "total_cpu_time": null, "cost": 0.015581699346405228, "evaluations": 2463, "wallclock_time": 5302.030997276306}
{"cpu_time": 2575.673999999981, "incumbent": ["sp-clause-activity-inc='1.4080401765288464'", "sp-clause-decay='1.185685850496953'", "sp-clause-del-heur=''1''", "sp-first-restart='32'", "sp-learned-clause-sort-heur=''2''", "sp-learned-clauses-inc='1.2358226467783278'", "sp-learned-size-factor='0.3173916961199047'", "sp-orig-clause-sort-heur=''8''", "sp-phase-dec-heur=''2''", "sp-rand-var-dec-freq=''0.0001''", "sp-resolution=''2''", "sp-restart-inc='1.7734610555694759'", "sp-update-dec-queue=''0''", "sp-use-pure-literal-rule=''1''", "sp-var-activity-inc='1.446503165267322'", "sp-var-dec-heur=''16''", "sp-variable-decay='1.7485137214835604'", "sp-max-res-lit-inc='0.27769385005213926'", "sp-max-res-runs='1'", "sp-rand-var-dec-scaling='0.9567931315420843'", "sp-res-cutoff-cls='7'", "sp-res-cutoff-lits='507'", "sp-res-order-heur=''13''"], "total_cpu_time": null, "cost": 0.014974852071005917, "evaluations": 2559, "wallclock_time": 5453.980563402176}
{"cpu_time": 2655.8499999999794, "incumbent": ["sp-clause-activity-inc='0.6178178255252422'", "sp-clause-decay='1.1745858988229811'", "sp-clause-del-heur=''0''", "sp-first-restart='210'", "sp-learned-clause-sort-heur=''2''", "sp-learned-clauses-inc='1.1704932938260462'", "sp-learned-size-factor='0.32933659202605137'", "sp-orig-clause-sort-heur=''4''", "sp-phase-dec-heur=''2''", "sp-rand-var-dec-freq=''0.0001''", "sp-resolution=''1''", "sp-restart-inc='1.6642347956308279'", "sp-update-dec-queue=''1''", "sp-use-pure-literal-rule=''1''", "sp-var-activity-inc='1.4167022375461629'", "sp-var-dec-heur=''16''", "sp-variable-decay='1.3721351508653756'", "sp-max-res-lit-inc='0.26706721138987793'", "sp-max-res-runs='1'", "sp-rand-var-dec-scaling='1.0'", "sp-res-cutoff-cls='8'", "sp-res-cutoff-lits='129'", "sp-res-order-heur=''17''"], "total_cpu_time": null, "cost": 0.014479174083303669, "evaluations": 2661, "wallclock_time": 5622.31174993515}
{"cpu_time": 3119.161999999968, "incumbent": ["sp-clause-activity-inc='0.5692504995558811'", "sp-clause-decay='1.1655682943878185'", "sp-clause-del-heur=''2''", "sp-first-restart='183'", "sp-learned-clause-sort-heur=''2''", "sp-learned-clauses-inc='1.1778611392618397'", "sp-learned-size-factor='0.34898965536389304'", "sp-orig-clause-sort-heur=''8''", "sp-phase-dec-heur=''2''", "sp-rand-var-dec-freq=''0.0001''", "sp-resolution=''1''", "sp-restart-inc='1.5101117346134414'", "sp-update-dec-queue=''1''", "sp-use-pure-literal-rule=''1''", "sp-var-activity-inc='1.4181008014043914'", "sp-var-dec-heur=''16''", "sp-variable-decay='1.6123542734027931'", "sp-max-res-lit-inc='0.28057754098786325'", "sp-max-res-runs='1'", "sp-rand-var-dec-scaling='1.0'", "sp-res-cutoff-cls='8'", "sp-res-cutoff-lits='129'", "sp-res-order-heur=''0''"], "total_cpu_time": null, "cost": 0.01417598097502973, "evaluations": 3208, "wallclock_time": 6416.581822395325}
{"cpu_time": 3314.7379999999634, "incumbent": ["sp-clause-activity-inc='0.5621617783275437'", "sp-clause-decay='1.1466503455276416'", "sp-clause-del-heur=''1''", "sp-first-restart='221'", "sp-learned-clause-sort-heur=''2''", "sp-learned-clauses-inc='1.1512690161202181'", "sp-learned-size-factor='0.3225632317806274'", "sp-orig-clause-sort-heur=''7''", "sp-phase-dec-heur=''2''", "sp-rand-var-dec-freq=''0.005''", "sp-resolution=''0''", "sp-restart-inc='1.5565336106384804'", "sp-update-dec-queue=''0''", "sp-use-pure-literal-rule=''1''", "sp-var-activity-inc='1.242540517001081'", "sp-var-dec-heur=''16''", "sp-variable-decay='1.4736225639810132'", "sp-rand-var-dec-scaling='0.5657041474592479'"], "total_cpu_time": null, "cost": 0.013693333333333335, "evaluations": 3438, "wallclock_time": 6709.108962535858}
{"cpu_time": 3618.549999999956, "incumbent": ["sp-clause-activity-inc='0.6056257538266191'", "sp-clause-decay='1.1696772749791022'", "sp-clause-del-heur=''0''", "sp-first-restart='179'", "sp-learned-clause-sort-heur=''2''", "sp-learned-clauses-inc='1.2917034328889618'", "sp-learned-size-factor='0.3338631455775358'", "sp-orig-clause-sort-heur=''7''", "sp-phase-dec-heur=''2''", "sp-rand-var-dec-freq=''0.01''", "sp-resolution=''0''", "sp-restart-inc='1.5471663876477664'", "sp-update-dec-queue=''0''", "sp-use-pure-literal-rule=''1''", "sp-var-activity-inc='1.1647035380129118'", "sp-var-dec-heur=''16''", "sp-variable-decay='1.5390205514984177'", "sp-rand-var-dec-scaling='0.5251743972850761'"], "total_cpu_time": null, "cost": 0.013185185185185187, "evaluations": 3804, "wallclock_time": 7184.414641618729}
{"cpu_time": 3827.961999999951, "incumbent": ["sp-clause-activity-inc='0.5474578496660651'", "sp-clause-decay='1.1466503455276416'", "sp-clause-del-heur=''0''", "sp-first-restart='155'", "sp-learned-clause-sort-heur=''2''", "sp-learned-clauses-inc='1.3075838537380484'", "sp-learned-size-factor='0.33760483098759925'", "sp-orig-clause-sort-heur=''17''", "sp-phase-dec-heur=''2''", "sp-rand-var-dec-freq=''0.005''", "sp-resolution=''0''", "sp-restart-inc='1.4711232948398678'", "sp-update-dec-queue=''0''", "sp-use-pure-literal-rule=''1''", "sp-var-activity-inc='1.4193829596850496'", "sp-var-dec-heur=''16''", "sp-variable-decay='1.5721905527469033'", "sp-rand-var-dec-scaling='0.4570620386998683'"], "total_cpu_time": null, "cost": 0.0125084023668639, "evaluations": 4053, "wallclock_time": 7500.406878948212}
{"cpu_time": 3935.1939999999486, "incumbent": ["sp-clause-activity-inc='0.5530409652626741'", "sp-clause-decay='1.4023004965078065'", "sp-clause-del-heur=''0''", "sp-first-restart='169'", "sp-learned-clause-sort-heur=''2''", "sp-learned-clauses-inc='1.4508195102370534'", "sp-learned-size-factor='0.3225632317806274'", "sp-orig-clause-sort-heur=''17''", "sp-phase-dec-heur=''2''", "sp-rand-var-dec-freq=''0.01''", "sp-resolution=''0''", "sp-restart-inc='1.5511056689268117'", "sp-update-dec-queue=''0''", "sp-use-pure-literal-rule=''1''", "sp-var-activity-inc='1.4184282961507821'", "sp-var-dec-heur=''16''", "sp-variable-decay='1.4434280355656173'", "sp-rand-var-dec-scaling='0.4640827532311777'"], "total_cpu_time": null, "cost": 0.012313131313131314, "evaluations": 4183, "wallclock_time": 7663.330675601959}
{"cpu_time": 4041.9979999999446, "incumbent": ["sp-clause-activity-inc='0.5348493306245786'", "sp-clause-decay='1.1622994649538794'", "sp-clause-del-heur=''0''", "sp-first-restart='218'", "sp-learned-clause-sort-heur=''2''", "sp-learned-clauses-inc='1.4484699531482255'", "sp-learned-size-factor='0.2597636591944093'", "sp-orig-clause-sort-heur=''17''", "sp-phase-dec-heur=''2''", "sp-rand-var-dec-freq=''0.001''", "sp-resolution=''0''", "sp-restart-inc='1.4300009831220355'", "sp-update-dec-queue=''1''", "sp-use-pure-literal-rule=''1''", "sp-var-activity-inc='1.4339214748384448'", "sp-var-dec-heur=''16''", "sp-variable-decay='1.53439620673545'", "sp-rand-var-dec-scaling='0.5482738502242243'"], "total_cpu_time": null, "cost": 0.011830697259968811, "evaluations": 4316, "wallclock_time": 7821.241700410843}
{"cpu_time": 4146.913999999946, "incumbent": ["sp-clause-activity-inc='0.515808029849253'", "sp-clause-decay='1.1466503455276416'", "sp-clause-del-heur=''0''", "sp-first-restart='183'", "sp-learned-clause-sort-heur=''2''", "sp-learned-clauses-inc='1.1998919165128576'", "sp-learned-size-factor='0.3341588191948933'", "sp-orig-clause-sort-heur=''11''", "sp-phase-dec-heur=''2''", "sp-rand-var-dec-freq=''0.0001''", "sp-resolution=''0''", "sp-restart-inc='1.7299986901638307'", "sp-update-dec-queue=''1''", "sp-use-pure-literal-rule=''1''", "sp-var-activity-inc='1.4525894354872633'", "sp-var-dec-heur=''16''", "sp-variable-decay='1.5721905527469033'", "sp-rand-var-dec-scaling='0.5137532188821515'"], "total_cpu_time": null, "cost": 0.011587370242214531, "evaluations": 4444, "wallclock_time": 7977.483923196793}
{"cpu_time": 4255.173999999952, "incumbent": ["sp-clause-activity-inc='0.515808029849253'", "sp-clause-decay='1.1466503455276416'", "sp-clause-del-heur=''0''", "sp-first-restart='183'", "sp-learned-clause-sort-heur=''2''", "sp-learned-clauses-inc='1.3197626035166452'", "sp-learned-size-factor='0.3341588191948933'", "sp-orig-clause-sort-heur=''17''", "sp-phase-dec-heur=''2''", "sp-rand-var-dec-freq=''0.005''", "sp-resolution=''0''", "sp-restart-inc='1.5557133130712664'", "sp-update-dec-queue=''1''", "sp-use-pure-literal-rule=''1''", "sp-var-activity-inc='1.3790040398622148'", "sp-var-dec-heur=''16''", "sp-variable-decay='1.5836986509174344'", "sp-rand-var-dec-scaling='0.5266299241479295'"], "total_cpu_time": null, "cost": 0.011311909262759923, "evaluations": 4581, "wallclock_time": 8129.847482442856}
{"cpu_time": 4711.71399999997, "incumbent": ["sp-clause-activity-inc='0.5439337084032714'", "sp-clause-decay='1.1514573348338197'", "sp-clause-del-heur=''0''", "sp-first-restart='176'", "sp-learned-clause-sort-heur=''2''", "sp-learned-clauses-inc='1.445369203445963'", "sp-learned-size-factor='0.3225632317806274'", "sp-orig-clause-sort-heur=''7''", "sp-phase-dec-heur=''2''", "sp-rand-var-dec-freq=''0.001''", "sp-resolution=''0''", "sp-restart-inc='1.405886500877323'", "sp-update-dec-queue=''0''", "sp-use-pure-literal-rule=''1''", "sp-var-activity-inc='1.423698363474008'", "sp-var-dec-heur=''16''", "sp-variable-decay='1.5721905527469033'", "sp-rand-var-dec-scaling='0.4237604624969482'"], "total_cpu_time": null, "cost": 0.011088759617188965, "evaluations": 5147, "wallclock_time": 8784.015553951263}
{"cpu_time": 4823.321999999974, "incumbent": ["sp-clause-activity-inc='0.5447506494988995'", "sp-clause-decay='1.1543624746171242'", "sp-clause-del-heur=''2''", "sp-first-restart='176'", "sp-learned-clause-sort-heur=''2''", "sp-learned-clauses-inc='1.192550351996403'", "sp-learned-size-factor='0.30148252321699737'", "sp-orig-clause-sort-heur=''2''", "sp-phase-dec-heur=''2''", "sp-rand-var-dec-freq=''0.001''", "sp-resolution=''0''", "sp-restart-inc='1.377474955032251'", "sp-update-dec-queue=''0''", "sp-use-pure-literal-rule=''1''", "sp-var-activity-inc='1.412520004951793'", "sp-var-dec-heur=''16''", "sp-variable-decay='1.4428644384510156'", "sp-rand-var-dec-scaling='0.43426892544928053'"], "total_cpu_time": null, "cost": 0.010661066471877282, "evaluations": 5290, "wallclock_time": 8947.50835776329}
{"cpu_time": 4936.061999999978, "incumbent": ["sp-clause-activity-inc='0.5447506494988995'", "sp-clause-decay='1.1543624746171242'", "sp-clause-del-heur=''2''", "sp-first-restart='176'", "sp-learned-clause-sort-heur=''18''", "sp-learned-clauses-inc='1.1863068241461974'", "sp-learned-size-factor='0.3009506935909337'", "sp-orig-clause-sort-heur=''2''", "sp-phase-dec-heur=''2''", "sp-rand-var-dec-freq=''0.001''", "sp-resolution=''0''", "sp-restart-inc='1.2491518377299855'", "sp-update-dec-queue=''1''", "sp-use-pure-literal-rule=''1''", "sp-var-activity-inc='1.4283066492896714'", "sp-var-dec-heur=''16''", "sp-variable-decay='1.5721905527469033'", "sp-rand-var-dec-scaling='0.42214210670535307'"], "total_cpu_time": null, "cost": 0.010397155555555553, "evaluations": 5434, "wallclock_time": 9108.564153194427}
{"cpu_time": 6486.2280000000355, "incumbent": ["sp-clause-activity-inc='0.5844403672918008'", "sp-clause-decay='1.030535619498023'", "sp-clause-del-heur=''0''", "sp-first-restart='176'", "sp-learned-clause-sort-heur=''19''", "sp-learned-clauses-inc='1.199423912562887'", "sp-learned-size-factor='0.30148252321699737'", "sp-orig-clause-sort-heur=''2''", "sp-phase-dec-heur=''2''", "sp-rand-var-dec-freq=''0.001''", "sp-resolution=''0''", "sp-restart-inc='1.438068136136759'", "sp-update-dec-queue=''0''", "sp-use-pure-literal-rule=''1''", "sp-var-activity-inc='1.4329718063974601'", "sp-var-dec-heur=''16''", "sp-variable-decay='1.2293033526533805'", "sp-clause-inversion=''1''", "sp-rand-var-dec-scaling='0.41377267278906366'"], "total_cpu_time": null, "cost": 0.01009951325040562, "evaluations": 7191, "wallclock_time": 11127.822964429855}
{"cpu_time": 7289.144000000071, "incumbent": ["sp-clause-activity-inc='0.600570427614995'", "sp-clause-decay='1.0184933231586224'", "sp-clause-del-heur=''0''", "sp-first-restart='176'", "sp-learned-clause-sort-heur=''12''", "sp-learned-clauses-inc='1.192550351996403'", "sp-learned-size-factor='0.30148252321699737'", "sp-orig-clause-sort-heur=''2''", "sp-phase-dec-heur=''2''", "sp-rand-var-dec-freq=''0.001''", "sp-resolution=''0''", "sp-restart-inc='1.4538763816946272'", "sp-update-dec-queue=''0''", "sp-use-pure-literal-rule=''1''", "sp-var-activity-inc='1.412520004951793'", "sp-var-dec-heur=''16''", "sp-variable-decay='1.554900108555852'", "sp-rand-var-dec-scaling='0.37791268652985033'"], "total_cpu_time": null, "cost": 0.009955319405868857, "evaluations": 8073, "wallclock_time": 12111.609933376312}
{"cpu_time": 7800.984000000088, "incumbent": ["sp-clause-activity-inc='0.5507666879002819'", "sp-clause-decay='1.0165560085280978'", "sp-clause-del-heur=''0''", "sp-first-restart='176'", "sp-learned-clause-sort-heur=''2''", "sp-learned-clauses-inc='1.4292850247223428'", "sp-learned-size-factor='0.33521156120599777'", "sp-orig-clause-sort-heur=''7''", "sp-phase-dec-heur=''2''", "sp-rand-var-dec-freq=''0.005''", "sp-resolution=''0''", "sp-restart-inc='1.4233225698762726'", "sp-update-dec-queue=''1''", "sp-use-pure-literal-rule=''1''", "sp-var-activity-inc='1.4428434731673705'", "sp-var-dec-heur=''16''", "sp-variable-decay='1.3188209627649077'", "sp-rand-var-dec-scaling='0.31551357325849816'"], "total_cpu_time": null, "cost": 0.009833408782254412, "evaluations": 8625, "wallclock_time": 12768.221156597137}
{"cpu_time": 8154.2360000001, "incumbent": ["sp-clause-activity-inc='0.5873680299245498'", "sp-clause-decay='1.1441962296246264'", "sp-clause-del-heur=''2''", "sp-first-restart='176'", "sp-learned-clause-sort-heur=''2''", "sp-learned-clauses-inc='1.4860183109692728'", "sp-learned-size-factor='0.3256711999991349'", "sp-orig-clause-sort-heur=''7''", "sp-phase-dec-heur=''2''", "sp-rand-var-dec-freq=''0.005''", "sp-resolution=''0''", "sp-restart-inc='1.4435616624548628'", "sp-update-dec-queue=''0''", "sp-use-pure-literal-rule=''1''", "sp-var-activity-inc='1.419557760300112'", "sp-var-dec-heur=''16''", "sp-variable-decay='1.4526948060749951'", "sp-rand-var-dec-scaling='0.3071186496866559'"], "total_cpu_time": null, "cost": 0.009575086805555555, "evaluations": 9001, "wallclock_time": 13205.781614780426}
{"cpu_time": 8329.896000000103, "incumbent": ["sp-clause-activity-inc='0.5083626992117005'", "sp-clause-decay='1.2518921352850374'", "sp-clause-del-heur=''1''", "sp-first-restart='176'", "sp-learned-clause-sort-heur=''2''", "sp-learned-clauses-inc='1.4875779632182158'", "sp-learned-size-factor='0.33521156120599777'", "sp-orig-clause-sort-heur=''7''", "sp-phase-dec-heur=''2''", "sp-rand-var-dec-freq=''0.005''", "sp-resolution=''0''", "sp-restart-inc='1.2784349129987966'", "sp-update-dec-queue=''0''", "sp-use-pure-literal-rule=''1''", "sp-var-activity-inc='1.4219792318297735'", "sp-var-dec-heur=''16''", "sp-variable-decay='1.5572740399480318'", "sp-rand-var-dec-scaling='0.31551357325849816'"], "total_cpu_time": null, "cost": 0.009387607609735359, "evaluations": 9194, "wallclock_time": 13419.279474258423}
{"cpu_time": 8505.636000000111, "incumbent": ["sp-clause-activity-inc='0.5147680707632784'", "sp-clause-decay='1.1225580100364148'", "sp-clause-del-heur=''2''", "sp-first-restart='176'", "sp-learned-clause-sort-heur=''2''", "sp-learned-clauses-inc='1.4895800065080884'", "sp-learned-size-factor='0.32639898236644965'", "sp-orig-clause-sort-heur=''7''", "sp-phase-dec-heur=''2''", "sp-rand-var-dec-freq=''0.005''", "sp-resolution=''0''", "sp-restart-inc='1.3571122954024064'", "sp-update-dec-queue=''0''", "sp-use-pure-literal-rule=''1''", "sp-var-activity-inc='1.448783393463955'", "sp-var-dec-heur=''16''", "sp-variable-decay='1.3279495365055065'", "sp-rand-var-dec-scaling='0.31864320664409135'"], "total_cpu_time": null, "cost": 0.009207413577675967, "evaluations": 9387, "wallclock_time": 13632.4844892025}
{"cpu_time": 8866.37600000011, "incumbent": ["sp-clause-activity-inc='0.5896418459519007'", "sp-clause-decay='1.1264664125821424'", "sp-clause-del-heur=''0''", "sp-first-restart='176'", "sp-learned-clause-sort-heur=''2''", "sp-learned-clauses-inc='1.3527398768763623'", "sp-learned-size-factor='0.32494374305543955'", "sp-orig-clause-sort-heur=''7''", "sp-phase-dec-heur=''2''", "sp-rand-var-dec-freq=''0.005''", "sp-resolution=''0''", "sp-restart-inc='1.4403438025009'", "sp-update-dec-queue=''0''", "sp-use-pure-literal-rule=''1''", "sp-var-activity-inc='1.442499145176702'", "sp-var-dec-heur=''16''", "sp-variable-decay='1.499935572195525'", "sp-rand-var-dec-scaling='0.3136332318660026'"], "total_cpu_time": null, "cost": 0.009112000000000002, "evaluations": 9782, "wallclock_time": 14072.800084352493}
{"cpu_time": 9045.696000000118, "incumbent": ["sp-clause-activity-inc='0.605708932566573'", "sp-clause-decay='1.078021253603882'", "sp-clause-del-heur=''0''", "sp-first-restart='176'", "sp-learned-clause-sort-heur=''2''", "sp-learned-clauses-inc='1.4374922903774316'", "sp-learned-size-factor='0.33958962688052047'", "sp-orig-clause-sort-heur=''7''", "sp-phase-dec-heur=''2''", "sp-rand-var-dec-freq=''0.005''", "sp-resolution=''0''", "sp-restart-inc='1.4403438025009'", "sp-update-dec-queue=''1''", "sp-use-pure-literal-rule=''1''", "sp-var-activity-inc='1.442499145176702'", "sp-var-dec-heur=''16''", "sp-variable-decay='1.2924068512920523'", "sp-rand-var-dec-scaling='0.3136332318660026'"], "total_cpu_time": null, "cost": 0.008930889128516814, "evaluations": 9981, "wallclock_time": 14281.168413639069}
{"cpu_time": 9223.748000000127, "incumbent": ["sp-clause-activity-inc='0.605708932566573'", "sp-clause-decay='1.1202935250798385'", "sp-clause-del-heur=''0''", "sp-first-restart='176'", "sp-learned-clause-sort-heur=''2''", "sp-learned-clauses-inc='1.4374922903774316'", "sp-learned-size-factor='0.33958962688052047'", "sp-orig-clause-sort-heur=''7''", "sp-phase-dec-heur=''2''", "sp-rand-var-dec-freq=''0.005''", "sp-resolution=''0''", "sp-restart-inc='1.4403438025009'", "sp-update-dec-queue=''1''", "sp-use-pure-literal-rule=''1''", "sp-var-activity-inc='1.442499145176702'", "sp-var-dec-heur=''16''", "sp-variable-decay='1.4718659147579214'", "sp-rand-var-dec-scaling='0.3136332318660026'"], "total_cpu_time": null, "cost": 0.008749327181853133, "evaluations": 10181, "wallclock_time": 14493.56347990036}
{"cpu_time": 9404.53200000013, "incumbent": ["sp-clause-activity-inc='0.6082274273876482'", "sp-clause-decay='1.1202935250798385'", "sp-clause-del-heur=''0''", "sp-first-restart='176'", "sp-learned-clause-sort-heur=''2''", "sp-learned-clauses-inc='1.436857550508892'", "sp-learned-size-factor='0.33958962688052047'", "sp-orig-clause-sort-heur=''7''", "sp-phase-dec-heur=''2''", "sp-rand-var-dec-freq=''0.005''", "sp-resolution=''0''", "sp-restart-inc='1.4403438025009'", "sp-update-dec-queue=''0''", "sp-use-pure-literal-rule=''1''", "sp-var-activity-inc='1.442499145176702'", "sp-var-dec-heur=''16''", "sp-variable-decay='1.4718659147579214'", "sp-rand-var-dec-scaling='0.3136332318660026'"], "total_cpu_time": null, "cost": 0.008577622773117166, "evaluations": 10382, "wallclock_time": 14705.837340831757}
{"cpu_time": 10164.706000000162, "incumbent": ["sp-clause-activity-inc='0.612214515434073'", "sp-clause-decay='1.1419623011346063'", "sp-clause-del-heur=''0''", "sp-first-restart='176'", "sp-learned-clause-sort-heur=''4''", "sp-learned-clauses-inc='1.199533932346754'", "sp-learned-size-factor='0.3464638257490014'", "sp-orig-clause-sort-heur=''7''", "sp-phase-dec-heur=''2''", "sp-rand-var-dec-freq=''0.001''", "sp-resolution=''0''", "sp-restart-inc='1.4420149880824698'", "sp-update-dec-queue=''1''", "sp-use-pure-literal-rule=''1''", "sp-var-activity-inc='1.4488144916427446'", "sp-var-dec-heur=''16''", "sp-variable-decay='1.143333343187309'", "sp-rand-var-dec-scaling='0.32819610035746116'"], "total_cpu_time": null, "cost": 0.008482138178006813, "evaluations": 11220, "wallclock_time": 15621.228907346725}
{"cpu_time": 10357.86600000017, "incumbent": ["sp-clause-activity-inc='0.5896418459519007'", "sp-clause-decay='1.123349321320726'", "sp-clause-del-heur=''2''", "sp-first-restart='176'", "sp-learned-clause-sort-heur=''11''", "sp-learned-clauses-inc='1.4319825247723572'", "sp-learned-size-factor='0.3526006569691494'", "sp-orig-clause-sort-heur=''7''", "sp-phase-dec-heur=''2''", "sp-rand-var-dec-freq=''0.005''", "sp-resolution=''0''", "sp-restart-inc='1.4403438025009'", "sp-update-dec-queue=''0''", "sp-use-pure-literal-rule=''1''", "sp-var-activity-inc='1.4796300821147645'", "sp-var-dec-heur=''16''", "sp-variable-decay='1.499935572195525'", "sp-rand-var-dec-scaling='0.33363339228450517'"], "total_cpu_time": null, "cost": 0.008265432098765431, "evaluations": 11432, "wallclock_time": 15846.502578020096}
{"cpu_time": 10548.534000000178, "incumbent": ["sp-clause-activity-inc='0.610320543548126'", "sp-clause-decay='1.2246966740836123'", "sp-clause-del-heur=''0''", "sp-first-restart='176'", "sp-learned-clause-sort-heur=''11''", "sp-learned-clauses-inc='1.3132177686537856'", "sp-learned-size-factor='0.3532808098992301'", "sp-orig-clause-sort-heur=''7''", "sp-phase-dec-heur=''2''", "sp-rand-var-dec-freq=''0.005''", "sp-resolution=''0''", "sp-restart-inc='1.4403438025009'", "sp-update-dec-queue=''1''", "sp-use-pure-literal-rule=''1''", "sp-var-activity-inc='1.497864895040208'", "sp-var-dec-heur=''16''", "sp-variable-decay='1.2205294267373448'", "sp-rand-var-dec-scaling='0.32050972397292415'"], "total_cpu_time": null, "cost": 0.008144432286844543, "evaluations": 11645, "wallclock_time": 16083.14907002449}
{"cpu_time": 11348.20200000019, "incumbent": ["sp-clause-activity-inc='0.607774852523637'", "sp-clause-decay='1.1326438296881922'", "sp-clause-del-heur=''0''", "sp-first-restart='176'", "sp-learned-clause-sort-heur=''4''", "sp-learned-clauses-inc='1.3099361178364517'", "sp-learned-size-factor='0.3072317983404606'", "sp-orig-clause-sort-heur=''7''", "sp-phase-dec-heur=''2''", "sp-rand-var-dec-freq=''0.001''", "sp-resolution=''0''", "sp-restart-inc='1.455347663414346'", "sp-update-dec-queue=''0''", "sp-use-pure-literal-rule=''1''", "sp-var-activity-inc='1.4533230939215334'", "sp-var-dec-heur=''16''", "sp-variable-decay='1.4323244447118462'", "sp-rand-var-dec-scaling='0.33623958478690824'"], "total_cpu_time": null, "cost": 0.007972119978071896, "evaluations": 12527, "wallclock_time": 17023.36359357834}
{"cpu_time": 11967.190000000206, "incumbent": ["sp-clause-activity-inc='0.5363211343643204'", "sp-clause-decay='1.1478212496466724'", "sp-clause-del-heur=''2''", "sp-first-restart='176'", "sp-learned-clause-sort-heur=''11''", "sp-learned-clauses-inc='1.4294594094916442'", "sp-learned-size-factor='0.33958962688052047'", "sp-orig-clause-sort-heur=''7''", "sp-phase-dec-heur=''2''", "sp-rand-var-dec-freq=''0.005''", "sp-resolution=''0''", "sp-restart-inc='1.6227688992685674'", "sp-update-dec-queue=''0''", "sp-use-pure-literal-rule=''1''", "sp-var-activity-inc='1.453255691700718'", "sp-var-dec-heur=''16''", "sp-variable-decay='1.5774785514260925'", "sp-rand-var-dec-scaling='0.3332674611548144'"], "total_cpu_time": null, "cost": 0.0077235434007134375, "evaluations": 13207, "wallclock_time": 17725.42429113388}
{"cpu_time": 12174.526000000214, "incumbent": ["sp-clause-activity-inc='0.5634005966129333'", "sp-clause-decay='1.1271013071075577'", "sp-clause-del-heur=''0''", "sp-first-restart='176'", "sp-learned-clause-sort-heur=''1''", "sp-learned-clauses-inc='1.4374922903774316'", "sp-learned-size-factor='0.33958962688052047'", "sp-orig-clause-sort-heur=''7''", "sp-phase-dec-heur=''2''", "sp-rand-var-dec-freq=''0.005''", "sp-resolution=''0''", "sp-restart-inc='1.4403438025009'", "sp-update-dec-queue=''1''", "sp-use-pure-literal-rule=''1''", "sp-var-activity-inc='1.442499145176702'", "sp-var-dec-heur=''16''", "sp-variable-decay='1.5347616464192224'", "sp-rand-var-dec-scaling='0.3136332318660026'"], "total_cpu_time": null, "cost": 0.0075365622032288705, "evaluations": 13437, "wallclock_time": 17958.10806798935}
{"cpu_time": 12379.96200000021, "incumbent": ["sp-clause-activity-inc='0.5998211521052895'", "sp-clause-decay='1.1218992448350458'", "sp-clause-del-heur=''0''", "sp-first-restart='176'", "sp-learned-clause-sort-heur=''11''", "sp-learned-clauses-inc='1.4374922903774316'", "sp-learned-size-factor='0.33958962688052047'", "sp-orig-clause-sort-heur=''17''", "sp-phase-dec-heur=''2''", "sp-rand-var-dec-freq=''0.005''", "sp-resolution=''0''", "sp-restart-inc='1.4403438025009'", "sp-update-dec-queue=''0''", "sp-use-pure-literal-rule=''1''", "sp-var-activity-inc='1.4161249549101496'", "sp-var-dec-heur=''16''", "sp-variable-decay='1.5038764148384096'", "sp-rand-var-dec-scaling='0.31060363677310726'"], "total_cpu_time": null, "cost": 0.007418845159436944, "evaluations": 13668, "wallclock_time": 18201.191865444183}
