{"cpu_time": 0, "cost": 2147483648, "total_cpu_time": null, "wallclock_time": 0.0013985633850097656, "incumbent": ["adaptive=''1''", "clausepen=''1''", "performrandomwalk=''0''", "singleclause=''1''", "tabusearch=''0''", "adaptivenoisescheme=''1''", "adaptwalkprob=''0''", "heuristic=''2''", "promisinglist=''1''", "ps='0.4'", "selectclause=''1''", "smoothingscheme=''1''", "adaptiveprom=''0''", "decreasingvariable=''3''", "performalternatenovelty=''1''", "phi='5'", "theta='6'", "updateschemepromlist=''3''", "wp='0.01'", "CONadaptpromwalkprob=''0''"], "evaluations": 0}
{"cpu_time": 0.032, "cost": 0.032, "total_cpu_time": null, "wallclock_time": 0.5400590896606445, "incumbent": ["adaptive=''1''", "clausepen=''1''", "performrandomwalk=''0''", "singleclause=''1''", "tabusearch=''0''", "adaptivenoisescheme=''1''", "adaptwalkprob=''0''", "heuristic=''2''", "promisinglist=''1''", "ps='0.4'", "selectclause=''1''", "smoothingscheme=''1''", "adaptiveprom=''0''", "decreasingvariable=''3''", "performalternatenovelty=''1''", "phi='5'", "theta='6'", "updateschemepromlist=''3''", "wp='0.01'", "CONadaptpromwalkprob=''0''"], "evaluations": 1}
{"cpu_time": 4.92, "cost": 0.014559999999999998, "total_cpu_time": null, "wallclock_time": 7.025790691375732, "incumbent": ["adaptive=''1''", "clausepen=''1''", "performrandomwalk=''1''", "singleclause=''0''", "tabusearch=''0''", "DLSscoringmeasure=''1''", "DLStiebreaking=''2''", "adaptivenoisescheme=''1''", "randomwalk=''3''", "smoothingscheme=''2''", "DLSmaxinc='18'", "DLSpflat='0.19218605959744595'", "rdp='0.026798737865840888'"], "evaluations": 14}
{"cpu_time": 307.56800000000015, "cost": 0.003358024691358026, "total_cpu_time": null, "wallclock_time": 268.5974543094635, "incumbent": ["adaptive=''1''", "clausepen=''2''", "performrandomwalk=''1''", "singleclause=''0''", "tabusearch=''0''", "DLSscoringmeasure=''1''", "DLStiebreaking=''3''", "adaptivenoisescheme=''2''", "randomwalk=''3''", "rdp='0.14956009520157793'"], "evaluations": 179}
{"cpu_time": 543.7200000000006, "cost": 0.00328099173553719, "total_cpu_time": null, "wallclock_time": 479.55321073532104, "incumbent": ["adaptive=''1''", "clausepen=''2''", "performrandomwalk=''1''", "singleclause=''1''", "tabusearch=''0''", "adaptivenoisescheme=''2''", "adaptwalkprob=''0''", "heuristic=''7''", "promisinglist=''1''", "randomwalk=''5''", "adaptiveprom=''0''", "decreasingvariable=''1''", "phi='4'", "rfp='0.0548959757156748'", "theta='4'", "updateschemepromlist=''3''", "CONadaptpromwalkprob=''0''", "tiebreaking='1'"], "evaluations": 291}
{"cpu_time": 553.2600000000015, "cost": 0.001376181474480152, "total_cpu_time": null, "wallclock_time": 494.550418138504, "incumbent": ["adaptive=''1''", "clausepen=''2''", "performrandomwalk=''0''", "singleclause=''0''", "tabusearch=''1''", "DLSscoringmeasure=''3''", "DLStiebreaking=''3''", "adaptivenoisescheme=''2''", "tabu='6'"], "evaluations": 316}
{"cpu_time": 1289.819999999995, "cost": 0.0010000000000000005, "total_cpu_time": null, "wallclock_time": 1122.5507051944733, "incumbent": ["adaptive=''0''", "clausepen=''1''", "performrandomwalk=''0''", "singleclause=''1''", "tabusearch=''1''", "CONadaptwalkprob=''0''", "c='0.0007377285510106884'", "heuristic=''3''", "promisinglist=''1''", "ps='0.9575207112115556'", "s='0.0015854692934753395'", "selectclause=''1''", "smoothingscheme=''1''", "tabu='5'", "CONdp='0.1655326258401098'", "adaptiveprom=''0''", "decreasingvariable=''10''", "novnoise='0.26637927765972425'", "performalternatenovelty=''1''", "updateschemepromlist=''3''", "CONadaptpromwalkprob=''0''", "promnovnoise='0.3153555105063326'", "CONpromdp='0.07350970730260109'"], "evaluations": 671}
{"cpu_time": 4055.463999999976, "cost": 0.0007566320645905426, "total_cpu_time": null, "wallclock_time": 3415.373551607132, "incumbent": ["adaptive=''1''", "clausepen=''1''", "performrandomwalk=''1''", "singleclause=''0''", "tabusearch=''0''", "DLSscoringmeasure=''3''", "DLStiebreaking=''3''", "adaptivenoisescheme=''2''", "randomwalk=''1''", "smoothingscheme=''1''", "DLSalpha='1.2516969480964362'", "DLSrho='0.9833432656661982'", "DLSsapsthresh='-0.3895811250455162'", "DLSwp='0.041850785128028985'", "rwp='0.07642851373928078'"], "evaluations": 1869}
{"cpu_time": 4269.963999999988, "cost": 0.000518518518518519, "total_cpu_time": null, "wallclock_time": 3613.0655975341797, "incumbent": ["adaptive=''0''", "clausepen=''1''", "performrandomwalk=''1''", "singleclause=''1''", "tabusearch=''0''", "CONadaptwalkprob=''0''", "c='0.005725201946644084'", "heuristic=''7''", "promisinglist=''0''", "ps='0.42237046780709087'", "randomwalk=''3''", "s='0.02641043933747939'", "selectclause=''7''", "smoothingscheme=''2''", "rdp='0.0566886800242298'", "wpwalk='0.10368560742008774'"], "evaluations": 2050}
