"CPU Time Used","Estimated Training Performance","Wallclock Time","Incumbent ID","Automatic Configurator (CPU) Time","Configuration..."
0.000000, 2147483648.000000, 0.001399, 1, 0.001399, adaptive=''1'', clausepen=''1'', performrandomwalk=''0'', singleclause=''1'', tabusearch=''0'', adaptivenoisescheme=''1'', adaptwalkprob=''0'', heuristic=''2'', promisinglist=''1'', ps='0.4', selectclause=''1'', smoothingscheme=''1'', adaptiveprom=''0'', decreasingvariable=''3'', performalternatenovelty=''1'', phi='5', theta='6', updateschemepromlist=''3'', wp='0.01', CONadaptpromwalkprob=''0''
0.032000, 0.032000, 0.540059, 1, 0.508059, adaptive=''1'', clausepen=''1'', performrandomwalk=''0'', singleclause=''1'', tabusearch=''0'', adaptivenoisescheme=''1'', adaptwalkprob=''0'', heuristic=''2'', promisinglist=''1'', ps='0.4', selectclause=''1'', smoothingscheme=''1'', adaptiveprom=''0'', decreasingvariable=''3'', performalternatenovelty=''1'', phi='5', theta='6', updateschemepromlist=''3'', wp='0.01', CONadaptpromwalkprob=''0''
4.920000, 0.014560, 7.025791, 2, 2.105791, adaptive=''1'', clausepen=''1'', performrandomwalk=''1'', singleclause=''0'', tabusearch=''0'', DLSscoringmeasure=''1'', DLStiebreaking=''2'', adaptivenoisescheme=''1'', randomwalk=''3'', smoothingscheme=''2'', DLSmaxinc='18', DLSpflat='0.19218605959744595', rdp='0.026798737865840888'
307.568000, 0.003358, 268.597454, 17, -38.970546, adaptive=''1'', clausepen=''2'', performrandomwalk=''1'', singleclause=''0'', tabusearch=''0'', DLSscoringmeasure=''1'', DLStiebreaking=''3'', adaptivenoisescheme=''2'', randomwalk=''3'', rdp='0.14956009520157793'
543.720000, 0.003281, 479.553211, 25, -64.166789, adaptive=''1'', clausepen=''2'', performrandomwalk=''1'', singleclause=''1'', tabusearch=''0'', adaptivenoisescheme=''2'', adaptwalkprob=''0'', heuristic=''7'', promisinglist=''1'', randomwalk=''5'', adaptiveprom=''0'', decreasingvariable=''1'', phi='4', rfp='0.0548959757156748', theta='4', updateschemepromlist=''3'', CONadaptpromwalkprob=''0'', tiebreaking='1'
553.260000, 0.001376, 494.550418, 27, -58.709582, adaptive=''1'', clausepen=''2'', performrandomwalk=''0'', singleclause=''0'', tabusearch=''1'', DLSscoringmeasure=''3'', DLStiebreaking=''3'', adaptivenoisescheme=''2'', tabu='6'
1289.820000, 0.001000, 1122.550705, 45, -167.269295, adaptive=''0'', clausepen=''1'', performrandomwalk=''0'', singleclause=''1'', tabusearch=''1'', CONadaptwalkprob=''0'', c='0.0007377285510106884', heuristic=''3'', promisinglist=''1'', ps='0.9575207112115556', s='0.0015854692934753395', selectclause=''1'', smoothingscheme=''1'', tabu='5', CONdp='0.1655326258401098', adaptiveprom=''0'', decreasingvariable=''10'', novnoise='0.26637927765972425', performalternatenovelty=''1'', updateschemepromlist=''3'', CONadaptpromwalkprob=''0'', promnovnoise='0.3153555105063326', CONpromdp='0.07350970730260109'
4055.464000, 0.000757, 3415.373552, 83, -640.090448, adaptive=''1'', clausepen=''1'', performrandomwalk=''1'', singleclause=''0'', tabusearch=''0'', DLSscoringmeasure=''3'', DLStiebreaking=''3'', adaptivenoisescheme=''2'', randomwalk=''1'', smoothingscheme=''1'', DLSalpha='1.2516969480964362', DLSrho='0.9833432656661982', DLSsapsthresh='-0.3895811250455162', DLSwp='0.041850785128028985', rwp='0.07642851373928078'
