"CPU Time Used","Estimated Training Performance","Wallclock Time","Incumbent ID","Automatic Configurator (CPU) Time","Configuration..."
0.000000, 2147483648.000000, 0.001469, 1, 0.001469, adaptive=''1'', clausepen=''1'', performrandomwalk=''0'', singleclause=''1'', tabusearch=''0'', adaptivenoisescheme=''1'', adaptwalkprob=''0'', heuristic=''2'', promisinglist=''1'', ps='0.4', selectclause=''1'', smoothingscheme=''1'', adaptiveprom=''0'', decreasingvariable=''3'', performalternatenovelty=''1'', phi='5', theta='6', updateschemepromlist=''3'', wp='0.01', CONadaptpromwalkprob=''0''
5.000000, 50.000000, 7.649465, 1, 2.649465, adaptive=''1'', clausepen=''1'', performrandomwalk=''0'', singleclause=''1'', tabusearch=''0'', adaptivenoisescheme=''1'', adaptwalkprob=''0'', heuristic=''2'', promisinglist=''1'', ps='0.4', selectclause=''1'', smoothingscheme=''1'', adaptiveprom=''0'', decreasingvariable=''3'', performalternatenovelty=''1'', phi='5', theta='6', updateschemepromlist=''3'', wp='0.01', CONadaptpromwalkprob=''0''
24.324000, 0.022413, 32.374094, 3, 8.050094, adaptive=''0'', clausepen=''2'', performrandomwalk=''1'', singleclause=''1'', tabusearch=''1'', CONadaptwalkprob=''0'', c='3.001976985917628e-06', heuristic=''2'', promisinglist=''1'', randomwalk=''3'', s='0.056756949725643685', tabu='8', CONwp='0.09918630943948781', adaptiveprom=''0'', decreasingvariable=''2'', novnoise='0.7407295512419214', performalternatenovelty=''0'', rdp='0.06085347360579412', updateschemepromlist=''3'', CONadaptpromwalkprob=''0''
27.536000, 0.004306, 41.897488, 4, 14.361488, adaptive=''0'', clausepen=''1'', performrandomwalk=''1'', singleclause=''1'', tabusearch=''1'', CONadaptwalkprob=''0'', c='0.003120992631762076', heuristic=''6'', promisinglist=''1'', ps='0.10887694512996579', randomwalk=''3'', s='0.0027110333058205003', selectclause=''1'', smoothingscheme=''2'', tabu='8', CONwp='0.07685327562947887', adaptiveprom=''0'', decreasingvariable=''6'', novnoise='0.24907222733500975', rdp='0.13200069688077753', updateschemepromlist=''3'', CONadaptpromwalkprob=''0''
299.868000, 0.004277, 270.262922, 14, -29.605078, adaptive=''0'', clausepen=''1'', performrandomwalk=''0'', singleclause=''1'', tabusearch=''1'', CONadaptwalkprob=''0'', c='0.007034812211449699', heuristic=''9'', promisinglist=''1'', ps='0.3260087736734817', s='0.0021080629338231607', selectclause=''1'', smoothingscheme=''2'', tabu='14', adaptiveprom=''0'', decreasingvariable=''5'', updateschemepromlist=''1'', wpwalk='0.624392667157211', CONadaptpromwalkprob=''0'', tiebreaking='2'
301.920000, 0.003400, 289.913036, 17, -12.006964, adaptive=''0'', clausepen=''0'', performrandomwalk=''1'', singleclause=''1'', tabusearch=''1'', CONadaptwalkprob=''0'', CONselectclause=''1'', c='0.003120992631762076', heuristic=''6'', promisinglist=''1'', randomwalk=''3'', s='0.0027110333058205003', tabu='8', CONwp='0.07685327562947887', adaptiveprom=''0'', decreasingvariable=''6'', novnoise='0.24907222733500975', rdp='0.06338991575760315', updateschemepromlist=''3'', CONadaptpromwalkprob=''0''
581.348000, 0.002431, 560.561556, 24, -20.786444, adaptive=''0'', clausepen=''0'', performrandomwalk=''1'', singleclause=''1'', tabusearch=''1'', CONadaptwalkprob=''0'', CONselectclause=''1'', c='0.003120992631762076', heuristic=''7'', promisinglist=''1'', randomwalk=''3'', s='0.01695678662819363', tabu='15', adaptiveprom=''0'', decreasingvariable=''9'', rdp='0.05', updateschemepromlist=''2'', wpwalk='0.5729842381709894', CONadaptpromwalkprob=''0'', promnovnoise='0.5', CONpromwp='0.01'
662.936000, 0.002143, 686.149938, 32, 23.213938, adaptive=''0'', clausepen=''1'', performrandomwalk=''1'', singleclause=''1'', tabusearch=''0'', CONadaptwalkprob=''0'', c='0.0031016461774256683', heuristic=''13'', promisinglist=''1'', ps='0.3109404395193407', randomwalk=''5'', s='0.02637457988149167', selectclause=''1'', smoothingscheme=''2'', CONdp='0.05904903196862483', adaptiveprom=''1'', decreasingvariable=''5'', novnoise='0.2520318289804725', performalternatenovelty=''1'', rfp='0.05232701588392575', updateschemepromlist=''1'', adaptpromwalkprob=''0'', tiebreaking='2'
674.556000, 0.001926, 716.421538, 34, 41.865538, adaptive=''0'', clausepen=''2'', performrandomwalk=''1'', singleclause=''1'', tabusearch=''1'', CONadaptwalkprob=''0'', c='0.003120992631762076', heuristic=''5'', promisinglist=''1'', randomwalk=''4'', s='0.0027110333058205003', tabu='14', adaptiveprom=''0'', decreasingvariable=''4'', novnoise='0.5', rfp='0.01', updateschemepromlist=''1'', CONadaptpromwalkprob=''0'', tiebreaking='2'
1059.872000, 0.001486, 1126.695257, 46, 66.823257, adaptive=''0'', clausepen=''2'', performrandomwalk=''0'', singleclause=''1'', tabusearch=''0'', CONadaptwalkprob=''0'', c='0.021805626286388095', heuristic=''13'', promisinglist=''1'', s='0.04628449383149254', CONdp='0.05', adaptiveprom=''1'', decreasingvariable=''5'', novnoise='0.5', performalternatenovelty=''1'', updateschemepromlist=''1'', adaptpromwalkprob=''0'', tiebreaking='1'
1066.276000, 0.001444, 1157.518807, 48, 91.242807, adaptive=''0'', clausepen=''1'', performrandomwalk=''0'', singleclause=''1'', tabusearch=''0'', CONadaptwalkprob=''0'', c='0.04538543217622142', heuristic=''8'', promisinglist=''1'', ps='0.4', s='0.010000000000000004', selectclause=''1'', smoothingscheme=''1'', adaptiveprom=''0'', decreasingvariable=''11'', updateschemepromlist=''3'', wpwalk='0.5', CONadaptpromwalkprob=''0'', promnovnoise='0.5', CONpromwp='0.01'
1482.470000, 0.000786, 1722.988013, 73, 240.518013, adaptive=''0'', clausepen=''1'', performrandomwalk=''1'', singleclause=''1'', tabusearch=''1'', CONadaptwalkprob=''0'', c='0.003196820369951501', heuristic=''7'', promisinglist=''1'', ps='0.4', randomwalk=''4'', s='0.029164909711860434', selectclause=''1'', smoothingscheme=''1'', tabu='10', adaptiveprom=''0'', decreasingvariable=''4'', rfp='0.01', updateschemepromlist=''3'', wpwalk='0.6264254628017704', CONadaptpromwalkprob=''0'', tiebreaking='1'
