{"cost": 2147483648, "incumbent": ["adaptive=''1''", "clausepen=''1''", "performrandomwalk=''0''", "singleclause=''1''", "tabusearch=''0''", "adaptivenoisescheme=''1''", "adaptwalkprob=''0''", "heuristic=''2''", "promisinglist=''1''", "ps='0.4'", "selectclause=''1''", "smoothingscheme=''1''", "adaptiveprom=''0''", "decreasingvariable=''3''", "performalternatenovelty=''1''", "phi='5'", "theta='6'", "updateschemepromlist=''3''", "wp='0.01'", "CONadaptpromwalkprob=''0''"], "total_cpu_time": null, "evaluations": 0, "wallclock_time": 0.001468658447265625, "cpu_time": 0}
{"cost": 50, "incumbent": ["adaptive=''1''", "clausepen=''1''", "performrandomwalk=''0''", "singleclause=''1''", "tabusearch=''0''", "adaptivenoisescheme=''1''", "adaptwalkprob=''0''", "heuristic=''2''", "promisinglist=''1''", "ps='0.4'", "selectclause=''1''", "smoothingscheme=''1''", "adaptiveprom=''0''", "decreasingvariable=''3''", "performalternatenovelty=''1''", "phi='5'", "theta='6'", "updateschemepromlist=''3''", "wp='0.01'", "CONadaptpromwalkprob=''0''"], "total_cpu_time": null, "evaluations": 1, "wallclock_time": 7.649465322494507, "cpu_time": 5.0}
{"cost": 0.022413223140495864, "incumbent": ["adaptive=''0''", "clausepen=''2''", "performrandomwalk=''1''", "singleclause=''1''", "tabusearch=''1''", "CONadaptwalkprob=''0''", "c='3.001976985917628e-06'", "heuristic=''2''", "promisinglist=''1''", "randomwalk=''3''", "s='0.056756949725643685'", "tabu='8'", "CONwp='0.09918630943948781'", "adaptiveprom=''0''", "decreasingvariable=''2''", "novnoise='0.7407295512419214'", "performalternatenovelty=''0''", "rdp='0.06085347360579412'", "updateschemepromlist=''3''", "CONadaptpromwalkprob=''0''"], "total_cpu_time": null, "evaluations": 36, "wallclock_time": 32.37409448623657, "cpu_time": 24.32400000000001}
{"cost": 0.004305555555555556, "incumbent": ["adaptive=''0''", "clausepen=''1''", "performrandomwalk=''1''", "singleclause=''1''", "tabusearch=''1''", "CONadaptwalkprob=''0''", "c='0.003120992631762076'", "heuristic=''6''", "promisinglist=''1''", "ps='0.10887694512996579'", "randomwalk=''3''", "s='0.0027110333058205003'", "selectclause=''1''", "smoothingscheme=''2''", "tabu='8'", "CONwp='0.07685327562947887'", "adaptiveprom=''0''", "decreasingvariable=''6''", "novnoise='0.24907222733500975'", "rdp='0.13200069688077753'", "updateschemepromlist=''3''", "CONadaptpromwalkprob=''0''"], "total_cpu_time": null, "evaluations": 55, "wallclock_time": 41.89748764038086, "cpu_time": 27.536}
{"cost": 0.0042770083102493086, "incumbent": ["adaptive=''0''", "clausepen=''1''", "performrandomwalk=''0''", "singleclause=''1''", "tabusearch=''1''", "CONadaptwalkprob=''0''", "c='0.007034812211449699'", "heuristic=''9''", "promisinglist=''1''", "ps='0.3260087736734817'", "s='0.0021080629338231607'", "selectclause=''1''", "smoothingscheme=''2''", "tabu='14'", "adaptiveprom=''0''", "decreasingvariable=''5''", "updateschemepromlist=''1''", "wpwalk='0.624392667157211'", "CONadaptpromwalkprob=''0''", "tiebreaking='2'"], "total_cpu_time": null, "evaluations": 206, "wallclock_time": 270.26292181015015, "cpu_time": 299.868}
{"cost": 0.0034000000000000015, "incumbent": ["adaptive=''0''", "clausepen=''0''", "performrandomwalk=''1''", "singleclause=''1''", "tabusearch=''1''", "CONadaptwalkprob=''0''", "CONselectclause=''1''", "c='0.003120992631762076'", "heuristic=''6''", "promisinglist=''1''", "randomwalk=''3''", "s='0.0027110333058205003'", "tabu='8'", "CONwp='0.07685327562947887'", "adaptiveprom=''0''", "decreasingvariable=''6''", "novnoise='0.24907222733500975'", "rdp='0.06338991575760315'", "updateschemepromlist=''3''", "CONadaptpromwalkprob=''0''"], "total_cpu_time": null, "evaluations": 245, "wallclock_time": 289.91303634643555, "cpu_time": 301.91999999999973}
{"cost": 0.002430555555555557, "incumbent": ["adaptive=''0''", "clausepen=''0''", "performrandomwalk=''1''", "singleclause=''1''", "tabusearch=''1''", "CONadaptwalkprob=''0''", "CONselectclause=''1''", "c='0.003120992631762076'", "heuristic=''7''", "promisinglist=''1''", "randomwalk=''3''", "s='0.01695678662819363'", "tabu='15'", "adaptiveprom=''0''", "decreasingvariable=''9''", "rdp='0.05'", "updateschemepromlist=''2''", "wpwalk='0.5729842381709894'", "CONadaptpromwalkprob=''0''", "promnovnoise='0.5'", "CONpromwp='0.01'"], "total_cpu_time": null, "evaluations": 391, "wallclock_time": 560.5615561008453, "cpu_time": 581.3479999999997}
{"cost": 0.0021428571428571443, "incumbent": ["adaptive=''0''", "clausepen=''1''", "performrandomwalk=''1''", "singleclause=''1''", "tabusearch=''0''", "CONadaptwalkprob=''0''", "c='0.0031016461774256683'", "heuristic=''13''", "promisinglist=''1''", "ps='0.3109404395193407'", "randomwalk=''5''", "s='0.02637457988149167'", "selectclause=''1''", "smoothingscheme=''2''", "CONdp='0.05904903196862483'", "adaptiveprom=''1''", "decreasingvariable=''5''", "novnoise='0.2520318289804725'", "performalternatenovelty=''1''", "rfp='0.05232701588392575'", "updateschemepromlist=''1''", "adaptpromwalkprob=''0''", "tiebreaking='2'"], "total_cpu_time": null, "evaluations": 525, "wallclock_time": 686.1499381065369, "cpu_time": 662.9359999999983}
{"cost": 0.001926278240190251, "incumbent": ["adaptive=''0''", "clausepen=''2''", "performrandomwalk=''1''", "singleclause=''1''", "tabusearch=''1''", "CONadaptwalkprob=''0''", "c='0.003120992631762076'", "heuristic=''5''", "promisinglist=''1''", "randomwalk=''4''", "s='0.0027110333058205003'", "tabu='14'", "adaptiveprom=''0''", "decreasingvariable=''4''", "novnoise='0.5'", "rfp='0.01'", "updateschemepromlist=''1''", "CONadaptpromwalkprob=''0''", "tiebreaking='2'"], "total_cpu_time": null, "evaluations": 556, "wallclock_time": 716.4215381145477, "cpu_time": 674.5559999999995}
{"cost": 0.0014857142857142866, "incumbent": ["adaptive=''0''", "clausepen=''2''", "performrandomwalk=''0''", "singleclause=''1''", "tabusearch=''0''", "CONadaptwalkprob=''0''", "c='0.021805626286388095'", "heuristic=''13''", "promisinglist=''1''", "s='0.04628449383149254'", "CONdp='0.05'", "adaptiveprom=''1''", "decreasingvariable=''5''", "novnoise='0.5'", "performalternatenovelty=''1''", "updateschemepromlist=''1''", "adaptpromwalkprob=''0''", "tiebreaking='1'"], "total_cpu_time": null, "evaluations": 842, "wallclock_time": 1126.6952574253082, "cpu_time": 1059.8720000000005}
{"cost": 0.0014444444444444452, "incumbent": ["adaptive=''0''", "clausepen=''1''", "performrandomwalk=''0''", "singleclause=''1''", "tabusearch=''0''", "CONadaptwalkprob=''0''", "c='0.04538543217622142'", "heuristic=''8''", "promisinglist=''1''", "ps='0.4'", "s='0.010000000000000004'", "selectclause=''1''", "smoothingscheme=''1''", "adaptiveprom=''0''", "decreasingvariable=''11''", "updateschemepromlist=''3''", "wpwalk='0.5'", "CONadaptpromwalkprob=''0''", "promnovnoise='0.5'", "CONpromwp='0.01'"], "total_cpu_time": null, "evaluations": 907, "wallclock_time": 1157.5188069343567, "cpu_time": 1066.275999999996}
{"cost": 0.0007864583333333336, "incumbent": ["adaptive=''0''", "clausepen=''1''", "performrandomwalk=''1''", "singleclause=''1''", "tabusearch=''1''", "CONadaptwalkprob=''0''", "c='0.003196820369951501'", "heuristic=''7''", "promisinglist=''1''", "ps='0.4'", "randomwalk=''4''", "s='0.029164909711860434'", "selectclause=''1''", "smoothingscheme=''1''", "tabu='10'", "adaptiveprom=''0''", "decreasingvariable=''4''", "rfp='0.01'", "updateschemepromlist=''3''", "wpwalk='0.6264254628017704'", "CONadaptpromwalkprob=''0''", "tiebreaking='1'"], "total_cpu_time": null, "evaluations": 1618, "wallclock_time": 1722.9880130290985, "cpu_time": 1482.4699999999991}
