"CPU Time Used","Estimated Training Performance","Wallclock Time","Incumbent ID","Automatic Configurator (CPU) Time","Configuration..."
0.000000, 2147483648.000000, 0.001436, 1, 0.001436, adaptive=''1'', clausepen=''1'', performrandomwalk=''0'', singleclause=''1'', tabusearch=''0'', adaptivenoisescheme=''1'', adaptwalkprob=''0'', heuristic=''2'', promisinglist=''1'', ps='0.4', selectclause=''1'', smoothingscheme=''1'', adaptiveprom=''0'', decreasingvariable=''3'', performalternatenovelty=''1'', phi='5', theta='6', updateschemepromlist=''3'', wp='0.01', CONadaptpromwalkprob=''0''
5.000000, 50.000000, 7.664766, 1, 2.664766, adaptive=''1'', clausepen=''1'', performrandomwalk=''0'', singleclause=''1'', tabusearch=''0'', adaptivenoisescheme=''1'', adaptwalkprob=''0'', heuristic=''2'', promisinglist=''1'', ps='0.4', selectclause=''1'', smoothingscheme=''1'', adaptiveprom=''0'', decreasingvariable=''3'', performalternatenovelty=''1'', phi='5', theta='6', updateschemepromlist=''3'', wp='0.01', CONadaptpromwalkprob=''0''
14.404000, 0.005488, 30.665476, 3, 16.261476, adaptive=''1'', clausepen=''0'', performrandomwalk=''1'', singleclause=''1'', tabusearch=''0'', CONselectclause=''1'', adaptivenoisescheme=''2'', adaptwalkprob=''0'', heuristic=''4'', promisinglist=''1'', randomwalk=''3'', adaptiveprom=''0'', decreasingvariable=''1'', dp='0.11395830355816496', performalternatenovelty=''1'', phi='8', rdp='0.11553270111512862', theta='8', updateschemepromlist=''3'', CONadaptpromwalkprob=''0'', tiebreaking='4'
14.868000, 0.003222, 40.010520, 4, 25.142520, adaptive=''1'', clausepen=''0'', performrandomwalk=''1'', singleclause=''1'', tabusearch=''1'', CONselectclause=''1'', adaptivenoisescheme=''1'', adaptwalkprob=''0'', heuristic=''1'', promisinglist=''1'', randomwalk=''5'', tabu='5', adaptiveprom=''0'', decreasingvariable=''6'', performalternatenovelty=''0'', phi='9', rfp='0.041107818541754465', theta='7', updateschemepromlist=''2'', CONadaptpromwalkprob=''0''
173.828000, 0.003170, 225.857787, 19, 52.029787, adaptive=''0'', clausepen=''0'', performrandomwalk=''0'', singleclause=''1'', tabusearch=''0'', CONadaptwalkprob=''0'', CONselectclause=''1'', c='1.2171354260272886e-06', heuristic=''6'', promisinglist=''1'', s='0.02204770226717257', CONwp='0.07333770991870968', adaptiveprom=''0'', decreasingvariable=''7'', novnoise='0.4465226766713499', updateschemepromlist=''3'', CONadaptpromwalkprob=''0'', promnovnoise='0.5819309067371001'
491.128000, 0.001527, 482.998996, 25, -8.129004, adaptive=''1'', clausepen=''0'', performrandomwalk=''1'', singleclause=''1'', tabusearch=''0'', CONselectclause=''1'', adaptivenoisescheme=''1'', adaptwalkprob=''0'', heuristic=''1'', promisinglist=''1'', randomwalk=''5'', adaptiveprom=''0'', decreasingvariable=''1'', performalternatenovelty=''1'', phi='10', rfp='0.12610914271102647', theta='7', updateschemepromlist=''2'', CONadaptpromwalkprob=''0'', tiebreaking='2'
1147.332000, 0.001205, 1139.242931, 44, -8.089069, adaptive=''1'', clausepen=''1'', performrandomwalk=''1'', singleclause=''0'', tabusearch=''0'', DLSscoringmeasure=''1'', DLStiebreaking=''1'', adaptivenoisescheme=''1'', randomwalk=''4'', smoothingscheme=''1'', DLSalpha='1.189', DLSrho='0.5', DLSsapsthresh='-0.1', DLSwp='0.03', rfp='0.12610914271102647'
1609.836000, 0.000923, 1560.269856, 51, -49.566144, adaptive=''0'', clausepen=''0'', performrandomwalk=''0'', singleclause=''1'', tabusearch=''0'', CONadaptwalkprob=''0'', CONselectclause=''1'', c='0.0002941097787262633', heuristic=''10'', promisinglist=''1'', s='0.010000000000000004', adaptiveprom=''1'', decreasingvariable=''11'', novnoise='0.5', performalternatenovelty=''0'', updateschemepromlist=''3'', adaptpromwalkprob=''1'', promphi='8', promtheta='8'
2862.342000, 0.000793, 2942.735319, 89, 80.393319, adaptive=''1'', clausepen=''2'', performrandomwalk=''1'', singleclause=''0'', tabusearch=''0'', DLSscoringmeasure=''1'', DLStiebreaking=''3'', adaptivenoisescheme=''1'', randomwalk=''4'', rfp='0.12610914271102647'
2867.906000, 0.000746, 2990.775473, 92, 122.869473, adaptive=''1'', clausepen=''0'', performrandomwalk=''1'', singleclause=''1'', tabusearch=''1'', CONselectclause=''1'', adaptivenoisescheme=''1'', adaptwalkprob=''0'', heuristic=''2'', promisinglist=''1'', randomwalk=''4'', tabu='12', adaptiveprom=''0'', decreasingvariable=''4'', performalternatenovelty=''1'', phi='6', rfp='0.060593085205189995', theta='6', updateschemepromlist=''1'', wp='0.01', CONadaptpromwalkprob=''0'', tiebreaking='2'
3009.610000, 0.000490, 3276.523784, 101, 266.913784, adaptive=''1'', clausepen=''2'', performrandomwalk=''1'', singleclause=''0'', tabusearch=''0'', DLSscoringmeasure=''1'', DLStiebreaking=''4'', adaptivenoisescheme=''1'', randomwalk=''4'', rfp='0.042960912348091414'
3112.424000, 0.000470, 3452.352226, 107, 339.928226, adaptive=''1'', clausepen=''1'', performrandomwalk=''1'', singleclause=''0'', tabusearch=''0'', DLSscoringmeasure=''1'', DLStiebreaking=''3'', adaptivenoisescheme=''1'', randomwalk=''4'', smoothingscheme=''1'', DLSalpha='1.189', DLSrho='0.5', DLSsapsthresh='-0.1', DLSwp='0.03', rfp='0.042960912348091414'
