{"evaluations": 0, "total_cpu_time": null, "cost": 2147483648, "incumbent": ["adaptive=''1''", "clausepen=''1''", "performrandomwalk=''0''", "singleclause=''1''", "tabusearch=''0''", "adaptivenoisescheme=''1''", "adaptwalkprob=''0''", "heuristic=''2''", "promisinglist=''1''", "ps='0.4'", "selectclause=''1''", "smoothingscheme=''1''", "adaptiveprom=''0''", "decreasingvariable=''3''", "performalternatenovelty=''1''", "phi='5'", "theta='6'", "updateschemepromlist=''3''", "wp='0.01'", "CONadaptpromwalkprob=''0''"], "wallclock_time": 0.0014357566833496094, "cpu_time": 0}
{"evaluations": 1, "total_cpu_time": null, "cost": 50, "incumbent": ["adaptive=''1''", "clausepen=''1''", "performrandomwalk=''0''", "singleclause=''1''", "tabusearch=''0''", "adaptivenoisescheme=''1''", "adaptwalkprob=''0''", "heuristic=''2''", "promisinglist=''1''", "ps='0.4'", "selectclause=''1''", "smoothingscheme=''1''", "adaptiveprom=''0''", "decreasingvariable=''3''", "performalternatenovelty=''1''", "phi='5'", "theta='6'", "updateschemepromlist=''3''", "wp='0.01'", "CONadaptpromwalkprob=''0''"], "wallclock_time": 7.664766073226929, "cpu_time": 5.0}
{"evaluations": 22, "total_cpu_time": null, "cost": 0.005487603305785125, "incumbent": ["adaptive=''1''", "clausepen=''0''", "performrandomwalk=''1''", "singleclause=''1''", "tabusearch=''0''", "CONselectclause=''1''", "adaptivenoisescheme=''2''", "adaptwalkprob=''0''", "heuristic=''4''", "promisinglist=''1''", "randomwalk=''3''", "adaptiveprom=''0''", "decreasingvariable=''1''", "dp='0.11395830355816496'", "performalternatenovelty=''1''", "phi='8'", "rdp='0.11553270111512862'", "theta='8'", "updateschemepromlist=''3''", "CONadaptpromwalkprob=''0''", "tiebreaking='4'"], "wallclock_time": 30.665475606918335, "cpu_time": 14.404000000000005}
{"evaluations": 34, "total_cpu_time": null, "cost": 0.003222222222222222, "incumbent": ["adaptive=''1''", "clausepen=''0''", "performrandomwalk=''1''", "singleclause=''1''", "tabusearch=''1''", "CONselectclause=''1''", "adaptivenoisescheme=''1''", "adaptwalkprob=''0''", "heuristic=''1''", "promisinglist=''1''", "randomwalk=''5''", "tabu='5'", "adaptiveprom=''0''", "decreasingvariable=''6''", "performalternatenovelty=''0''", "phi='9'", "rfp='0.041107818541754465'", "theta='7'", "updateschemepromlist=''2''", "CONadaptpromwalkprob=''0''"], "wallclock_time": 40.0105197429657, "cpu_time": 14.867999999999997}
{"evaluations": 236, "total_cpu_time": null, "cost": 0.00317, "incumbent": ["adaptive=''0''", "clausepen=''0''", "performrandomwalk=''0''", "singleclause=''1''", "tabusearch=''0''", "CONadaptwalkprob=''0''", "CONselectclause=''1''", "c='1.2171354260272886e-06'", "heuristic=''6''", "promisinglist=''1''", "s='0.02204770226717257'", "CONwp='0.07333770991870968'", "adaptiveprom=''0''", "decreasingvariable=''7''", "novnoise='0.4465226766713499'", "updateschemepromlist=''3''", "CONadaptpromwalkprob=''0''", "promnovnoise='0.5819309067371001'"], "wallclock_time": 225.85778713226318, "cpu_time": 173.82799999999997}
{"evaluations": 352, "total_cpu_time": null, "cost": 0.001527410207939509, "incumbent": ["adaptive=''1''", "clausepen=''0''", "performrandomwalk=''1''", "singleclause=''1''", "tabusearch=''0''", "CONselectclause=''1''", "adaptivenoisescheme=''1''", "adaptwalkprob=''0''", "heuristic=''1''", "promisinglist=''1''", "randomwalk=''5''", "adaptiveprom=''0''", "decreasingvariable=''1''", "performalternatenovelty=''1''", "phi='10'", "rfp='0.12610914271102647'", "theta='7'", "updateschemepromlist=''2''", "CONadaptpromwalkprob=''0''", "tiebreaking='2'"], "wallclock_time": 482.9989957809448, "cpu_time": 491.12799999999953}
{"evaluations": 850, "total_cpu_time": null, "cost": 0.0012048979591836742, "incumbent": ["adaptive=''1''", "clausepen=''1''", "performrandomwalk=''1''", "singleclause=''0''", "tabusearch=''0''", "DLSscoringmeasure=''1''", "DLStiebreaking=''1''", "adaptivenoisescheme=''1''", "randomwalk=''4''", "smoothingscheme=''1''", "DLSalpha='1.189'", "DLSrho='0.5'", "DLSsapsthresh='-0.1'", "DLSwp='0.03'", "rfp='0.12610914271102647'"], "wallclock_time": 1139.2429311275482, "cpu_time": 1147.3320000000037}
{"evaluations": 1061, "total_cpu_time": null, "cost": 0.0009230769230769234, "incumbent": ["adaptive=''0''", "clausepen=''0''", "performrandomwalk=''0''", "singleclause=''1''", "tabusearch=''0''", "CONadaptwalkprob=''0''", "CONselectclause=''1''", "c='0.0002941097787262633'", "heuristic=''10''", "promisinglist=''1''", "s='0.010000000000000004'", "adaptiveprom=''1''", "decreasingvariable=''11''", "novnoise='0.5'", "performalternatenovelty=''0''", "updateschemepromlist=''3''", "adaptpromwalkprob=''1''", "promphi='8'", "promtheta='8'"], "wallclock_time": 1560.2698562145233, "cpu_time": 1609.8360000000062}
{"evaluations": 2466, "total_cpu_time": null, "cost": 0.0007931034482758626, "incumbent": ["adaptive=''1''", "clausepen=''2''", "performrandomwalk=''1''", "singleclause=''0''", "tabusearch=''0''", "DLSscoringmeasure=''1''", "DLStiebreaking=''3''", "adaptivenoisescheme=''1''", "randomwalk=''4''", "rfp='0.12610914271102647'"], "wallclock_time": 2942.735318660736, "cpu_time": 2862.342000000009}
{"evaluations": 2582, "total_cpu_time": null, "cost": 0.0007457627118644072, "incumbent": ["adaptive=''1''", "clausepen=''0''", "performrandomwalk=''1''", "singleclause=''1''", "tabusearch=''1''", "CONselectclause=''1''", "adaptivenoisescheme=''1''", "adaptwalkprob=''0''", "heuristic=''2''", "promisinglist=''1''", "randomwalk=''4''", "tabu='12'", "adaptiveprom=''0''", "decreasingvariable=''4''", "performalternatenovelty=''1''", "phi='6'", "rfp='0.060593085205189995'", "theta='6'", "updateschemepromlist=''1''", "wp='0.01'", "CONadaptpromwalkprob=''0''", "tiebreaking='2'"], "wallclock_time": 2990.77547287941, "cpu_time": 2867.9059999999977}
{"evaluations": 3085, "total_cpu_time": null, "cost": 0.0004902343750000003, "incumbent": ["adaptive=''1''", "clausepen=''2''", "performrandomwalk=''1''", "singleclause=''0''", "tabusearch=''0''", "DLSscoringmeasure=''1''", "DLStiebreaking=''4''", "adaptivenoisescheme=''1''", "randomwalk=''4''", "rfp='0.042960912348091414'"], "wallclock_time": 3276.5237839221954, "cpu_time": 3009.610000000009}
{"evaluations": 3382, "total_cpu_time": null, "cost": 0.0004704834038761417, "incumbent": ["adaptive=''1''", "clausepen=''1''", "performrandomwalk=''1''", "singleclause=''0''", "tabusearch=''0''", "DLSscoringmeasure=''1''", "DLStiebreaking=''3''", "adaptivenoisescheme=''1''", "randomwalk=''4''", "smoothingscheme=''1''", "DLSalpha='1.189'", "DLSrho='0.5'", "DLSsapsthresh='-0.1'", "DLSwp='0.03'", "rfp='0.042960912348091414'"], "wallclock_time": 3452.352226257324, "cpu_time": 3112.424000000023}
