{"total_cpu_time": null, "evaluations": 0, "incumbent": ["adaptive=''1''", "clausepen=''1''", "performrandomwalk=''0''", "singleclause=''1''", "tabusearch=''0''", "adaptivenoisescheme=''1''", "adaptwalkprob=''0''", "heuristic=''2''", "promisinglist=''1''", "ps='0.4'", "selectclause=''1''", "smoothingscheme=''1''", "adaptiveprom=''0''", "decreasingvariable=''3''", "performalternatenovelty=''1''", "phi='5'", "theta='6'", "updateschemepromlist=''3''", "wp='0.01'", "CONadaptpromwalkprob=''0''"], "cpu_time": 0, "wallclock_time": 0.0013959407806396484, "cost": 2147483648}
{"total_cpu_time": null, "evaluations": 1, "incumbent": ["adaptive=''1''", "clausepen=''1''", "performrandomwalk=''0''", "singleclause=''1''", "tabusearch=''0''", "adaptivenoisescheme=''1''", "adaptwalkprob=''0''", "heuristic=''2''", "promisinglist=''1''", "ps='0.4'", "selectclause=''1''", "smoothingscheme=''1''", "adaptiveprom=''0''", "decreasingvariable=''3''", "performalternatenovelty=''1''", "phi='5'", "theta='6'", "updateschemepromlist=''3''", "wp='0.01'", "CONadaptpromwalkprob=''0''"], "cpu_time": 1.356, "wallclock_time": 1.841933012008667, "cost": 1.356}
{"total_cpu_time": null, "evaluations": 65, "incumbent": ["adaptive=''0''", "clausepen=''1''", "performrandomwalk=''0''", "singleclause=''0''", "tabusearch=''1''", "DLSscoringmeasure=''3''", "DLStiebreaking=''4''", "smoothingscheme=''2''", "tabu='4'", "DLSc='0.00013687629875901617'", "DLSmaxinc='10'", "DLSpflat='0.19488978828709635'", "DLSs='0.013596926587650904'"], "cpu_time": 51.29999999999998, "wallclock_time": 94.27570676803589, "cost": 0.003400000000000001}
{"total_cpu_time": null, "evaluations": 455, "incumbent": ["adaptive=''1''", "clausepen=''2''", "performrandomwalk=''1''", "singleclause=''0''", "tabusearch=''0''", "DLSscoringmeasure=''3''", "DLStiebreaking=''4''", "adaptivenoisescheme=''2''", "randomwalk=''1''", "rwp='0.01'"], "cpu_time": 671.5479999999994, "wallclock_time": 1135.9074623584747, "cost": 0.00288}
