"CPU Time Used","Estimated Training Performance","Wallclock Time","Incumbent ID","Automatic Configurator (CPU) Time","Configuration..."
0.000000, 2147483648.000000, 0.000854, 1, 0.000854, sp-clause-activity-inc='1.0', sp-clause-decay='1.4', sp-clause-del-heur=''2'', sp-first-restart='100', sp-learned-clause-sort-heur=''0'', sp-learned-clauses-inc='1.3', sp-learned-size-factor='0.4', sp-orig-clause-sort-heur=''0'', sp-phase-dec-heur=''5'', sp-rand-var-dec-freq=''0.001'', sp-resolution=''1'', sp-restart-inc='1.5', sp-update-dec-queue=''1'', sp-use-pure-literal-rule=''1'', sp-var-activity-inc='1.0', sp-var-dec-heur=''0'', sp-variable-decay='1.4', sp-max-res-lit-inc='1.0', sp-max-res-runs='4', sp-rand-phase-dec-freq=''0.001'', sp-rand-var-dec-scaling='1.0', sp-res-cutoff-cls='8', sp-res-cutoff-lits='400', sp-res-order-heur=''0'', sp-rand-phase-scaling='1.0'
0.064000, 0.064000, 0.205371, 1, 0.141371, sp-clause-activity-inc='1.0', sp-clause-decay='1.4', sp-clause-del-heur=''2'', sp-first-restart='100', sp-learned-clause-sort-heur=''0'', sp-learned-clauses-inc='1.3', sp-learned-size-factor='0.4', sp-orig-clause-sort-heur=''0'', sp-phase-dec-heur=''5'', sp-rand-var-dec-freq=''0.001'', sp-resolution=''1'', sp-restart-inc='1.5', sp-update-dec-queue=''1'', sp-use-pure-literal-rule=''1'', sp-var-activity-inc='1.0', sp-var-dec-heur=''0'', sp-variable-decay='1.4', sp-max-res-lit-inc='1.0', sp-max-res-runs='4', sp-rand-phase-dec-freq=''0.001'', sp-rand-var-dec-scaling='1.0', sp-res-cutoff-cls='8', sp-res-cutoff-lits='400', sp-res-order-heur=''0'', sp-rand-phase-scaling='1.0'
628.948000, 0.034138, 898.474111, 4, 269.526111, sp-clause-activity-inc='1.381030147586246', sp-clause-decay='1.422013935889838', sp-clause-del-heur=''0'', sp-first-restart='819', sp-learned-clause-sort-heur=''15'', sp-learned-clauses-inc='1.3710849143039208', sp-learned-size-factor='0.19340718933142406', sp-orig-clause-sort-heur=''5'', sp-phase-dec-heur=''6'', sp-rand-var-dec-freq=''0.05'', sp-resolution=''1'', sp-restart-inc='1.6973862043734158', sp-update-dec-queue=''1'', sp-use-pure-literal-rule=''0'', sp-var-activity-inc='0.997637121962471', sp-var-dec-heur=''3'', sp-variable-decay='1.3307426221889478', sp-max-res-lit-inc='1.0114064087217276', sp-max-res-runs='1', sp-rand-phase-dec-freq=''0.005'', sp-rand-var-dec-scaling='1.0034863698982968', sp-res-cutoff-cls='4', sp-res-cutoff-lits='173', sp-res-order-heur=''13'', sp-rand-phase-scaling='0.8913752067038716'
954.564000, 0.032644, 1377.753852, 9, 423.189852, sp-clause-activity-inc='1.0646446598914743', sp-clause-decay='1.7466530741328938', sp-clause-del-heur=''2'', sp-first-restart='33', sp-learned-clause-sort-heur=''3'', sp-learned-clauses-inc='1.4136603474059262', sp-learned-size-factor='0.39614890786329066', sp-orig-clause-sort-heur=''18'', sp-phase-dec-heur=''6'', sp-rand-var-dec-freq=''0.005'', sp-resolution=''0'', sp-restart-inc='1.493075934815065', sp-update-dec-queue=''0'', sp-use-pure-literal-rule=''1'', sp-var-activity-inc='1.013610150007103', sp-var-dec-heur=''2'', sp-variable-decay='1.2531319602046818', sp-rand-phase-dec-freq=''0.05'', sp-rand-var-dec-scaling='1.0846638413771716', sp-rand-phase-scaling='0.6072229626563491'
983.856000, 0.030481, 1420.335995, 10, 436.479995, sp-clause-activity-inc='1.3186307833900988', sp-clause-decay='1.5446047793332325', sp-clause-del-heur=''2'', sp-first-restart='1146', sp-learned-clause-sort-heur=''15'', sp-learned-clauses-inc='1.2706194637115775', sp-learned-size-factor='0.5059363710227717', sp-orig-clause-sort-heur=''17'', sp-phase-dec-heur=''6'', sp-rand-var-dec-freq=''0'', sp-resolution=''0'', sp-restart-inc='1.2549232066771796', sp-update-dec-queue=''1'', sp-use-pure-literal-rule=''0'', sp-var-activity-inc='1.44221857992695', sp-var-dec-heur=''6'', sp-variable-decay='1.2477110517261816', sp-rand-phase-dec-freq=''0.01'', sp-rand-phase-scaling='0.7573363271598469'
1082.340000, 0.027504, 1565.604298, 12, 483.264298, sp-clause-activity-inc='0.7889537898718794', sp-clause-decay='1.4898995091087504', sp-clause-del-heur=''0'', sp-first-restart='924', sp-learned-clause-sort-heur=''9'', sp-learned-clauses-inc='1.3155540091066067', sp-learned-size-factor='1.2241116341169707', sp-orig-clause-sort-heur=''18'', sp-phase-dec-heur=''5'', sp-rand-var-dec-freq=''0'', sp-resolution=''0'', sp-restart-inc='1.5201080863295724', sp-update-dec-queue=''1'', sp-use-pure-literal-rule=''0'', sp-var-activity-inc='0.9924845567800986', sp-var-dec-heur=''0'', sp-variable-decay='1.1427433395294095', sp-rand-phase-dec-freq=''0.005'', sp-rand-phase-scaling='0.3026765724575176'
2984.512000, 0.020537, 4362.124623, 4, 1377.612623, sp-clause-activity-inc='1.381030147586246', sp-clause-decay='1.422013935889838', sp-clause-del-heur=''0'', sp-first-restart='819', sp-learned-clause-sort-heur=''15'', sp-learned-clauses-inc='1.3710849143039208', sp-learned-size-factor='0.19340718933142406', sp-orig-clause-sort-heur=''5'', sp-phase-dec-heur=''6'', sp-rand-var-dec-freq=''0.05'', sp-resolution=''1'', sp-restart-inc='1.6973862043734158', sp-update-dec-queue=''1'', sp-use-pure-literal-rule=''0'', sp-var-activity-inc='0.997637121962471', sp-var-dec-heur=''3'', sp-variable-decay='1.3307426221889478', sp-max-res-lit-inc='1.0114064087217276', sp-max-res-runs='1', sp-rand-phase-dec-freq=''0.005'', sp-rand-var-dec-scaling='1.0034863698982968', sp-res-cutoff-cls='4', sp-res-cutoff-lits='173', sp-res-order-heur=''13'', sp-rand-phase-scaling='0.8913752067038716'
4860.060000, 0.017336, 7091.347820, 12, 2231.287820, sp-clause-activity-inc='0.7889537898718794', sp-clause-decay='1.4898995091087504', sp-clause-del-heur=''0'', sp-first-restart='924', sp-learned-clause-sort-heur=''9'', sp-learned-clauses-inc='1.3155540091066067', sp-learned-size-factor='1.2241116341169707', sp-orig-clause-sort-heur=''18'', sp-phase-dec-heur=''5'', sp-rand-var-dec-freq=''0'', sp-resolution=''0'', sp-restart-inc='1.5201080863295724', sp-update-dec-queue=''1'', sp-use-pure-literal-rule=''0'', sp-var-activity-inc='0.9924845567800986', sp-var-dec-heur=''0'', sp-variable-decay='1.1427433395294095', sp-rand-phase-dec-freq=''0.005'', sp-rand-phase-scaling='0.3026765724575176'
6827.716000, 0.012094, 9914.014726, 4, 3086.298726, sp-clause-activity-inc='1.381030147586246', sp-clause-decay='1.422013935889838', sp-clause-del-heur=''0'', sp-first-restart='819', sp-learned-clause-sort-heur=''15'', sp-learned-clauses-inc='1.3710849143039208', sp-learned-size-factor='0.19340718933142406', sp-orig-clause-sort-heur=''5'', sp-phase-dec-heur=''6'', sp-rand-var-dec-freq=''0.05'', sp-resolution=''1'', sp-restart-inc='1.6973862043734158', sp-update-dec-queue=''1'', sp-use-pure-literal-rule=''0'', sp-var-activity-inc='0.997637121962471', sp-var-dec-heur=''3'', sp-variable-decay='1.3307426221889478', sp-max-res-lit-inc='1.0114064087217276', sp-max-res-runs='1', sp-rand-phase-dec-freq=''0.005'', sp-rand-var-dec-scaling='1.0034863698982968', sp-res-cutoff-cls='4', sp-res-cutoff-lits='173', sp-res-order-heur=''13'', sp-rand-phase-scaling='0.8913752067038716'
9785.348000, 0.010237, 14116.270755, 19, 4330.922755, sp-clause-activity-inc='0.787305569720363', sp-clause-decay='1.1792077541302968', sp-clause-del-heur=''1'', sp-first-restart='35', sp-learned-clause-sort-heur=''15'', sp-learned-clauses-inc='1.236039232997451', sp-learned-size-factor='1.1841285710841645', sp-orig-clause-sort-heur=''19'', sp-phase-dec-heur=''6'', sp-rand-var-dec-freq=''0.0001'', sp-resolution=''2'', sp-restart-inc='1.678967122472558', sp-update-dec-queue=''1'', sp-use-pure-literal-rule=''0'', sp-var-activity-inc='0.8766576326661994', sp-var-dec-heur=''17'', sp-variable-decay='1.2010342510285843', sp-max-res-lit-inc='1.4177515518865453', sp-max-res-runs='8', sp-rand-phase-dec-freq=''0.0001'', sp-rand-var-dec-scaling='0.957714579996239', sp-res-cutoff-cls='3', sp-res-cutoff-lits='1219', sp-res-order-heur=''0'', sp-rand-phase-scaling='0.9669261701899847'
10588.872000, 0.009054, 15240.589346, 1, 4651.717346, sp-clause-activity-inc='1.0', sp-clause-decay='1.4', sp-clause-del-heur=''2'', sp-first-restart='100', sp-learned-clause-sort-heur=''0'', sp-learned-clauses-inc='1.3', sp-learned-size-factor='0.4', sp-orig-clause-sort-heur=''0'', sp-phase-dec-heur=''5'', sp-rand-var-dec-freq=''0.001'', sp-resolution=''1'', sp-restart-inc='1.5', sp-update-dec-queue=''1'', sp-use-pure-literal-rule=''1'', sp-var-activity-inc='1.0', sp-var-dec-heur=''0'', sp-variable-decay='1.4', sp-max-res-lit-inc='1.0', sp-max-res-runs='4', sp-rand-phase-dec-freq=''0.001'', sp-rand-var-dec-scaling='1.0', sp-res-cutoff-cls='8', sp-res-cutoff-lits='400', sp-res-order-heur=''0'', sp-rand-phase-scaling='1.0'
