{"total_cpu_time": null, "cost": 2147483648, "wallclock_time": 0.0008542537689208984, "incumbent": ["sp-clause-activity-inc='1.0'", "sp-clause-decay='1.4'", "sp-clause-del-heur=''2''", "sp-first-restart='100'", "sp-learned-clause-sort-heur=''0''", "sp-learned-clauses-inc='1.3'", "sp-learned-size-factor='0.4'", "sp-orig-clause-sort-heur=''0''", "sp-phase-dec-heur=''5''", "sp-rand-var-dec-freq=''0.001''", "sp-resolution=''1''", "sp-restart-inc='1.5'", "sp-update-dec-queue=''1''", "sp-use-pure-literal-rule=''1''", "sp-var-activity-inc='1.0'", "sp-var-dec-heur=''0''", "sp-variable-decay='1.4'", "sp-max-res-lit-inc='1.0'", "sp-max-res-runs='4'", "sp-rand-phase-dec-freq=''0.001''", "sp-rand-var-dec-scaling='1.0'", "sp-res-cutoff-cls='8'", "sp-res-cutoff-lits='400'", "sp-res-order-heur=''0''", "sp-rand-phase-scaling='1.0'"], "evaluations": 0, "cpu_time": 0}
{"total_cpu_time": null, "cost": 0.064, "wallclock_time": 0.20537114143371582, "incumbent": ["sp-clause-activity-inc='1.0'", "sp-clause-decay='1.4'", "sp-clause-del-heur=''2''", "sp-first-restart='100'", "sp-learned-clause-sort-heur=''0''", "sp-learned-clauses-inc='1.3'", "sp-learned-size-factor='0.4'", "sp-orig-clause-sort-heur=''0''", "sp-phase-dec-heur=''5''", "sp-rand-var-dec-freq=''0.001''", "sp-resolution=''1''", "sp-restart-inc='1.5'", "sp-update-dec-queue=''1''", "sp-use-pure-literal-rule=''1''", "sp-var-activity-inc='1.0'", "sp-var-dec-heur=''0''", "sp-variable-decay='1.4'", "sp-max-res-lit-inc='1.0'", "sp-max-res-runs='4'", "sp-rand-phase-dec-freq=''0.001''", "sp-rand-var-dec-scaling='1.0'", "sp-res-cutoff-cls='8'", "sp-res-cutoff-lits='400'", "sp-res-order-heur=''0''", "sp-rand-phase-scaling='1.0'"], "evaluations": 1, "cpu_time": 0.064}
{"total_cpu_time": null, "cost": 0.0341376, "wallclock_time": 898.4741110801697, "incumbent": ["sp-clause-activity-inc='1.381030147586246'", "sp-clause-decay='1.422013935889838'", "sp-clause-del-heur=''0''", "sp-first-restart='819'", "sp-learned-clause-sort-heur=''15''", "sp-learned-clauses-inc='1.3710849143039208'", "sp-learned-size-factor='0.19340718933142406'", "sp-orig-clause-sort-heur=''5''", "sp-phase-dec-heur=''6''", "sp-rand-var-dec-freq=''0.05''", "sp-resolution=''1''", "sp-restart-inc='1.6973862043734158'", "sp-update-dec-queue=''1''", "sp-use-pure-literal-rule=''0''", "sp-var-activity-inc='0.997637121962471'", "sp-var-dec-heur=''3''", "sp-variable-decay='1.3307426221889478'", "sp-max-res-lit-inc='1.0114064087217276'", "sp-max-res-runs='1'", "sp-rand-phase-dec-freq=''0.005''", "sp-rand-var-dec-scaling='1.0034863698982968'", "sp-res-cutoff-cls='4'", "sp-res-cutoff-lits='173'", "sp-res-order-heur=''13''", "sp-rand-phase-scaling='0.8913752067038716'"], "evaluations": 280, "cpu_time": 628.948}
{"total_cpu_time": null, "cost": 0.032644444444444434, "wallclock_time": 1377.7538521289825, "incumbent": ["sp-clause-activity-inc='1.0646446598914743'", "sp-clause-decay='1.7466530741328938'", "sp-clause-del-heur=''2''", "sp-first-restart='33'", "sp-learned-clause-sort-heur=''3''", "sp-learned-clauses-inc='1.4136603474059262'", "sp-learned-size-factor='0.39614890786329066'", "sp-orig-clause-sort-heur=''18''", "sp-phase-dec-heur=''6''", "sp-rand-var-dec-freq=''0.005''", "sp-resolution=''0''", "sp-restart-inc='1.493075934815065'", "sp-update-dec-queue=''0''", "sp-use-pure-literal-rule=''1''", "sp-var-activity-inc='1.013610150007103'", "sp-var-dec-heur=''2''", "sp-variable-decay='1.2531319602046818'", "sp-rand-phase-dec-freq=''0.05''", "sp-rand-var-dec-scaling='1.0846638413771716'", "sp-rand-phase-scaling='0.6072229626563491'"], "evaluations": 420, "cpu_time": 954.5639999999992}
{"total_cpu_time": null, "cost": 0.030480749219562956, "wallclock_time": 1420.3359951972961, "incumbent": ["sp-clause-activity-inc='1.3186307833900988'", "sp-clause-decay='1.5446047793332325'", "sp-clause-del-heur=''2''", "sp-first-restart='1146'", "sp-learned-clause-sort-heur=''15''", "sp-learned-clauses-inc='1.2706194637115775'", "sp-learned-size-factor='0.5059363710227717'", "sp-orig-clause-sort-heur=''17''", "sp-phase-dec-heur=''6''", "sp-rand-var-dec-freq=''0''", "sp-resolution=''0''", "sp-restart-inc='1.2549232066771796'", "sp-update-dec-queue=''1''", "sp-use-pure-literal-rule=''0''", "sp-var-activity-inc='1.44221857992695'", "sp-var-dec-heur=''6''", "sp-variable-decay='1.2477110517261816'", "sp-rand-phase-dec-freq=''0.01''", "sp-rand-phase-scaling='0.7573363271598469'"], "evaluations": 451, "cpu_time": 983.8559999999991}
{"total_cpu_time": null, "cost": 0.027504132231404955, "wallclock_time": 1565.6042981147766, "incumbent": ["sp-clause-activity-inc='0.7889537898718794'", "sp-clause-decay='1.4898995091087504'", "sp-clause-del-heur=''0''", "sp-first-restart='924'", "sp-learned-clause-sort-heur=''9''", "sp-learned-clauses-inc='1.3155540091066067'", "sp-learned-size-factor='1.2241116341169707'", "sp-orig-clause-sort-heur=''18''", "sp-phase-dec-heur=''5''", "sp-rand-var-dec-freq=''0''", "sp-resolution=''0''", "sp-restart-inc='1.5201080863295724'", "sp-update-dec-queue=''1''", "sp-use-pure-literal-rule=''0''", "sp-var-activity-inc='0.9924845567800986'", "sp-var-dec-heur=''0''", "sp-variable-decay='1.1427433395294095'", "sp-rand-phase-dec-freq=''0.005''", "sp-rand-phase-scaling='0.3026765724575176'"], "evaluations": 516, "cpu_time": 1082.3399999999988}
{"total_cpu_time": null, "cost": 0.020537283950617283, "wallclock_time": 4362.124622821808, "incumbent": ["sp-clause-activity-inc='1.381030147586246'", "sp-clause-decay='1.422013935889838'", "sp-clause-del-heur=''0''", "sp-first-restart='819'", "sp-learned-clause-sort-heur=''15''", "sp-learned-clauses-inc='1.3710849143039208'", "sp-learned-size-factor='0.19340718933142406'", "sp-orig-clause-sort-heur=''5''", "sp-phase-dec-heur=''6''", "sp-rand-var-dec-freq=''0.05''", "sp-resolution=''1''", "sp-restart-inc='1.6973862043734158'", "sp-update-dec-queue=''1''", "sp-use-pure-literal-rule=''0''", "sp-var-activity-inc='0.997637121962471'", "sp-var-dec-heur=''3''", "sp-variable-decay='1.3307426221889478'", "sp-max-res-lit-inc='1.0114064087217276'", "sp-max-res-runs='1'", "sp-rand-phase-dec-freq=''0.005''", "sp-rand-var-dec-scaling='1.0034863698982968'", "sp-res-cutoff-cls='4'", "sp-res-cutoff-lits='173'", "sp-res-order-heur=''13''", "sp-rand-phase-scaling='0.8913752067038716'"], "evaluations": 990, "cpu_time": 2984.5119999999984}
{"total_cpu_time": null, "cost": 0.017336356764928198, "wallclock_time": 7091.347820043564, "incumbent": ["sp-clause-activity-inc='0.7889537898718794'", "sp-clause-decay='1.4898995091087504'", "sp-clause-del-heur=''0''", "sp-first-restart='924'", "sp-learned-clause-sort-heur=''9''", "sp-learned-clauses-inc='1.3155540091066067'", "sp-learned-size-factor='1.2241116341169707'", "sp-orig-clause-sort-heur=''18''", "sp-phase-dec-heur=''5''", "sp-rand-var-dec-freq=''0''", "sp-resolution=''0''", "sp-restart-inc='1.5201080863295724'", "sp-update-dec-queue=''1''", "sp-use-pure-literal-rule=''0''", "sp-var-activity-inc='0.9924845567800986'", "sp-var-dec-heur=''0''", "sp-variable-decay='1.1427433395294095'", "sp-rand-phase-dec-freq=''0.005''", "sp-rand-phase-scaling='0.3026765724575176'"], "evaluations": 1971, "cpu_time": 4860.059999999994}
{"total_cpu_time": null, "cost": 0.012094497789971041, "wallclock_time": 9914.014726400375, "incumbent": ["sp-clause-activity-inc='1.381030147586246'", "sp-clause-decay='1.422013935889838'", "sp-clause-del-heur=''0''", "sp-first-restart='819'", "sp-learned-clause-sort-heur=''15''", "sp-learned-clauses-inc='1.3710849143039208'", "sp-learned-size-factor='0.19340718933142406'", "sp-orig-clause-sort-heur=''5''", "sp-phase-dec-heur=''6''", "sp-rand-var-dec-freq=''0.05''", "sp-resolution=''1''", "sp-restart-inc='1.6973862043734158'", "sp-update-dec-queue=''1''", "sp-use-pure-literal-rule=''0''", "sp-var-activity-inc='0.997637121962471'", "sp-var-dec-heur=''3''", "sp-variable-decay='1.3307426221889478'", "sp-max-res-lit-inc='1.0114064087217276'", "sp-max-res-runs='1'", "sp-rand-phase-dec-freq=''0.005''", "sp-rand-var-dec-scaling='1.0034863698982968'", "sp-res-cutoff-cls='4'", "sp-res-cutoff-lits='173'", "sp-res-order-heur=''13''", "sp-rand-phase-scaling='0.8913752067038716'"], "evaluations": 3276, "cpu_time": 6827.715999999997}
{"total_cpu_time": null, "cost": 0.010236968611556228, "wallclock_time": 14116.27075457573, "incumbent": ["sp-clause-activity-inc='0.787305569720363'", "sp-clause-decay='1.1792077541302968'", "sp-clause-del-heur=''1''", "sp-first-restart='35'", "sp-learned-clause-sort-heur=''15''", "sp-learned-clauses-inc='1.236039232997451'", "sp-learned-size-factor='1.1841285710841645'", "sp-orig-clause-sort-heur=''19''", "sp-phase-dec-heur=''6''", "sp-rand-var-dec-freq=''0.0001''", "sp-resolution=''2''", "sp-restart-inc='1.678967122472558'", "sp-update-dec-queue=''1''", "sp-use-pure-literal-rule=''0''", "sp-var-activity-inc='0.8766576326661994'", "sp-var-dec-heur=''17''", "sp-variable-decay='1.2010342510285843'", "sp-max-res-lit-inc='1.4177515518865453'", "sp-max-res-runs='8'", "sp-rand-phase-dec-freq=''0.0001''", "sp-rand-var-dec-scaling='0.957714579996239'", "sp-res-cutoff-cls='3'", "sp-res-cutoff-lits='1219'", "sp-res-order-heur=''0''", "sp-rand-phase-scaling='0.9669261701899847'"], "evaluations": 5311, "cpu_time": 9785.347999999994}
{"total_cpu_time": null, "cost": 0.009054120023567036, "wallclock_time": 15240.589345932007, "incumbent": ["sp-clause-activity-inc='1.0'", "sp-clause-decay='1.4'", "sp-clause-del-heur=''2''", "sp-first-restart='100'", "sp-learned-clause-sort-heur=''0''", "sp-learned-clauses-inc='1.3'", "sp-learned-size-factor='0.4'", "sp-orig-clause-sort-heur=''0''", "sp-phase-dec-heur=''5''", "sp-rand-var-dec-freq=''0.001''", "sp-resolution=''1''", "sp-restart-inc='1.5'", "sp-update-dec-queue=''1''", "sp-use-pure-literal-rule=''1''", "sp-var-activity-inc='1.0'", "sp-var-dec-heur=''0''", "sp-variable-decay='1.4'", "sp-max-res-lit-inc='1.0'", "sp-max-res-runs='4'", "sp-rand-phase-dec-freq=''0.001''", "sp-rand-var-dec-scaling='1.0'", "sp-res-cutoff-cls='8'", "sp-res-cutoff-lits='400'", "sp-res-order-heur=''0''", "sp-rand-phase-scaling='1.0'"], "evaluations": 5841, "cpu_time": 10588.872000000012}
