{"total_cpu_time": null, "wallclock_time": 0.0008754730224609375, "evaluations": 0, "incumbent": ["sp-clause-activity-inc='1.0'", "sp-clause-decay='1.4'", "sp-clause-del-heur=''2''", "sp-first-restart='100'", "sp-learned-clause-sort-heur=''0''", "sp-learned-clauses-inc='1.3'", "sp-learned-size-factor='0.4'", "sp-orig-clause-sort-heur=''0''", "sp-phase-dec-heur=''5''", "sp-rand-var-dec-freq=''0.001''", "sp-resolution=''1''", "sp-restart-inc='1.5'", "sp-update-dec-queue=''1''", "sp-use-pure-literal-rule=''1''", "sp-var-activity-inc='1.0'", "sp-var-dec-heur=''0''", "sp-variable-decay='1.4'", "sp-max-res-lit-inc='1.0'", "sp-max-res-runs='4'", "sp-rand-phase-dec-freq=''0.001''", "sp-rand-var-dec-scaling='1.0'", "sp-res-cutoff-cls='8'", "sp-res-cutoff-lits='400'", "sp-res-order-heur=''0''", "sp-rand-phase-scaling='1.0'"], "cost": 2147483648, "cpu_time": 0}
{"total_cpu_time": null, "wallclock_time": 0.1503615379333496, "evaluations": 1, "incumbent": ["sp-clause-activity-inc='1.0'", "sp-clause-decay='1.4'", "sp-clause-del-heur=''2''", "sp-first-restart='100'", "sp-learned-clause-sort-heur=''0''", "sp-learned-clauses-inc='1.3'", "sp-learned-size-factor='0.4'", "sp-orig-clause-sort-heur=''0''", "sp-phase-dec-heur=''5''", "sp-rand-var-dec-freq=''0.001''", "sp-resolution=''1''", "sp-restart-inc='1.5'", "sp-update-dec-queue=''1''", "sp-use-pure-literal-rule=''1''", "sp-var-activity-inc='1.0'", "sp-var-dec-heur=''0''", "sp-variable-decay='1.4'", "sp-max-res-lit-inc='1.0'", "sp-max-res-runs='4'", "sp-rand-phase-dec-freq=''0.001''", "sp-rand-var-dec-scaling='1.0'", "sp-res-cutoff-cls='8'", "sp-res-cutoff-lits='400'", "sp-res-order-heur=''0''", "sp-rand-phase-scaling='1.0'"], "cost": 0.012, "cpu_time": 0.012}
{"total_cpu_time": null, "wallclock_time": 416.20794677734375, "evaluations": 165, "incumbent": ["sp-clause-activity-inc='1.1335699328059323'", "sp-clause-decay='1.383569381456033'", "sp-clause-del-heur=''1''", "sp-first-restart='154'", "sp-learned-clause-sort-heur=''11''", "sp-learned-clauses-inc='1.457390141573167'", "sp-learned-size-factor='0.7915800750856685'", "sp-orig-clause-sort-heur=''10''", "sp-phase-dec-heur=''2''", "sp-rand-var-dec-freq=''0.05''", "sp-resolution=''0''", "sp-restart-inc='1.546336020512244'", "sp-update-dec-queue=''1''", "sp-use-pure-literal-rule=''1''", "sp-var-activity-inc='1.0740413066206878'", "sp-var-dec-heur=''16''", "sp-variable-decay='1.9449168131701513'", "sp-rand-var-dec-scaling='0.5943294533984945'"], "cost": 0.05400999999999999, "cpu_time": 288.244}
{"total_cpu_time": null, "wallclock_time": 659.073059797287, "evaluations": 280, "incumbent": ["sp-clause-activity-inc='0.8403793491367751'", "sp-clause-decay='1.640292095008502'", "sp-clause-del-heur=''2''", "sp-first-restart='1956'", "sp-learned-clause-sort-heur=''13''", "sp-learned-clauses-inc='1.1548087208853546'", "sp-learned-size-factor='0.7370797090196978'", "sp-orig-clause-sort-heur=''11''", "sp-phase-dec-heur=''2''", "sp-rand-var-dec-freq=''0.05''", "sp-resolution=''2''", "sp-restart-inc='1.2539390846631615'", "sp-update-dec-queue=''1''", "sp-use-pure-literal-rule=''0''", "sp-var-activity-inc='0.6576685321218452'", "sp-var-dec-heur=''17''", "sp-variable-decay='1.0871684395808454'", "sp-max-res-lit-inc='0.2865227161040918'", "sp-max-res-runs='2'", "sp-rand-var-dec-scaling='0.5074881846969111'", "sp-res-cutoff-cls='17'", "sp-res-cutoff-lits='126'", "sp-res-order-heur=''17''"], "cost": 0.043539199999999986, "cpu_time": 453.9279999999996}
{"total_cpu_time": null, "wallclock_time": 842.8598918914795, "evaluations": 361, "incumbent": ["sp-clause-activity-inc='1.3229549610002613'", "sp-clause-decay='1.0315627249464407'", "sp-clause-del-heur=''1''", "sp-first-restart='28'", "sp-learned-clause-sort-heur=''4''", "sp-learned-clauses-inc='1.4157684411100622'", "sp-learned-size-factor='0.14086868010984419'", "sp-orig-clause-sort-heur=''6''", "sp-phase-dec-heur=''1''", "sp-rand-var-dec-freq=''0.01''", "sp-resolution=''1''", "sp-restart-inc='1.1672529008898076'", "sp-update-dec-queue=''1''", "sp-use-pure-literal-rule=''1''", "sp-var-activity-inc='0.9397202259923912'", "sp-var-dec-heur=''6''", "sp-variable-decay='1.6862416535232319'", "sp-max-res-lit-inc='0.8509517838226575'", "sp-max-res-runs='19'", "sp-rand-phase-dec-freq=''0''", "sp-rand-var-dec-scaling='0.4879641976328264'", "sp-res-cutoff-cls='11'", "sp-res-cutoff-lits='1176'", "sp-res-order-heur=''11''"], "cost": 0.02678571428571428, "cpu_time": 579.3799999999993}
{"total_cpu_time": null, "wallclock_time": 1797.1611623764038, "evaluations": 696, "incumbent": ["sp-clause-activity-inc='0.5477749902479195'", "sp-clause-decay='1.1460294505369688'", "sp-clause-del-heur=''0''", "sp-first-restart='146'", "sp-learned-clause-sort-heur=''13''", "sp-learned-clauses-inc='1.1287307993586124'", "sp-learned-size-factor='0.11255386229885492'", "sp-orig-clause-sort-heur=''5''", "sp-phase-dec-heur=''5''", "sp-rand-var-dec-freq=''0''", "sp-resolution=''0''", "sp-restart-inc='1.1142917247274067'", "sp-update-dec-queue=''0''", "sp-use-pure-literal-rule=''0''", "sp-var-activity-inc='1.3138360562875473'", "sp-var-dec-heur=''2''", "sp-variable-decay='1.2578066021123824'", "sp-rand-phase-dec-freq=''0.001''", "sp-rand-phase-scaling='1.0617896864359546'"], "cost": 0.024803324099722995, "cpu_time": 1224.4559999999992}
{"total_cpu_time": null, "wallclock_time": 2445.157289505005, "evaluations": 1083, "incumbent": ["sp-clause-activity-inc='1.062593043590297'", "sp-clause-decay='1.0813075641154073'", "sp-clause-del-heur=''1''", "sp-first-restart='798'", "sp-learned-clause-sort-heur=''12''", "sp-learned-clauses-inc='1.4503677178036074'", "sp-learned-size-factor='1.4488087824092615'", "sp-orig-clause-sort-heur=''3''", "sp-phase-dec-heur=''3''", "sp-rand-var-dec-freq=''0.01''", "sp-resolution=''0''", "sp-restart-inc='1.5376038289551357'", "sp-update-dec-queue=''1''", "sp-use-pure-literal-rule=''0''", "sp-var-activity-inc='1.4252254543901959'", "sp-var-dec-heur=''17''", "sp-variable-decay='1.4313771950482435'", "sp-rand-phase-dec-freq=''0.05''", "sp-rand-var-dec-scaling='0.7227991927229176'", "sp-rand-phase-scaling='0.6548403931087791'"], "cost": 0.022415572657310995, "cpu_time": 1674.9899999999977}
{"total_cpu_time": null, "wallclock_time": 2799.077384710312, "evaluations": 1281, "incumbent": ["sp-clause-activity-inc='0.5982195151928571'", "sp-clause-decay='1.693970181744985'", "sp-clause-del-heur=''0''", "sp-first-restart='191'", "sp-learned-clause-sort-heur=''0''", "sp-learned-clauses-inc='1.4642438365727417'", "sp-learned-size-factor='1.4503370113786194'", "sp-orig-clause-sort-heur=''4''", "sp-phase-dec-heur=''6''", "sp-rand-var-dec-freq=''0.001''", "sp-resolution=''1''", "sp-restart-inc='1.752586675514066'", "sp-update-dec-queue=''1''", "sp-use-pure-literal-rule=''0''", "sp-var-activity-inc='1.0898537597649507'", "sp-var-dec-heur=''17''", "sp-variable-decay='1.273120670740614'", "sp-max-res-lit-inc='1.1152388388482117'", "sp-max-res-runs='4'", "sp-rand-phase-dec-freq=''0.0001''", "sp-rand-var-dec-scaling='0.7052421376809579'", "sp-res-cutoff-cls='18'", "sp-res-cutoff-lits='250'", "sp-res-order-heur=''9''", "sp-rand-phase-scaling='0.8333820516175405'"], "cost": 0.021942329873125724, "cpu_time": 1920.0539999999962}
{"total_cpu_time": null, "wallclock_time": 3101.2254362106323, "evaluations": 1386, "incumbent": ["sp-clause-activity-inc='0.8403793491367751'", "sp-clause-decay='1.640292095008502'", "sp-clause-del-heur=''2''", "sp-first-restart='1956'", "sp-learned-clause-sort-heur=''13''", "sp-learned-clauses-inc='1.1548087208853546'", "sp-learned-size-factor='0.7370797090196978'", "sp-orig-clause-sort-heur=''11''", "sp-phase-dec-heur=''2''", "sp-rand-var-dec-freq=''0.05''", "sp-resolution=''2''", "sp-restart-inc='1.2539390846631615'", "sp-update-dec-queue=''1''", "sp-use-pure-literal-rule=''0''", "sp-var-activity-inc='0.6576685321218452'", "sp-var-dec-heur=''17''", "sp-variable-decay='1.0871684395808454'", "sp-max-res-lit-inc='0.2865227161040918'", "sp-max-res-runs='2'", "sp-rand-var-dec-scaling='0.5074881846969111'", "sp-res-cutoff-cls='17'", "sp-res-cutoff-lits='126'", "sp-res-order-heur=''17''"], "cost": 0.021666073335706658, "cpu_time": 2131.2739999999953}
{"total_cpu_time": null, "wallclock_time": 3194.126410007477, "evaluations": 1440, "incumbent": ["sp-clause-activity-inc='1.455108234217899'", "sp-clause-decay='1.619963155636072'", "sp-clause-del-heur=''2''", "sp-first-restart='66'", "sp-learned-clause-sort-heur=''14''", "sp-learned-clauses-inc='1.3492148853084156'", "sp-learned-size-factor='0.2572228044993985'", "sp-orig-clause-sort-heur=''19''", "sp-phase-dec-heur=''3''", "sp-rand-var-dec-freq=''0''", "sp-resolution=''1''", "sp-restart-inc='1.1814743584714724'", "sp-update-dec-queue=''0''", "sp-use-pure-literal-rule=''1''", "sp-var-activity-inc='1.2490397929362023'", "sp-var-dec-heur=''17''", "sp-variable-decay='1.0301472325904912'", "sp-max-res-lit-inc='0.7811608561002835'", "sp-max-res-runs='4'", "sp-rand-phase-dec-freq=''0.01''", "sp-res-cutoff-cls='7'", "sp-res-cutoff-lits='108'", "sp-res-order-heur=''10''", "sp-rand-phase-scaling='0.6635054352885017'"], "cost": 0.02136488340192044, "cpu_time": 2193.565999999995}
{"total_cpu_time": null, "wallclock_time": 3282.6039707660675, "evaluations": 1495, "incumbent": ["sp-clause-activity-inc='0.9383874156807264'", "sp-clause-decay='1.7630447632753576'", "sp-clause-del-heur=''0''", "sp-first-restart='440'", "sp-learned-clause-sort-heur=''11''", "sp-learned-clauses-inc='1.3329581043133596'", "sp-learned-size-factor='0.3022766146244959'", "sp-orig-clause-sort-heur=''1''", "sp-phase-dec-heur=''2''", "sp-rand-var-dec-freq=''0.01''", "sp-resolution=''2''", "sp-restart-inc='1.7608620297798998'", "sp-update-dec-queue=''0''", "sp-use-pure-literal-rule=''0''", "sp-var-activity-inc='0.8261385291058916'", "sp-var-dec-heur=''2''", "sp-variable-decay='1.687364788440165'", "sp-max-res-lit-inc='1.197877669309359'", "sp-max-res-runs='4'", "sp-rand-var-dec-scaling='0.9528952035631304'", "sp-res-cutoff-cls='14'", "sp-res-cutoff-lits='1336'", "sp-res-order-heur=''4''"], "cost": 0.02023272727272727, "cpu_time": 2254.7939999999962}
{"total_cpu_time": null, "wallclock_time": 4636.551067352295, "evaluations": 1971, "incumbent": ["sp-clause-activity-inc='1.1478459553217033'", "sp-clause-decay='1.4370698494667964'", "sp-clause-del-heur=''0''", "sp-first-restart='83'", "sp-learned-clause-sort-heur=''4''", "sp-learned-clauses-inc='1.4295666181869693'", "sp-learned-size-factor='0.891809755347212'", "sp-orig-clause-sort-heur=''7''", "sp-phase-dec-heur=''3''", "sp-rand-var-dec-freq=''0.001''", "sp-resolution=''2''", "sp-restart-inc='1.7339097229762026'", "sp-update-dec-queue=''1''", "sp-use-pure-literal-rule=''1''", "sp-var-activity-inc='0.8717092485883018'", "sp-var-dec-heur=''2''", "sp-variable-decay='1.5030634707434685'", "sp-max-res-lit-inc='0.6315396146842134'", "sp-max-res-runs='4'", "sp-rand-phase-dec-freq=''0''", "sp-rand-var-dec-scaling='1.0756499218389712'", "sp-res-cutoff-cls='2'", "sp-res-cutoff-lits='141'", "sp-res-order-heur=''0''"], "cost": 0.019858906525573185, "cpu_time": 3185.041999999995}
{"total_cpu_time": null, "wallclock_time": 4733.7410254478455, "evaluations": 2035, "incumbent": ["sp-clause-activity-inc='0.9383874156807264'", "sp-clause-decay='1.7630447632753576'", "sp-clause-del-heur=''0''", "sp-first-restart='440'", "sp-learned-clause-sort-heur=''11''", "sp-learned-clauses-inc='1.3329581043133596'", "sp-learned-size-factor='0.3022766146244959'", "sp-orig-clause-sort-heur=''1''", "sp-phase-dec-heur=''2''", "sp-rand-var-dec-freq=''0.01''", "sp-resolution=''2''", "sp-restart-inc='1.7608620297798998'", "sp-update-dec-queue=''0''", "sp-use-pure-literal-rule=''0''", "sp-var-activity-inc='0.8261385291058916'", "sp-var-dec-heur=''2''", "sp-variable-decay='1.687364788440165'", "sp-max-res-lit-inc='1.197877669309359'", "sp-max-res-runs='4'", "sp-rand-var-dec-scaling='0.9528952035631304'", "sp-res-cutoff-cls='14'", "sp-res-cutoff-lits='1336'", "sp-res-order-heur=''4''"], "cost": 0.0163662109375, "cpu_time": 3252.0859999999975}
{"total_cpu_time": null, "wallclock_time": 5433.754629611969, "evaluations": 2440, "incumbent": ["sp-clause-activity-inc='1.3229549610002613'", "sp-clause-decay='1.0315627249464407'", "sp-clause-del-heur=''1''", "sp-first-restart='28'", "sp-learned-clause-sort-heur=''4''", "sp-learned-clauses-inc='1.4157684411100622'", "sp-learned-size-factor='0.14086868010984419'", "sp-orig-clause-sort-heur=''6''", "sp-phase-dec-heur=''1''", "sp-rand-var-dec-freq=''0.01''", "sp-resolution=''1''", "sp-restart-inc='1.1672529008898076'", "sp-update-dec-queue=''1''", "sp-use-pure-literal-rule=''1''", "sp-var-activity-inc='0.9397202259923912'", "sp-var-dec-heur=''6''", "sp-variable-decay='1.6862416535232319'", "sp-max-res-lit-inc='0.8509517838226575'", "sp-max-res-runs='19'", "sp-rand-phase-dec-freq=''0''", "sp-rand-var-dec-scaling='0.4879641976328264'", "sp-res-cutoff-cls='11'", "sp-res-cutoff-lits='1176'", "sp-res-order-heur=''11''"], "cost": 0.01508571428571428, "cpu_time": 3737.9979999999973}
{"total_cpu_time": null, "wallclock_time": 6189.824717283249, "evaluations": 2958, "incumbent": ["sp-clause-activity-inc='0.9383874156807264'", "sp-clause-decay='1.7630447632753576'", "sp-clause-del-heur=''0''", "sp-first-restart='440'", "sp-learned-clause-sort-heur=''11''", "sp-learned-clauses-inc='1.3329581043133596'", "sp-learned-size-factor='0.3022766146244959'", "sp-orig-clause-sort-heur=''1''", "sp-phase-dec-heur=''2''", "sp-rand-var-dec-freq=''0.01''", "sp-resolution=''2''", "sp-restart-inc='1.7608620297798998'", "sp-update-dec-queue=''0''", "sp-use-pure-literal-rule=''0''", "sp-var-activity-inc='0.8261385291058916'", "sp-var-dec-heur=''2''", "sp-variable-decay='1.687364788440165'", "sp-max-res-lit-inc='1.197877669309359'", "sp-max-res-runs='4'", "sp-rand-var-dec-scaling='0.9528952035631304'", "sp-res-cutoff-cls='14'", "sp-res-cutoff-lits='1336'", "sp-res-order-heur=''4''"], "cost": 0.013227188396019563, "cpu_time": 4268.623999999991}
{"total_cpu_time": null, "wallclock_time": 6301.027765035629, "evaluations": 3036, "incumbent": ["sp-clause-activity-inc='1.3229549610002613'", "sp-clause-decay='1.0315627249464407'", "sp-clause-del-heur=''1''", "sp-first-restart='28'", "sp-learned-clause-sort-heur=''4''", "sp-learned-clauses-inc='1.4157684411100622'", "sp-learned-size-factor='0.14086868010984419'", "sp-orig-clause-sort-heur=''6''", "sp-phase-dec-heur=''1''", "sp-rand-var-dec-freq=''0.01''", "sp-resolution=''1''", "sp-restart-inc='1.1672529008898076'", "sp-update-dec-queue=''1''", "sp-use-pure-literal-rule=''1''", "sp-var-activity-inc='0.9397202259923912'", "sp-var-dec-heur=''6''", "sp-variable-decay='1.6862416535232319'", "sp-max-res-lit-inc='0.8509517838226575'", "sp-max-res-runs='19'", "sp-rand-phase-dec-freq=''0''", "sp-rand-var-dec-scaling='0.4879641976328264'", "sp-res-cutoff-cls='11'", "sp-res-cutoff-lits='1176'", "sp-res-order-heur=''11''"], "cost": 0.012659434582511498, "cpu_time": 4345.6239999999925}
{"total_cpu_time": null, "wallclock_time": 6411.626168489456, "evaluations": 3115, "incumbent": ["sp-clause-activity-inc='0.9383874156807264'", "sp-clause-decay='1.7630447632753576'", "sp-clause-del-heur=''0''", "sp-first-restart='440'", "sp-learned-clause-sort-heur=''11''", "sp-learned-clauses-inc='1.3329581043133596'", "sp-learned-size-factor='0.3022766146244959'", "sp-orig-clause-sort-heur=''1''", "sp-phase-dec-heur=''2''", "sp-rand-var-dec-freq=''0.01''", "sp-resolution=''2''", "sp-restart-inc='1.7608620297798998'", "sp-update-dec-queue=''0''", "sp-use-pure-literal-rule=''0''", "sp-var-activity-inc='0.8261385291058916'", "sp-var-dec-heur=''2''", "sp-variable-decay='1.687364788440165'", "sp-max-res-lit-inc='1.197877669309359'", "sp-max-res-runs='4'", "sp-rand-var-dec-scaling='0.9528952035631304'", "sp-res-cutoff-cls='14'", "sp-res-cutoff-lits='1336'", "sp-res-order-heur=''4''"], "cost": 0.012577471559045022, "cpu_time": 4424.179999999987}
{"total_cpu_time": null, "wallclock_time": 6522.462193727493, "evaluations": 3195, "incumbent": ["sp-clause-activity-inc='1.3229549610002613'", "sp-clause-decay='1.0315627249464407'", "sp-clause-del-heur=''1''", "sp-first-restart='28'", "sp-learned-clause-sort-heur=''4''", "sp-learned-clauses-inc='1.4157684411100622'", "sp-learned-size-factor='0.14086868010984419'", "sp-orig-clause-sort-heur=''6''", "sp-phase-dec-heur=''1''", "sp-rand-var-dec-freq=''0.01''", "sp-resolution=''1''", "sp-restart-inc='1.1672529008898076'", "sp-update-dec-queue=''1''", "sp-use-pure-literal-rule=''1''", "sp-var-activity-inc='0.9397202259923912'", "sp-var-dec-heur=''6''", "sp-variable-decay='1.6862416535232319'", "sp-max-res-lit-inc='0.8509517838226575'", "sp-max-res-runs='19'", "sp-rand-phase-dec-freq=''0''", "sp-rand-var-dec-scaling='0.4879641976328264'", "sp-res-cutoff-cls='11'", "sp-res-cutoff-lits='1176'", "sp-res-order-heur=''11''"], "cost": 0.012047499999999992, "cpu_time": 4501.295999999989}
{"total_cpu_time": null, "wallclock_time": 6633.800495862961, "evaluations": 3276, "incumbent": ["sp-clause-activity-inc='0.9383874156807264'", "sp-clause-decay='1.7630447632753576'", "sp-clause-del-heur=''0''", "sp-first-restart='440'", "sp-learned-clause-sort-heur=''11''", "sp-learned-clauses-inc='1.3329581043133596'", "sp-learned-size-factor='0.3022766146244959'", "sp-orig-clause-sort-heur=''1''", "sp-phase-dec-heur=''2''", "sp-rand-var-dec-freq=''0.01''", "sp-resolution=''2''", "sp-restart-inc='1.7608620297798998'", "sp-update-dec-queue=''0''", "sp-use-pure-literal-rule=''0''", "sp-var-activity-inc='0.8261385291058916'", "sp-var-dec-heur=''2''", "sp-variable-decay='1.687364788440165'", "sp-max-res-lit-inc='1.197877669309359'", "sp-max-res-runs='4'", "sp-rand-var-dec-scaling='0.9528952035631304'", "sp-res-cutoff-cls='14'", "sp-res-cutoff-lits='1336'", "sp-res-order-heur=''4''"], "cost": 0.011979881115683582, "cpu_time": 4579.975999999986}
{"total_cpu_time": null, "wallclock_time": 7241.572914838791, "evaluations": 3696, "incumbent": ["sp-clause-activity-inc='1.3229549610002613'", "sp-clause-decay='1.0315627249464407'", "sp-clause-del-heur=''1''", "sp-first-restart='28'", "sp-learned-clause-sort-heur=''4''", "sp-learned-clauses-inc='1.4157684411100622'", "sp-learned-size-factor='0.14086868010984419'", "sp-orig-clause-sort-heur=''6''", "sp-phase-dec-heur=''1''", "sp-rand-var-dec-freq=''0.01''", "sp-resolution=''1''", "sp-restart-inc='1.1672529008898076'", "sp-update-dec-queue=''1''", "sp-use-pure-literal-rule=''1''", "sp-var-activity-inc='0.9397202259923912'", "sp-var-dec-heur=''6''", "sp-variable-decay='1.6862416535232319'", "sp-max-res-lit-inc='0.8509517838226575'", "sp-max-res-runs='19'", "sp-rand-phase-dec-freq=''0''", "sp-rand-var-dec-scaling='0.4879641976328264'", "sp-res-cutoff-cls='11'", "sp-res-cutoff-lits='1176'", "sp-res-order-heur=''11''"], "cost": 0.011858842617631149, "cpu_time": 5007.895999999983}
{"total_cpu_time": null, "wallclock_time": 8272.924643039703, "evaluations": 4326, "incumbent": ["sp-clause-activity-inc='0.9383874156807264'", "sp-clause-decay='1.7630447632753576'", "sp-clause-del-heur=''0''", "sp-first-restart='440'", "sp-learned-clause-sort-heur=''11''", "sp-learned-clauses-inc='1.3329581043133596'", "sp-learned-size-factor='0.3022766146244959'", "sp-orig-clause-sort-heur=''1''", "sp-phase-dec-heur=''2''", "sp-rand-var-dec-freq=''0.01''", "sp-resolution=''2''", "sp-restart-inc='1.7608620297798998'", "sp-update-dec-queue=''0''", "sp-use-pure-literal-rule=''0''", "sp-var-activity-inc='0.8261385291058916'", "sp-var-dec-heur=''2''", "sp-variable-decay='1.687364788440165'", "sp-max-res-lit-inc='1.197877669309359'", "sp-max-res-runs='4'", "sp-rand-var-dec-scaling='0.9528952035631304'", "sp-res-cutoff-cls='14'", "sp-res-cutoff-lits='1336'", "sp-res-order-heur=''4''"], "cost": 0.011482483524106833, "cpu_time": 5726.521999999984}
{"total_cpu_time": null, "wallclock_time": 9534.274405479431, "evaluations": 5106, "incumbent": ["sp-clause-activity-inc='1.455108234217899'", "sp-clause-decay='1.619963155636072'", "sp-clause-del-heur=''2''", "sp-first-restart='66'", "sp-learned-clause-sort-heur=''14''", "sp-learned-clauses-inc='1.3492148853084156'", "sp-learned-size-factor='0.2572228044993985'", "sp-orig-clause-sort-heur=''19''", "sp-phase-dec-heur=''3''", "sp-rand-var-dec-freq=''0''", "sp-resolution=''1''", "sp-restart-inc='1.1814743584714724'", "sp-update-dec-queue=''0''", "sp-use-pure-literal-rule=''1''", "sp-var-activity-inc='1.2490397929362023'", "sp-var-dec-heur=''17''", "sp-variable-decay='1.0301472325904912'", "sp-max-res-lit-inc='0.7811608561002835'", "sp-max-res-runs='4'", "sp-rand-phase-dec-freq=''0.01''", "sp-res-cutoff-cls='7'", "sp-res-cutoff-lits='108'", "sp-res-order-heur=''10''", "sp-rand-phase-scaling='0.6635054352885017'"], "cost": 0.010846387609057933, "cpu_time": 6610.541999999981}
{"total_cpu_time": null, "wallclock_time": 10373.482744455338, "evaluations": 5520, "incumbent": ["sp-clause-activity-inc='0.5982195151928571'", "sp-clause-decay='1.693970181744985'", "sp-clause-del-heur=''0''", "sp-first-restart='191'", "sp-learned-clause-sort-heur=''0''", "sp-learned-clauses-inc='1.4642438365727417'", "sp-learned-size-factor='1.4503370113786194'", "sp-orig-clause-sort-heur=''4''", "sp-phase-dec-heur=''6''", "sp-rand-var-dec-freq=''0.001''", "sp-resolution=''1''", "sp-restart-inc='1.752586675514066'", "sp-update-dec-queue=''1''", "sp-use-pure-literal-rule=''0''", "sp-var-activity-inc='1.0898537597649507'", "sp-var-dec-heur=''17''", "sp-variable-decay='1.273120670740614'", "sp-max-res-lit-inc='1.1152388388482117'", "sp-max-res-runs='4'", "sp-rand-phase-dec-freq=''0.0001''", "sp-rand-var-dec-scaling='0.7052421376809579'", "sp-res-cutoff-cls='18'", "sp-res-cutoff-lits='250'", "sp-res-order-heur=''9''", "sp-rand-phase-scaling='0.8333820516175405'"], "cost": 0.010332879818594105, "cpu_time": 7189.649999999985}
{"total_cpu_time": null, "wallclock_time": 10915.780426502228, "evaluations": 5841, "incumbent": ["sp-clause-activity-inc='1.455108234217899'", "sp-clause-decay='1.619963155636072'", "sp-clause-del-heur=''2''", "sp-first-restart='66'", "sp-learned-clause-sort-heur=''14''", "sp-learned-clauses-inc='1.3492148853084156'", "sp-learned-size-factor='0.2572228044993985'", "sp-orig-clause-sort-heur=''19''", "sp-phase-dec-heur=''3''", "sp-rand-var-dec-freq=''0''", "sp-resolution=''1''", "sp-restart-inc='1.1814743584714724'", "sp-update-dec-queue=''0''", "sp-use-pure-literal-rule=''1''", "sp-var-activity-inc='1.2490397929362023'", "sp-var-dec-heur=''17''", "sp-variable-decay='1.0301472325904912'", "sp-max-res-lit-inc='0.7811608561002835'", "sp-max-res-runs='4'", "sp-rand-phase-dec-freq=''0.01''", "sp-res-cutoff-cls='7'", "sp-res-cutoff-lits='108'", "sp-res-order-heur=''10''", "sp-rand-phase-scaling='0.6635054352885017'"], "cost": 0.009933813443072703, "cpu_time": 7566.677999999987}
{"total_cpu_time": null, "wallclock_time": 11076.997919797897, "evaluations": 5950, "incumbent": ["sp-clause-activity-inc='0.9383874156807264'", "sp-clause-decay='1.7630447632753576'", "sp-clause-del-heur=''0''", "sp-first-restart='440'", "sp-learned-clause-sort-heur=''11''", "sp-learned-clauses-inc='1.3329581043133596'", "sp-learned-size-factor='0.3022766146244959'", "sp-orig-clause-sort-heur=''1''", "sp-phase-dec-heur=''2''", "sp-rand-var-dec-freq=''0.01''", "sp-resolution=''2''", "sp-restart-inc='1.7608620297798998'", "sp-update-dec-queue=''0''", "sp-use-pure-literal-rule=''0''", "sp-var-activity-inc='0.8261385291058916'", "sp-var-dec-heur=''2''", "sp-variable-decay='1.687364788440165'", "sp-max-res-lit-inc='1.197877669309359'", "sp-max-res-runs='4'", "sp-rand-var-dec-scaling='0.9528952035631304'", "sp-res-cutoff-cls='14'", "sp-res-cutoff-lits='1336'", "sp-res-order-heur=''4''"], "cost": 0.009702213618382294, "cpu_time": 7681.969999999986}
{"total_cpu_time": null, "wallclock_time": 11243.387198209763, "evaluations": 6060, "incumbent": ["sp-clause-activity-inc='0.5982195151928571'", "sp-clause-decay='1.693970181744985'", "sp-clause-del-heur=''0''", "sp-first-restart='191'", "sp-learned-clause-sort-heur=''0''", "sp-learned-clauses-inc='1.4642438365727417'", "sp-learned-size-factor='1.4503370113786194'", "sp-orig-clause-sort-heur=''4''", "sp-phase-dec-heur=''6''", "sp-rand-var-dec-freq=''0.001''", "sp-resolution=''1''", "sp-restart-inc='1.752586675514066'", "sp-update-dec-queue=''1''", "sp-use-pure-literal-rule=''0''", "sp-var-activity-inc='1.0898537597649507'", "sp-var-dec-heur=''17''", "sp-variable-decay='1.273120670740614'", "sp-max-res-lit-inc='1.1152388388482117'", "sp-max-res-runs='4'", "sp-rand-phase-dec-freq=''0.0001''", "sp-rand-var-dec-scaling='0.7052421376809579'", "sp-res-cutoff-cls='18'", "sp-res-cutoff-lits='250'", "sp-res-order-heur=''9''", "sp-rand-phase-scaling='0.8333820516175405'"], "cost": 0.009433719008264466, "cpu_time": 7796.065999999985}
{"total_cpu_time": null, "wallclock_time": 11736.497440099716, "evaluations": 6283, "incumbent": ["sp-clause-activity-inc='1.455108234217899'", "sp-clause-decay='1.619963155636072'", "sp-clause-del-heur=''2''", "sp-first-restart='66'", "sp-learned-clause-sort-heur=''14''", "sp-learned-clauses-inc='1.3492148853084156'", "sp-learned-size-factor='0.2572228044993985'", "sp-orig-clause-sort-heur=''19''", "sp-phase-dec-heur=''3''", "sp-rand-var-dec-freq=''0''", "sp-resolution=''1''", "sp-restart-inc='1.1814743584714724'", "sp-update-dec-queue=''0''", "sp-use-pure-literal-rule=''1''", "sp-var-activity-inc='1.2490397929362023'", "sp-var-dec-heur=''17''", "sp-variable-decay='1.0301472325904912'", "sp-max-res-lit-inc='0.7811608561002835'", "sp-max-res-runs='4'", "sp-rand-phase-dec-freq=''0.01''", "sp-res-cutoff-cls='7'", "sp-res-cutoff-lits='108'", "sp-res-order-heur=''10''", "sp-rand-phase-scaling='0.6635054352885017'"], "cost": 0.009259885204081634, "cpu_time": 8132.573999999981}
{"total_cpu_time": null, "wallclock_time": 13757.37442779541, "evaluations": 7581, "incumbent": ["sp-clause-activity-inc='0.5982195151928571'", "sp-clause-decay='1.693970181744985'", "sp-clause-del-heur=''0''", "sp-first-restart='191'", "sp-learned-clause-sort-heur=''0''", "sp-learned-clauses-inc='1.4642438365727417'", "sp-learned-size-factor='1.4503370113786194'", "sp-orig-clause-sort-heur=''4''", "sp-phase-dec-heur=''6''", "sp-rand-var-dec-freq=''0.001''", "sp-resolution=''1''", "sp-restart-inc='1.752586675514066'", "sp-update-dec-queue=''1''", "sp-use-pure-literal-rule=''0''", "sp-var-activity-inc='1.0898537597649507'", "sp-var-dec-heur=''17''", "sp-variable-decay='1.273120670740614'", "sp-max-res-lit-inc='1.1152388388482117'", "sp-max-res-runs='4'", "sp-rand-phase-dec-freq=''0.0001''", "sp-rand-var-dec-scaling='0.7052421376809579'", "sp-res-cutoff-cls='18'", "sp-res-cutoff-lits='250'", "sp-res-order-heur=''9''", "sp-rand-phase-scaling='0.8333820516175405'"], "cost": 0.007689338356798202, "cpu_time": 9543.396000000013}
{"total_cpu_time": null, "wallclock_time": 14876.243163108826, "evaluations": 8211, "incumbent": ["sp-clause-activity-inc='1.455108234217899'", "sp-clause-decay='1.619963155636072'", "sp-clause-del-heur=''2''", "sp-first-restart='66'", "sp-learned-clause-sort-heur=''14''", "sp-learned-clauses-inc='1.3492148853084156'", "sp-learned-size-factor='0.2572228044993985'", "sp-orig-clause-sort-heur=''19''", "sp-phase-dec-heur=''3''", "sp-rand-var-dec-freq=''0''", "sp-resolution=''1''", "sp-restart-inc='1.1814743584714724'", "sp-update-dec-queue=''0''", "sp-use-pure-literal-rule=''1''", "sp-var-activity-inc='1.2490397929362023'", "sp-var-dec-heur=''17''", "sp-variable-decay='1.0301472325904912'", "sp-max-res-lit-inc='0.7811608561002835'", "sp-max-res-runs='4'", "sp-rand-phase-dec-freq=''0.01''", "sp-res-cutoff-cls='7'", "sp-res-cutoff-lits='108'", "sp-res-order-heur=''10''", "sp-rand-phase-scaling='0.6635054352885017'"], "cost": 0.007260009765625001, "cpu_time": 10317.072000000031}
{"total_cpu_time": null, "wallclock_time": 15049.17473912239, "evaluations": 8340, "incumbent": ["sp-clause-activity-inc='0.5982195151928571'", "sp-clause-decay='1.693970181744985'", "sp-clause-del-heur=''0''", "sp-first-restart='191'", "sp-learned-clause-sort-heur=''0''", "sp-learned-clauses-inc='1.4642438365727417'", "sp-learned-size-factor='1.4503370113786194'", "sp-orig-clause-sort-heur=''4''", "sp-phase-dec-heur=''6''", "sp-rand-var-dec-freq=''0.001''", "sp-resolution=''1''", "sp-restart-inc='1.752586675514066'", "sp-update-dec-queue=''1''", "sp-use-pure-literal-rule=''0''", "sp-var-activity-inc='1.0898537597649507'", "sp-var-dec-heur=''17''", "sp-variable-decay='1.273120670740614'", "sp-max-res-lit-inc='1.1152388388482117'", "sp-max-res-runs='4'", "sp-rand-phase-dec-freq=''0.0001''", "sp-rand-var-dec-scaling='0.7052421376809579'", "sp-res-cutoff-cls='18'", "sp-res-cutoff-lits='250'", "sp-res-order-heur=''9''", "sp-rand-phase-scaling='0.8333820516175405'"], "cost": 0.007055585601826814, "cpu_time": 10434.528000000033}
