"CPU Time Used","Estimated Training Performance","Wallclock Time","Incumbent ID","Automatic Configurator (CPU) Time","Configuration..."
0.000000, 2147483648.000000, 0.000875, 1, 0.000875, sp-clause-activity-inc='1.0', sp-clause-decay='1.4', sp-clause-del-heur=''2'', sp-first-restart='100', sp-learned-clause-sort-heur=''0'', sp-learned-clauses-inc='1.3', sp-learned-size-factor='0.4', sp-orig-clause-sort-heur=''0'', sp-phase-dec-heur=''5'', sp-rand-var-dec-freq=''0.001'', sp-resolution=''1'', sp-restart-inc='1.5', sp-update-dec-queue=''1'', sp-use-pure-literal-rule=''1'', sp-var-activity-inc='1.0', sp-var-dec-heur=''0'', sp-variable-decay='1.4', sp-max-res-lit-inc='1.0', sp-max-res-runs='4', sp-rand-phase-dec-freq=''0.001'', sp-rand-var-dec-scaling='1.0', sp-res-cutoff-cls='8', sp-res-cutoff-lits='400', sp-res-order-heur=''0'', sp-rand-phase-scaling='1.0'
0.012000, 0.012000, 0.150362, 1, 0.138362, sp-clause-activity-inc='1.0', sp-clause-decay='1.4', sp-clause-del-heur=''2'', sp-first-restart='100', sp-learned-clause-sort-heur=''0'', sp-learned-clauses-inc='1.3', sp-learned-size-factor='0.4', sp-orig-clause-sort-heur=''0'', sp-phase-dec-heur=''5'', sp-rand-var-dec-freq=''0.001'', sp-resolution=''1'', sp-restart-inc='1.5', sp-update-dec-queue=''1'', sp-use-pure-literal-rule=''1'', sp-var-activity-inc='1.0', sp-var-dec-heur=''0'', sp-variable-decay='1.4', sp-max-res-lit-inc='1.0', sp-max-res-runs='4', sp-rand-phase-dec-freq=''0.001'', sp-rand-var-dec-scaling='1.0', sp-res-cutoff-cls='8', sp-res-cutoff-lits='400', sp-res-order-heur=''0'', sp-rand-phase-scaling='1.0'
288.244000, 0.054010, 416.207947, 3, 127.963947, sp-clause-activity-inc='1.1335699328059323', sp-clause-decay='1.383569381456033', sp-clause-del-heur=''1'', sp-first-restart='154', sp-learned-clause-sort-heur=''11'', sp-learned-clauses-inc='1.457390141573167', sp-learned-size-factor='0.7915800750856685', sp-orig-clause-sort-heur=''10'', sp-phase-dec-heur=''2'', sp-rand-var-dec-freq=''0.05'', sp-resolution=''0'', sp-restart-inc='1.546336020512244', sp-update-dec-queue=''1'', sp-use-pure-literal-rule=''1'', sp-var-activity-inc='1.0740413066206878', sp-var-dec-heur=''16'', sp-variable-decay='1.9449168131701513', sp-rand-var-dec-scaling='0.5943294533984945'
453.928000, 0.043539, 659.073060, 6, 205.145060, sp-clause-activity-inc='0.8403793491367751', sp-clause-decay='1.640292095008502', sp-clause-del-heur=''2'', sp-first-restart='1956', sp-learned-clause-sort-heur=''13'', sp-learned-clauses-inc='1.1548087208853546', sp-learned-size-factor='0.7370797090196978', sp-orig-clause-sort-heur=''11'', sp-phase-dec-heur=''2'', sp-rand-var-dec-freq=''0.05'', sp-resolution=''2'', sp-restart-inc='1.2539390846631615', sp-update-dec-queue=''1'', sp-use-pure-literal-rule=''0'', sp-var-activity-inc='0.6576685321218452', sp-var-dec-heur=''17'', sp-variable-decay='1.0871684395808454', sp-max-res-lit-inc='0.2865227161040918', sp-max-res-runs='2', sp-rand-var-dec-scaling='0.5074881846969111', sp-res-cutoff-cls='17', sp-res-cutoff-lits='126', sp-res-order-heur=''17''
579.380000, 0.026786, 842.859892, 9, 263.479892, sp-clause-activity-inc='1.3229549610002613', sp-clause-decay='1.0315627249464407', sp-clause-del-heur=''1'', sp-first-restart='28', sp-learned-clause-sort-heur=''4'', sp-learned-clauses-inc='1.4157684411100622', sp-learned-size-factor='0.14086868010984419', sp-orig-clause-sort-heur=''6'', sp-phase-dec-heur=''1'', sp-rand-var-dec-freq=''0.01'', sp-resolution=''1'', sp-restart-inc='1.1672529008898076', sp-update-dec-queue=''1'', sp-use-pure-literal-rule=''1'', sp-var-activity-inc='0.9397202259923912', sp-var-dec-heur=''6'', sp-variable-decay='1.6862416535232319', sp-max-res-lit-inc='0.8509517838226575', sp-max-res-runs='19', sp-rand-phase-dec-freq=''0'', sp-rand-var-dec-scaling='0.4879641976328264', sp-res-cutoff-cls='11', sp-res-cutoff-lits='1176', sp-res-order-heur=''11''
1224.456000, 0.024803, 1797.161162, 19, 572.705162, sp-clause-activity-inc='0.5477749902479195', sp-clause-decay='1.1460294505369688', sp-clause-del-heur=''0'', sp-first-restart='146', sp-learned-clause-sort-heur=''13'', sp-learned-clauses-inc='1.1287307993586124', sp-learned-size-factor='0.11255386229885492', sp-orig-clause-sort-heur=''5'', sp-phase-dec-heur=''5'', sp-rand-var-dec-freq=''0'', sp-resolution=''0'', sp-restart-inc='1.1142917247274067', sp-update-dec-queue=''0'', sp-use-pure-literal-rule=''0'', sp-var-activity-inc='1.3138360562875473', sp-var-dec-heur=''2'', sp-variable-decay='1.2578066021123824', sp-rand-phase-dec-freq=''0.001'', sp-rand-phase-scaling='1.0617896864359546'
1674.990000, 0.022416, 2445.157290, 22, 770.167290, sp-clause-activity-inc='1.062593043590297', sp-clause-decay='1.0813075641154073', sp-clause-del-heur=''1'', sp-first-restart='798', sp-learned-clause-sort-heur=''12'', sp-learned-clauses-inc='1.4503677178036074', sp-learned-size-factor='1.4488087824092615', sp-orig-clause-sort-heur=''3'', sp-phase-dec-heur=''3'', sp-rand-var-dec-freq=''0.01'', sp-resolution=''0'', sp-restart-inc='1.5376038289551357', sp-update-dec-queue=''1'', sp-use-pure-literal-rule=''0'', sp-var-activity-inc='1.4252254543901959', sp-var-dec-heur=''17'', sp-variable-decay='1.4313771950482435', sp-rand-phase-dec-freq=''0.05'', sp-rand-var-dec-scaling='0.7227991927229176', sp-rand-phase-scaling='0.6548403931087791'
1920.054000, 0.021942, 2799.077385, 18, 879.023385, sp-clause-activity-inc='0.5982195151928571', sp-clause-decay='1.693970181744985', sp-clause-del-heur=''0'', sp-first-restart='191', sp-learned-clause-sort-heur=''0'', sp-learned-clauses-inc='1.4642438365727417', sp-learned-size-factor='1.4503370113786194', sp-orig-clause-sort-heur=''4'', sp-phase-dec-heur=''6'', sp-rand-var-dec-freq=''0.001'', sp-resolution=''1'', sp-restart-inc='1.752586675514066', sp-update-dec-queue=''1'', sp-use-pure-literal-rule=''0'', sp-var-activity-inc='1.0898537597649507', sp-var-dec-heur=''17'', sp-variable-decay='1.273120670740614', sp-max-res-lit-inc='1.1152388388482117', sp-max-res-runs='4', sp-rand-phase-dec-freq=''0.0001'', sp-rand-var-dec-scaling='0.7052421376809579', sp-res-cutoff-cls='18', sp-res-cutoff-lits='250', sp-res-order-heur=''9'', sp-rand-phase-scaling='0.8333820516175405'
2131.274000, 0.021666, 3101.225436, 6, 969.951436, sp-clause-activity-inc='0.8403793491367751', sp-clause-decay='1.640292095008502', sp-clause-del-heur=''2'', sp-first-restart='1956', sp-learned-clause-sort-heur=''13'', sp-learned-clauses-inc='1.1548087208853546', sp-learned-size-factor='0.7370797090196978', sp-orig-clause-sort-heur=''11'', sp-phase-dec-heur=''2'', sp-rand-var-dec-freq=''0.05'', sp-resolution=''2'', sp-restart-inc='1.2539390846631615', sp-update-dec-queue=''1'', sp-use-pure-literal-rule=''0'', sp-var-activity-inc='0.6576685321218452', sp-var-dec-heur=''17'', sp-variable-decay='1.0871684395808454', sp-max-res-lit-inc='0.2865227161040918', sp-max-res-runs='2', sp-rand-var-dec-scaling='0.5074881846969111', sp-res-cutoff-cls='17', sp-res-cutoff-lits='126', sp-res-order-heur=''17''
2193.566000, 0.021365, 3194.126410, 11, 1000.560410, sp-clause-activity-inc='1.455108234217899', sp-clause-decay='1.619963155636072', sp-clause-del-heur=''2'', sp-first-restart='66', sp-learned-clause-sort-heur=''14'', sp-learned-clauses-inc='1.3492148853084156', sp-learned-size-factor='0.2572228044993985', sp-orig-clause-sort-heur=''19'', sp-phase-dec-heur=''3'', sp-rand-var-dec-freq=''0'', sp-resolution=''1'', sp-restart-inc='1.1814743584714724', sp-update-dec-queue=''0'', sp-use-pure-literal-rule=''1'', sp-var-activity-inc='1.2490397929362023', sp-var-dec-heur=''17'', sp-variable-decay='1.0301472325904912', sp-max-res-lit-inc='0.7811608561002835', sp-max-res-runs='4', sp-rand-phase-dec-freq=''0.01'', sp-res-cutoff-cls='7', sp-res-cutoff-lits='108', sp-res-order-heur=''10'', sp-rand-phase-scaling='0.6635054352885017'
2254.794000, 0.020233, 3282.603971, 21, 1027.809971, sp-clause-activity-inc='0.9383874156807264', sp-clause-decay='1.7630447632753576', sp-clause-del-heur=''0'', sp-first-restart='440', sp-learned-clause-sort-heur=''11'', sp-learned-clauses-inc='1.3329581043133596', sp-learned-size-factor='0.3022766146244959', sp-orig-clause-sort-heur=''1'', sp-phase-dec-heur=''2'', sp-rand-var-dec-freq=''0.01'', sp-resolution=''2'', sp-restart-inc='1.7608620297798998', sp-update-dec-queue=''0'', sp-use-pure-literal-rule=''0'', sp-var-activity-inc='0.8261385291058916', sp-var-dec-heur=''2'', sp-variable-decay='1.687364788440165', sp-max-res-lit-inc='1.197877669309359', sp-max-res-runs='4', sp-rand-var-dec-scaling='0.9528952035631304', sp-res-cutoff-cls='14', sp-res-cutoff-lits='1336', sp-res-order-heur=''4''
3185.042000, 0.019859, 4636.551067, 14, 1451.509067, sp-clause-activity-inc='1.1478459553217033', sp-clause-decay='1.4370698494667964', sp-clause-del-heur=''0'', sp-first-restart='83', sp-learned-clause-sort-heur=''4'', sp-learned-clauses-inc='1.4295666181869693', sp-learned-size-factor='0.891809755347212', sp-orig-clause-sort-heur=''7'', sp-phase-dec-heur=''3'', sp-rand-var-dec-freq=''0.001'', sp-resolution=''2'', sp-restart-inc='1.7339097229762026', sp-update-dec-queue=''1'', sp-use-pure-literal-rule=''1'', sp-var-activity-inc='0.8717092485883018', sp-var-dec-heur=''2'', sp-variable-decay='1.5030634707434685', sp-max-res-lit-inc='0.6315396146842134', sp-max-res-runs='4', sp-rand-phase-dec-freq=''0'', sp-rand-var-dec-scaling='1.0756499218389712', sp-res-cutoff-cls='2', sp-res-cutoff-lits='141', sp-res-order-heur=''0''
3252.086000, 0.016366, 4733.741025, 21, 1481.655025, sp-clause-activity-inc='0.9383874156807264', sp-clause-decay='1.7630447632753576', sp-clause-del-heur=''0'', sp-first-restart='440', sp-learned-clause-sort-heur=''11'', sp-learned-clauses-inc='1.3329581043133596', sp-learned-size-factor='0.3022766146244959', sp-orig-clause-sort-heur=''1'', sp-phase-dec-heur=''2'', sp-rand-var-dec-freq=''0.01'', sp-resolution=''2'', sp-restart-inc='1.7608620297798998', sp-update-dec-queue=''0'', sp-use-pure-literal-rule=''0'', sp-var-activity-inc='0.8261385291058916', sp-var-dec-heur=''2'', sp-variable-decay='1.687364788440165', sp-max-res-lit-inc='1.197877669309359', sp-max-res-runs='4', sp-rand-var-dec-scaling='0.9528952035631304', sp-res-cutoff-cls='14', sp-res-cutoff-lits='1336', sp-res-order-heur=''4''
3737.998000, 0.015086, 5433.754630, 9, 1695.756630, sp-clause-activity-inc='1.3229549610002613', sp-clause-decay='1.0315627249464407', sp-clause-del-heur=''1'', sp-first-restart='28', sp-learned-clause-sort-heur=''4'', sp-learned-clauses-inc='1.4157684411100622', sp-learned-size-factor='0.14086868010984419', sp-orig-clause-sort-heur=''6'', sp-phase-dec-heur=''1'', sp-rand-var-dec-freq=''0.01'', sp-resolution=''1'', sp-restart-inc='1.1672529008898076', sp-update-dec-queue=''1'', sp-use-pure-literal-rule=''1'', sp-var-activity-inc='0.9397202259923912', sp-var-dec-heur=''6'', sp-variable-decay='1.6862416535232319', sp-max-res-lit-inc='0.8509517838226575', sp-max-res-runs='19', sp-rand-phase-dec-freq=''0'', sp-rand-var-dec-scaling='0.4879641976328264', sp-res-cutoff-cls='11', sp-res-cutoff-lits='1176', sp-res-order-heur=''11''
4268.624000, 0.013227, 6189.824717, 21, 1921.200717, sp-clause-activity-inc='0.9383874156807264', sp-clause-decay='1.7630447632753576', sp-clause-del-heur=''0'', sp-first-restart='440', sp-learned-clause-sort-heur=''11'', sp-learned-clauses-inc='1.3329581043133596', sp-learned-size-factor='0.3022766146244959', sp-orig-clause-sort-heur=''1'', sp-phase-dec-heur=''2'', sp-rand-var-dec-freq=''0.01'', sp-resolution=''2'', sp-restart-inc='1.7608620297798998', sp-update-dec-queue=''0'', sp-use-pure-literal-rule=''0'', sp-var-activity-inc='0.8261385291058916', sp-var-dec-heur=''2'', sp-variable-decay='1.687364788440165', sp-max-res-lit-inc='1.197877669309359', sp-max-res-runs='4', sp-rand-var-dec-scaling='0.9528952035631304', sp-res-cutoff-cls='14', sp-res-cutoff-lits='1336', sp-res-order-heur=''4''
4345.624000, 0.012659, 6301.027765, 9, 1955.403765, sp-clause-activity-inc='1.3229549610002613', sp-clause-decay='1.0315627249464407', sp-clause-del-heur=''1'', sp-first-restart='28', sp-learned-clause-sort-heur=''4'', sp-learned-clauses-inc='1.4157684411100622', sp-learned-size-factor='0.14086868010984419', sp-orig-clause-sort-heur=''6'', sp-phase-dec-heur=''1'', sp-rand-var-dec-freq=''0.01'', sp-resolution=''1'', sp-restart-inc='1.1672529008898076', sp-update-dec-queue=''1'', sp-use-pure-literal-rule=''1'', sp-var-activity-inc='0.9397202259923912', sp-var-dec-heur=''6'', sp-variable-decay='1.6862416535232319', sp-max-res-lit-inc='0.8509517838226575', sp-max-res-runs='19', sp-rand-phase-dec-freq=''0'', sp-rand-var-dec-scaling='0.4879641976328264', sp-res-cutoff-cls='11', sp-res-cutoff-lits='1176', sp-res-order-heur=''11''
4424.180000, 0.012577, 6411.626168, 21, 1987.446168, sp-clause-activity-inc='0.9383874156807264', sp-clause-decay='1.7630447632753576', sp-clause-del-heur=''0'', sp-first-restart='440', sp-learned-clause-sort-heur=''11'', sp-learned-clauses-inc='1.3329581043133596', sp-learned-size-factor='0.3022766146244959', sp-orig-clause-sort-heur=''1'', sp-phase-dec-heur=''2'', sp-rand-var-dec-freq=''0.01'', sp-resolution=''2'', sp-restart-inc='1.7608620297798998', sp-update-dec-queue=''0'', sp-use-pure-literal-rule=''0'', sp-var-activity-inc='0.8261385291058916', sp-var-dec-heur=''2'', sp-variable-decay='1.687364788440165', sp-max-res-lit-inc='1.197877669309359', sp-max-res-runs='4', sp-rand-var-dec-scaling='0.9528952035631304', sp-res-cutoff-cls='14', sp-res-cutoff-lits='1336', sp-res-order-heur=''4''
4501.296000, 0.012047, 6522.462194, 9, 2021.166194, sp-clause-activity-inc='1.3229549610002613', sp-clause-decay='1.0315627249464407', sp-clause-del-heur=''1'', sp-first-restart='28', sp-learned-clause-sort-heur=''4'', sp-learned-clauses-inc='1.4157684411100622', sp-learned-size-factor='0.14086868010984419', sp-orig-clause-sort-heur=''6'', sp-phase-dec-heur=''1'', sp-rand-var-dec-freq=''0.01'', sp-resolution=''1'', sp-restart-inc='1.1672529008898076', sp-update-dec-queue=''1'', sp-use-pure-literal-rule=''1'', sp-var-activity-inc='0.9397202259923912', sp-var-dec-heur=''6'', sp-variable-decay='1.6862416535232319', sp-max-res-lit-inc='0.8509517838226575', sp-max-res-runs='19', sp-rand-phase-dec-freq=''0'', sp-rand-var-dec-scaling='0.4879641976328264', sp-res-cutoff-cls='11', sp-res-cutoff-lits='1176', sp-res-order-heur=''11''
4579.976000, 0.011980, 6633.800496, 21, 2053.824496, sp-clause-activity-inc='0.9383874156807264', sp-clause-decay='1.7630447632753576', sp-clause-del-heur=''0'', sp-first-restart='440', sp-learned-clause-sort-heur=''11'', sp-learned-clauses-inc='1.3329581043133596', sp-learned-size-factor='0.3022766146244959', sp-orig-clause-sort-heur=''1'', sp-phase-dec-heur=''2'', sp-rand-var-dec-freq=''0.01'', sp-resolution=''2'', sp-restart-inc='1.7608620297798998', sp-update-dec-queue=''0'', sp-use-pure-literal-rule=''0'', sp-var-activity-inc='0.8261385291058916', sp-var-dec-heur=''2'', sp-variable-decay='1.687364788440165', sp-max-res-lit-inc='1.197877669309359', sp-max-res-runs='4', sp-rand-var-dec-scaling='0.9528952035631304', sp-res-cutoff-cls='14', sp-res-cutoff-lits='1336', sp-res-order-heur=''4''
5007.896000, 0.011859, 7241.572915, 9, 2233.676915, sp-clause-activity-inc='1.3229549610002613', sp-clause-decay='1.0315627249464407', sp-clause-del-heur=''1'', sp-first-restart='28', sp-learned-clause-sort-heur=''4'', sp-learned-clauses-inc='1.4157684411100622', sp-learned-size-factor='0.14086868010984419', sp-orig-clause-sort-heur=''6'', sp-phase-dec-heur=''1'', sp-rand-var-dec-freq=''0.01'', sp-resolution=''1'', sp-restart-inc='1.1672529008898076', sp-update-dec-queue=''1'', sp-use-pure-literal-rule=''1'', sp-var-activity-inc='0.9397202259923912', sp-var-dec-heur=''6'', sp-variable-decay='1.6862416535232319', sp-max-res-lit-inc='0.8509517838226575', sp-max-res-runs='19', sp-rand-phase-dec-freq=''0'', sp-rand-var-dec-scaling='0.4879641976328264', sp-res-cutoff-cls='11', sp-res-cutoff-lits='1176', sp-res-order-heur=''11''
5726.522000, 0.011482, 8272.924643, 21, 2546.402643, sp-clause-activity-inc='0.9383874156807264', sp-clause-decay='1.7630447632753576', sp-clause-del-heur=''0'', sp-first-restart='440', sp-learned-clause-sort-heur=''11'', sp-learned-clauses-inc='1.3329581043133596', sp-learned-size-factor='0.3022766146244959', sp-orig-clause-sort-heur=''1'', sp-phase-dec-heur=''2'', sp-rand-var-dec-freq=''0.01'', sp-resolution=''2'', sp-restart-inc='1.7608620297798998', sp-update-dec-queue=''0'', sp-use-pure-literal-rule=''0'', sp-var-activity-inc='0.8261385291058916', sp-var-dec-heur=''2'', sp-variable-decay='1.687364788440165', sp-max-res-lit-inc='1.197877669309359', sp-max-res-runs='4', sp-rand-var-dec-scaling='0.9528952035631304', sp-res-cutoff-cls='14', sp-res-cutoff-lits='1336', sp-res-order-heur=''4''
6610.542000, 0.010846, 9534.274405, 11, 2923.732405, sp-clause-activity-inc='1.455108234217899', sp-clause-decay='1.619963155636072', sp-clause-del-heur=''2'', sp-first-restart='66', sp-learned-clause-sort-heur=''14'', sp-learned-clauses-inc='1.3492148853084156', sp-learned-size-factor='0.2572228044993985', sp-orig-clause-sort-heur=''19'', sp-phase-dec-heur=''3'', sp-rand-var-dec-freq=''0'', sp-resolution=''1'', sp-restart-inc='1.1814743584714724', sp-update-dec-queue=''0'', sp-use-pure-literal-rule=''1'', sp-var-activity-inc='1.2490397929362023', sp-var-dec-heur=''17'', sp-variable-decay='1.0301472325904912', sp-max-res-lit-inc='0.7811608561002835', sp-max-res-runs='4', sp-rand-phase-dec-freq=''0.01'', sp-res-cutoff-cls='7', sp-res-cutoff-lits='108', sp-res-order-heur=''10'', sp-rand-phase-scaling='0.6635054352885017'
7189.650000, 0.010333, 10373.482744, 18, 3183.832744, sp-clause-activity-inc='0.5982195151928571', sp-clause-decay='1.693970181744985', sp-clause-del-heur=''0'', sp-first-restart='191', sp-learned-clause-sort-heur=''0'', sp-learned-clauses-inc='1.4642438365727417', sp-learned-size-factor='1.4503370113786194', sp-orig-clause-sort-heur=''4'', sp-phase-dec-heur=''6'', sp-rand-var-dec-freq=''0.001'', sp-resolution=''1'', sp-restart-inc='1.752586675514066', sp-update-dec-queue=''1'', sp-use-pure-literal-rule=''0'', sp-var-activity-inc='1.0898537597649507', sp-var-dec-heur=''17'', sp-variable-decay='1.273120670740614', sp-max-res-lit-inc='1.1152388388482117', sp-max-res-runs='4', sp-rand-phase-dec-freq=''0.0001'', sp-rand-var-dec-scaling='0.7052421376809579', sp-res-cutoff-cls='18', sp-res-cutoff-lits='250', sp-res-order-heur=''9'', sp-rand-phase-scaling='0.8333820516175405'
7566.678000, 0.009934, 10915.780427, 11, 3349.102427, sp-clause-activity-inc='1.455108234217899', sp-clause-decay='1.619963155636072', sp-clause-del-heur=''2'', sp-first-restart='66', sp-learned-clause-sort-heur=''14'', sp-learned-clauses-inc='1.3492148853084156', sp-learned-size-factor='0.2572228044993985', sp-orig-clause-sort-heur=''19'', sp-phase-dec-heur=''3'', sp-rand-var-dec-freq=''0'', sp-resolution=''1'', sp-restart-inc='1.1814743584714724', sp-update-dec-queue=''0'', sp-use-pure-literal-rule=''1'', sp-var-activity-inc='1.2490397929362023', sp-var-dec-heur=''17'', sp-variable-decay='1.0301472325904912', sp-max-res-lit-inc='0.7811608561002835', sp-max-res-runs='4', sp-rand-phase-dec-freq=''0.01'', sp-res-cutoff-cls='7', sp-res-cutoff-lits='108', sp-res-order-heur=''10'', sp-rand-phase-scaling='0.6635054352885017'
7681.970000, 0.009702, 11076.997920, 21, 3395.027920, sp-clause-activity-inc='0.9383874156807264', sp-clause-decay='1.7630447632753576', sp-clause-del-heur=''0'', sp-first-restart='440', sp-learned-clause-sort-heur=''11'', sp-learned-clauses-inc='1.3329581043133596', sp-learned-size-factor='0.3022766146244959', sp-orig-clause-sort-heur=''1'', sp-phase-dec-heur=''2'', sp-rand-var-dec-freq=''0.01'', sp-resolution=''2'', sp-restart-inc='1.7608620297798998', sp-update-dec-queue=''0'', sp-use-pure-literal-rule=''0'', sp-var-activity-inc='0.8261385291058916', sp-var-dec-heur=''2'', sp-variable-decay='1.687364788440165', sp-max-res-lit-inc='1.197877669309359', sp-max-res-runs='4', sp-rand-var-dec-scaling='0.9528952035631304', sp-res-cutoff-cls='14', sp-res-cutoff-lits='1336', sp-res-order-heur=''4''
7796.066000, 0.009434, 11243.387198, 18, 3447.321198, sp-clause-activity-inc='0.5982195151928571', sp-clause-decay='1.693970181744985', sp-clause-del-heur=''0'', sp-first-restart='191', sp-learned-clause-sort-heur=''0'', sp-learned-clauses-inc='1.4642438365727417', sp-learned-size-factor='1.4503370113786194', sp-orig-clause-sort-heur=''4'', sp-phase-dec-heur=''6'', sp-rand-var-dec-freq=''0.001'', sp-resolution=''1'', sp-restart-inc='1.752586675514066', sp-update-dec-queue=''1'', sp-use-pure-literal-rule=''0'', sp-var-activity-inc='1.0898537597649507', sp-var-dec-heur=''17'', sp-variable-decay='1.273120670740614', sp-max-res-lit-inc='1.1152388388482117', sp-max-res-runs='4', sp-rand-phase-dec-freq=''0.0001'', sp-rand-var-dec-scaling='0.7052421376809579', sp-res-cutoff-cls='18', sp-res-cutoff-lits='250', sp-res-order-heur=''9'', sp-rand-phase-scaling='0.8333820516175405'
8132.574000, 0.009260, 11736.497440, 11, 3603.923440, sp-clause-activity-inc='1.455108234217899', sp-clause-decay='1.619963155636072', sp-clause-del-heur=''2'', sp-first-restart='66', sp-learned-clause-sort-heur=''14'', sp-learned-clauses-inc='1.3492148853084156', sp-learned-size-factor='0.2572228044993985', sp-orig-clause-sort-heur=''19'', sp-phase-dec-heur=''3'', sp-rand-var-dec-freq=''0'', sp-resolution=''1'', sp-restart-inc='1.1814743584714724', sp-update-dec-queue=''0'', sp-use-pure-literal-rule=''1'', sp-var-activity-inc='1.2490397929362023', sp-var-dec-heur=''17'', sp-variable-decay='1.0301472325904912', sp-max-res-lit-inc='0.7811608561002835', sp-max-res-runs='4', sp-rand-phase-dec-freq=''0.01'', sp-res-cutoff-cls='7', sp-res-cutoff-lits='108', sp-res-order-heur=''10'', sp-rand-phase-scaling='0.6635054352885017'
9543.396000, 0.007689, 13757.374428, 18, 4213.978428, sp-clause-activity-inc='0.5982195151928571', sp-clause-decay='1.693970181744985', sp-clause-del-heur=''0'', sp-first-restart='191', sp-learned-clause-sort-heur=''0'', sp-learned-clauses-inc='1.4642438365727417', sp-learned-size-factor='1.4503370113786194', sp-orig-clause-sort-heur=''4'', sp-phase-dec-heur=''6'', sp-rand-var-dec-freq=''0.001'', sp-resolution=''1'', sp-restart-inc='1.752586675514066', sp-update-dec-queue=''1'', sp-use-pure-literal-rule=''0'', sp-var-activity-inc='1.0898537597649507', sp-var-dec-heur=''17'', sp-variable-decay='1.273120670740614', sp-max-res-lit-inc='1.1152388388482117', sp-max-res-runs='4', sp-rand-phase-dec-freq=''0.0001'', sp-rand-var-dec-scaling='0.7052421376809579', sp-res-cutoff-cls='18', sp-res-cutoff-lits='250', sp-res-order-heur=''9'', sp-rand-phase-scaling='0.8333820516175405'
10317.072000, 0.007260, 14876.243163, 11, 4559.171163, sp-clause-activity-inc='1.455108234217899', sp-clause-decay='1.619963155636072', sp-clause-del-heur=''2'', sp-first-restart='66', sp-learned-clause-sort-heur=''14'', sp-learned-clauses-inc='1.3492148853084156', sp-learned-size-factor='0.2572228044993985', sp-orig-clause-sort-heur=''19'', sp-phase-dec-heur=''3'', sp-rand-var-dec-freq=''0'', sp-resolution=''1'', sp-restart-inc='1.1814743584714724', sp-update-dec-queue=''0'', sp-use-pure-literal-rule=''1'', sp-var-activity-inc='1.2490397929362023', sp-var-dec-heur=''17'', sp-variable-decay='1.0301472325904912', sp-max-res-lit-inc='0.7811608561002835', sp-max-res-runs='4', sp-rand-phase-dec-freq=''0.01'', sp-res-cutoff-cls='7', sp-res-cutoff-lits='108', sp-res-order-heur=''10'', sp-rand-phase-scaling='0.6635054352885017'
10434.528000, 0.007056, 15049.174739, 18, 4614.646739, sp-clause-activity-inc='0.5982195151928571', sp-clause-decay='1.693970181744985', sp-clause-del-heur=''0'', sp-first-restart='191', sp-learned-clause-sort-heur=''0'', sp-learned-clauses-inc='1.4642438365727417', sp-learned-size-factor='1.4503370113786194', sp-orig-clause-sort-heur=''4'', sp-phase-dec-heur=''6'', sp-rand-var-dec-freq=''0.001'', sp-resolution=''1'', sp-restart-inc='1.752586675514066', sp-update-dec-queue=''1'', sp-use-pure-literal-rule=''0'', sp-var-activity-inc='1.0898537597649507', sp-var-dec-heur=''17'', sp-variable-decay='1.273120670740614', sp-max-res-lit-inc='1.1152388388482117', sp-max-res-runs='4', sp-rand-phase-dec-freq=''0.0001'', sp-rand-var-dec-scaling='0.7052421376809579', sp-res-cutoff-cls='18', sp-res-cutoff-lits='250', sp-res-order-heur=''9'', sp-rand-phase-scaling='0.8333820516175405'
