{"evaluations": 0, "incumbent": ["sp-clause-activity-inc='1.0'", "sp-clause-decay='1.4'", "sp-clause-del-heur=''2''", "sp-first-restart='100'", "sp-learned-clause-sort-heur=''0''", "sp-learned-clauses-inc='1.3'", "sp-learned-size-factor='0.4'", "sp-orig-clause-sort-heur=''0''", "sp-phase-dec-heur=''5''", "sp-rand-var-dec-freq=''0.001''", "sp-resolution=''1''", "sp-restart-inc='1.5'", "sp-update-dec-queue=''1''", "sp-use-pure-literal-rule=''1''", "sp-var-activity-inc='1.0'", "sp-var-dec-heur=''0''", "sp-variable-decay='1.4'", "sp-max-res-lit-inc='1.0'", "sp-max-res-runs='4'", "sp-rand-phase-dec-freq=''0.001''", "sp-rand-var-dec-scaling='1.0'", "sp-res-cutoff-cls='8'", "sp-res-cutoff-lits='400'", "sp-res-order-heur=''0''", "sp-rand-phase-scaling='1.0'"], "cost": 2147483648, "total_cpu_time": null, "wallclock_time": 0.0008292198181152344, "cpu_time": 0}
{"evaluations": 1, "incumbent": ["sp-clause-activity-inc='1.0'", "sp-clause-decay='1.4'", "sp-clause-del-heur=''2''", "sp-first-restart='100'", "sp-learned-clause-sort-heur=''0''", "sp-learned-clauses-inc='1.3'", "sp-learned-size-factor='0.4'", "sp-orig-clause-sort-heur=''0''", "sp-phase-dec-heur=''5''", "sp-rand-var-dec-freq=''0.001''", "sp-resolution=''1''", "sp-restart-inc='1.5'", "sp-update-dec-queue=''1''", "sp-use-pure-literal-rule=''1''", "sp-var-activity-inc='1.0'", "sp-var-dec-heur=''0''", "sp-variable-decay='1.4'", "sp-max-res-lit-inc='1.0'", "sp-max-res-runs='4'", "sp-rand-phase-dec-freq=''0.001''", "sp-rand-var-dec-scaling='1.0'", "sp-res-cutoff-cls='8'", "sp-res-cutoff-lits='400'", "sp-res-order-heur=''0''", "sp-rand-phase-scaling='1.0'"], "cost": 50, "total_cpu_time": null, "wallclock_time": 7.306088924407959, "cpu_time": 5.0}
{"evaluations": 21, "incumbent": ["sp-clause-activity-inc='0.6831311459351304'", "sp-clause-decay='1.371153935682132'", "sp-clause-del-heur=''1''", "sp-first-restart='1328'", "sp-learned-clause-sort-heur=''8''", "sp-learned-clauses-inc='1.3039372064252381'", "sp-learned-size-factor='0.23000663305025'", "sp-orig-clause-sort-heur=''4''", "sp-phase-dec-heur=''4''", "sp-rand-var-dec-freq=''0.005''", "sp-resolution=''0''", "sp-restart-inc='1.4923360159371295'", "sp-update-dec-queue=''1''", "sp-use-pure-literal-rule=''1''", "sp-var-activity-inc='1.1560234681563464'", "sp-var-dec-heur=''18''", "sp-variable-decay='1.7708889560812229'", "sp-rand-phase-dec-freq=''0.01''", "sp-rand-var-dec-scaling='0.9644343212956095'", "sp-rand-phase-scaling='0.7758308078185989'"], "cost": 0.45454545454545453, "total_cpu_time": null, "wallclock_time": 102.60345530509949, "cpu_time": 64.98400000000001}
{"evaluations": 33, "incumbent": ["sp-clause-activity-inc='0.6248711318152816'", "sp-clause-decay='1.8139725749209328'", "sp-clause-del-heur=''0''", "sp-first-restart='74'", "sp-learned-clause-sort-heur=''8''", "sp-learned-clauses-inc='1.2086746352215816'", "sp-learned-size-factor='0.10189718873089085'", "sp-orig-clause-sort-heur=''2''", "sp-phase-dec-heur=''0''", "sp-rand-var-dec-freq=''0''", "sp-resolution=''2''", "sp-restart-inc='1.8908680101559812'", "sp-update-dec-queue=''0''", "sp-use-pure-literal-rule=''1''", "sp-var-activity-inc='1.1915077294341971'", "sp-var-dec-heur=''14''", "sp-variable-decay='1.3615544192861202'", "sp-max-res-lit-inc='1.6983543842115898'", "sp-max-res-runs='1'", "sp-rand-phase-dec-freq=''0.001''", "sp-res-cutoff-cls='2'", "sp-res-cutoff-lits='1186'", "sp-res-order-heur=''6''", "sp-rand-phase-scaling='0.3083407045160751'"], "cost": 0.2663888888888889, "total_cpu_time": null, "wallclock_time": 155.93993377685547, "cpu_time": 103.34400000000001}
{"evaluations": 75, "incumbent": ["sp-clause-activity-inc='1.3864499276565387'", "sp-clause-decay='1.1306864700047368'", "sp-clause-del-heur=''2''", "sp-first-restart='48'", "sp-learned-clause-sort-heur=''18''", "sp-learned-clauses-inc='1.1338760825101566'", "sp-learned-size-factor='0.3235345371578838'", "sp-orig-clause-sort-heur=''18''", "sp-phase-dec-heur=''1''", "sp-rand-var-dec-freq=''0.0001''", "sp-resolution=''2''", "sp-restart-inc='1.1741003424390823'", "sp-update-dec-queue=''0''", "sp-use-pure-literal-rule=''1''", "sp-var-activity-inc='0.551073076450147'", "sp-var-dec-heur=''8''", "sp-variable-decay='1.4892849933163768'", "sp-max-res-lit-inc='0.7743569318817445'", "sp-max-res-runs='1'", "sp-rand-phase-dec-freq=''0''", "sp-rand-var-dec-scaling='0.977669605879681'", "sp-res-cutoff-cls='7'", "sp-res-cutoff-lits='162'", "sp-res-order-heur=''1''"], "cost": 0.1564444444444444, "total_cpu_time": null, "wallclock_time": 287.56285333633423, "cpu_time": 193.68000000000004}
{"evaluations": 208, "incumbent": ["sp-clause-activity-inc='0.6831311459351304'", "sp-clause-decay='1.371153935682132'", "sp-clause-del-heur=''0''", "sp-first-restart='1328'", "sp-learned-clause-sort-heur=''8''", "sp-learned-clauses-inc='1.3039372064252381'", "sp-learned-size-factor='0.23000663305025'", "sp-orig-clause-sort-heur=''2''", "sp-phase-dec-heur=''0''", "sp-rand-var-dec-freq=''0''", "sp-resolution=''2''", "sp-restart-inc='1.4923360159371295'", "sp-update-dec-queue=''0''", "sp-use-pure-literal-rule=''1''", "sp-var-activity-inc='1.1560234681563464'", "sp-var-dec-heur=''14''", "sp-variable-decay='1.7708889560812229'", "sp-max-res-lit-inc='1.0'", "sp-max-res-runs='4'", "sp-rand-phase-dec-freq=''0.01''", "sp-res-cutoff-cls='8'", "sp-res-cutoff-lits='400'", "sp-res-order-heur=''6''", "sp-rand-phase-scaling='0.7758308078185989'"], "cost": 0.10599173553719007, "total_cpu_time": null, "wallclock_time": 699.5527186393738, "cpu_time": 480.0799999999998}
{"evaluations": 255, "incumbent": ["sp-clause-activity-inc='0.6831311459351304'", "sp-clause-decay='1.371153935682132'", "sp-clause-del-heur=''1''", "sp-first-restart='1328'", "sp-learned-clause-sort-heur=''8''", "sp-learned-clauses-inc='1.3039372064252381'", "sp-learned-size-factor='0.23000663305025'", "sp-orig-clause-sort-heur=''2''", "sp-phase-dec-heur=''5''", "sp-rand-var-dec-freq=''0.005''", "sp-resolution=''0''", "sp-restart-inc='1.4923360159371295'", "sp-update-dec-queue=''1''", "sp-use-pure-literal-rule=''1''", "sp-var-activity-inc='1.1560234681563464'", "sp-var-dec-heur=''0''", "sp-variable-decay='1.7708889560812229'", "sp-rand-phase-dec-freq=''0.01''", "sp-rand-var-dec-scaling='0.9644343212956095'", "sp-rand-phase-scaling='0.7758308078185989'"], "cost": 0.02821527777777777, "total_cpu_time": null, "wallclock_time": 808.3706958293915, "cpu_time": 553.5319999999997}
{"evaluations": 945, "incumbent": ["sp-clause-activity-inc='1.3079252319385828'", "sp-clause-decay='1.084827696496989'", "sp-clause-del-heur=''2''", "sp-first-restart='361'", "sp-learned-clause-sort-heur=''11''", "sp-learned-clauses-inc='1.123716406828902'", "sp-learned-size-factor='0.27163873326095794'", "sp-orig-clause-sort-heur=''4''", "sp-phase-dec-heur=''4''", "sp-rand-var-dec-freq=''0.005''", "sp-resolution=''1''", "sp-restart-inc='1.7946953196796485'", "sp-update-dec-queue=''0''", "sp-use-pure-literal-rule=''1''", "sp-var-activity-inc='1.462124346564401'", "sp-var-dec-heur=''4''", "sp-variable-decay='1.5725432552819758'", "sp-max-res-lit-inc='0.2665099496534698'", "sp-max-res-runs='7'", "sp-rand-phase-dec-freq=''0.0001''", "sp-rand-var-dec-scaling='1.0302728389136584'", "sp-res-cutoff-cls='4'", "sp-res-cutoff-lits='169'", "sp-res-order-heur=''19''", "sp-rand-phase-scaling='0.7833101428734085'"], "cost": 0.023190082644628098, "total_cpu_time": null, "wallclock_time": 3613.706200838089, "cpu_time": 2476.5039999999985}
{"evaluations": 1608, "incumbent": ["sp-clause-activity-inc='1.215935332427457'", "sp-clause-decay='1.2404403478710992'", "sp-clause-del-heur=''2''", "sp-first-restart='255'", "sp-learned-clause-sort-heur=''19''", "sp-learned-clauses-inc='1.2547683629769233'", "sp-learned-size-factor='0.2594418854129038'", "sp-orig-clause-sort-heur=''10''", "sp-phase-dec-heur=''4''", "sp-rand-var-dec-freq=''0.05''", "sp-resolution=''0''", "sp-restart-inc='1.2769014357994999'", "sp-update-dec-queue=''0''", "sp-use-pure-literal-rule=''0''", "sp-var-activity-inc='1.0681131086002729'", "sp-var-dec-heur=''16''", "sp-variable-decay='1.928045390908556'", "sp-clause-inversion=''1''", "sp-rand-phase-dec-freq=''0.05''", "sp-rand-var-dec-scaling='1.0020411559301994'", "sp-rand-phase-scaling='0.6934781039879396'"], "cost": 0.01700461680517082, "total_cpu_time": null, "wallclock_time": 5848.27379322052, "cpu_time": 4021.6099999999947}
