"CPU Time Used","Estimated Training Performance","Wallclock Time","Incumbent ID","Automatic Configurator (CPU) Time","Configuration..."
0.000000, 2147483648.000000, 0.000829, 1, 0.000829, sp-clause-activity-inc='1.0', sp-clause-decay='1.4', sp-clause-del-heur=''2'', sp-first-restart='100', sp-learned-clause-sort-heur=''0'', sp-learned-clauses-inc='1.3', sp-learned-size-factor='0.4', sp-orig-clause-sort-heur=''0'', sp-phase-dec-heur=''5'', sp-rand-var-dec-freq=''0.001'', sp-resolution=''1'', sp-restart-inc='1.5', sp-update-dec-queue=''1'', sp-use-pure-literal-rule=''1'', sp-var-activity-inc='1.0', sp-var-dec-heur=''0'', sp-variable-decay='1.4', sp-max-res-lit-inc='1.0', sp-max-res-runs='4', sp-rand-phase-dec-freq=''0.001'', sp-rand-var-dec-scaling='1.0', sp-res-cutoff-cls='8', sp-res-cutoff-lits='400', sp-res-order-heur=''0'', sp-rand-phase-scaling='1.0'
5.000000, 50.000000, 7.306089, 1, 2.306089, sp-clause-activity-inc='1.0', sp-clause-decay='1.4', sp-clause-del-heur=''2'', sp-first-restart='100', sp-learned-clause-sort-heur=''0'', sp-learned-clauses-inc='1.3', sp-learned-size-factor='0.4', sp-orig-clause-sort-heur=''0'', sp-phase-dec-heur=''5'', sp-rand-var-dec-freq=''0.001'', sp-resolution=''1'', sp-restart-inc='1.5', sp-update-dec-queue=''1'', sp-use-pure-literal-rule=''1'', sp-var-activity-inc='1.0', sp-var-dec-heur=''0'', sp-variable-decay='1.4', sp-max-res-lit-inc='1.0', sp-max-res-runs='4', sp-rand-phase-dec-freq=''0.001'', sp-rand-var-dec-scaling='1.0', sp-res-cutoff-cls='8', sp-res-cutoff-lits='400', sp-res-order-heur=''0'', sp-rand-phase-scaling='1.0'
64.984000, 0.454545, 102.603455, 2, 37.619455, sp-clause-activity-inc='0.6831311459351304', sp-clause-decay='1.371153935682132', sp-clause-del-heur=''1'', sp-first-restart='1328', sp-learned-clause-sort-heur=''8'', sp-learned-clauses-inc='1.3039372064252381', sp-learned-size-factor='0.23000663305025', sp-orig-clause-sort-heur=''4'', sp-phase-dec-heur=''4'', sp-rand-var-dec-freq=''0.005'', sp-resolution=''0'', sp-restart-inc='1.4923360159371295', sp-update-dec-queue=''1'', sp-use-pure-literal-rule=''1'', sp-var-activity-inc='1.1560234681563464', sp-var-dec-heur=''18'', sp-variable-decay='1.7708889560812229', sp-rand-phase-dec-freq=''0.01'', sp-rand-var-dec-scaling='0.9644343212956095', sp-rand-phase-scaling='0.7758308078185989'
103.344000, 0.266389, 155.939934, 3, 52.595934, sp-clause-activity-inc='0.6248711318152816', sp-clause-decay='1.8139725749209328', sp-clause-del-heur=''0'', sp-first-restart='74', sp-learned-clause-sort-heur=''8'', sp-learned-clauses-inc='1.2086746352215816', sp-learned-size-factor='0.10189718873089085', sp-orig-clause-sort-heur=''2'', sp-phase-dec-heur=''0'', sp-rand-var-dec-freq=''0'', sp-resolution=''2'', sp-restart-inc='1.8908680101559812', sp-update-dec-queue=''0'', sp-use-pure-literal-rule=''1'', sp-var-activity-inc='1.1915077294341971', sp-var-dec-heur=''14'', sp-variable-decay='1.3615544192861202', sp-max-res-lit-inc='1.6983543842115898', sp-max-res-runs='1', sp-rand-phase-dec-freq=''0.001'', sp-res-cutoff-cls='2', sp-res-cutoff-lits='1186', sp-res-order-heur=''6'', sp-rand-phase-scaling='0.3083407045160751'
193.680000, 0.156444, 287.562853, 4, 93.882853, sp-clause-activity-inc='1.3864499276565387', sp-clause-decay='1.1306864700047368', sp-clause-del-heur=''2'', sp-first-restart='48', sp-learned-clause-sort-heur=''18'', sp-learned-clauses-inc='1.1338760825101566', sp-learned-size-factor='0.3235345371578838', sp-orig-clause-sort-heur=''18'', sp-phase-dec-heur=''1'', sp-rand-var-dec-freq=''0.0001'', sp-resolution=''2'', sp-restart-inc='1.1741003424390823', sp-update-dec-queue=''0'', sp-use-pure-literal-rule=''1'', sp-var-activity-inc='0.551073076450147', sp-var-dec-heur=''8'', sp-variable-decay='1.4892849933163768', sp-max-res-lit-inc='0.7743569318817445', sp-max-res-runs='1', sp-rand-phase-dec-freq=''0'', sp-rand-var-dec-scaling='0.977669605879681', sp-res-cutoff-cls='7', sp-res-cutoff-lits='162', sp-res-order-heur=''1''
480.080000, 0.105992, 699.552719, 5, 219.472719, sp-clause-activity-inc='0.6831311459351304', sp-clause-decay='1.371153935682132', sp-clause-del-heur=''0'', sp-first-restart='1328', sp-learned-clause-sort-heur=''8'', sp-learned-clauses-inc='1.3039372064252381', sp-learned-size-factor='0.23000663305025', sp-orig-clause-sort-heur=''2'', sp-phase-dec-heur=''0'', sp-rand-var-dec-freq=''0'', sp-resolution=''2'', sp-restart-inc='1.4923360159371295', sp-update-dec-queue=''0'', sp-use-pure-literal-rule=''1'', sp-var-activity-inc='1.1560234681563464', sp-var-dec-heur=''14'', sp-variable-decay='1.7708889560812229', sp-max-res-lit-inc='1.0', sp-max-res-runs='4', sp-rand-phase-dec-freq=''0.01'', sp-res-cutoff-cls='8', sp-res-cutoff-lits='400', sp-res-order-heur=''6'', sp-rand-phase-scaling='0.7758308078185989'
553.532000, 0.028215, 808.370696, 7, 254.838696, sp-clause-activity-inc='0.6831311459351304', sp-clause-decay='1.371153935682132', sp-clause-del-heur=''1'', sp-first-restart='1328', sp-learned-clause-sort-heur=''8'', sp-learned-clauses-inc='1.3039372064252381', sp-learned-size-factor='0.23000663305025', sp-orig-clause-sort-heur=''2'', sp-phase-dec-heur=''5'', sp-rand-var-dec-freq=''0.005'', sp-resolution=''0'', sp-restart-inc='1.4923360159371295', sp-update-dec-queue=''1'', sp-use-pure-literal-rule=''1'', sp-var-activity-inc='1.1560234681563464', sp-var-dec-heur=''0'', sp-variable-decay='1.7708889560812229', sp-rand-phase-dec-freq=''0.01'', sp-rand-var-dec-scaling='0.9644343212956095', sp-rand-phase-scaling='0.7758308078185989'
2476.504000, 0.023190, 3613.706201, 27, 1137.202201, sp-clause-activity-inc='1.3079252319385828', sp-clause-decay='1.084827696496989', sp-clause-del-heur=''2'', sp-first-restart='361', sp-learned-clause-sort-heur=''11'', sp-learned-clauses-inc='1.123716406828902', sp-learned-size-factor='0.27163873326095794', sp-orig-clause-sort-heur=''4'', sp-phase-dec-heur=''4'', sp-rand-var-dec-freq=''0.005'', sp-resolution=''1'', sp-restart-inc='1.7946953196796485', sp-update-dec-queue=''0'', sp-use-pure-literal-rule=''1'', sp-var-activity-inc='1.462124346564401', sp-var-dec-heur=''4'', sp-variable-decay='1.5725432552819758', sp-max-res-lit-inc='0.2665099496534698', sp-max-res-runs='7', sp-rand-phase-dec-freq=''0.0001'', sp-rand-var-dec-scaling='1.0302728389136584', sp-res-cutoff-cls='4', sp-res-cutoff-lits='169', sp-res-order-heur=''19'', sp-rand-phase-scaling='0.7833101428734085'
4021.610000, 0.017005, 5848.273793, 10, 1826.663793, sp-clause-activity-inc='1.215935332427457', sp-clause-decay='1.2404403478710992', sp-clause-del-heur=''2'', sp-first-restart='255', sp-learned-clause-sort-heur=''19'', sp-learned-clauses-inc='1.2547683629769233', sp-learned-size-factor='0.2594418854129038', sp-orig-clause-sort-heur=''10'', sp-phase-dec-heur=''4'', sp-rand-var-dec-freq=''0.05'', sp-resolution=''0'', sp-restart-inc='1.2769014357994999', sp-update-dec-queue=''0'', sp-use-pure-literal-rule=''0'', sp-var-activity-inc='1.0681131086002729', sp-var-dec-heur=''16'', sp-variable-decay='1.928045390908556', sp-clause-inversion=''1'', sp-rand-phase-dec-freq=''0.05'', sp-rand-var-dec-scaling='1.0020411559301994', sp-rand-phase-scaling='0.6934781039879396'
