{"cost": 2147483648, "evaluations": 0, "wallclock_time": 0.0009615421295166016, "incumbent": ["sp-clause-activity-inc='1.0'", "sp-clause-decay='1.4'", "sp-clause-del-heur=''2''", "sp-first-restart='100'", "sp-learned-clause-sort-heur=''0''", "sp-learned-clauses-inc='1.3'", "sp-learned-size-factor='0.4'", "sp-orig-clause-sort-heur=''0''", "sp-phase-dec-heur=''5''", "sp-rand-var-dec-freq=''0.001''", "sp-resolution=''1''", "sp-restart-inc='1.5'", "sp-update-dec-queue=''1''", "sp-use-pure-literal-rule=''1''", "sp-var-activity-inc='1.0'", "sp-var-dec-heur=''0''", "sp-variable-decay='1.4'", "sp-max-res-lit-inc='1.0'", "sp-max-res-runs='4'", "sp-rand-phase-dec-freq=''0.001''", "sp-rand-var-dec-scaling='1.0'", "sp-res-cutoff-cls='8'", "sp-res-cutoff-lits='400'", "sp-res-order-heur=''0''", "sp-rand-phase-scaling='1.0'"], "total_cpu_time": null, "cpu_time": 0}
{"cost": 0.056, "evaluations": 1, "wallclock_time": 0.2760283946990967, "incumbent": ["sp-clause-activity-inc='1.0'", "sp-clause-decay='1.4'", "sp-clause-del-heur=''2''", "sp-first-restart='100'", "sp-learned-clause-sort-heur=''0''", "sp-learned-clauses-inc='1.3'", "sp-learned-size-factor='0.4'", "sp-orig-clause-sort-heur=''0''", "sp-phase-dec-heur=''5''", "sp-rand-var-dec-freq=''0.001''", "sp-resolution=''1''", "sp-restart-inc='1.5'", "sp-update-dec-queue=''1''", "sp-use-pure-literal-rule=''1''", "sp-var-activity-inc='1.0'", "sp-var-dec-heur=''0''", "sp-variable-decay='1.4'", "sp-max-res-lit-inc='1.0'", "sp-max-res-runs='4'", "sp-rand-phase-dec-freq=''0.001''", "sp-rand-var-dec-scaling='1.0'", "sp-res-cutoff-cls='8'", "sp-res-cutoff-lits='400'", "sp-res-order-heur=''0''", "sp-rand-phase-scaling='1.0'"], "total_cpu_time": null, "cpu_time": 0.056}
{"cost": 0.08248888888888888, "evaluations": 125, "wallclock_time": 254.13289165496826, "incumbent": ["sp-clause-activity-inc='0.8190856269658544'", "sp-clause-decay='1.0386988491054852'", "sp-clause-del-heur=''2''", "sp-first-restart='240'", "sp-learned-clause-sort-heur=''6''", "sp-learned-clauses-inc='1.4115267495034147'", "sp-learned-size-factor='0.16655821463762416'", "sp-orig-clause-sort-heur=''0''", "sp-phase-dec-heur=''4''", "sp-rand-var-dec-freq=''0.01''", "sp-resolution=''2''", "sp-restart-inc='1.7212550460164704'", "sp-update-dec-queue=''1''", "sp-use-pure-literal-rule=''0''", "sp-var-activity-inc='1.0848461275044188'", "sp-var-dec-heur=''17''", "sp-variable-decay='1.0627655694532345'", "sp-max-res-lit-inc='1.9637877922623515'", "sp-max-res-runs='10'", "sp-rand-phase-dec-freq=''0''", "sp-rand-var-dec-scaling='0.713554843320853'", "sp-res-cutoff-cls='4'", "sp-res-cutoff-lits='132'", "sp-res-order-heur=''6''"], "total_cpu_time": null, "cpu_time": 325.73199999999997}
{"cost": 0.06146874999999999, "evaluations": 148, "wallclock_time": 280.8127465248108, "incumbent": ["sp-clause-activity-inc='0.7959329422106929'", "sp-clause-decay='1.762841383202152'", "sp-clause-del-heur=''1''", "sp-first-restart='874'", "sp-learned-clause-sort-heur=''13''", "sp-learned-clauses-inc='1.1266258924987707'", "sp-learned-size-factor='0.30922448154371673'", "sp-orig-clause-sort-heur=''12''", "sp-phase-dec-heur=''2''", "sp-rand-var-dec-freq=''0.005''", "sp-resolution=''0''", "sp-restart-inc='1.636727512386996'", "sp-update-dec-queue=''0''", "sp-use-pure-literal-rule=''1''", "sp-var-activity-inc='0.8855824326972982'", "sp-var-dec-heur=''16''", "sp-variable-decay='1.3685413070308339'", "sp-rand-var-dec-scaling='0.8393791076536117'"], "total_cpu_time": null, "cpu_time": 355.0519999999998}
{"cost": 0.05121088435374149, "evaluations": 276, "wallclock_time": 462.3989689350128, "incumbent": ["sp-clause-activity-inc='1.1298324326644593'", "sp-clause-decay='1.6577355575141497'", "sp-clause-del-heur=''0''", "sp-first-restart='101'", "sp-learned-clause-sort-heur=''1''", "sp-learned-clauses-inc='1.2180446135465668'", "sp-learned-size-factor='1.2199145601568033'", "sp-orig-clause-sort-heur=''13''", "sp-phase-dec-heur=''5''", "sp-rand-var-dec-freq=''0''", "sp-resolution=''0''", "sp-restart-inc='1.2292154996274696'", "sp-update-dec-queue=''1''", "sp-use-pure-literal-rule=''0''", "sp-var-activity-inc='1.2632742744726844'", "sp-var-dec-heur=''0''", "sp-variable-decay='1.212729021412939'", "sp-rand-phase-dec-freq=''0.005''", "sp-rand-phase-scaling='0.7900626033241311'"], "total_cpu_time": null, "cpu_time": 591.9879999999997}
{"cost": 0.033876033057851224, "evaluations": 301, "wallclock_time": 492.83877658843994, "incumbent": ["sp-clause-activity-inc='0.7959329422106929'", "sp-clause-decay='1.762841383202152'", "sp-clause-del-heur=''1''", "sp-first-restart='874'", "sp-learned-clause-sort-heur=''13''", "sp-learned-clauses-inc='1.1266258924987707'", "sp-learned-size-factor='0.30922448154371673'", "sp-orig-clause-sort-heur=''12''", "sp-phase-dec-heur=''2''", "sp-rand-var-dec-freq=''0.005''", "sp-resolution=''0''", "sp-restart-inc='1.636727512386996'", "sp-update-dec-queue=''0''", "sp-use-pure-literal-rule=''1''", "sp-var-activity-inc='0.8855824326972982'", "sp-var-dec-heur=''16''", "sp-variable-decay='1.3685413070308339'", "sp-rand-var-dec-scaling='0.8393791076536117'"], "total_cpu_time": null, "cpu_time": 623.3759999999997}
{"cost": 0.03338194444444444, "evaluations": 375, "wallclock_time": 556.3791851997375, "incumbent": ["sp-clause-activity-inc='1.1121243697039964'", "sp-clause-decay='1.6388710215576447'", "sp-clause-del-heur=''2''", "sp-first-restart='27'", "sp-learned-clause-sort-heur=''2''", "sp-learned-clauses-inc='1.1206539957634256'", "sp-learned-size-factor='0.45336417941334267'", "sp-orig-clause-sort-heur=''2''", "sp-phase-dec-heur=''6''", "sp-rand-var-dec-freq=''0.001''", "sp-resolution=''2''", "sp-restart-inc='1.2818479855225358'", "sp-update-dec-queue=''1''", "sp-use-pure-literal-rule=''1''", "sp-var-activity-inc='0.7406577000034195'", "sp-var-dec-heur=''16''", "sp-variable-decay='1.8671358962036693'", "sp-max-res-lit-inc='0.9145133965328511'", "sp-max-res-runs='18'", "sp-rand-phase-dec-freq=''0.01''", "sp-rand-var-dec-scaling='0.5919532118297955'", "sp-res-cutoff-cls='17'", "sp-res-cutoff-lits='148'", "sp-res-order-heur=''19''", "sp-rand-phase-scaling='0.5037655045575617'"], "total_cpu_time": null, "cpu_time": 702.6159999999994}
{"cost": 0.028236799999999982, "evaluations": 404, "wallclock_time": 587.22123503685, "incumbent": ["sp-clause-activity-inc='0.8242926083469936'", "sp-clause-decay='1.2177648771527358'", "sp-clause-del-heur=''2''", "sp-first-restart='2797'", "sp-learned-clause-sort-heur=''14''", "sp-learned-clauses-inc='1.306326107331972'", "sp-learned-size-factor='0.2580518313498607'", "sp-orig-clause-sort-heur=''16''", "sp-phase-dec-heur=''6''", "sp-rand-var-dec-freq=''0.01''", "sp-resolution=''0''", "sp-restart-inc='1.4716073948776178'", "sp-update-dec-queue=''1''", "sp-use-pure-literal-rule=''1''", "sp-var-activity-inc='1.1271034144435346'", "sp-var-dec-heur=''0''", "sp-variable-decay='1.2516428248112532'", "sp-rand-phase-dec-freq=''0.001''", "sp-rand-var-dec-scaling='0.8144856483312224'", "sp-rand-phase-scaling='1.0034977828921845'"], "total_cpu_time": null, "cpu_time": 735.2719999999993}
{"cost": 0.027530612244897966, "evaluations": 518, "wallclock_time": 847.0084354877472, "incumbent": ["sp-clause-activity-inc='0.9744929796734431'", "sp-clause-decay='1.035410069820645'", "sp-clause-del-heur=''2''", "sp-first-restart='177'", "sp-learned-clause-sort-heur=''12''", "sp-learned-clauses-inc='1.156788001465904'", "sp-learned-size-factor='0.35868433960172424'", "sp-orig-clause-sort-heur=''10''", "sp-phase-dec-heur=''6''", "sp-rand-var-dec-freq=''0.005''", "sp-resolution=''2''", "sp-restart-inc='1.565923219863981'", "sp-update-dec-queue=''1''", "sp-use-pure-literal-rule=''0''", "sp-var-activity-inc='1.1635713148396332'", "sp-var-dec-heur=''7''", "sp-variable-decay='1.5159022520259513'", "sp-max-res-lit-inc='1.5363728548246345'", "sp-max-res-runs='1'", "sp-rand-phase-dec-freq=''0.0001''", "sp-rand-var-dec-scaling='0.3539428420921567'", "sp-res-cutoff-cls='20'", "sp-res-cutoff-lits='183'", "sp-res-order-heur=''0''", "sp-rand-phase-scaling='1.0653976132434224'"], "total_cpu_time": null, "cpu_time": 1068.9039999999989}
{"cost": 0.02618063818280151, "evaluations": 1406, "wallclock_time": 2441.223839521408, "incumbent": ["sp-clause-activity-inc='0.8489240810456435'", "sp-clause-decay='1.2073214625057596'", "sp-clause-del-heur=''0''", "sp-first-restart='132'", "sp-learned-clause-sort-heur=''8''", "sp-learned-clauses-inc='1.4849081831885238'", "sp-learned-size-factor='0.7394589601627369'", "sp-orig-clause-sort-heur=''19''", "sp-phase-dec-heur=''3''", "sp-rand-var-dec-freq=''0''", "sp-resolution=''1''", "sp-restart-inc='1.5569987338128994'", "sp-update-dec-queue=''1''", "sp-use-pure-literal-rule=''0''", "sp-var-activity-inc='0.5055384805145765'", "sp-var-dec-heur=''2''", "sp-variable-decay='1.5633361544938693'", "sp-max-res-lit-inc='3.7458346060328083'", "sp-max-res-runs='28'", "sp-rand-phase-dec-freq=''0.05''", "sp-res-cutoff-cls='5'", "sp-res-cutoff-lits='1069'", "sp-res-order-heur=''2''", "sp-rand-phase-scaling='0.38781665541205435'"], "total_cpu_time": null, "cpu_time": 3173.559999999994}
{"cost": 0.022536296296296287, "evaluations": 1554, "wallclock_time": 2704.2503640651703, "incumbent": ["sp-clause-activity-inc='1.1121243697039964'", "sp-clause-decay='1.6388710215576447'", "sp-clause-del-heur=''2''", "sp-first-restart='27'", "sp-learned-clause-sort-heur=''2''", "sp-learned-clauses-inc='1.1206539957634256'", "sp-learned-size-factor='0.45336417941334267'", "sp-orig-clause-sort-heur=''2''", "sp-phase-dec-heur=''6''", "sp-rand-var-dec-freq=''0.001''", "sp-resolution=''2''", "sp-restart-inc='1.2818479855225358'", "sp-update-dec-queue=''1''", "sp-use-pure-literal-rule=''1''", "sp-var-activity-inc='0.7406577000034195'", "sp-var-dec-heur=''16''", "sp-variable-decay='1.8671358962036693'", "sp-max-res-lit-inc='0.9145133965328511'", "sp-max-res-runs='18'", "sp-rand-phase-dec-freq=''0.01''", "sp-rand-var-dec-scaling='0.5919532118297955'", "sp-res-cutoff-cls='17'", "sp-res-cutoff-lits='148'", "sp-res-order-heur=''19''", "sp-rand-phase-scaling='0.5037655045575617'"], "total_cpu_time": null, "cpu_time": 3516.575999999994}
{"cost": 0.017627218934911235, "evaluations": 2097, "wallclock_time": 3549.27685213089, "incumbent": ["sp-clause-activity-inc='0.9744929796734431'", "sp-clause-decay='1.035410069820645'", "sp-clause-del-heur=''2''", "sp-first-restart='177'", "sp-learned-clause-sort-heur=''12''", "sp-learned-clauses-inc='1.156788001465904'", "sp-learned-size-factor='0.35868433960172424'", "sp-orig-clause-sort-heur=''10''", "sp-phase-dec-heur=''6''", "sp-rand-var-dec-freq=''0.005''", "sp-resolution=''2''", "sp-restart-inc='1.565923219863981'", "sp-update-dec-queue=''1''", "sp-use-pure-literal-rule=''0''", "sp-var-activity-inc='1.1635713148396332'", "sp-var-dec-heur=''7''", "sp-variable-decay='1.5159022520259513'", "sp-max-res-lit-inc='1.5363728548246345'", "sp-max-res-runs='1'", "sp-rand-phase-dec-freq=''0.0001''", "sp-rand-var-dec-scaling='0.3539428420921567'", "sp-res-cutoff-cls='20'", "sp-res-cutoff-lits='183'", "sp-res-order-heur=''0''", "sp-rand-phase-scaling='1.0653976132434224'"], "total_cpu_time": null, "cpu_time": 4645.355999999991}
{"cost": 0.016661126500461674, "evaluations": 2523, "wallclock_time": 4188.054761171341, "incumbent": ["sp-clause-activity-inc='1.1121243697039964'", "sp-clause-decay='1.6388710215576447'", "sp-clause-del-heur=''2''", "sp-first-restart='27'", "sp-learned-clause-sort-heur=''2''", "sp-learned-clauses-inc='1.1206539957634256'", "sp-learned-size-factor='0.45336417941334267'", "sp-orig-clause-sort-heur=''2''", "sp-phase-dec-heur=''6''", "sp-rand-var-dec-freq=''0.001''", "sp-resolution=''2''", "sp-restart-inc='1.2818479855225358'", "sp-update-dec-queue=''1''", "sp-use-pure-literal-rule=''1''", "sp-var-activity-inc='0.7406577000034195'", "sp-var-dec-heur=''16''", "sp-variable-decay='1.8671358962036693'", "sp-max-res-lit-inc='0.9145133965328511'", "sp-max-res-runs='18'", "sp-rand-phase-dec-freq=''0.01''", "sp-rand-var-dec-scaling='0.5919532118297955'", "sp-res-cutoff-cls='17'", "sp-res-cutoff-lits='148'", "sp-res-order-heur=''19''", "sp-rand-phase-scaling='0.5037655045575617'"], "total_cpu_time": null, "cpu_time": 5508.367999999985}
{"cost": 0.01281571116841896, "evaluations": 4016, "wallclock_time": 6651.587537527084, "incumbent": ["sp-clause-activity-inc='0.9667201325579546'", "sp-clause-decay='1.731936164476286'", "sp-clause-del-heur=''1''", "sp-first-restart='1541'", "sp-learned-clause-sort-heur=''9''", "sp-learned-clauses-inc='1.1574596812499665'", "sp-learned-size-factor='0.8766740354624084'", "sp-orig-clause-sort-heur=''1''", "sp-phase-dec-heur=''2''", "sp-rand-var-dec-freq=''0.05''", "sp-resolution=''0''", "sp-restart-inc='1.579258147800445'", "sp-update-dec-queue=''0''", "sp-use-pure-literal-rule=''1''", "sp-var-activity-inc='0.8255128030891251'", "sp-var-dec-heur=''16''", "sp-variable-decay='1.362876222964621'", "sp-rand-var-dec-scaling='0.8343679035687575'"], "total_cpu_time": null, "cpu_time": 8833.719999999965}
{"cost": 0.012729166666666666, "evaluations": 4115, "wallclock_time": 6753.1642117500305, "incumbent": ["sp-clause-activity-inc='0.9744929796734431'", "sp-clause-decay='1.035410069820645'", "sp-clause-del-heur=''2''", "sp-first-restart='177'", "sp-learned-clause-sort-heur=''12''", "sp-learned-clauses-inc='1.156788001465904'", "sp-learned-size-factor='0.35868433960172424'", "sp-orig-clause-sort-heur=''10''", "sp-phase-dec-heur=''6''", "sp-rand-var-dec-freq=''0.005''", "sp-resolution=''2''", "sp-restart-inc='1.565923219863981'", "sp-update-dec-queue=''1''", "sp-use-pure-literal-rule=''0''", "sp-var-activity-inc='1.1635713148396332'", "sp-var-dec-heur=''7''", "sp-variable-decay='1.5159022520259513'", "sp-max-res-lit-inc='1.5363728548246345'", "sp-max-res-runs='1'", "sp-rand-phase-dec-freq=''0.0001''", "sp-rand-var-dec-scaling='0.3539428420921567'", "sp-res-cutoff-cls='20'", "sp-res-cutoff-lits='183'", "sp-res-order-heur=''0''", "sp-rand-phase-scaling='1.0653976132434224'"], "total_cpu_time": null, "cpu_time": 8966.707999999964}
{"cost": 0.01220716832426346, "evaluations": 4215, "wallclock_time": 6857.256584882736, "incumbent": ["sp-clause-activity-inc='1.1121243697039964'", "sp-clause-decay='1.6388710215576447'", "sp-clause-del-heur=''2''", "sp-first-restart='27'", "sp-learned-clause-sort-heur=''2''", "sp-learned-clauses-inc='1.1206539957634256'", "sp-learned-size-factor='0.45336417941334267'", "sp-orig-clause-sort-heur=''2''", "sp-phase-dec-heur=''6''", "sp-rand-var-dec-freq=''0.001''", "sp-resolution=''2''", "sp-restart-inc='1.2818479855225358'", "sp-update-dec-queue=''1''", "sp-use-pure-literal-rule=''1''", "sp-var-activity-inc='0.7406577000034195'", "sp-var-dec-heur=''16''", "sp-variable-decay='1.8671358962036693'", "sp-max-res-lit-inc='0.9145133965328511'", "sp-max-res-runs='18'", "sp-rand-phase-dec-freq=''0.01''", "sp-rand-var-dec-scaling='0.5919532118297955'", "sp-res-cutoff-cls='17'", "sp-res-cutoff-lits='148'", "sp-res-order-heur=''19''", "sp-rand-phase-scaling='0.5037655045575617'"], "total_cpu_time": null, "cpu_time": 9097.77999999997}
{"cost": 0.011719916680019237, "evaluations": 5062, "wallclock_time": 7918.258420467377, "incumbent": ["sp-clause-activity-inc='1.0542561502246957'", "sp-clause-decay='1.1252965063102986'", "sp-clause-del-heur=''1''", "sp-first-restart='75'", "sp-learned-clause-sort-heur=''17''", "sp-learned-clauses-inc='1.1870390927561256'", "sp-learned-size-factor='0.3090548559312282'", "sp-orig-clause-sort-heur=''7''", "sp-phase-dec-heur=''1''", "sp-rand-var-dec-freq=''0''", "sp-resolution=''1''", "sp-restart-inc='1.7221155129876486'", "sp-update-dec-queue=''1''", "sp-use-pure-literal-rule=''0''", "sp-var-activity-inc='1.2922150709206754'", "sp-var-dec-heur=''5''", "sp-variable-decay='1.2884772548642562'", "sp-max-res-lit-inc='0.4501711212054691'", "sp-max-res-runs='25'", "sp-rand-phase-dec-freq=''0.001''", "sp-res-cutoff-cls='11'", "sp-res-cutoff-lits='1381'", "sp-res-order-heur=''17''", "sp-rand-phase-scaling='0.6704660578006258'"], "total_cpu_time": null, "cpu_time": 10524.927999999954}
{"cost": 0.01046477508650519, "evaluations": 5934, "wallclock_time": 9094.99677824974, "incumbent": ["sp-clause-activity-inc='0.9744929796734431'", "sp-clause-decay='1.035410069820645'", "sp-clause-del-heur=''2''", "sp-first-restart='177'", "sp-learned-clause-sort-heur=''12''", "sp-learned-clauses-inc='1.156788001465904'", "sp-learned-size-factor='0.35868433960172424'", "sp-orig-clause-sort-heur=''10''", "sp-phase-dec-heur=''6''", "sp-rand-var-dec-freq=''0.005''", "sp-resolution=''2''", "sp-restart-inc='1.565923219863981'", "sp-update-dec-queue=''1''", "sp-use-pure-literal-rule=''0''", "sp-var-activity-inc='1.1635713148396332'", "sp-var-dec-heur=''7''", "sp-variable-decay='1.5159022520259513'", "sp-max-res-lit-inc='1.5363728548246345'", "sp-max-res-runs='1'", "sp-rand-phase-dec-freq=''0.0001''", "sp-rand-var-dec-scaling='0.3539428420921567'", "sp-res-cutoff-cls='20'", "sp-res-cutoff-lits='183'", "sp-res-order-heur=''0''", "sp-rand-phase-scaling='1.0653976132434224'"], "total_cpu_time": null, "cpu_time": 12102.799999999945}
{"cost": 0.010985679012345689, "evaluations": 6681, "wallclock_time": 10047.54814696312, "incumbent": ["sp-clause-activity-inc='1.0542561502246957'", "sp-clause-decay='1.1252965063102986'", "sp-clause-del-heur=''1''", "sp-first-restart='75'", "sp-learned-clause-sort-heur=''17''", "sp-learned-clauses-inc='1.1870390927561256'", "sp-learned-size-factor='0.3090548559312282'", "sp-orig-clause-sort-heur=''7''", "sp-phase-dec-heur=''1''", "sp-rand-var-dec-freq=''0''", "sp-resolution=''1''", "sp-restart-inc='1.7221155129876486'", "sp-update-dec-queue=''1''", "sp-use-pure-literal-rule=''0''", "sp-var-activity-inc='1.2922150709206754'", "sp-var-dec-heur=''5''", "sp-variable-decay='1.2884772548642562'", "sp-max-res-lit-inc='0.4501711212054691'", "sp-max-res-runs='25'", "sp-rand-phase-dec-freq=''0.001''", "sp-res-cutoff-cls='11'", "sp-res-cutoff-lits='1381'", "sp-res-order-heur=''17''", "sp-rand-phase-scaling='0.6704660578006258'"], "total_cpu_time": null, "cpu_time": 13358.74399999994}
{"cost": 0.008572679067418569, "evaluations": 9836, "wallclock_time": 13715.1768887043, "incumbent": ["sp-clause-activity-inc='1.1121243697039964'", "sp-clause-decay='1.6388710215576447'", "sp-clause-del-heur=''2''", "sp-first-restart='27'", "sp-learned-clause-sort-heur=''2''", "sp-learned-clauses-inc='1.1206539957634256'", "sp-learned-size-factor='0.45336417941334267'", "sp-orig-clause-sort-heur=''2''", "sp-phase-dec-heur=''6''", "sp-rand-var-dec-freq=''0.001''", "sp-resolution=''2''", "sp-restart-inc='1.2818479855225358'", "sp-update-dec-queue=''1''", "sp-use-pure-literal-rule=''1''", "sp-var-activity-inc='0.7406577000034195'", "sp-var-dec-heur=''16''", "sp-variable-decay='1.8671358962036693'", "sp-max-res-lit-inc='0.9145133965328511'", "sp-max-res-runs='18'", "sp-rand-phase-dec-freq=''0.01''", "sp-rand-var-dec-scaling='0.5919532118297955'", "sp-res-cutoff-cls='17'", "sp-res-cutoff-lits='148'", "sp-res-order-heur=''19''", "sp-rand-phase-scaling='0.5037655045575617'"], "total_cpu_time": null, "cpu_time": 18305.45400000006}
{"cost": 0.00821867674858223, "evaluations": 11031, "wallclock_time": 15368.070255279541, "incumbent": ["sp-clause-activity-inc='0.8265228417898698'", "sp-clause-decay='1.651477416432607'", "sp-clause-del-heur=''1''", "sp-first-restart='55'", "sp-learned-clause-sort-heur=''14''", "sp-learned-clauses-inc='1.3983010512418792'", "sp-learned-size-factor='0.13145244889041122'", "sp-orig-clause-sort-heur=''19''", "sp-phase-dec-heur=''6''", "sp-rand-var-dec-freq=''0.05''", "sp-resolution=''0''", "sp-restart-inc='1.663236668707897'", "sp-update-dec-queue=''1''", "sp-use-pure-literal-rule=''1''", "sp-var-activity-inc='0.669455275473014'", "sp-var-dec-heur=''16''", "sp-variable-decay='1.5741685796739286'", "sp-rand-phase-dec-freq=''0.0001''", "sp-rand-var-dec-scaling='0.7540069553411022'", "sp-rand-phase-scaling='1.0450892608930866'"], "total_cpu_time": null, "cpu_time": 20521.566000000184}
{"cost": 0.007904741032946161, "evaluations": 11488, "wallclock_time": 15903.776671171188, "incumbent": ["sp-clause-activity-inc='1.1121243697039964'", "sp-clause-decay='1.6388710215576447'", "sp-clause-del-heur=''2''", "sp-first-restart='27'", "sp-learned-clause-sort-heur=''2''", "sp-learned-clauses-inc='1.1206539957634256'", "sp-learned-size-factor='0.45336417941334267'", "sp-orig-clause-sort-heur=''2''", "sp-phase-dec-heur=''6''", "sp-rand-var-dec-freq=''0.001''", "sp-resolution=''2''", "sp-restart-inc='1.2818479855225358'", "sp-update-dec-queue=''1''", "sp-use-pure-literal-rule=''1''", "sp-var-activity-inc='0.7406577000034195'", "sp-var-dec-heur=''16''", "sp-variable-decay='1.8671358962036693'", "sp-max-res-lit-inc='0.9145133965328511'", "sp-max-res-runs='18'", "sp-rand-phase-dec-freq=''0.01''", "sp-rand-var-dec-scaling='0.5919532118297955'", "sp-res-cutoff-cls='17'", "sp-res-cutoff-lits='148'", "sp-res-order-heur=''19''", "sp-rand-phase-scaling='0.5037655045575617'"], "total_cpu_time": null, "cpu_time": 21247.902000000242}
{"cost": 0.007613813490997044, "evaluations": 12467, "wallclock_time": 17157.20696568489, "incumbent": ["sp-clause-activity-inc='0.9667201325579546'", "sp-clause-decay='1.731936164476286'", "sp-clause-del-heur=''1''", "sp-first-restart='1541'", "sp-learned-clause-sort-heur=''9''", "sp-learned-clauses-inc='1.1574596812499665'", "sp-learned-size-factor='0.8766740354624084'", "sp-orig-clause-sort-heur=''1''", "sp-phase-dec-heur=''2''", "sp-rand-var-dec-freq=''0.05''", "sp-resolution=''0''", "sp-restart-inc='1.579258147800445'", "sp-update-dec-queue=''0''", "sp-use-pure-literal-rule=''1''", "sp-var-activity-inc='0.8255128030891251'", "sp-var-dec-heur=''16''", "sp-variable-decay='1.362876222964621'", "sp-rand-var-dec-scaling='0.8343679035687575'"], "total_cpu_time": null, "cpu_time": 22932.38200000033}
{"cost": 0.007193548387096773, "evaluations": 12876, "wallclock_time": 17713.48503947258, "incumbent": ["sp-clause-activity-inc='1.1121243697039964'", "sp-clause-decay='1.6388710215576447'", "sp-clause-del-heur=''2''", "sp-first-restart='27'", "sp-learned-clause-sort-heur=''2''", "sp-learned-clauses-inc='1.1206539957634256'", "sp-learned-size-factor='0.45336417941334267'", "sp-orig-clause-sort-heur=''2''", "sp-phase-dec-heur=''6''", "sp-rand-var-dec-freq=''0.001''", "sp-resolution=''2''", "sp-restart-inc='1.2818479855225358'", "sp-update-dec-queue=''1''", "sp-use-pure-literal-rule=''1''", "sp-var-activity-inc='0.7406577000034195'", "sp-var-dec-heur=''16''", "sp-variable-decay='1.8671358962036693'", "sp-max-res-lit-inc='0.9145133965328511'", "sp-max-res-runs='18'", "sp-rand-phase-dec-freq=''0.01''", "sp-rand-var-dec-scaling='0.5919532118297955'", "sp-res-cutoff-cls='17'", "sp-res-cutoff-lits='148'", "sp-res-order-heur=''19''", "sp-rand-phase-scaling='0.5037655045575617'"], "total_cpu_time": null, "cpu_time": 23681.950000000383}
