"CPU Time Used","Estimated Training Performance","Wallclock Time","Incumbent ID","Automatic Configurator (CPU) Time","Configuration..."
0.000000, 2147483648.000000, 0.000962, 1, 0.000962, sp-clause-activity-inc='1.0', sp-clause-decay='1.4', sp-clause-del-heur=''2'', sp-first-restart='100', sp-learned-clause-sort-heur=''0'', sp-learned-clauses-inc='1.3', sp-learned-size-factor='0.4', sp-orig-clause-sort-heur=''0'', sp-phase-dec-heur=''5'', sp-rand-var-dec-freq=''0.001'', sp-resolution=''1'', sp-restart-inc='1.5', sp-update-dec-queue=''1'', sp-use-pure-literal-rule=''1'', sp-var-activity-inc='1.0', sp-var-dec-heur=''0'', sp-variable-decay='1.4', sp-max-res-lit-inc='1.0', sp-max-res-runs='4', sp-rand-phase-dec-freq=''0.001'', sp-rand-var-dec-scaling='1.0', sp-res-cutoff-cls='8', sp-res-cutoff-lits='400', sp-res-order-heur=''0'', sp-rand-phase-scaling='1.0'
0.056000, 0.056000, 0.276028, 1, 0.220028, sp-clause-activity-inc='1.0', sp-clause-decay='1.4', sp-clause-del-heur=''2'', sp-first-restart='100', sp-learned-clause-sort-heur=''0'', sp-learned-clauses-inc='1.3', sp-learned-size-factor='0.4', sp-orig-clause-sort-heur=''0'', sp-phase-dec-heur=''5'', sp-rand-var-dec-freq=''0.001'', sp-resolution=''1'', sp-restart-inc='1.5', sp-update-dec-queue=''1'', sp-use-pure-literal-rule=''1'', sp-var-activity-inc='1.0', sp-var-dec-heur=''0'', sp-variable-decay='1.4', sp-max-res-lit-inc='1.0', sp-max-res-runs='4', sp-rand-phase-dec-freq=''0.001'', sp-rand-var-dec-scaling='1.0', sp-res-cutoff-cls='8', sp-res-cutoff-lits='400', sp-res-order-heur=''0'', sp-rand-phase-scaling='1.0'
325.732000, 0.082489, 254.132892, 5, -71.599108, sp-clause-activity-inc='0.8190856269658544', sp-clause-decay='1.0386988491054852', sp-clause-del-heur=''2'', sp-first-restart='240', sp-learned-clause-sort-heur=''6'', sp-learned-clauses-inc='1.4115267495034147', sp-learned-size-factor='0.16655821463762416', sp-orig-clause-sort-heur=''0'', sp-phase-dec-heur=''4'', sp-rand-var-dec-freq=''0.01'', sp-resolution=''2'', sp-restart-inc='1.7212550460164704', sp-update-dec-queue=''1'', sp-use-pure-literal-rule=''0'', sp-var-activity-inc='1.0848461275044188', sp-var-dec-heur=''17'', sp-variable-decay='1.0627655694532345', sp-max-res-lit-inc='1.9637877922623515', sp-max-res-runs='10', sp-rand-phase-dec-freq=''0'', sp-rand-var-dec-scaling='0.713554843320853', sp-res-cutoff-cls='4', sp-res-cutoff-lits='132', sp-res-order-heur=''6''
355.052000, 0.061469, 280.812747, 8, -74.239253, sp-clause-activity-inc='0.7959329422106929', sp-clause-decay='1.762841383202152', sp-clause-del-heur=''1'', sp-first-restart='874', sp-learned-clause-sort-heur=''13'', sp-learned-clauses-inc='1.1266258924987707', sp-learned-size-factor='0.30922448154371673', sp-orig-clause-sort-heur=''12'', sp-phase-dec-heur=''2'', sp-rand-var-dec-freq=''0.005'', sp-resolution=''0'', sp-restart-inc='1.636727512386996', sp-update-dec-queue=''0'', sp-use-pure-literal-rule=''1'', sp-var-activity-inc='0.8855824326972982', sp-var-dec-heur=''16'', sp-variable-decay='1.3685413070308339', sp-rand-var-dec-scaling='0.8393791076536117'
591.988000, 0.051211, 462.398969, 9, -129.589031, sp-clause-activity-inc='1.1298324326644593', sp-clause-decay='1.6577355575141497', sp-clause-del-heur=''0'', sp-first-restart='101', sp-learned-clause-sort-heur=''1'', sp-learned-clauses-inc='1.2180446135465668', sp-learned-size-factor='1.2199145601568033', sp-orig-clause-sort-heur=''13'', sp-phase-dec-heur=''5'', sp-rand-var-dec-freq=''0'', sp-resolution=''0'', sp-restart-inc='1.2292154996274696', sp-update-dec-queue=''1'', sp-use-pure-literal-rule=''0'', sp-var-activity-inc='1.2632742744726844', sp-var-dec-heur=''0'', sp-variable-decay='1.212729021412939', sp-rand-phase-dec-freq=''0.005'', sp-rand-phase-scaling='0.7900626033241311'
623.376000, 0.033876, 492.838777, 8, -130.537223, sp-clause-activity-inc='0.7959329422106929', sp-clause-decay='1.762841383202152', sp-clause-del-heur=''1'', sp-first-restart='874', sp-learned-clause-sort-heur=''13'', sp-learned-clauses-inc='1.1266258924987707', sp-learned-size-factor='0.30922448154371673', sp-orig-clause-sort-heur=''12'', sp-phase-dec-heur=''2'', sp-rand-var-dec-freq=''0.005'', sp-resolution=''0'', sp-restart-inc='1.636727512386996', sp-update-dec-queue=''0'', sp-use-pure-literal-rule=''1'', sp-var-activity-inc='0.8855824326972982', sp-var-dec-heur=''16'', sp-variable-decay='1.3685413070308339', sp-rand-var-dec-scaling='0.8393791076536117'
702.616000, 0.033382, 556.379185, 17, -146.236815, sp-clause-activity-inc='1.1121243697039964', sp-clause-decay='1.6388710215576447', sp-clause-del-heur=''2'', sp-first-restart='27', sp-learned-clause-sort-heur=''2'', sp-learned-clauses-inc='1.1206539957634256', sp-learned-size-factor='0.45336417941334267', sp-orig-clause-sort-heur=''2'', sp-phase-dec-heur=''6'', sp-rand-var-dec-freq=''0.001'', sp-resolution=''2'', sp-restart-inc='1.2818479855225358', sp-update-dec-queue=''1'', sp-use-pure-literal-rule=''1'', sp-var-activity-inc='0.7406577000034195', sp-var-dec-heur=''16'', sp-variable-decay='1.8671358962036693', sp-max-res-lit-inc='0.9145133965328511', sp-max-res-runs='18', sp-rand-phase-dec-freq=''0.01'', sp-rand-var-dec-scaling='0.5919532118297955', sp-res-cutoff-cls='17', sp-res-cutoff-lits='148', sp-res-order-heur=''19'', sp-rand-phase-scaling='0.5037655045575617'
735.272000, 0.028237, 587.221235, 19, -148.050765, sp-clause-activity-inc='0.8242926083469936', sp-clause-decay='1.2177648771527358', sp-clause-del-heur=''2'', sp-first-restart='2797', sp-learned-clause-sort-heur=''14'', sp-learned-clauses-inc='1.306326107331972', sp-learned-size-factor='0.2580518313498607', sp-orig-clause-sort-heur=''16'', sp-phase-dec-heur=''6'', sp-rand-var-dec-freq=''0.01'', sp-resolution=''0'', sp-restart-inc='1.4716073948776178', sp-update-dec-queue=''1'', sp-use-pure-literal-rule=''1'', sp-var-activity-inc='1.1271034144435346', sp-var-dec-heur=''0'', sp-variable-decay='1.2516428248112532', sp-rand-phase-dec-freq=''0.001'', sp-rand-var-dec-scaling='0.8144856483312224', sp-rand-phase-scaling='1.0034977828921845'
1068.904000, 0.027531, 847.008435, 24, -221.895565, sp-clause-activity-inc='0.9744929796734431', sp-clause-decay='1.035410069820645', sp-clause-del-heur=''2'', sp-first-restart='177', sp-learned-clause-sort-heur=''12'', sp-learned-clauses-inc='1.156788001465904', sp-learned-size-factor='0.35868433960172424', sp-orig-clause-sort-heur=''10'', sp-phase-dec-heur=''6'', sp-rand-var-dec-freq=''0.005'', sp-resolution=''2'', sp-restart-inc='1.565923219863981', sp-update-dec-queue=''1'', sp-use-pure-literal-rule=''0'', sp-var-activity-inc='1.1635713148396332', sp-var-dec-heur=''7'', sp-variable-decay='1.5159022520259513', sp-max-res-lit-inc='1.5363728548246345', sp-max-res-runs='1', sp-rand-phase-dec-freq=''0.0001'', sp-rand-var-dec-scaling='0.3539428420921567', sp-res-cutoff-cls='20', sp-res-cutoff-lits='183', sp-res-order-heur=''0'', sp-rand-phase-scaling='1.0653976132434224'
3173.560000, 0.026181, 2441.223840, 54, -732.336160, sp-clause-activity-inc='0.8489240810456435', sp-clause-decay='1.2073214625057596', sp-clause-del-heur=''0'', sp-first-restart='132', sp-learned-clause-sort-heur=''8'', sp-learned-clauses-inc='1.4849081831885238', sp-learned-size-factor='0.7394589601627369', sp-orig-clause-sort-heur=''19'', sp-phase-dec-heur=''3'', sp-rand-var-dec-freq=''0'', sp-resolution=''1'', sp-restart-inc='1.5569987338128994', sp-update-dec-queue=''1'', sp-use-pure-literal-rule=''0'', sp-var-activity-inc='0.5055384805145765', sp-var-dec-heur=''2'', sp-variable-decay='1.5633361544938693', sp-max-res-lit-inc='3.7458346060328083', sp-max-res-runs='28', sp-rand-phase-dec-freq=''0.05'', sp-res-cutoff-cls='5', sp-res-cutoff-lits='1069', sp-res-order-heur=''2'', sp-rand-phase-scaling='0.38781665541205435'
3516.576000, 0.022536, 2704.250364, 17, -812.325636, sp-clause-activity-inc='1.1121243697039964', sp-clause-decay='1.6388710215576447', sp-clause-del-heur=''2'', sp-first-restart='27', sp-learned-clause-sort-heur=''2'', sp-learned-clauses-inc='1.1206539957634256', sp-learned-size-factor='0.45336417941334267', sp-orig-clause-sort-heur=''2'', sp-phase-dec-heur=''6'', sp-rand-var-dec-freq=''0.001'', sp-resolution=''2'', sp-restart-inc='1.2818479855225358', sp-update-dec-queue=''1'', sp-use-pure-literal-rule=''1'', sp-var-activity-inc='0.7406577000034195', sp-var-dec-heur=''16'', sp-variable-decay='1.8671358962036693', sp-max-res-lit-inc='0.9145133965328511', sp-max-res-runs='18', sp-rand-phase-dec-freq=''0.01'', sp-rand-var-dec-scaling='0.5919532118297955', sp-res-cutoff-cls='17', sp-res-cutoff-lits='148', sp-res-order-heur=''19'', sp-rand-phase-scaling='0.5037655045575617'
4645.356000, 0.017627, 3549.276852, 24, -1096.079148, sp-clause-activity-inc='0.9744929796734431', sp-clause-decay='1.035410069820645', sp-clause-del-heur=''2'', sp-first-restart='177', sp-learned-clause-sort-heur=''12'', sp-learned-clauses-inc='1.156788001465904', sp-learned-size-factor='0.35868433960172424', sp-orig-clause-sort-heur=''10'', sp-phase-dec-heur=''6'', sp-rand-var-dec-freq=''0.005'', sp-resolution=''2'', sp-restart-inc='1.565923219863981', sp-update-dec-queue=''1'', sp-use-pure-literal-rule=''0'', sp-var-activity-inc='1.1635713148396332', sp-var-dec-heur=''7'', sp-variable-decay='1.5159022520259513', sp-max-res-lit-inc='1.5363728548246345', sp-max-res-runs='1', sp-rand-phase-dec-freq=''0.0001'', sp-rand-var-dec-scaling='0.3539428420921567', sp-res-cutoff-cls='20', sp-res-cutoff-lits='183', sp-res-order-heur=''0'', sp-rand-phase-scaling='1.0653976132434224'
5508.368000, 0.016661, 4188.054761, 17, -1320.313239, sp-clause-activity-inc='1.1121243697039964', sp-clause-decay='1.6388710215576447', sp-clause-del-heur=''2'', sp-first-restart='27', sp-learned-clause-sort-heur=''2'', sp-learned-clauses-inc='1.1206539957634256', sp-learned-size-factor='0.45336417941334267', sp-orig-clause-sort-heur=''2'', sp-phase-dec-heur=''6'', sp-rand-var-dec-freq=''0.001'', sp-resolution=''2'', sp-restart-inc='1.2818479855225358', sp-update-dec-queue=''1'', sp-use-pure-literal-rule=''1'', sp-var-activity-inc='0.7406577000034195', sp-var-dec-heur=''16'', sp-variable-decay='1.8671358962036693', sp-max-res-lit-inc='0.9145133965328511', sp-max-res-runs='18', sp-rand-phase-dec-freq=''0.01'', sp-rand-var-dec-scaling='0.5919532118297955', sp-res-cutoff-cls='17', sp-res-cutoff-lits='148', sp-res-order-heur=''19'', sp-rand-phase-scaling='0.5037655045575617'
8833.720000, 0.012816, 6651.587538, 64, -2182.132462, sp-clause-activity-inc='0.9667201325579546', sp-clause-decay='1.731936164476286', sp-clause-del-heur=''1'', sp-first-restart='1541', sp-learned-clause-sort-heur=''9'', sp-learned-clauses-inc='1.1574596812499665', sp-learned-size-factor='0.8766740354624084', sp-orig-clause-sort-heur=''1'', sp-phase-dec-heur=''2'', sp-rand-var-dec-freq=''0.05'', sp-resolution=''0'', sp-restart-inc='1.579258147800445', sp-update-dec-queue=''0'', sp-use-pure-literal-rule=''1'', sp-var-activity-inc='0.8255128030891251', sp-var-dec-heur=''16'', sp-variable-decay='1.362876222964621', sp-rand-var-dec-scaling='0.8343679035687575'
8966.708000, 0.012729, 6753.164212, 24, -2213.543788, sp-clause-activity-inc='0.9744929796734431', sp-clause-decay='1.035410069820645', sp-clause-del-heur=''2'', sp-first-restart='177', sp-learned-clause-sort-heur=''12'', sp-learned-clauses-inc='1.156788001465904', sp-learned-size-factor='0.35868433960172424', sp-orig-clause-sort-heur=''10'', sp-phase-dec-heur=''6'', sp-rand-var-dec-freq=''0.005'', sp-resolution=''2'', sp-restart-inc='1.565923219863981', sp-update-dec-queue=''1'', sp-use-pure-literal-rule=''0'', sp-var-activity-inc='1.1635713148396332', sp-var-dec-heur=''7'', sp-variable-decay='1.5159022520259513', sp-max-res-lit-inc='1.5363728548246345', sp-max-res-runs='1', sp-rand-phase-dec-freq=''0.0001'', sp-rand-var-dec-scaling='0.3539428420921567', sp-res-cutoff-cls='20', sp-res-cutoff-lits='183', sp-res-order-heur=''0'', sp-rand-phase-scaling='1.0653976132434224'
9097.780000, 0.012207, 6857.256585, 17, -2240.523415, sp-clause-activity-inc='1.1121243697039964', sp-clause-decay='1.6388710215576447', sp-clause-del-heur=''2'', sp-first-restart='27', sp-learned-clause-sort-heur=''2'', sp-learned-clauses-inc='1.1206539957634256', sp-learned-size-factor='0.45336417941334267', sp-orig-clause-sort-heur=''2'', sp-phase-dec-heur=''6'', sp-rand-var-dec-freq=''0.001'', sp-resolution=''2'', sp-restart-inc='1.2818479855225358', sp-update-dec-queue=''1'', sp-use-pure-literal-rule=''1'', sp-var-activity-inc='0.7406577000034195', sp-var-dec-heur=''16'', sp-variable-decay='1.8671358962036693', sp-max-res-lit-inc='0.9145133965328511', sp-max-res-runs='18', sp-rand-phase-dec-freq=''0.01'', sp-rand-var-dec-scaling='0.5919532118297955', sp-res-cutoff-cls='17', sp-res-cutoff-lits='148', sp-res-order-heur=''19'', sp-rand-phase-scaling='0.5037655045575617'
10524.928000, 0.011720, 7918.258420, 74, -2606.669580, sp-clause-activity-inc='1.0542561502246957', sp-clause-decay='1.1252965063102986', sp-clause-del-heur=''1'', sp-first-restart='75', sp-learned-clause-sort-heur=''17'', sp-learned-clauses-inc='1.1870390927561256', sp-learned-size-factor='0.3090548559312282', sp-orig-clause-sort-heur=''7'', sp-phase-dec-heur=''1'', sp-rand-var-dec-freq=''0'', sp-resolution=''1'', sp-restart-inc='1.7221155129876486', sp-update-dec-queue=''1'', sp-use-pure-literal-rule=''0'', sp-var-activity-inc='1.2922150709206754', sp-var-dec-heur=''5'', sp-variable-decay='1.2884772548642562', sp-max-res-lit-inc='0.4501711212054691', sp-max-res-runs='25', sp-rand-phase-dec-freq=''0.001'', sp-res-cutoff-cls='11', sp-res-cutoff-lits='1381', sp-res-order-heur=''17'', sp-rand-phase-scaling='0.6704660578006258'
12102.800000, 0.010465, 9094.996778, 24, -3007.803222, sp-clause-activity-inc='0.9744929796734431', sp-clause-decay='1.035410069820645', sp-clause-del-heur=''2'', sp-first-restart='177', sp-learned-clause-sort-heur=''12'', sp-learned-clauses-inc='1.156788001465904', sp-learned-size-factor='0.35868433960172424', sp-orig-clause-sort-heur=''10'', sp-phase-dec-heur=''6'', sp-rand-var-dec-freq=''0.005'', sp-resolution=''2'', sp-restart-inc='1.565923219863981', sp-update-dec-queue=''1'', sp-use-pure-literal-rule=''0'', sp-var-activity-inc='1.1635713148396332', sp-var-dec-heur=''7'', sp-variable-decay='1.5159022520259513', sp-max-res-lit-inc='1.5363728548246345', sp-max-res-runs='1', sp-rand-phase-dec-freq=''0.0001'', sp-rand-var-dec-scaling='0.3539428420921567', sp-res-cutoff-cls='20', sp-res-cutoff-lits='183', sp-res-order-heur=''0'', sp-rand-phase-scaling='1.0653976132434224'
13358.744000, 0.010986, 10047.548147, 74, -3311.195853, sp-clause-activity-inc='1.0542561502246957', sp-clause-decay='1.1252965063102986', sp-clause-del-heur=''1'', sp-first-restart='75', sp-learned-clause-sort-heur=''17'', sp-learned-clauses-inc='1.1870390927561256', sp-learned-size-factor='0.3090548559312282', sp-orig-clause-sort-heur=''7'', sp-phase-dec-heur=''1'', sp-rand-var-dec-freq=''0'', sp-resolution=''1'', sp-restart-inc='1.7221155129876486', sp-update-dec-queue=''1'', sp-use-pure-literal-rule=''0'', sp-var-activity-inc='1.2922150709206754', sp-var-dec-heur=''5'', sp-variable-decay='1.2884772548642562', sp-max-res-lit-inc='0.4501711212054691', sp-max-res-runs='25', sp-rand-phase-dec-freq=''0.001'', sp-res-cutoff-cls='11', sp-res-cutoff-lits='1381', sp-res-order-heur=''17'', sp-rand-phase-scaling='0.6704660578006258'
18305.454000, 0.008573, 13715.176889, 17, -4590.277111, sp-clause-activity-inc='1.1121243697039964', sp-clause-decay='1.6388710215576447', sp-clause-del-heur=''2'', sp-first-restart='27', sp-learned-clause-sort-heur=''2'', sp-learned-clauses-inc='1.1206539957634256', sp-learned-size-factor='0.45336417941334267', sp-orig-clause-sort-heur=''2'', sp-phase-dec-heur=''6'', sp-rand-var-dec-freq=''0.001'', sp-resolution=''2'', sp-restart-inc='1.2818479855225358', sp-update-dec-queue=''1'', sp-use-pure-literal-rule=''1'', sp-var-activity-inc='0.7406577000034195', sp-var-dec-heur=''16'', sp-variable-decay='1.8671358962036693', sp-max-res-lit-inc='0.9145133965328511', sp-max-res-runs='18', sp-rand-phase-dec-freq=''0.01'', sp-rand-var-dec-scaling='0.5919532118297955', sp-res-cutoff-cls='17', sp-res-cutoff-lits='148', sp-res-order-heur=''19'', sp-rand-phase-scaling='0.5037655045575617'
20521.566000, 0.008219, 15368.070255, 79, -5153.495745, sp-clause-activity-inc='0.8265228417898698', sp-clause-decay='1.651477416432607', sp-clause-del-heur=''1'', sp-first-restart='55', sp-learned-clause-sort-heur=''14'', sp-learned-clauses-inc='1.3983010512418792', sp-learned-size-factor='0.13145244889041122', sp-orig-clause-sort-heur=''19'', sp-phase-dec-heur=''6'', sp-rand-var-dec-freq=''0.05'', sp-resolution=''0'', sp-restart-inc='1.663236668707897', sp-update-dec-queue=''1'', sp-use-pure-literal-rule=''1'', sp-var-activity-inc='0.669455275473014', sp-var-dec-heur=''16'', sp-variable-decay='1.5741685796739286', sp-rand-phase-dec-freq=''0.0001'', sp-rand-var-dec-scaling='0.7540069553411022', sp-rand-phase-scaling='1.0450892608930866'
21247.902000, 0.007905, 15903.776671, 17, -5344.125329, sp-clause-activity-inc='1.1121243697039964', sp-clause-decay='1.6388710215576447', sp-clause-del-heur=''2'', sp-first-restart='27', sp-learned-clause-sort-heur=''2'', sp-learned-clauses-inc='1.1206539957634256', sp-learned-size-factor='0.45336417941334267', sp-orig-clause-sort-heur=''2'', sp-phase-dec-heur=''6'', sp-rand-var-dec-freq=''0.001'', sp-resolution=''2'', sp-restart-inc='1.2818479855225358', sp-update-dec-queue=''1'', sp-use-pure-literal-rule=''1'', sp-var-activity-inc='0.7406577000034195', sp-var-dec-heur=''16'', sp-variable-decay='1.8671358962036693', sp-max-res-lit-inc='0.9145133965328511', sp-max-res-runs='18', sp-rand-phase-dec-freq=''0.01'', sp-rand-var-dec-scaling='0.5919532118297955', sp-res-cutoff-cls='17', sp-res-cutoff-lits='148', sp-res-order-heur=''19'', sp-rand-phase-scaling='0.5037655045575617'
22932.382000, 0.007614, 17157.206966, 64, -5775.175034, sp-clause-activity-inc='0.9667201325579546', sp-clause-decay='1.731936164476286', sp-clause-del-heur=''1'', sp-first-restart='1541', sp-learned-clause-sort-heur=''9'', sp-learned-clauses-inc='1.1574596812499665', sp-learned-size-factor='0.8766740354624084', sp-orig-clause-sort-heur=''1'', sp-phase-dec-heur=''2'', sp-rand-var-dec-freq=''0.05'', sp-resolution=''0'', sp-restart-inc='1.579258147800445', sp-update-dec-queue=''0'', sp-use-pure-literal-rule=''1'', sp-var-activity-inc='0.8255128030891251', sp-var-dec-heur=''16'', sp-variable-decay='1.362876222964621', sp-rand-var-dec-scaling='0.8343679035687575'
23681.950000, 0.007194, 17713.485039, 17, -5968.464961, sp-clause-activity-inc='1.1121243697039964', sp-clause-decay='1.6388710215576447', sp-clause-del-heur=''2'', sp-first-restart='27', sp-learned-clause-sort-heur=''2'', sp-learned-clauses-inc='1.1206539957634256', sp-learned-size-factor='0.45336417941334267', sp-orig-clause-sort-heur=''2'', sp-phase-dec-heur=''6'', sp-rand-var-dec-freq=''0.001'', sp-resolution=''2'', sp-restart-inc='1.2818479855225358', sp-update-dec-queue=''1'', sp-use-pure-literal-rule=''1'', sp-var-activity-inc='0.7406577000034195', sp-var-dec-heur=''16'', sp-variable-decay='1.8671358962036693', sp-max-res-lit-inc='0.9145133965328511', sp-max-res-runs='18', sp-rand-phase-dec-freq=''0.01'', sp-rand-var-dec-scaling='0.5919532118297955', sp-res-cutoff-cls='17', sp-res-cutoff-lits='148', sp-res-order-heur=''19'', sp-rand-phase-scaling='0.5037655045575617'
