"CPU Time Used","Estimated Training Performance","Wallclock Time","Incumbent ID","Automatic Configurator (CPU) Time","Configuration..."
0.000000, 2147483648.000000, 0.000867, 1, 0.000867, sp-clause-activity-inc='1.0', sp-clause-decay='1.4', sp-clause-del-heur=''2'', sp-first-restart='100', sp-learned-clause-sort-heur=''0'', sp-learned-clauses-inc='1.3', sp-learned-size-factor='0.4', sp-orig-clause-sort-heur=''0'', sp-phase-dec-heur=''5'', sp-rand-var-dec-freq=''0.001'', sp-resolution=''1'', sp-restart-inc='1.5', sp-update-dec-queue=''1'', sp-use-pure-literal-rule=''1'', sp-var-activity-inc='1.0', sp-var-dec-heur=''0'', sp-variable-decay='1.4', sp-max-res-lit-inc='1.0', sp-max-res-runs='4', sp-rand-phase-dec-freq=''0.001'', sp-rand-var-dec-scaling='1.0', sp-res-cutoff-cls='8', sp-res-cutoff-lits='400', sp-res-order-heur=''0'', sp-rand-phase-scaling='1.0'
5.000000, 50.000000, 7.302317, 1, 2.302317, sp-clause-activity-inc='1.0', sp-clause-decay='1.4', sp-clause-del-heur=''2'', sp-first-restart='100', sp-learned-clause-sort-heur=''0'', sp-learned-clauses-inc='1.3', sp-learned-size-factor='0.4', sp-orig-clause-sort-heur=''0'', sp-phase-dec-heur=''5'', sp-rand-var-dec-freq=''0.001'', sp-resolution=''1'', sp-restart-inc='1.5', sp-update-dec-queue=''1'', sp-use-pure-literal-rule=''1'', sp-var-activity-inc='1.0', sp-var-dec-heur=''0'', sp-variable-decay='1.4', sp-max-res-lit-inc='1.0', sp-max-res-runs='4', sp-rand-phase-dec-freq=''0.001'', sp-rand-var-dec-scaling='1.0', sp-res-cutoff-cls='8', sp-res-cutoff-lits='400', sp-res-order-heur=''0'', sp-rand-phase-scaling='1.0'
228.972000, 0.100200, 189.360916, 17, -39.611084, sp-clause-activity-inc='1.0', sp-clause-decay='1.4', sp-clause-del-heur=''2'', sp-first-restart='100', sp-learned-clause-sort-heur=''0'', sp-learned-clauses-inc='1.3', sp-learned-size-factor='0.6029362495151993', sp-orig-clause-sort-heur=''0'', sp-phase-dec-heur=''5'', sp-rand-var-dec-freq=''0.001'', sp-resolution=''1'', sp-restart-inc='1.5', sp-update-dec-queue=''1'', sp-use-pure-literal-rule=''1'', sp-var-activity-inc='1.0', sp-var-dec-heur=''0'', sp-variable-decay='1.4', sp-max-res-lit-inc='1.0', sp-max-res-runs='4', sp-rand-phase-dec-freq=''0.001'', sp-rand-var-dec-scaling='1.0', sp-res-cutoff-cls='8', sp-res-cutoff-lits='400', sp-res-order-heur=''0'', sp-rand-phase-scaling='1.0'
370.132000, 0.100120, 299.258631, 36, -70.873369, sp-clause-activity-inc='1.0', sp-clause-decay='1.4', sp-clause-del-heur=''2'', sp-first-restart='100', sp-learned-clause-sort-heur=''0'', sp-learned-clauses-inc='1.3', sp-learned-size-factor='0.6029362495151993', sp-orig-clause-sort-heur=''0'', sp-phase-dec-heur=''5'', sp-rand-var-dec-freq=''0.001'', sp-resolution=''0'', sp-restart-inc='1.5', sp-update-dec-queue=''1'', sp-use-pure-literal-rule=''1'', sp-var-activity-inc='1.0', sp-var-dec-heur=''0'', sp-variable-decay='1.4', sp-rand-phase-dec-freq=''0.001'', sp-rand-var-dec-scaling='1.0', sp-rand-phase-scaling='1.0'
1089.188000, 0.098960, 855.446139, 112, -233.741861, sp-clause-activity-inc='1.0', sp-clause-decay='1.269682506565483', sp-clause-del-heur=''2'', sp-first-restart='216', sp-learned-clause-sort-heur=''0'', sp-learned-clauses-inc='1.2630624652602285', sp-learned-size-factor='0.6029362495151993', sp-orig-clause-sort-heur=''7'', sp-phase-dec-heur=''5'', sp-rand-var-dec-freq=''0.001'', sp-resolution=''0'', sp-restart-inc='1.5', sp-update-dec-queue=''1'', sp-use-pure-literal-rule=''1'', sp-var-activity-inc='1.020746359755507', sp-var-dec-heur=''0'', sp-variable-decay='1.4', sp-rand-phase-dec-freq=''0.001'', sp-rand-var-dec-scaling='1.0', sp-rand-phase-scaling='1.0'
1240.800000, 0.098960, 976.412534, 128, -264.387466, sp-clause-activity-inc='1.0', sp-clause-decay='1.269682506565483', sp-clause-del-heur=''2'', sp-first-restart='216', sp-learned-clause-sort-heur=''0'', sp-learned-clauses-inc='1.3115714162164964', sp-learned-size-factor='0.6029362495151993', sp-orig-clause-sort-heur=''7'', sp-phase-dec-heur=''5'', sp-rand-var-dec-freq=''0.001'', sp-resolution=''0'', sp-restart-inc='1.5', sp-update-dec-queue=''1'', sp-use-pure-literal-rule=''1'', sp-var-activity-inc='1.020746359755507', sp-var-dec-heur=''0'', sp-variable-decay='1.4', sp-rand-phase-dec-freq=''0.001'', sp-rand-var-dec-scaling='1.0', sp-rand-phase-scaling='1.0'
1389.120000, 0.098800, 1090.523971, 144, -298.596029, sp-clause-activity-inc='0.7776400014863785', sp-clause-decay='1.269682506565483', sp-clause-del-heur=''2'', sp-first-restart='216', sp-learned-clause-sort-heur=''0'', sp-learned-clauses-inc='1.3115714162164964', sp-learned-size-factor='0.6029362495151993', sp-orig-clause-sort-heur=''7'', sp-phase-dec-heur=''5'', sp-rand-var-dec-freq=''0.001'', sp-resolution=''0'', sp-restart-inc='1.5', sp-update-dec-queue=''1'', sp-use-pure-literal-rule=''0'', sp-var-activity-inc='1.020746359755507', sp-var-dec-heur=''0'', sp-variable-decay='1.4', sp-rand-phase-dec-freq=''0.001'', sp-rand-var-dec-scaling='1.0', sp-rand-phase-scaling='1.0'
1829.728000, 0.076400, 1428.178026, 197, -401.549974, sp-clause-activity-inc='0.7776400014863785', sp-clause-decay='1.269682506565483', sp-clause-del-heur=''2'', sp-first-restart='216', sp-learned-clause-sort-heur=''0'', sp-learned-clauses-inc='1.3115714162164964', sp-learned-size-factor='0.6029362495151993', sp-orig-clause-sort-heur=''7'', sp-phase-dec-heur=''5'', sp-rand-var-dec-freq=''0.001'', sp-resolution=''0'', sp-restart-inc='1.5', sp-update-dec-queue=''1'', sp-use-pure-literal-rule=''0'', sp-var-activity-inc='1.020746359755507', sp-var-dec-heur=''0'', sp-variable-decay='1.4', sp-rand-phase-dec-freq=''0.001'', sp-rand-var-dec-scaling='0.9826654198918765', sp-rand-phase-scaling='1.0'
2081.388000, 0.076320, 1635.717583, 227, -445.670417, sp-clause-activity-inc='0.7776400014863785', sp-clause-decay='1.269682506565483', sp-clause-del-heur=''2'', sp-first-restart='216', sp-learned-clause-sort-heur=''0'', sp-learned-clauses-inc='1.213272312299127', sp-learned-size-factor='0.6029362495151993', sp-orig-clause-sort-heur=''7'', sp-phase-dec-heur=''5'', sp-rand-var-dec-freq=''0.001'', sp-resolution=''0'', sp-restart-inc='1.5', sp-update-dec-queue=''1'', sp-use-pure-literal-rule=''1'', sp-var-activity-inc='1.020746359755507', sp-var-dec-heur=''0'', sp-variable-decay='1.4', sp-rand-phase-dec-freq=''0.001'', sp-rand-var-dec-scaling='0.9826654198918765', sp-rand-phase-scaling='1.0'
2198.140000, 0.076280, 1731.701465, 246, -466.438535, sp-clause-activity-inc='0.5944742795695773', sp-clause-decay='1.269682506565483', sp-clause-del-heur=''2'', sp-first-restart='216', sp-learned-clause-sort-heur=''0'', sp-learned-clauses-inc='1.213272312299127', sp-learned-size-factor='0.6029362495151993', sp-orig-clause-sort-heur=''7'', sp-phase-dec-heur=''5'', sp-rand-var-dec-freq=''0.001'', sp-resolution=''0'', sp-restart-inc='1.5', sp-update-dec-queue=''0'', sp-use-pure-literal-rule=''1'', sp-var-activity-inc='1.020746359755507', sp-var-dec-heur=''0'', sp-variable-decay='1.4', sp-rand-phase-dec-freq=''0.001'', sp-rand-var-dec-scaling='0.9826654198918765', sp-rand-phase-scaling='1.0'
2508.972000, 0.076280, 1995.001406, 286, -513.970594, sp-clause-activity-inc='0.5944742795695773', sp-clause-decay='1.269682506565483', sp-clause-del-heur=''2'', sp-first-restart='216', sp-learned-clause-sort-heur=''0'', sp-learned-clauses-inc='1.2034980371721062', sp-learned-size-factor='0.6029362495151993', sp-orig-clause-sort-heur=''7'', sp-phase-dec-heur=''5'', sp-rand-var-dec-freq=''0.001'', sp-resolution=''0'', sp-restart-inc='1.5', sp-update-dec-queue=''0'', sp-use-pure-literal-rule=''1'', sp-var-activity-inc='1.020746359755507', sp-var-dec-heur=''0'', sp-variable-decay='1.4', sp-rand-phase-dec-freq=''0.001'', sp-rand-var-dec-scaling='0.9826654198918765', sp-rand-phase-scaling='1.0'
4266.936000, 0.074840, 3474.843465, 492, -792.092535, sp-clause-activity-inc='0.5944742795695773', sp-clause-decay='1.269682506565483', sp-clause-del-heur=''2'', sp-first-restart='216', sp-learned-clause-sort-heur=''0'', sp-learned-clauses-inc='1.2034980371721062', sp-learned-size-factor='0.6029362495151993', sp-orig-clause-sort-heur=''19'', sp-phase-dec-heur=''5'', sp-rand-var-dec-freq=''0.001'', sp-resolution=''0'', sp-restart-inc='1.5', sp-update-dec-queue=''0'', sp-use-pure-literal-rule=''1'', sp-var-activity-inc='1.020746359755507', sp-var-dec-heur=''0'', sp-variable-decay='1.4', sp-rand-phase-dec-freq=''0.001'', sp-rand-var-dec-scaling='0.9826654198918765', sp-rand-phase-scaling='1.0'
5269.472000, 0.074800, 4319.177584, 616, -950.294416, sp-clause-activity-inc='0.5944742795695773', sp-clause-decay='1.1236541508506446', sp-clause-del-heur=''2'', sp-first-restart='216', sp-learned-clause-sort-heur=''0'', sp-learned-clauses-inc='1.2034980371721062', sp-learned-size-factor='0.5301650153936981', sp-orig-clause-sort-heur=''19'', sp-phase-dec-heur=''5'', sp-rand-var-dec-freq=''0.001'', sp-resolution=''0'', sp-restart-inc='1.5', sp-update-dec-queue=''1'', sp-use-pure-literal-rule=''1'', sp-var-activity-inc='1.020746359755507', sp-var-dec-heur=''0'', sp-variable-decay='1.4', sp-rand-phase-dec-freq=''0.001'', sp-rand-var-dec-scaling='0.9826654198918765', sp-rand-phase-scaling='1.0'
5513.496000, 0.074760, 4523.399125, 654, -990.096875, sp-clause-activity-inc='0.7627141179548567', sp-clause-decay='1.1236541508506446', sp-clause-del-heur=''2'', sp-first-restart='216', sp-learned-clause-sort-heur=''0'', sp-learned-clauses-inc='1.2034980371721062', sp-learned-size-factor='0.5301650153936981', sp-orig-clause-sort-heur=''19'', sp-phase-dec-heur=''5'', sp-rand-var-dec-freq=''0.001'', sp-resolution=''0'', sp-restart-inc='1.5', sp-update-dec-queue=''1'', sp-use-pure-literal-rule=''1'', sp-var-activity-inc='1.020746359755507', sp-var-dec-heur=''0'', sp-variable-decay='1.4', sp-rand-phase-dec-freq=''0.001'', sp-rand-var-dec-scaling='0.9826654198918765', sp-rand-phase-scaling='1.0'
7176.556000, 0.074320, 5880.751144, 848, -1295.804856, sp-clause-activity-inc='0.7627141179548567', sp-clause-decay='1.1236541508506446', sp-clause-del-heur=''2'', sp-first-restart='216', sp-learned-clause-sort-heur=''0'', sp-learned-clauses-inc='1.2034980371721062', sp-learned-size-factor='0.5188778795978878', sp-orig-clause-sort-heur=''2'', sp-phase-dec-heur=''5'', sp-rand-var-dec-freq=''0.001'', sp-resolution=''0'', sp-restart-inc='1.5', sp-update-dec-queue=''0'', sp-use-pure-literal-rule=''1'', sp-var-activity-inc='1.020746359755507', sp-var-dec-heur=''0'', sp-variable-decay='1.4', sp-rand-phase-dec-freq=''0.001'', sp-rand-var-dec-scaling='0.9826654198918765', sp-rand-phase-scaling='1.0'
7477.682000, 0.074240, 6131.201456, 890, -1346.480544, sp-clause-activity-inc='0.7627141179548567', sp-clause-decay='1.1236541508506446', sp-clause-del-heur=''2'', sp-first-restart='216', sp-learned-clause-sort-heur=''0'', sp-learned-clauses-inc='1.1892418096902986', sp-learned-size-factor='0.5188778795978878', sp-orig-clause-sort-heur=''2'', sp-phase-dec-heur=''5'', sp-rand-var-dec-freq=''0.001'', sp-resolution=''0'', sp-restart-inc='1.5', sp-update-dec-queue=''0'', sp-use-pure-literal-rule=''1'', sp-var-activity-inc='1.020746359755507', sp-var-dec-heur=''0'', sp-variable-decay='1.4', sp-rand-phase-dec-freq=''0.001'', sp-rand-var-dec-scaling='0.9826654198918765', sp-rand-phase-scaling='1.0'
7828.206000, 0.074240, 6425.269954, 935, -1402.936046, sp-clause-activity-inc='0.7627141179548567', sp-clause-decay='1.0991209259950905', sp-clause-del-heur=''2'', sp-first-restart='216', sp-learned-clause-sort-heur=''0'', sp-learned-clauses-inc='1.1892418096902986', sp-learned-size-factor='0.5188778795978878', sp-orig-clause-sort-heur=''2'', sp-phase-dec-heur=''5'', sp-rand-var-dec-freq=''0.001'', sp-resolution=''0'', sp-restart-inc='1.5', sp-update-dec-queue=''0'', sp-use-pure-literal-rule=''1'', sp-var-activity-inc='1.020746359755507', sp-var-dec-heur=''0'', sp-variable-decay='1.4', sp-rand-phase-dec-freq=''0.001'', sp-rand-var-dec-scaling='0.9826654198918765', sp-rand-phase-scaling='1.0'
10339.366000, 0.074200, 8566.976634, 1237, -1772.389366, sp-clause-activity-inc='0.7627141179548567', sp-clause-decay='1.0991209259950905', sp-clause-del-heur=''0'', sp-first-restart='216', sp-learned-clause-sort-heur=''0'', sp-learned-clauses-inc='1.1892418096902986', sp-learned-size-factor='1.0411153907827166', sp-orig-clause-sort-heur=''2'', sp-phase-dec-heur=''5'', sp-rand-var-dec-freq=''0.001'', sp-resolution=''0'', sp-restart-inc='1.5', sp-update-dec-queue=''0'', sp-use-pure-literal-rule=''1'', sp-var-activity-inc='1.020746359755507', sp-var-dec-heur=''0'', sp-variable-decay='1.4', sp-rand-phase-dec-freq=''0.001'', sp-rand-var-dec-scaling='0.9826654198918765', sp-rand-phase-scaling='1.0'
10947.858000, 0.073920, 9092.029107, 1311, -1855.828893, sp-clause-activity-inc='0.7627141179548567', sp-clause-decay='1.0991209259950905', sp-clause-del-heur=''0'', sp-first-restart='216', sp-learned-clause-sort-heur=''0'', sp-learned-clauses-inc='1.1892418096902986', sp-learned-size-factor='1.0411153907827166', sp-orig-clause-sort-heur=''2'', sp-phase-dec-heur=''5'', sp-rand-var-dec-freq=''0.001'', sp-resolution=''0'', sp-restart-inc='1.5', sp-update-dec-queue=''0'', sp-use-pure-literal-rule=''1'', sp-var-activity-inc='1.020746359755507', sp-var-dec-heur=''6'', sp-variable-decay='1.4', sp-rand-phase-dec-freq=''0.001'', sp-rand-var-dec-scaling='0.9826654198918765', sp-rand-phase-scaling='1.0'
11422.182000, 0.073840, 9502.683460, 1368, -1919.498540, sp-clause-activity-inc='0.7627141179548567', sp-clause-decay='1.0613152853380128', sp-clause-del-heur=''0'', sp-first-restart='216', sp-learned-clause-sort-heur=''0'', sp-learned-clauses-inc='1.3051077037883947', sp-learned-size-factor='1.0411153907827166', sp-orig-clause-sort-heur=''2'', sp-phase-dec-heur=''5'', sp-rand-var-dec-freq=''0.001'', sp-resolution=''0'', sp-restart-inc='1.5', sp-update-dec-queue=''0'', sp-use-pure-literal-rule=''0'', sp-var-activity-inc='1.020746359755507', sp-var-dec-heur=''6'', sp-variable-decay='1.4', sp-rand-phase-dec-freq=''0.001'', sp-rand-var-dec-scaling='0.9826654198918765', sp-rand-phase-scaling='1.0'
12823.618000, 0.073840, 10714.786786, 1550, -2108.831214, sp-clause-activity-inc='0.7627141179548567', sp-clause-decay='1.0613152853380128', sp-clause-del-heur=''0'', sp-first-restart='216', sp-learned-clause-sort-heur=''0'', sp-learned-clauses-inc='1.3131871568031523', sp-learned-size-factor='1.0411153907827166', sp-orig-clause-sort-heur=''2'', sp-phase-dec-heur=''5'', sp-rand-var-dec-freq=''0.001'', sp-resolution=''0'', sp-restart-inc='1.5', sp-update-dec-queue=''0'', sp-use-pure-literal-rule=''0'', sp-var-activity-inc='1.020746359755507', sp-var-dec-heur=''6'', sp-variable-decay='1.4', sp-rand-phase-dec-freq=''0.001'', sp-rand-var-dec-scaling='0.9826654198918765', sp-rand-phase-scaling='1.0'
14942.184000, 0.073800, 12544.460943, 1561, -2397.723057, sp-clause-activity-inc='0.7627141179548567', sp-clause-decay='1.0613152853380128', sp-clause-del-heur=''2'', sp-first-restart='216', sp-learned-clause-sort-heur=''0'', sp-learned-clauses-inc='1.3131871568031523', sp-learned-size-factor='1.0411153907827166', sp-orig-clause-sort-heur=''2'', sp-phase-dec-heur=''5'', sp-rand-var-dec-freq=''0.001'', sp-resolution=''0'', sp-restart-inc='1.5', sp-update-dec-queue=''0'', sp-use-pure-literal-rule=''0'', sp-var-activity-inc='1.020746359755507', sp-var-dec-heur=''6'', sp-variable-decay='1.4', sp-rand-phase-dec-freq=''0.001'', sp-rand-var-dec-scaling='0.9826654198918765', sp-rand-phase-scaling='1.0'
15663.522000, 0.073760, 13168.703460, 1888, -2494.818540, sp-clause-activity-inc='0.5456166319093375', sp-clause-decay='1.0613152853380128', sp-clause-del-heur=''2'', sp-first-restart='216', sp-learned-clause-sort-heur=''0'', sp-learned-clauses-inc='1.3131871568031523', sp-learned-size-factor='1.0411153907827166', sp-orig-clause-sort-heur=''2'', sp-phase-dec-heur=''5'', sp-rand-var-dec-freq=''0.001'', sp-resolution=''0'', sp-restart-inc='1.5', sp-update-dec-queue=''0'', sp-use-pure-literal-rule=''0'', sp-var-activity-inc='1.020746359755507', sp-var-dec-heur=''6'', sp-variable-decay='1.4', sp-rand-phase-dec-freq=''0.001'', sp-rand-var-dec-scaling='0.9826654198918765', sp-rand-phase-scaling='1.0'
