{"cost": 2147483648, "incumbent": ["sp-clause-activity-inc='1.0'", "sp-clause-decay='1.4'", "sp-clause-del-heur=''2''", "sp-first-restart='100'", "sp-learned-clause-sort-heur=''0''", "sp-learned-clauses-inc='1.3'", "sp-learned-size-factor='0.4'", "sp-orig-clause-sort-heur=''0''", "sp-phase-dec-heur=''5''", "sp-rand-var-dec-freq=''0.001''", "sp-resolution=''1''", "sp-restart-inc='1.5'", "sp-update-dec-queue=''1''", "sp-use-pure-literal-rule=''1''", "sp-var-activity-inc='1.0'", "sp-var-dec-heur=''0''", "sp-variable-decay='1.4'", "sp-max-res-lit-inc='1.0'", "sp-max-res-runs='4'", "sp-rand-phase-dec-freq=''0.001''", "sp-rand-var-dec-scaling='1.0'", "sp-res-cutoff-cls='8'", "sp-res-cutoff-lits='400'", "sp-res-order-heur=''0''", "sp-rand-phase-scaling='1.0'"], "wallclock_time": 0.0008671283721923828, "evaluations": 0, "cpu_time": 0, "total_cpu_time": null}
{"cost": 50, "incumbent": ["sp-clause-activity-inc='1.0'", "sp-clause-decay='1.4'", "sp-clause-del-heur=''2''", "sp-first-restart='100'", "sp-learned-clause-sort-heur=''0''", "sp-learned-clauses-inc='1.3'", "sp-learned-size-factor='0.4'", "sp-orig-clause-sort-heur=''0''", "sp-phase-dec-heur=''5''", "sp-rand-var-dec-freq=''0.001''", "sp-resolution=''1''", "sp-restart-inc='1.5'", "sp-update-dec-queue=''1''", "sp-use-pure-literal-rule=''1''", "sp-var-activity-inc='1.0'", "sp-var-dec-heur=''0''", "sp-variable-decay='1.4'", "sp-max-res-lit-inc='1.0'", "sp-max-res-runs='4'", "sp-rand-phase-dec-freq=''0.001''", "sp-rand-var-dec-scaling='1.0'", "sp-res-cutoff-cls='8'", "sp-res-cutoff-lits='400'", "sp-res-order-heur=''0''", "sp-rand-phase-scaling='1.0'"], "wallclock_time": 7.302316904067993, "evaluations": 1, "cpu_time": 5.0, "total_cpu_time": null}
{"cost": 0.10020000000000003, "incumbent": ["sp-clause-activity-inc='1.0'", "sp-clause-decay='1.4'", "sp-clause-del-heur=''2''", "sp-first-restart='100'", "sp-learned-clause-sort-heur=''0''", "sp-learned-clauses-inc='1.3'", "sp-learned-size-factor='0.6029362495151993'", "sp-orig-clause-sort-heur=''0''", "sp-phase-dec-heur=''5''", "sp-rand-var-dec-freq=''0.001''", "sp-resolution=''1''", "sp-restart-inc='1.5'", "sp-update-dec-queue=''1''", "sp-use-pure-literal-rule=''1''", "sp-var-activity-inc='1.0'", "sp-var-dec-heur=''0''", "sp-variable-decay='1.4'", "sp-max-res-lit-inc='1.0'", "sp-max-res-runs='4'", "sp-rand-phase-dec-freq=''0.001''", "sp-rand-var-dec-scaling='1.0'", "sp-res-cutoff-cls='8'", "sp-res-cutoff-lits='400'", "sp-res-order-heur=''0''", "sp-rand-phase-scaling='1.0'"], "wallclock_time": 189.3609161376953, "evaluations": 130, "cpu_time": 228.97200000000018, "total_cpu_time": null}
{"cost": 0.10012000000000003, "incumbent": ["sp-clause-activity-inc='1.0'", "sp-clause-decay='1.4'", "sp-clause-del-heur=''2''", "sp-first-restart='100'", "sp-learned-clause-sort-heur=''0''", "sp-learned-clauses-inc='1.3'", "sp-learned-size-factor='0.6029362495151993'", "sp-orig-clause-sort-heur=''0''", "sp-phase-dec-heur=''5''", "sp-rand-var-dec-freq=''0.001''", "sp-resolution=''0''", "sp-restart-inc='1.5'", "sp-update-dec-queue=''1''", "sp-use-pure-literal-rule=''1''", "sp-var-activity-inc='1.0'", "sp-var-dec-heur=''0''", "sp-variable-decay='1.4'", "sp-rand-phase-dec-freq=''0.001''", "sp-rand-var-dec-scaling='1.0'", "sp-rand-phase-scaling='1.0'"], "wallclock_time": 299.2586314678192, "evaluations": 260, "cpu_time": 370.13200000000046, "total_cpu_time": null}
{"cost": 0.09896, "incumbent": ["sp-clause-activity-inc='1.0'", "sp-clause-decay='1.269682506565483'", "sp-clause-del-heur=''2''", "sp-first-restart='216'", "sp-learned-clause-sort-heur=''0''", "sp-learned-clauses-inc='1.2630624652602285'", "sp-learned-size-factor='0.6029362495151993'", "sp-orig-clause-sort-heur=''7''", "sp-phase-dec-heur=''5''", "sp-rand-var-dec-freq=''0.001''", "sp-resolution=''0''", "sp-restart-inc='1.5'", "sp-update-dec-queue=''1''", "sp-use-pure-literal-rule=''1''", "sp-var-activity-inc='1.020746359755507'", "sp-var-dec-heur=''0''", "sp-variable-decay='1.4'", "sp-rand-phase-dec-freq=''0.001''", "sp-rand-var-dec-scaling='1.0'", "sp-rand-phase-scaling='1.0'"], "wallclock_time": 855.4461390972137, "evaluations": 845, "cpu_time": 1089.1879999999992, "total_cpu_time": null}
{"cost": 0.09895999999999999, "incumbent": ["sp-clause-activity-inc='1.0'", "sp-clause-decay='1.269682506565483'", "sp-clause-del-heur=''2''", "sp-first-restart='216'", "sp-learned-clause-sort-heur=''0''", "sp-learned-clauses-inc='1.3115714162164964'", "sp-learned-size-factor='0.6029362495151993'", "sp-orig-clause-sort-heur=''7''", "sp-phase-dec-heur=''5''", "sp-rand-var-dec-freq=''0.001''", "sp-resolution=''0''", "sp-restart-inc='1.5'", "sp-update-dec-queue=''1''", "sp-use-pure-literal-rule=''1''", "sp-var-activity-inc='1.020746359755507'", "sp-var-dec-heur=''0''", "sp-variable-decay='1.4'", "sp-rand-phase-dec-freq=''0.001''", "sp-rand-var-dec-scaling='1.0'", "sp-rand-phase-scaling='1.0'"], "wallclock_time": 976.4125335216522, "evaluations": 975, "cpu_time": 1240.7999999999984, "total_cpu_time": null}
{"cost": 0.09879999999999999, "incumbent": ["sp-clause-activity-inc='0.7776400014863785'", "sp-clause-decay='1.269682506565483'", "sp-clause-del-heur=''2''", "sp-first-restart='216'", "sp-learned-clause-sort-heur=''0''", "sp-learned-clauses-inc='1.3115714162164964'", "sp-learned-size-factor='0.6029362495151993'", "sp-orig-clause-sort-heur=''7''", "sp-phase-dec-heur=''5''", "sp-rand-var-dec-freq=''0.001''", "sp-resolution=''0''", "sp-restart-inc='1.5'", "sp-update-dec-queue=''1''", "sp-use-pure-literal-rule=''0''", "sp-var-activity-inc='1.020746359755507'", "sp-var-dec-heur=''0''", "sp-variable-decay='1.4'", "sp-rand-phase-dec-freq=''0.001''", "sp-rand-var-dec-scaling='1.0'", "sp-rand-phase-scaling='1.0'"], "wallclock_time": 1090.52397108078, "evaluations": 1105, "cpu_time": 1389.1199999999963, "total_cpu_time": null}
{"cost": 0.0764, "incumbent": ["sp-clause-activity-inc='0.7776400014863785'", "sp-clause-decay='1.269682506565483'", "sp-clause-del-heur=''2''", "sp-first-restart='216'", "sp-learned-clause-sort-heur=''0''", "sp-learned-clauses-inc='1.3115714162164964'", "sp-learned-size-factor='0.6029362495151993'", "sp-orig-clause-sort-heur=''7''", "sp-phase-dec-heur=''5''", "sp-rand-var-dec-freq=''0.001''", "sp-resolution=''0''", "sp-restart-inc='1.5'", "sp-update-dec-queue=''1''", "sp-use-pure-literal-rule=''0''", "sp-var-activity-inc='1.020746359755507'", "sp-var-dec-heur=''0''", "sp-variable-decay='1.4'", "sp-rand-phase-dec-freq=''0.001''", "sp-rand-var-dec-scaling='0.9826654198918765'", "sp-rand-phase-scaling='1.0'"], "wallclock_time": 1428.1780261993408, "evaluations": 1495, "cpu_time": 1829.727999999991, "total_cpu_time": null}
{"cost": 0.07632, "incumbent": ["sp-clause-activity-inc='0.7776400014863785'", "sp-clause-decay='1.269682506565483'", "sp-clause-del-heur=''2''", "sp-first-restart='216'", "sp-learned-clause-sort-heur=''0''", "sp-learned-clauses-inc='1.213272312299127'", "sp-learned-size-factor='0.6029362495151993'", "sp-orig-clause-sort-heur=''7''", "sp-phase-dec-heur=''5''", "sp-rand-var-dec-freq=''0.001''", "sp-resolution=''0''", "sp-restart-inc='1.5'", "sp-update-dec-queue=''1''", "sp-use-pure-literal-rule=''1''", "sp-var-activity-inc='1.020746359755507'", "sp-var-dec-heur=''0''", "sp-variable-decay='1.4'", "sp-rand-phase-dec-freq=''0.001''", "sp-rand-var-dec-scaling='0.9826654198918765'", "sp-rand-phase-scaling='1.0'"], "wallclock_time": 1635.7175831794739, "evaluations": 1755, "cpu_time": 2081.3879999999886, "total_cpu_time": null}
{"cost": 0.07628, "incumbent": ["sp-clause-activity-inc='0.5944742795695773'", "sp-clause-decay='1.269682506565483'", "sp-clause-del-heur=''2''", "sp-first-restart='216'", "sp-learned-clause-sort-heur=''0''", "sp-learned-clauses-inc='1.213272312299127'", "sp-learned-size-factor='0.6029362495151993'", "sp-orig-clause-sort-heur=''7''", "sp-phase-dec-heur=''5''", "sp-rand-var-dec-freq=''0.001''", "sp-resolution=''0''", "sp-restart-inc='1.5'", "sp-update-dec-queue=''0''", "sp-use-pure-literal-rule=''1''", "sp-var-activity-inc='1.020746359755507'", "sp-var-dec-heur=''0''", "sp-variable-decay='1.4'", "sp-rand-phase-dec-freq=''0.001''", "sp-rand-var-dec-scaling='0.9826654198918765'", "sp-rand-phase-scaling='1.0'"], "wallclock_time": 1731.7014646530151, "evaluations": 1885, "cpu_time": 2198.1399999999876, "total_cpu_time": null}
{"cost": 0.07627999999999999, "incumbent": ["sp-clause-activity-inc='0.5944742795695773'", "sp-clause-decay='1.269682506565483'", "sp-clause-del-heur=''2''", "sp-first-restart='216'", "sp-learned-clause-sort-heur=''0''", "sp-learned-clauses-inc='1.2034980371721062'", "sp-learned-size-factor='0.6029362495151993'", "sp-orig-clause-sort-heur=''7''", "sp-phase-dec-heur=''5''", "sp-rand-var-dec-freq=''0.001''", "sp-resolution=''0''", "sp-restart-inc='1.5'", "sp-update-dec-queue=''0''", "sp-use-pure-literal-rule=''1''", "sp-var-activity-inc='1.020746359755507'", "sp-var-dec-heur=''0''", "sp-variable-decay='1.4'", "sp-rand-phase-dec-freq=''0.001''", "sp-rand-var-dec-scaling='0.9826654198918765'", "sp-rand-phase-scaling='1.0'"], "wallclock_time": 1995.0014064311981, "evaluations": 2210, "cpu_time": 2508.97199999999, "total_cpu_time": null}
{"cost": 0.07484, "incumbent": ["sp-clause-activity-inc='0.5944742795695773'", "sp-clause-decay='1.269682506565483'", "sp-clause-del-heur=''2''", "sp-first-restart='216'", "sp-learned-clause-sort-heur=''0''", "sp-learned-clauses-inc='1.2034980371721062'", "sp-learned-size-factor='0.6029362495151993'", "sp-orig-clause-sort-heur=''19''", "sp-phase-dec-heur=''5''", "sp-rand-var-dec-freq=''0.001''", "sp-resolution=''0''", "sp-restart-inc='1.5'", "sp-update-dec-queue=''0''", "sp-use-pure-literal-rule=''1''", "sp-var-activity-inc='1.020746359755507'", "sp-var-dec-heur=''0''", "sp-variable-decay='1.4'", "sp-rand-phase-dec-freq=''0.001''", "sp-rand-var-dec-scaling='0.9826654198918765'", "sp-rand-phase-scaling='1.0'"], "wallclock_time": 3474.843465089798, "evaluations": 4030, "cpu_time": 4266.936000000009, "total_cpu_time": null}
{"cost": 0.0748, "incumbent": ["sp-clause-activity-inc='0.5944742795695773'", "sp-clause-decay='1.1236541508506446'", "sp-clause-del-heur=''2''", "sp-first-restart='216'", "sp-learned-clause-sort-heur=''0''", "sp-learned-clauses-inc='1.2034980371721062'", "sp-learned-size-factor='0.5301650153936981'", "sp-orig-clause-sort-heur=''19''", "sp-phase-dec-heur=''5''", "sp-rand-var-dec-freq=''0.001''", "sp-resolution=''0''", "sp-restart-inc='1.5'", "sp-update-dec-queue=''1''", "sp-use-pure-literal-rule=''1''", "sp-var-activity-inc='1.020746359755507'", "sp-var-dec-heur=''0''", "sp-variable-decay='1.4'", "sp-rand-phase-dec-freq=''0.001''", "sp-rand-var-dec-scaling='0.9826654198918765'", "sp-rand-phase-scaling='1.0'"], "wallclock_time": 4319.177584171295, "evaluations": 5070, "cpu_time": 5269.471999999997, "total_cpu_time": null}
{"cost": 0.07476000000000001, "incumbent": ["sp-clause-activity-inc='0.7627141179548567'", "sp-clause-decay='1.1236541508506446'", "sp-clause-del-heur=''2''", "sp-first-restart='216'", "sp-learned-clause-sort-heur=''0''", "sp-learned-clauses-inc='1.2034980371721062'", "sp-learned-size-factor='0.5301650153936981'", "sp-orig-clause-sort-heur=''19''", "sp-phase-dec-heur=''5''", "sp-rand-var-dec-freq=''0.001''", "sp-resolution=''0''", "sp-restart-inc='1.5'", "sp-update-dec-queue=''1''", "sp-use-pure-literal-rule=''1''", "sp-var-activity-inc='1.020746359755507'", "sp-var-dec-heur=''0''", "sp-variable-decay='1.4'", "sp-rand-phase-dec-freq=''0.001''", "sp-rand-var-dec-scaling='0.9826654198918765'", "sp-rand-phase-scaling='1.0'"], "wallclock_time": 4523.399124860764, "evaluations": 5330, "cpu_time": 5513.496000000001, "total_cpu_time": null}
{"cost": 0.07432, "incumbent": ["sp-clause-activity-inc='0.7627141179548567'", "sp-clause-decay='1.1236541508506446'", "sp-clause-del-heur=''2''", "sp-first-restart='216'", "sp-learned-clause-sort-heur=''0''", "sp-learned-clauses-inc='1.2034980371721062'", "sp-learned-size-factor='0.5188778795978878'", "sp-orig-clause-sort-heur=''2''", "sp-phase-dec-heur=''5''", "sp-rand-var-dec-freq=''0.001''", "sp-resolution=''0''", "sp-restart-inc='1.5'", "sp-update-dec-queue=''0''", "sp-use-pure-literal-rule=''1''", "sp-var-activity-inc='1.020746359755507'", "sp-var-dec-heur=''0''", "sp-variable-decay='1.4'", "sp-rand-phase-dec-freq=''0.001''", "sp-rand-var-dec-scaling='0.9826654198918765'", "sp-rand-phase-scaling='1.0'"], "wallclock_time": 5880.751143693924, "evaluations": 6955, "cpu_time": 7176.555999999966, "total_cpu_time": null}
{"cost": 0.07424, "incumbent": ["sp-clause-activity-inc='0.7627141179548567'", "sp-clause-decay='1.1236541508506446'", "sp-clause-del-heur=''2''", "sp-first-restart='216'", "sp-learned-clause-sort-heur=''0''", "sp-learned-clauses-inc='1.1892418096902986'", "sp-learned-size-factor='0.5188778795978878'", "sp-orig-clause-sort-heur=''2''", "sp-phase-dec-heur=''5''", "sp-rand-var-dec-freq=''0.001''", "sp-resolution=''0''", "sp-restart-inc='1.5'", "sp-update-dec-queue=''0''", "sp-use-pure-literal-rule=''1''", "sp-var-activity-inc='1.020746359755507'", "sp-var-dec-heur=''0''", "sp-variable-decay='1.4'", "sp-rand-phase-dec-freq=''0.001''", "sp-rand-var-dec-scaling='0.9826654198918765'", "sp-rand-phase-scaling='1.0'"], "wallclock_time": 6131.201455831528, "evaluations": 7280, "cpu_time": 7477.681999999973, "total_cpu_time": null}
{"cost": 0.07423999999999999, "incumbent": ["sp-clause-activity-inc='0.7627141179548567'", "sp-clause-decay='1.0991209259950905'", "sp-clause-del-heur=''2''", "sp-first-restart='216'", "sp-learned-clause-sort-heur=''0''", "sp-learned-clauses-inc='1.1892418096902986'", "sp-learned-size-factor='0.5188778795978878'", "sp-orig-clause-sort-heur=''2''", "sp-phase-dec-heur=''5''", "sp-rand-var-dec-freq=''0.001''", "sp-resolution=''0''", "sp-restart-inc='1.5'", "sp-update-dec-queue=''0''", "sp-use-pure-literal-rule=''1''", "sp-var-activity-inc='1.020746359755507'", "sp-var-dec-heur=''0''", "sp-variable-decay='1.4'", "sp-rand-phase-dec-freq=''0.001''", "sp-rand-var-dec-scaling='0.9826654198918765'", "sp-rand-phase-scaling='1.0'"], "wallclock_time": 6425.269953966141, "evaluations": 7670, "cpu_time": 7828.2059999999765, "total_cpu_time": null}
{"cost": 0.07419999999999999, "incumbent": ["sp-clause-activity-inc='0.7627141179548567'", "sp-clause-decay='1.0991209259950905'", "sp-clause-del-heur=''0''", "sp-first-restart='216'", "sp-learned-clause-sort-heur=''0''", "sp-learned-clauses-inc='1.1892418096902986'", "sp-learned-size-factor='1.0411153907827166'", "sp-orig-clause-sort-heur=''2''", "sp-phase-dec-heur=''5''", "sp-rand-var-dec-freq=''0.001''", "sp-resolution=''0''", "sp-restart-inc='1.5'", "sp-update-dec-queue=''0''", "sp-use-pure-literal-rule=''1''", "sp-var-activity-inc='1.020746359755507'", "sp-var-dec-heur=''0''", "sp-variable-decay='1.4'", "sp-rand-phase-dec-freq=''0.001''", "sp-rand-var-dec-scaling='0.9826654198918765'", "sp-rand-phase-scaling='1.0'"], "wallclock_time": 8566.976633548737, "evaluations": 10335, "cpu_time": 10339.366000000027, "total_cpu_time": null}
{"cost": 0.07392000000000001, "incumbent": ["sp-clause-activity-inc='0.7627141179548567'", "sp-clause-decay='1.0991209259950905'", "sp-clause-del-heur=''0''", "sp-first-restart='216'", "sp-learned-clause-sort-heur=''0''", "sp-learned-clauses-inc='1.1892418096902986'", "sp-learned-size-factor='1.0411153907827166'", "sp-orig-clause-sort-heur=''2''", "sp-phase-dec-heur=''5''", "sp-rand-var-dec-freq=''0.001''", "sp-resolution=''0''", "sp-restart-inc='1.5'", "sp-update-dec-queue=''0''", "sp-use-pure-literal-rule=''1''", "sp-var-activity-inc='1.020746359755507'", "sp-var-dec-heur=''6''", "sp-variable-decay='1.4'", "sp-rand-phase-dec-freq=''0.001''", "sp-rand-var-dec-scaling='0.9826654198918765'", "sp-rand-phase-scaling='1.0'"], "wallclock_time": 9092.029106855392, "evaluations": 10985, "cpu_time": 10947.858000000038, "total_cpu_time": null}
{"cost": 0.07384, "incumbent": ["sp-clause-activity-inc='0.7627141179548567'", "sp-clause-decay='1.0613152853380128'", "sp-clause-del-heur=''0''", "sp-first-restart='216'", "sp-learned-clause-sort-heur=''0''", "sp-learned-clauses-inc='1.3051077037883947'", "sp-learned-size-factor='1.0411153907827166'", "sp-orig-clause-sort-heur=''2''", "sp-phase-dec-heur=''5''", "sp-rand-var-dec-freq=''0.001''", "sp-resolution=''0''", "sp-restart-inc='1.5'", "sp-update-dec-queue=''0''", "sp-use-pure-literal-rule=''0''", "sp-var-activity-inc='1.020746359755507'", "sp-var-dec-heur=''6''", "sp-variable-decay='1.4'", "sp-rand-phase-dec-freq=''0.001''", "sp-rand-var-dec-scaling='0.9826654198918765'", "sp-rand-phase-scaling='1.0'"], "wallclock_time": 9502.683460235596, "evaluations": 11505, "cpu_time": 11422.182000000108, "total_cpu_time": null}
{"cost": 0.07383999999999999, "incumbent": ["sp-clause-activity-inc='0.7627141179548567'", "sp-clause-decay='1.0613152853380128'", "sp-clause-del-heur=''0''", "sp-first-restart='216'", "sp-learned-clause-sort-heur=''0''", "sp-learned-clauses-inc='1.3131871568031523'", "sp-learned-size-factor='1.0411153907827166'", "sp-orig-clause-sort-heur=''2''", "sp-phase-dec-heur=''5''", "sp-rand-var-dec-freq=''0.001''", "sp-resolution=''0''", "sp-restart-inc='1.5'", "sp-update-dec-queue=''0''", "sp-use-pure-literal-rule=''0''", "sp-var-activity-inc='1.020746359755507'", "sp-var-dec-heur=''6''", "sp-variable-decay='1.4'", "sp-rand-phase-dec-freq=''0.001''", "sp-rand-var-dec-scaling='0.9826654198918765'", "sp-rand-phase-scaling='1.0'"], "wallclock_time": 10714.78678560257, "evaluations": 13000, "cpu_time": 12823.618000000242, "total_cpu_time": null}
{"cost": 0.07380000000000002, "incumbent": ["sp-clause-activity-inc='0.7627141179548567'", "sp-clause-decay='1.0613152853380128'", "sp-clause-del-heur=''2''", "sp-first-restart='216'", "sp-learned-clause-sort-heur=''0''", "sp-learned-clauses-inc='1.3131871568031523'", "sp-learned-size-factor='1.0411153907827166'", "sp-orig-clause-sort-heur=''2''", "sp-phase-dec-heur=''5''", "sp-rand-var-dec-freq=''0.001''", "sp-resolution=''0''", "sp-restart-inc='1.5'", "sp-update-dec-queue=''0''", "sp-use-pure-literal-rule=''0''", "sp-var-activity-inc='1.020746359755507'", "sp-var-dec-heur=''6''", "sp-variable-decay='1.4'", "sp-rand-phase-dec-freq=''0.001''", "sp-rand-var-dec-scaling='0.9826654198918765'", "sp-rand-phase-scaling='1.0'"], "wallclock_time": 12544.46094250679, "evaluations": 15210, "cpu_time": 14942.184000000469, "total_cpu_time": null}
{"cost": 0.07375999999999996, "incumbent": ["sp-clause-activity-inc='0.5456166319093375'", "sp-clause-decay='1.0613152853380128'", "sp-clause-del-heur=''2''", "sp-first-restart='216'", "sp-learned-clause-sort-heur=''0''", "sp-learned-clauses-inc='1.3131871568031523'", "sp-learned-size-factor='1.0411153907827166'", "sp-orig-clause-sort-heur=''2''", "sp-phase-dec-heur=''5''", "sp-rand-var-dec-freq=''0.001''", "sp-resolution=''0''", "sp-restart-inc='1.5'", "sp-update-dec-queue=''0''", "sp-use-pure-literal-rule=''0''", "sp-var-activity-inc='1.020746359755507'", "sp-var-dec-heur=''6''", "sp-variable-decay='1.4'", "sp-rand-phase-dec-freq=''0.001''", "sp-rand-var-dec-scaling='0.9826654198918765'", "sp-rand-phase-scaling='1.0'"], "wallclock_time": 13168.70346045494, "evaluations": 15990, "cpu_time": 15663.522000000541, "total_cpu_time": null}
