"CPU Time Used","Estimated Training Performance","Wallclock Time","Incumbent ID","Automatic Configurator (CPU) Time","Configuration..."
0.000000, 2147483648.000000, 0.000905, 1, 0.000905, sp-clause-activity-inc='1.0', sp-clause-decay='1.4', sp-clause-del-heur=''2'', sp-first-restart='100', sp-learned-clause-sort-heur=''0'', sp-learned-clauses-inc='1.3', sp-learned-size-factor='0.4', sp-orig-clause-sort-heur=''0'', sp-phase-dec-heur=''5'', sp-rand-var-dec-freq=''0.001'', sp-resolution=''1'', sp-restart-inc='1.5', sp-update-dec-queue=''1'', sp-use-pure-literal-rule=''1'', sp-var-activity-inc='1.0', sp-var-dec-heur=''0'', sp-variable-decay='1.4', sp-max-res-lit-inc='1.0', sp-max-res-runs='4', sp-rand-phase-dec-freq=''0.001'', sp-rand-var-dec-scaling='1.0', sp-res-cutoff-cls='8', sp-res-cutoff-lits='400', sp-res-order-heur=''0'', sp-rand-phase-scaling='1.0'
0.048000, 0.048000, 2.153691, 1, 2.105691, sp-clause-activity-inc='1.0', sp-clause-decay='1.4', sp-clause-del-heur=''2'', sp-first-restart='100', sp-learned-clause-sort-heur=''0'', sp-learned-clauses-inc='1.3', sp-learned-size-factor='0.4', sp-orig-clause-sort-heur=''0'', sp-phase-dec-heur=''5'', sp-rand-var-dec-freq=''0.001'', sp-resolution=''1'', sp-restart-inc='1.5', sp-update-dec-queue=''1'', sp-use-pure-literal-rule=''1'', sp-var-activity-inc='1.0', sp-var-dec-heur=''0'', sp-variable-decay='1.4', sp-max-res-lit-inc='1.0', sp-max-res-runs='4', sp-rand-phase-dec-freq=''0.001'', sp-rand-var-dec-scaling='1.0', sp-res-cutoff-cls='8', sp-res-cutoff-lits='400', sp-res-order-heur=''0'', sp-rand-phase-scaling='1.0'
139.908000, 0.065547, 108.203499, 7, -31.704501, sp-clause-activity-inc='1.0', sp-clause-decay='1.4', sp-clause-del-heur=''2'', sp-first-restart='100', sp-learned-clause-sort-heur=''11'', sp-learned-clauses-inc='1.3', sp-learned-size-factor='0.39999999999999997', sp-orig-clause-sort-heur=''0'', sp-phase-dec-heur=''5'', sp-rand-var-dec-freq=''0.001'', sp-resolution=''1'', sp-restart-inc='1.5', sp-update-dec-queue=''1'', sp-use-pure-literal-rule=''1'', sp-var-activity-inc='1.0', sp-var-dec-heur=''0'', sp-variable-decay='1.4', sp-max-res-lit-inc='1.0', sp-max-res-runs='4', sp-rand-phase-dec-freq=''0.001'', sp-rand-var-dec-scaling='1.0', sp-res-cutoff-cls='8', sp-res-cutoff-lits='400', sp-res-order-heur=''0'', sp-rand-phase-scaling='1.0560086321881987'
194.216000, 0.051668, 154.160995, 9, -40.055005, sp-clause-activity-inc='1.0', sp-clause-decay='1.6666151943271492', sp-clause-del-heur=''2'', sp-first-restart='100', sp-learned-clause-sort-heur=''11'', sp-learned-clauses-inc='1.3', sp-learned-size-factor='0.41816198072040006', sp-orig-clause-sort-heur=''0'', sp-phase-dec-heur=''5'', sp-rand-var-dec-freq=''0.001'', sp-resolution=''1'', sp-restart-inc='1.5', sp-update-dec-queue=''1'', sp-use-pure-literal-rule=''1'', sp-var-activity-inc='1.0', sp-var-dec-heur=''0'', sp-variable-decay='1.4', sp-max-res-lit-inc='1.0', sp-max-res-runs='4', sp-rand-phase-dec-freq=''0.001'', sp-rand-var-dec-scaling='1.0', sp-res-cutoff-cls='8', sp-res-cutoff-lits='400', sp-res-order-heur=''0'', sp-rand-phase-scaling='1.0560086321881987'
319.276000, 0.036907, 254.439995, 13, -64.836005, sp-clause-activity-inc='1.0', sp-clause-decay='1.6666151943271492', sp-clause-del-heur=''2'', sp-first-restart='100', sp-learned-clause-sort-heur=''11'', sp-learned-clauses-inc='1.3', sp-learned-size-factor='0.41816198072040006', sp-orig-clause-sort-heur=''0'', sp-phase-dec-heur=''5'', sp-rand-var-dec-freq=''0.001'', sp-resolution=''1'', sp-restart-inc='1.5', sp-update-dec-queue=''1'', sp-use-pure-literal-rule=''1'', sp-var-activity-inc='1.0', sp-var-dec-heur=''0'', sp-variable-decay='1.4', sp-max-res-lit-inc='1.0', sp-max-res-runs='4', sp-rand-phase-dec-freq=''0.001'', sp-rand-var-dec-scaling='1.0', sp-res-cutoff-cls='8', sp-res-cutoff-lits='128', sp-res-order-heur=''0'', sp-rand-phase-scaling='1.0560086321881987'
351.300000, 0.032545, 278.912733, 14, -72.387267, sp-clause-activity-inc='1.0', sp-clause-decay='1.6666151943271492', sp-clause-del-heur=''2'', sp-first-restart='100', sp-learned-clause-sort-heur=''11'', sp-learned-clauses-inc='1.3', sp-learned-size-factor='0.41816198072040006', sp-orig-clause-sort-heur=''17'', sp-phase-dec-heur=''5'', sp-rand-var-dec-freq=''0.001'', sp-resolution=''1'', sp-restart-inc='1.5', sp-update-dec-queue=''1'', sp-use-pure-literal-rule=''1'', sp-var-activity-inc='1.0', sp-var-dec-heur=''0'', sp-variable-decay='1.4', sp-max-res-lit-inc='1.0', sp-max-res-runs='4', sp-rand-phase-dec-freq=''0.001'', sp-rand-var-dec-scaling='1.0', sp-res-cutoff-cls='8', sp-res-cutoff-lits='400', sp-res-order-heur=''0'', sp-rand-phase-scaling='1.0560086321881987'
556.028000, 0.029460, 426.136860, 18, -129.891140, sp-clause-activity-inc='1.0', sp-clause-decay='1.6666151943271492', sp-clause-del-heur=''1'', sp-first-restart='100', sp-learned-clause-sort-heur=''11'', sp-learned-clauses-inc='1.3', sp-learned-size-factor='0.41816198072040006', sp-orig-clause-sort-heur=''17'', sp-phase-dec-heur=''5'', sp-rand-var-dec-freq=''0.001'', sp-resolution=''1'', sp-restart-inc='1.5', sp-update-dec-queue=''1'', sp-use-pure-literal-rule=''1'', sp-var-activity-inc='0.9810001300333284', sp-var-dec-heur=''0'', sp-variable-decay='1.4', sp-max-res-lit-inc='1.0', sp-max-res-runs='4', sp-rand-phase-dec-freq=''0.01'', sp-rand-var-dec-scaling='1.0', sp-res-cutoff-cls='8', sp-res-cutoff-lits='400', sp-res-order-heur=''0'', sp-rand-phase-scaling='1.0560086321881987'
643.452000, 0.025765, 491.575314, 16, -151.876686, sp-clause-activity-inc='1.0', sp-clause-decay='1.6666151943271492', sp-clause-del-heur=''2'', sp-first-restart='100', sp-learned-clause-sort-heur=''11'', sp-learned-clauses-inc='1.3', sp-learned-size-factor='0.41816198072040006', sp-orig-clause-sort-heur=''17'', sp-phase-dec-heur=''5'', sp-rand-var-dec-freq=''0.001'', sp-resolution=''1'', sp-restart-inc='1.5', sp-update-dec-queue=''1'', sp-use-pure-literal-rule=''1'', sp-var-activity-inc='0.9810001300333284', sp-var-dec-heur=''0'', sp-variable-decay='1.4', sp-max-res-lit-inc='1.0', sp-max-res-runs='4', sp-rand-phase-dec-freq=''0.01'', sp-rand-var-dec-scaling='1.0', sp-res-cutoff-cls='8', sp-res-cutoff-lits='400', sp-res-order-heur=''0'', sp-rand-phase-scaling='1.0560086321881987'
854.640000, 0.024977, 649.781646, 23, -204.858354, sp-clause-activity-inc='1.0', sp-clause-decay='1.6666151943271492', sp-clause-del-heur=''2'', sp-first-restart='100', sp-learned-clause-sort-heur=''11'', sp-learned-clauses-inc='1.3', sp-learned-size-factor='0.41816198072040006', sp-orig-clause-sort-heur=''17'', sp-phase-dec-heur=''5'', sp-rand-var-dec-freq=''0.001'', sp-resolution=''1'', sp-restart-inc='1.5', sp-update-dec-queue=''0'', sp-use-pure-literal-rule=''1'', sp-var-activity-inc='0.9810001300333284', sp-var-dec-heur=''0'', sp-variable-decay='1.4', sp-max-res-lit-inc='1.0', sp-max-res-runs='4', sp-rand-phase-dec-freq=''0.01'', sp-rand-var-dec-scaling='1.0', sp-res-cutoff-cls='8', sp-res-cutoff-lits='268', sp-res-order-heur=''0'', sp-rand-phase-scaling='1.0560086321881987'
1286.352000, 0.028371, 977.507980, 30, -308.844020, sp-clause-activity-inc='0.9280846864438896', sp-clause-decay='1.6666151943271492', sp-clause-del-heur=''2'', sp-first-restart='100', sp-learned-clause-sort-heur=''11'', sp-learned-clauses-inc='1.3', sp-learned-size-factor='0.41816198072040006', sp-orig-clause-sort-heur=''17'', sp-phase-dec-heur=''5'', sp-rand-var-dec-freq=''0.001'', sp-resolution=''1'', sp-restart-inc='1.5', sp-update-dec-queue=''0'', sp-use-pure-literal-rule=''1'', sp-var-activity-inc='0.9810001300333284', sp-var-dec-heur=''0'', sp-variable-decay='1.4', sp-max-res-lit-inc='1.0', sp-max-res-runs='4', sp-rand-phase-dec-freq=''0.01'', sp-rand-var-dec-scaling='1.0', sp-res-cutoff-cls='8', sp-res-cutoff-lits='268', sp-res-order-heur=''0'', sp-rand-phase-scaling='1.0560086321881987'
1371.980000, 0.027055, 1039.530926, 23, -332.449074, sp-clause-activity-inc='1.0', sp-clause-decay='1.6666151943271492', sp-clause-del-heur=''2'', sp-first-restart='100', sp-learned-clause-sort-heur=''11'', sp-learned-clauses-inc='1.3', sp-learned-size-factor='0.41816198072040006', sp-orig-clause-sort-heur=''17'', sp-phase-dec-heur=''5'', sp-rand-var-dec-freq=''0.001'', sp-resolution=''1'', sp-restart-inc='1.5', sp-update-dec-queue=''0'', sp-use-pure-literal-rule=''1'', sp-var-activity-inc='0.9810001300333284', sp-var-dec-heur=''0'', sp-variable-decay='1.4', sp-max-res-lit-inc='1.0', sp-max-res-runs='4', sp-rand-phase-dec-freq=''0.01'', sp-rand-var-dec-scaling='1.0', sp-res-cutoff-cls='8', sp-res-cutoff-lits='268', sp-res-order-heur=''0'', sp-rand-phase-scaling='1.0560086321881987'
1460.284000, 0.026865, 1105.461662, 32, -354.822338, sp-clause-activity-inc='1.0', sp-clause-decay='1.6666151943271492', sp-clause-del-heur=''2'', sp-first-restart='100', sp-learned-clause-sort-heur=''11'', sp-learned-clauses-inc='1.3', sp-learned-size-factor='0.41816198072040006', sp-orig-clause-sort-heur=''17'', sp-phase-dec-heur=''5'', sp-rand-var-dec-freq=''0.001'', sp-resolution=''0'', sp-restart-inc='1.5', sp-update-dec-queue=''0'', sp-use-pure-literal-rule=''1'', sp-var-activity-inc='0.9810001300333284', sp-var-dec-heur=''0'', sp-variable-decay='1.4', sp-rand-phase-dec-freq=''0.01'', sp-rand-var-dec-scaling='1.0', sp-rand-phase-scaling='1.0560086321881987'
1728.760000, 0.023531, 1299.999151, 35, -428.760849, sp-clause-activity-inc='1.0', sp-clause-decay='1.6666151943271492', sp-clause-del-heur=''2'', sp-first-restart='100', sp-learned-clause-sort-heur=''11'', sp-learned-clauses-inc='1.3', sp-learned-size-factor='0.41816198072040006', sp-orig-clause-sort-heur=''17'', sp-phase-dec-heur=''5'', sp-rand-var-dec-freq=''0.001'', sp-resolution=''0'', sp-restart-inc='1.5', sp-update-dec-queue=''1'', sp-use-pure-literal-rule=''1'', sp-var-activity-inc='0.9810001300333284', sp-var-dec-heur=''0'', sp-variable-decay='1.4', sp-rand-phase-dec-freq=''0.01'', sp-rand-var-dec-scaling='1.0', sp-rand-phase-scaling='1.0560086321881987'
2351.212000, 0.020472, 1754.828070, 41, -596.383930, sp-clause-activity-inc='1.0', sp-clause-decay='1.576243085059745', sp-clause-del-heur=''2'', sp-first-restart='100', sp-learned-clause-sort-heur=''11'', sp-learned-clauses-inc='1.3', sp-learned-size-factor='0.41816198072040006', sp-orig-clause-sort-heur=''17'', sp-phase-dec-heur=''5'', sp-rand-var-dec-freq=''0.001'', sp-resolution=''0'', sp-restart-inc='1.5', sp-update-dec-queue=''1'', sp-use-pure-literal-rule=''1'', sp-var-activity-inc='0.9810001300333284', sp-var-dec-heur=''0'', sp-variable-decay='1.4', sp-rand-phase-dec-freq=''0.01'', sp-rand-var-dec-scaling='1.0', sp-rand-phase-scaling='1.0560086321881987'
2554.488000, 0.018936, 1905.356954, 43, -649.131046, sp-clause-activity-inc='1.0', sp-clause-decay='1.576243085059745', sp-clause-del-heur=''2'', sp-first-restart='100', sp-learned-clause-sort-heur=''11'', sp-learned-clauses-inc='1.3', sp-learned-size-factor='0.41816198072040006', sp-orig-clause-sort-heur=''17'', sp-phase-dec-heur=''5'', sp-rand-var-dec-freq=''0.001'', sp-resolution=''0'', sp-restart-inc='1.1507491514670936', sp-update-dec-queue=''1'', sp-use-pure-literal-rule=''1'', sp-var-activity-inc='0.9810001300333284', sp-var-dec-heur=''0'', sp-variable-decay='1.4', sp-rand-phase-dec-freq=''0.01'', sp-rand-var-dec-scaling='1.0', sp-rand-phase-scaling='1.0560086321881987'
3012.592000, 0.018827, 2245.468984, 47, -767.123016, sp-clause-activity-inc='1.0', sp-clause-decay='1.576243085059745', sp-clause-del-heur=''2'', sp-first-restart='100', sp-learned-clause-sort-heur=''11'', sp-learned-clauses-inc='1.3', sp-learned-size-factor='0.41816198072040006', sp-orig-clause-sort-heur=''17'', sp-phase-dec-heur=''5'', sp-rand-var-dec-freq=''0.001'', sp-resolution=''0'', sp-restart-inc='1.351957862318473', sp-update-dec-queue=''1'', sp-use-pure-literal-rule=''1'', sp-var-activity-inc='0.9810001300333284', sp-var-dec-heur=''0'', sp-variable-decay='1.1827126965691497', sp-rand-phase-dec-freq=''0.01'', sp-rand-var-dec-scaling='1.0', sp-rand-phase-scaling='0.8550105148673679'
3395.880000, 0.018766, 2525.756190, 50, -870.123810, sp-clause-activity-inc='0.9670475239663071', sp-clause-decay='1.576243085059745', sp-clause-del-heur=''2'', sp-first-restart='100', sp-learned-clause-sort-heur=''11'', sp-learned-clauses-inc='1.3', sp-learned-size-factor='0.41816198072040006', sp-orig-clause-sort-heur=''17'', sp-phase-dec-heur=''5'', sp-rand-var-dec-freq=''0.001'', sp-resolution=''0'', sp-restart-inc='1.351957862318473', sp-update-dec-queue=''1'', sp-use-pure-literal-rule=''1'', sp-var-activity-inc='1.2024872218470415', sp-var-dec-heur=''0'', sp-variable-decay='1.4', sp-rand-phase-dec-freq=''0.01'', sp-rand-var-dec-scaling='1.0', sp-rand-phase-scaling='0.8550105148673679'
3942.424000, 0.017301, 2927.655837, 54, -1014.768163, sp-clause-activity-inc='0.9670475239663071', sp-clause-decay='1.576243085059745', sp-clause-del-heur=''2'', sp-first-restart='25', sp-learned-clause-sort-heur=''11'', sp-learned-clauses-inc='1.3', sp-learned-size-factor='0.41816198072040006', sp-orig-clause-sort-heur=''8'', sp-phase-dec-heur=''5'', sp-rand-var-dec-freq=''0.001'', sp-resolution=''0'', sp-restart-inc='1.351957862318473', sp-update-dec-queue=''0'', sp-use-pure-literal-rule=''1'', sp-var-activity-inc='1.2024872218470415', sp-var-dec-heur=''0'', sp-variable-decay='1.160960665285999', sp-rand-phase-dec-freq=''0.01'', sp-rand-var-dec-scaling='1.0', sp-rand-phase-scaling='0.8550105148673679'
4240.834000, 0.016658, 3139.178117, 56, -1101.655883, sp-clause-activity-inc='0.9670475239663071', sp-clause-decay='1.576243085059745', sp-clause-del-heur=''2'', sp-first-restart='25', sp-learned-clause-sort-heur=''11'', sp-learned-clauses-inc='1.3', sp-learned-size-factor='0.41816198072040006', sp-orig-clause-sort-heur=''8'', sp-phase-dec-heur=''5'', sp-rand-var-dec-freq=''0.001'', sp-resolution=''0'', sp-restart-inc='1.351957862318473', sp-update-dec-queue=''0'', sp-use-pure-literal-rule=''1'', sp-var-activity-inc='1.2024872218470415', sp-var-dec-heur=''0'', sp-variable-decay='1.4', sp-rand-phase-dec-freq=''0.001'', sp-rand-var-dec-scaling='1.0', sp-rand-phase-scaling='0.8550105148673679'
4358.946000, 0.013848, 3231.536036, 57, -1127.409964, sp-clause-activity-inc='0.9670475239663071', sp-clause-decay='1.576243085059745', sp-clause-del-heur=''2'', sp-first-restart='25', sp-learned-clause-sort-heur=''11'', sp-learned-clauses-inc='1.3', sp-learned-size-factor='0.41816198072040006', sp-orig-clause-sort-heur=''8'', sp-phase-dec-heur=''5'', sp-rand-var-dec-freq=''0.001'', sp-resolution=''0'', sp-restart-inc='1.351957862318473', sp-update-dec-queue=''0'', sp-use-pure-literal-rule=''1'', sp-var-activity-inc='1.2024872218470415', sp-var-dec-heur=''0'', sp-variable-decay='1.247193854844023', sp-rand-phase-dec-freq=''0.001'', sp-rand-var-dec-scaling='1.0', sp-rand-phase-scaling='0.8550105148673679'
4600.998000, 0.013142, 3414.127619, 59, -1186.870381, sp-clause-activity-inc='0.9670475239663071', sp-clause-decay='1.9108598161519585', sp-clause-del-heur=''2'', sp-first-restart='25', sp-learned-clause-sort-heur=''11'', sp-learned-clauses-inc='1.3', sp-learned-size-factor='0.41816198072040006', sp-orig-clause-sort-heur=''8'', sp-phase-dec-heur=''5'', sp-rand-var-dec-freq=''0.001'', sp-resolution=''0'', sp-restart-inc='1.351957862318473', sp-update-dec-queue=''0'', sp-use-pure-literal-rule=''1'', sp-var-activity-inc='1.2024872218470415', sp-var-dec-heur=''0'', sp-variable-decay='1.247193854844023', sp-rand-phase-dec-freq=''0.001'', sp-rand-var-dec-scaling='1.0', sp-rand-phase-scaling='0.8550105148673679'
4724.674000, 0.012750, 3507.216205, 57, -1217.457795, sp-clause-activity-inc='0.9670475239663071', sp-clause-decay='1.576243085059745', sp-clause-del-heur=''2'', sp-first-restart='25', sp-learned-clause-sort-heur=''11'', sp-learned-clauses-inc='1.3', sp-learned-size-factor='0.41816198072040006', sp-orig-clause-sort-heur=''8'', sp-phase-dec-heur=''5'', sp-rand-var-dec-freq=''0.001'', sp-resolution=''0'', sp-restart-inc='1.351957862318473', sp-update-dec-queue=''0'', sp-use-pure-literal-rule=''1'', sp-var-activity-inc='1.2024872218470415', sp-var-dec-heur=''0'', sp-variable-decay='1.247193854844023', sp-rand-phase-dec-freq=''0.001'', sp-rand-var-dec-scaling='1.0', sp-rand-phase-scaling='0.8550105148673679'
4849.698000, 0.012674, 3599.838372, 61, -1249.859628, sp-clause-activity-inc='0.9670475239663071', sp-clause-decay='1.576243085059745', sp-clause-del-heur=''2'', sp-first-restart='35', sp-learned-clause-sort-heur=''11'', sp-learned-clauses-inc='1.3', sp-learned-size-factor='0.41816198072040006', sp-orig-clause-sort-heur=''8'', sp-phase-dec-heur=''5'', sp-rand-var-dec-freq=''0.001'', sp-resolution=''0'', sp-restart-inc='1.351957862318473', sp-update-dec-queue=''0'', sp-use-pure-literal-rule=''1'', sp-var-activity-inc='1.2024872218470415', sp-var-dec-heur=''0'', sp-variable-decay='1.247193854844023', sp-rand-phase-dec-freq=''0.001'', sp-rand-var-dec-scaling='0.7994903789722598', sp-rand-phase-scaling='0.8550105148673679'
5112.330000, 0.012561, 3800.625459, 60, -1311.704541, sp-clause-activity-inc='0.9670475239663071', sp-clause-decay='1.576243085059745', sp-clause-del-heur=''2'', sp-first-restart='25', sp-learned-clause-sort-heur=''11'', sp-learned-clauses-inc='1.3', sp-learned-size-factor='0.41816198072040006', sp-orig-clause-sort-heur=''8'', sp-phase-dec-heur=''5'', sp-rand-var-dec-freq=''0.001'', sp-resolution=''0'', sp-restart-inc='1.351957862318473', sp-update-dec-queue=''0'', sp-use-pure-literal-rule=''1'', sp-var-activity-inc='1.2024872218470415', sp-var-dec-heur=''0'', sp-variable-decay='1.247193854844023', sp-rand-phase-dec-freq=''0.001'', sp-rand-var-dec-scaling='0.7994903789722598', sp-rand-phase-scaling='0.8550105148673679'
5518.994000, 0.012370, 4108.302407, 66, -1410.691593, sp-clause-activity-inc='0.9670475239663071', sp-clause-decay='1.576243085059745', sp-clause-del-heur=''2'', sp-first-restart='25', sp-learned-clause-sort-heur=''11'', sp-learned-clauses-inc='1.3', sp-learned-size-factor='0.41816198072040006', sp-orig-clause-sort-heur=''8'', sp-phase-dec-heur=''5'', sp-rand-var-dec-freq=''0.001'', sp-resolution=''2'', sp-restart-inc='1.351957862318473', sp-update-dec-queue=''0'', sp-use-pure-literal-rule=''0'', sp-var-activity-inc='1.2024872218470415', sp-var-dec-heur=''0'', sp-variable-decay='1.247193854844023', sp-max-res-lit-inc='1.0', sp-max-res-runs='4', sp-rand-phase-dec-freq=''0.001'', sp-rand-var-dec-scaling='0.7994903789722598', sp-res-cutoff-cls='8', sp-res-cutoff-lits='400', sp-res-order-heur=''0'', sp-rand-phase-scaling='0.8550105148673679'
5652.550000, 0.011642, 4209.654558, 67, -1442.895442, sp-clause-activity-inc='0.9670475239663071', sp-clause-decay='1.576243085059745', sp-clause-del-heur=''2'', sp-first-restart='25', sp-learned-clause-sort-heur=''11'', sp-learned-clauses-inc='1.3', sp-learned-size-factor='0.41816198072040006', sp-orig-clause-sort-heur=''8'', sp-phase-dec-heur=''5'', sp-rand-var-dec-freq=''0.0001'', sp-resolution=''2'', sp-restart-inc='1.351957862318473', sp-update-dec-queue=''0'', sp-use-pure-literal-rule=''0'', sp-var-activity-inc='1.2024872218470415', sp-var-dec-heur=''0'', sp-variable-decay='1.247193854844023', sp-max-res-lit-inc='1.0', sp-max-res-runs='4', sp-rand-phase-dec-freq=''0.001'', sp-rand-var-dec-scaling='0.7994903789722598', sp-res-cutoff-cls='8', sp-res-cutoff-lits='400', sp-res-order-heur=''0'', sp-rand-phase-scaling='0.8550105148673679'
7651.902000, 0.010478, 5721.840860, 80, -1930.061140, sp-clause-activity-inc='0.9670475239663071', sp-clause-decay='1.576243085059745', sp-clause-del-heur=''0'', sp-first-restart='25', sp-learned-clause-sort-heur=''11'', sp-learned-clauses-inc='1.3', sp-learned-size-factor='0.41816198072040006', sp-orig-clause-sort-heur=''19'', sp-phase-dec-heur=''5'', sp-rand-var-dec-freq=''0.0001'', sp-resolution=''2'', sp-restart-inc='1.3838138663506294', sp-update-dec-queue=''0'', sp-use-pure-literal-rule=''0'', sp-var-activity-inc='1.2024872218470415', sp-var-dec-heur=''16'', sp-variable-decay='1.5142324418176378', sp-max-res-lit-inc='1.0', sp-max-res-runs='4', sp-rand-phase-dec-freq=''0.05'', sp-rand-var-dec-scaling='0.7994903789722598', sp-res-cutoff-cls='8', sp-res-cutoff-lits='400', sp-res-order-heur=''16'', sp-rand-phase-scaling='0.8550105148673679'
8504.958000, 0.010083, 6399.801434, 85, -2105.156566, sp-clause-activity-inc='0.9557578623321427', sp-clause-decay='1.576243085059745', sp-clause-del-heur=''0'', sp-first-restart='25', sp-learned-clause-sort-heur=''11'', sp-learned-clauses-inc='1.3', sp-learned-size-factor='0.41816198072040006', sp-orig-clause-sort-heur=''19'', sp-phase-dec-heur=''4'', sp-rand-var-dec-freq=''0.0001'', sp-resolution=''2'', sp-restart-inc='1.3838138663506294', sp-update-dec-queue=''0'', sp-use-pure-literal-rule=''0'', sp-var-activity-inc='1.2024872218470415', sp-var-dec-heur=''16'', sp-variable-decay='1.5142324418176378', sp-max-res-lit-inc='1.0', sp-max-res-runs='4', sp-rand-phase-dec-freq=''0.05'', sp-rand-var-dec-scaling='0.6703324445373239', sp-res-cutoff-cls='8', sp-res-cutoff-lits='400', sp-res-order-heur=''16'', sp-rand-phase-scaling='0.8550105148673679'
9039.682000, 0.009499, 6817.450590, 88, -2222.231410, sp-clause-activity-inc='0.9557578623321427', sp-clause-decay='1.576243085059745', sp-clause-del-heur=''0'', sp-first-restart='25', sp-learned-clause-sort-heur=''11'', sp-learned-clauses-inc='1.3', sp-learned-size-factor='0.41816198072040006', sp-orig-clause-sort-heur=''19'', sp-phase-dec-heur=''4'', sp-rand-var-dec-freq=''0.0001'', sp-resolution=''2'', sp-restart-inc='1.3838138663506294', sp-update-dec-queue=''0'', sp-use-pure-literal-rule=''1'', sp-var-activity-inc='1.2024872218470415', sp-var-dec-heur=''16'', sp-variable-decay='1.5142324418176378', sp-max-res-lit-inc='1.0', sp-max-res-runs='4', sp-rand-phase-dec-freq=''0.05'', sp-rand-var-dec-scaling='0.6703324445373239', sp-res-cutoff-cls='8', sp-res-cutoff-lits='546', sp-res-order-heur=''16'', sp-rand-phase-scaling='0.8550105148673679'
9215.898000, 0.009294, 6956.977651, 87, -2258.920349, sp-clause-activity-inc='0.9557578623321427', sp-clause-decay='1.576243085059745', sp-clause-del-heur=''0'', sp-first-restart='25', sp-learned-clause-sort-heur=''11'', sp-learned-clauses-inc='1.3', sp-learned-size-factor='0.41816198072040006', sp-orig-clause-sort-heur=''19'', sp-phase-dec-heur=''4'', sp-rand-var-dec-freq=''0.0001'', sp-resolution=''2'', sp-restart-inc='1.3838138663506294', sp-update-dec-queue=''0'', sp-use-pure-literal-rule=''1'', sp-var-activity-inc='1.2024872218470415', sp-var-dec-heur=''16'', sp-variable-decay='1.5142324418176378', sp-max-res-lit-inc='1.0', sp-max-res-runs='4', sp-rand-phase-dec-freq=''0.05'', sp-rand-var-dec-scaling='0.6703324445373239', sp-res-cutoff-cls='8', sp-res-cutoff-lits='400', sp-res-order-heur=''16'', sp-rand-phase-scaling='0.8550105148673679'
10159.862000, 0.009161, 7691.222924, 93, -2468.639076, sp-clause-activity-inc='0.9557578623321427', sp-clause-decay='1.576243085059745', sp-clause-del-heur=''0'', sp-first-restart='52', sp-learned-clause-sort-heur=''11'', sp-learned-clauses-inc='1.3', sp-learned-size-factor='0.41816198072040006', sp-orig-clause-sort-heur=''19'', sp-phase-dec-heur=''4'', sp-rand-var-dec-freq=''0.0001'', sp-resolution=''2'', sp-restart-inc='1.3838138663506294', sp-update-dec-queue=''0'', sp-use-pure-literal-rule=''1'', sp-var-activity-inc='1.2024872218470415', sp-var-dec-heur=''16'', sp-variable-decay='1.6218778665213076', sp-max-res-lit-inc='1.0', sp-max-res-runs='4', sp-rand-phase-dec-freq=''0.05'', sp-rand-var-dec-scaling='0.6703324445373239', sp-res-cutoff-cls='8', sp-res-cutoff-lits='400', sp-res-order-heur=''16'', sp-rand-phase-scaling='0.8550105148673679'
10751.274000, 0.008772, 8149.258872, 97, -2602.015128, sp-clause-activity-inc='0.9557578623321427', sp-clause-decay='1.576243085059745', sp-clause-del-heur=''0'', sp-first-restart='25', sp-learned-clause-sort-heur=''11'', sp-learned-clauses-inc='1.3', sp-learned-size-factor='0.41816198072040006', sp-orig-clause-sort-heur=''19'', sp-phase-dec-heur=''4'', sp-rand-var-dec-freq=''0.0001'', sp-resolution=''2'', sp-restart-inc='1.3838138663506294', sp-update-dec-queue=''0'', sp-use-pure-literal-rule=''1'', sp-var-activity-inc='1.2024872218470415', sp-var-dec-heur=''16'', sp-variable-decay='1.6218778665213076', sp-max-res-lit-inc='1.0', sp-max-res-runs='4', sp-rand-phase-dec-freq=''0.05'', sp-rand-var-dec-scaling='0.7035897880941933', sp-res-cutoff-cls='8', sp-res-cutoff-lits='400', sp-res-order-heur=''16'', sp-rand-phase-scaling='0.8550105148673679'
11332.218000, 0.008316, 8608.939355, 100, -2723.278645, sp-clause-activity-inc='0.9557578623321427', sp-clause-decay='1.576243085059745', sp-clause-del-heur=''2'', sp-first-restart='25', sp-learned-clause-sort-heur=''11'', sp-learned-clauses-inc='1.3', sp-learned-size-factor='0.41816198072040006', sp-orig-clause-sort-heur=''19'', sp-phase-dec-heur=''4'', sp-rand-var-dec-freq=''0.0001'', sp-resolution=''2'', sp-restart-inc='1.3838138663506294', sp-update-dec-queue=''0'', sp-use-pure-literal-rule=''1'', sp-var-activity-inc='1.2024872218470415', sp-var-dec-heur=''16'', sp-variable-decay='1.6218778665213076', sp-max-res-lit-inc='1.0', sp-max-res-runs='4', sp-rand-phase-dec-freq=''0.05'', sp-rand-var-dec-scaling='0.7035897880941933', sp-res-cutoff-cls='8', sp-res-cutoff-lits='400', sp-res-order-heur=''1'', sp-rand-phase-scaling='0.8550105148673679'
11737.946000, 0.008364, 8930.701828, 102, -2807.244172, sp-clause-activity-inc='0.9557578623321427', sp-clause-decay='1.576243085059745', sp-clause-del-heur=''2'', sp-first-restart='43', sp-learned-clause-sort-heur=''11'', sp-learned-clauses-inc='1.3', sp-learned-size-factor='0.41816198072040006', sp-orig-clause-sort-heur=''19'', sp-phase-dec-heur=''4'', sp-rand-var-dec-freq=''0.0001'', sp-resolution=''2'', sp-restart-inc='1.3838138663506294', sp-update-dec-queue=''0'', sp-use-pure-literal-rule=''1'', sp-var-activity-inc='1.2024872218470415', sp-var-dec-heur=''16'', sp-variable-decay='1.6218778665213076', sp-max-res-lit-inc='1.0', sp-max-res-runs='4', sp-rand-phase-dec-freq=''0.05'', sp-rand-var-dec-scaling='0.7035897880941933', sp-res-cutoff-cls='8', sp-res-cutoff-lits='400', sp-res-order-heur=''1'', sp-rand-phase-scaling='0.8550105148673679'
11944.090000, 0.008216, 9092.626101, 103, -2851.463899, sp-clause-activity-inc='0.9557578623321427', sp-clause-decay='1.576243085059745', sp-clause-del-heur=''2'', sp-first-restart='43', sp-learned-clause-sort-heur=''11'', sp-learned-clauses-inc='1.3', sp-learned-size-factor='0.41816198072040006', sp-orig-clause-sort-heur=''19'', sp-phase-dec-heur=''4'', sp-rand-var-dec-freq=''0.0001'', sp-resolution=''2'', sp-restart-inc='1.3838138663506294', sp-update-dec-queue=''0'', sp-use-pure-literal-rule=''1'', sp-var-activity-inc='1.2024872218470415', sp-var-dec-heur=''16'', sp-variable-decay='1.2168565348998603', sp-max-res-lit-inc='1.0', sp-max-res-runs='4', sp-rand-phase-dec-freq=''0.05'', sp-rand-var-dec-scaling='0.7035897880941933', sp-res-cutoff-cls='8', sp-res-cutoff-lits='400', sp-res-order-heur=''1'', sp-rand-phase-scaling='0.8550105148673679'
12144.482000, 0.008033, 9254.137784, 104, -2890.344216, sp-clause-activity-inc='0.9557578623321427', sp-clause-decay='1.576243085059745', sp-clause-del-heur=''2'', sp-first-restart='43', sp-learned-clause-sort-heur=''11'', sp-learned-clauses-inc='1.3', sp-learned-size-factor='0.41816198072040006', sp-orig-clause-sort-heur=''19'', sp-phase-dec-heur=''4'', sp-rand-var-dec-freq=''0.0001'', sp-resolution=''0'', sp-restart-inc='1.3838138663506294', sp-update-dec-queue=''0'', sp-use-pure-literal-rule=''1'', sp-var-activity-inc='1.2024872218470415', sp-var-dec-heur=''16'', sp-variable-decay='1.6218778665213076', sp-rand-phase-dec-freq=''0.05'', sp-rand-var-dec-scaling='0.7035897880941933', sp-rand-phase-scaling='0.8550105148673679'
12557.954000, 0.007841, 9580.651303, 106, -2977.302697, sp-clause-activity-inc='0.9557578623321427', sp-clause-decay='1.576243085059745', sp-clause-del-heur=''2'', sp-first-restart='43', sp-learned-clause-sort-heur=''11'', sp-learned-clauses-inc='1.3933849147559045', sp-learned-size-factor='0.41816198072040006', sp-orig-clause-sort-heur=''19'', sp-phase-dec-heur=''4'', sp-rand-var-dec-freq=''0.0001'', sp-resolution=''0'', sp-restart-inc='1.3838138663506294', sp-update-dec-queue=''0'', sp-use-pure-literal-rule=''1'', sp-var-activity-inc='1.2024872218470415', sp-var-dec-heur=''16'', sp-variable-decay='1.7451121056490417', sp-rand-phase-dec-freq=''0.05'', sp-rand-var-dec-scaling='0.7035897880941933', sp-rand-phase-scaling='0.8550105148673679'
12969.926000, 0.007575, 9905.117995, 108, -3064.808005, sp-clause-activity-inc='0.9557578623321427', sp-clause-decay='1.576243085059745', sp-clause-del-heur=''2'', sp-first-restart='43', sp-learned-clause-sort-heur=''11'', sp-learned-clauses-inc='1.3933849147559045', sp-learned-size-factor='0.41816198072040006', sp-orig-clause-sort-heur=''19'', sp-phase-dec-heur=''4'', sp-rand-var-dec-freq=''0.0001'', sp-resolution=''0'', sp-restart-inc='1.3838138663506294', sp-update-dec-queue=''0'', sp-use-pure-literal-rule=''0'', sp-var-activity-inc='1.2024872218470415', sp-var-dec-heur=''16'', sp-variable-decay='1.7451121056490417', sp-rand-phase-dec-freq=''0.05'', sp-rand-var-dec-scaling='0.7035897880941933', sp-rand-phase-scaling='0.8550105148673679'
13591.870000, 0.007253, 10399.855479, 111, -3192.014521, sp-clause-activity-inc='0.9557578623321427', sp-clause-decay='1.576243085059745', sp-clause-del-heur=''2'', sp-first-restart='43', sp-learned-clause-sort-heur=''8'', sp-learned-clauses-inc='1.3933849147559045', sp-learned-size-factor='0.41816198072040006', sp-orig-clause-sort-heur=''2'', sp-phase-dec-heur=''4'', sp-rand-var-dec-freq=''0.0001'', sp-resolution=''0'', sp-restart-inc='1.3838138663506294', sp-update-dec-queue=''0'', sp-use-pure-literal-rule=''0'', sp-var-activity-inc='1.2024872218470415', sp-var-dec-heur=''16'', sp-variable-decay='1.7451121056490417', sp-rand-phase-dec-freq=''0.05'', sp-rand-var-dec-scaling='0.7035897880941933', sp-rand-phase-scaling='0.8550105148673679'
14219.230000, 0.007011, 10903.343665, 114, -3315.886335, sp-clause-activity-inc='0.9557578623321427', sp-clause-decay='1.576243085059745', sp-clause-del-heur=''2'', sp-first-restart='43', sp-learned-clause-sort-heur=''8'', sp-learned-clauses-inc='1.3933849147559045', sp-learned-size-factor='0.41816198072040006', sp-orig-clause-sort-heur=''7'', sp-phase-dec-heur=''4'', sp-rand-var-dec-freq=''0.0001'', sp-resolution=''0'', sp-restart-inc='1.3838138663506294', sp-update-dec-queue=''0'', sp-use-pure-literal-rule=''0'', sp-var-activity-inc='1.3856508746345182', sp-var-dec-heur=''16'', sp-variable-decay='1.7451121056490417', sp-rand-phase-dec-freq=''0.05'', sp-rand-var-dec-scaling='0.7035897880941933', sp-rand-phase-scaling='0.8550105148673679'
14433.354000, 0.006909, 11071.594348, 113, -3361.759652, sp-clause-activity-inc='0.9557578623321427', sp-clause-decay='1.576243085059745', sp-clause-del-heur=''2'', sp-first-restart='43', sp-learned-clause-sort-heur=''8'', sp-learned-clauses-inc='1.3933849147559045', sp-learned-size-factor='0.41816198072040006', sp-orig-clause-sort-heur=''2'', sp-phase-dec-heur=''4'', sp-rand-var-dec-freq=''0.0001'', sp-resolution=''0'', sp-restart-inc='1.3838138663506294', sp-update-dec-queue=''0'', sp-use-pure-literal-rule=''0'', sp-var-activity-inc='1.3856508746345182', sp-var-dec-heur=''16'', sp-variable-decay='1.7451121056490417', sp-rand-phase-dec-freq=''0.05'', sp-rand-var-dec-scaling='0.7035897880941933', sp-rand-phase-scaling='0.8550105148673679'
14644.126000, 0.006801, 11239.003314, 116, -3405.122686, sp-clause-activity-inc='0.9557578623321427', sp-clause-decay='1.576243085059745', sp-clause-del-heur=''2'', sp-first-restart='43', sp-learned-clause-sort-heur=''8'', sp-learned-clauses-inc='1.3933849147559045', sp-learned-size-factor='0.41816198072040006', sp-orig-clause-sort-heur=''2'', sp-phase-dec-heur=''4'', sp-rand-var-dec-freq=''0.0001'', sp-resolution=''0'', sp-restart-inc='1.3838138663506294', sp-update-dec-queue=''1'', sp-use-pure-literal-rule=''0'', sp-var-activity-inc='1.3856508746345182', sp-var-dec-heur=''16'', sp-variable-decay='1.7451121056490417', sp-rand-phase-dec-freq=''0.05'', sp-rand-var-dec-scaling='0.7035897880941933', sp-rand-phase-scaling='0.8550105148673679'
14858.818000, 0.006699, 11407.313492, 113, -3451.504508, sp-clause-activity-inc='0.9557578623321427', sp-clause-decay='1.576243085059745', sp-clause-del-heur=''2'', sp-first-restart='43', sp-learned-clause-sort-heur=''8'', sp-learned-clauses-inc='1.3933849147559045', sp-learned-size-factor='0.41816198072040006', sp-orig-clause-sort-heur=''2'', sp-phase-dec-heur=''4'', sp-rand-var-dec-freq=''0.0001'', sp-resolution=''0'', sp-restart-inc='1.3838138663506294', sp-update-dec-queue=''0'', sp-use-pure-literal-rule=''0'', sp-var-activity-inc='1.3856508746345182', sp-var-dec-heur=''16'', sp-variable-decay='1.7451121056490417', sp-rand-phase-dec-freq=''0.05'', sp-rand-var-dec-scaling='0.7035897880941933', sp-rand-phase-scaling='0.8550105148673679'
15519.642000, 0.006483, 11922.881377, 120, -3596.760623, sp-clause-activity-inc='0.9557578623321427', sp-clause-decay='1.576243085059745', sp-clause-del-heur=''2'', sp-first-restart='43', sp-learned-clause-sort-heur=''8'', sp-learned-clauses-inc='1.3933849147559045', sp-learned-size-factor='0.10074790946910446', sp-orig-clause-sort-heur=''2'', sp-phase-dec-heur=''4'', sp-rand-var-dec-freq=''0.001'', sp-resolution=''0'', sp-restart-inc='1.3838138663506294', sp-update-dec-queue=''0'', sp-use-pure-literal-rule=''0'', sp-var-activity-inc='1.3856508746345182', sp-var-dec-heur=''16'', sp-variable-decay='1.7451121056490417', sp-rand-phase-dec-freq=''0.05'', sp-rand-var-dec-scaling='0.7035897880941933', sp-rand-phase-scaling='0.8550105148673679'
20130.332000, 0.006465, 15492.793682, 137, -4637.538318, sp-clause-activity-inc='0.9321417520637654', sp-clause-decay='1.587449360317317', sp-clause-del-heur=''2'', sp-first-restart='43', sp-learned-clause-sort-heur=''8'', sp-learned-clauses-inc='1.3933849147559045', sp-learned-size-factor='0.10328465738225809', sp-orig-clause-sort-heur=''7'', sp-phase-dec-heur=''4'', sp-rand-var-dec-freq=''0.05'', sp-resolution=''0'', sp-restart-inc='1.729859432036145', sp-update-dec-queue=''1'', sp-use-pure-literal-rule=''0'', sp-var-activity-inc='1.3856508746345182', sp-var-dec-heur=''16'', sp-variable-decay='1.7451121056490417', sp-rand-phase-dec-freq=''0.01'', sp-rand-var-dec-scaling='0.7035897880941933', sp-rand-phase-scaling='0.8550105148673679'
20409.944000, 0.006381, 15707.564844, 138, -4702.379156, sp-clause-activity-inc='0.9321417520637654', sp-clause-decay='1.587449360317317', sp-clause-del-heur=''2'', sp-first-restart='43', sp-learned-clause-sort-heur=''8'', sp-learned-clauses-inc='1.3933849147559045', sp-learned-size-factor='0.10328465738225809', sp-orig-clause-sort-heur=''7'', sp-phase-dec-heur=''4'', sp-rand-var-dec-freq=''0.05'', sp-resolution=''0'', sp-restart-inc='1.729859432036145', sp-update-dec-queue=''1'', sp-use-pure-literal-rule=''0'', sp-var-activity-inc='1.3856508746345182', sp-var-dec-heur=''16'', sp-variable-decay='1.4508348035173724', sp-rand-phase-dec-freq=''0.01'', sp-rand-var-dec-scaling='0.7035897880941933', sp-rand-phase-scaling='0.8550105148673679'
20678.520000, 0.006047, 15919.282227, 140, -4759.237773, sp-clause-activity-inc='0.9321417520637654', sp-clause-decay='1.587449360317317', sp-clause-del-heur=''2'', sp-first-restart='43', sp-learned-clause-sort-heur=''8'', sp-learned-clauses-inc='1.3933849147559045', sp-learned-size-factor='0.10328465738225809', sp-orig-clause-sort-heur=''7'', sp-phase-dec-heur=''2'', sp-rand-var-dec-freq=''0.05'', sp-resolution=''0'', sp-restart-inc='1.729859432036145', sp-update-dec-queue=''1'', sp-use-pure-literal-rule=''0'', sp-var-activity-inc='1.3856508746345182', sp-var-dec-heur=''16'', sp-variable-decay='1.4508348035173724', sp-rand-var-dec-scaling='0.7035897880941933'
22691.304000, 0.005953, 17468.818029, 147, -5222.485971, sp-clause-activity-inc='0.9321417520637654', sp-clause-decay='1.587449360317317', sp-clause-del-heur=''2'', sp-first-restart='43', sp-learned-clause-sort-heur=''8'', sp-learned-clauses-inc='1.3933849147559045', sp-learned-size-factor='0.10328465738225809', sp-orig-clause-sort-heur=''7'', sp-phase-dec-heur=''1'', sp-rand-var-dec-freq=''0.05'', sp-resolution=''0'', sp-restart-inc='1.729859432036145', sp-update-dec-queue=''1'', sp-use-pure-literal-rule=''0'', sp-var-activity-inc='1.3856508746345182', sp-var-dec-heur=''16'', sp-variable-decay='1.4508348035173724', sp-rand-phase-dec-freq=''0.01'', sp-rand-var-dec-scaling='0.7035897880941933', sp-rand-phase-scaling='0.8550105148673679'
