{"total_cpu_time": null, "cost": 2147483648, "evaluations": 0, "wallclock_time": 0.0009052753448486328, "cpu_time": 0, "incumbent": ["sp-clause-activity-inc='1.0'", "sp-clause-decay='1.4'", "sp-clause-del-heur=''2''", "sp-first-restart='100'", "sp-learned-clause-sort-heur=''0''", "sp-learned-clauses-inc='1.3'", "sp-learned-size-factor='0.4'", "sp-orig-clause-sort-heur=''0''", "sp-phase-dec-heur=''5''", "sp-rand-var-dec-freq=''0.001''", "sp-resolution=''1''", "sp-restart-inc='1.5'", "sp-update-dec-queue=''1''", "sp-use-pure-literal-rule=''1''", "sp-var-activity-inc='1.0'", "sp-var-dec-heur=''0''", "sp-variable-decay='1.4'", "sp-max-res-lit-inc='1.0'", "sp-max-res-runs='4'", "sp-rand-phase-dec-freq=''0.001''", "sp-rand-var-dec-scaling='1.0'", "sp-res-cutoff-cls='8'", "sp-res-cutoff-lits='400'", "sp-res-order-heur=''0''", "sp-rand-phase-scaling='1.0'"]}
{"total_cpu_time": null, "cost": 0.048, "evaluations": 1, "wallclock_time": 2.153691053390503, "cpu_time": 0.048, "incumbent": ["sp-clause-activity-inc='1.0'", "sp-clause-decay='1.4'", "sp-clause-del-heur=''2''", "sp-first-restart='100'", "sp-learned-clause-sort-heur=''0''", "sp-learned-clauses-inc='1.3'", "sp-learned-size-factor='0.4'", "sp-orig-clause-sort-heur=''0''", "sp-phase-dec-heur=''5''", "sp-rand-var-dec-freq=''0.001''", "sp-resolution=''1''", "sp-restart-inc='1.5'", "sp-update-dec-queue=''1''", "sp-use-pure-literal-rule=''1''", "sp-var-activity-inc='1.0'", "sp-var-dec-heur=''0''", "sp-variable-decay='1.4'", "sp-max-res-lit-inc='1.0'", "sp-max-res-runs='4'", "sp-rand-phase-dec-freq=''0.001''", "sp-rand-var-dec-scaling='1.0'", "sp-res-cutoff-cls='8'", "sp-res-cutoff-lits='400'", "sp-res-order-heur=''0''", "sp-rand-phase-scaling='1.0'"]}
{"total_cpu_time": null, "cost": 0.06554666666666666, "evaluations": 137, "wallclock_time": 108.20349907875061, "cpu_time": 139.9080000000001, "incumbent": ["sp-clause-activity-inc='1.0'", "sp-clause-decay='1.4'", "sp-clause-del-heur=''2''", "sp-first-restart='100'", "sp-learned-clause-sort-heur=''11''", "sp-learned-clauses-inc='1.3'", "sp-learned-size-factor='0.39999999999999997'", "sp-orig-clause-sort-heur=''0''", "sp-phase-dec-heur=''5''", "sp-rand-var-dec-freq=''0.001''", "sp-resolution=''1''", "sp-restart-inc='1.5'", "sp-update-dec-queue=''1''", "sp-use-pure-literal-rule=''1''", "sp-var-activity-inc='1.0'", "sp-var-dec-heur=''0''", "sp-variable-decay='1.4'", "sp-max-res-lit-inc='1.0'", "sp-max-res-runs='4'", "sp-rand-phase-dec-freq=''0.001''", "sp-rand-var-dec-scaling='1.0'", "sp-res-cutoff-cls='8'", "sp-res-cutoff-lits='400'", "sp-res-order-heur=''0''", "sp-rand-phase-scaling='1.0560086321881987'"]}
{"total_cpu_time": null, "cost": 0.051667820069204146, "evaluations": 199, "wallclock_time": 154.16099548339844, "cpu_time": 194.21600000000012, "incumbent": ["sp-clause-activity-inc='1.0'", "sp-clause-decay='1.6666151943271492'", "sp-clause-del-heur=''2''", "sp-first-restart='100'", "sp-learned-clause-sort-heur=''11''", "sp-learned-clauses-inc='1.3'", "sp-learned-size-factor='0.41816198072040006'", "sp-orig-clause-sort-heur=''0''", "sp-phase-dec-heur=''5''", "sp-rand-var-dec-freq=''0.001''", "sp-resolution=''1''", "sp-restart-inc='1.5'", "sp-update-dec-queue=''1''", "sp-use-pure-literal-rule=''1''", "sp-var-activity-inc='1.0'", "sp-var-dec-heur=''0''", "sp-variable-decay='1.4'", "sp-max-res-lit-inc='1.0'", "sp-max-res-runs='4'", "sp-rand-phase-dec-freq=''0.001''", "sp-rand-var-dec-scaling='1.0'", "sp-res-cutoff-cls='8'", "sp-res-cutoff-lits='400'", "sp-res-order-heur=''0''", "sp-rand-phase-scaling='1.0560086321881987'"]}
{"total_cpu_time": null, "cost": 0.036907029478458045, "evaluations": 344, "wallclock_time": 254.43999481201172, "cpu_time": 319.27600000000024, "incumbent": ["sp-clause-activity-inc='1.0'", "sp-clause-decay='1.6666151943271492'", "sp-clause-del-heur=''2''", "sp-first-restart='100'", "sp-learned-clause-sort-heur=''11''", "sp-learned-clauses-inc='1.3'", "sp-learned-size-factor='0.41816198072040006'", "sp-orig-clause-sort-heur=''0''", "sp-phase-dec-heur=''5''", "sp-rand-var-dec-freq=''0.001''", "sp-resolution=''1''", "sp-restart-inc='1.5'", "sp-update-dec-queue=''1''", "sp-use-pure-literal-rule=''1''", "sp-var-activity-inc='1.0'", "sp-var-dec-heur=''0''", "sp-variable-decay='1.4'", "sp-max-res-lit-inc='1.0'", "sp-max-res-runs='4'", "sp-rand-phase-dec-freq=''0.001''", "sp-rand-var-dec-scaling='1.0'", "sp-res-cutoff-cls='8'", "sp-res-cutoff-lits='128'", "sp-res-order-heur=''0''", "sp-rand-phase-scaling='1.0560086321881987'"]}
{"total_cpu_time": null, "cost": 0.032545454545454544, "evaluations": 386, "wallclock_time": 278.91273307800293, "cpu_time": 351.30000000000024, "incumbent": ["sp-clause-activity-inc='1.0'", "sp-clause-decay='1.6666151943271492'", "sp-clause-del-heur=''2''", "sp-first-restart='100'", "sp-learned-clause-sort-heur=''11''", "sp-learned-clauses-inc='1.3'", "sp-learned-size-factor='0.41816198072040006'", "sp-orig-clause-sort-heur=''17''", "sp-phase-dec-heur=''5''", "sp-rand-var-dec-freq=''0.001''", "sp-resolution=''1''", "sp-restart-inc='1.5'", "sp-update-dec-queue=''1''", "sp-use-pure-literal-rule=''1''", "sp-var-activity-inc='1.0'", "sp-var-dec-heur=''0''", "sp-variable-decay='1.4'", "sp-max-res-lit-inc='1.0'", "sp-max-res-runs='4'", "sp-rand-phase-dec-freq=''0.001''", "sp-rand-var-dec-scaling='1.0'", "sp-res-cutoff-cls='8'", "sp-res-cutoff-lits='400'", "sp-res-order-heur=''0''", "sp-rand-phase-scaling='1.0560086321881987'"]}
{"total_cpu_time": null, "cost": 0.029459533607681745, "evaluations": 611, "wallclock_time": 426.1368598937988, "cpu_time": 556.0279999999999, "incumbent": ["sp-clause-activity-inc='1.0'", "sp-clause-decay='1.6666151943271492'", "sp-clause-del-heur=''1''", "sp-first-restart='100'", "sp-learned-clause-sort-heur=''11''", "sp-learned-clauses-inc='1.3'", "sp-learned-size-factor='0.41816198072040006'", "sp-orig-clause-sort-heur=''17''", "sp-phase-dec-heur=''5''", "sp-rand-var-dec-freq=''0.001''", "sp-resolution=''1''", "sp-restart-inc='1.5'", "sp-update-dec-queue=''1''", "sp-use-pure-literal-rule=''1''", "sp-var-activity-inc='0.9810001300333284'", "sp-var-dec-heur=''0''", "sp-variable-decay='1.4'", "sp-max-res-lit-inc='1.0'", "sp-max-res-runs='4'", "sp-rand-phase-dec-freq=''0.01''", "sp-rand-var-dec-scaling='1.0'", "sp-res-cutoff-cls='8'", "sp-res-cutoff-lits='400'", "sp-res-order-heur=''0''", "sp-rand-phase-scaling='1.0560086321881987'"]}
{"total_cpu_time": null, "cost": 0.02576456599286562, "evaluations": 720, "wallclock_time": 491.575314283371, "cpu_time": 643.4519999999985, "incumbent": ["sp-clause-activity-inc='1.0'", "sp-clause-decay='1.6666151943271492'", "sp-clause-del-heur=''2''", "sp-first-restart='100'", "sp-learned-clause-sort-heur=''11''", "sp-learned-clauses-inc='1.3'", "sp-learned-size-factor='0.41816198072040006'", "sp-orig-clause-sort-heur=''17''", "sp-phase-dec-heur=''5''", "sp-rand-var-dec-freq=''0.001''", "sp-resolution=''1''", "sp-restart-inc='1.5'", "sp-update-dec-queue=''1''", "sp-use-pure-literal-rule=''1''", "sp-var-activity-inc='0.9810001300333284'", "sp-var-dec-heur=''0''", "sp-variable-decay='1.4'", "sp-max-res-lit-inc='1.0'", "sp-max-res-runs='4'", "sp-rand-phase-dec-freq=''0.01''", "sp-rand-var-dec-scaling='1.0'", "sp-res-cutoff-cls='8'", "sp-res-cutoff-lits='400'", "sp-res-order-heur=''0''", "sp-rand-phase-scaling='1.0560086321881987'"]}
{"total_cpu_time": null, "cost": 0.024977043158861335, "evaluations": 964, "wallclock_time": 649.781646490097, "cpu_time": 854.6399999999962, "incumbent": ["sp-clause-activity-inc='1.0'", "sp-clause-decay='1.6666151943271492'", "sp-clause-del-heur=''2''", "sp-first-restart='100'", "sp-learned-clause-sort-heur=''11''", "sp-learned-clauses-inc='1.3'", "sp-learned-size-factor='0.41816198072040006'", "sp-orig-clause-sort-heur=''17''", "sp-phase-dec-heur=''5''", "sp-rand-var-dec-freq=''0.001''", "sp-resolution=''1''", "sp-restart-inc='1.5'", "sp-update-dec-queue=''0''", "sp-use-pure-literal-rule=''1''", "sp-var-activity-inc='0.9810001300333284'", "sp-var-dec-heur=''0''", "sp-variable-decay='1.4'", "sp-max-res-lit-inc='1.0'", "sp-max-res-runs='4'", "sp-rand-phase-dec-freq=''0.01''", "sp-rand-var-dec-scaling='1.0'", "sp-res-cutoff-cls='8'", "sp-res-cutoff-lits='268'", "sp-res-order-heur=''0''", "sp-rand-phase-scaling='1.0560086321881987'"]}
{"total_cpu_time": null, "cost": 0.02837080867850098, "evaluations": 1393, "wallclock_time": 977.5079801082611, "cpu_time": 1286.351999999995, "incumbent": ["sp-clause-activity-inc='0.9280846864438896'", "sp-clause-decay='1.6666151943271492'", "sp-clause-del-heur=''2''", "sp-first-restart='100'", "sp-learned-clause-sort-heur=''11''", "sp-learned-clauses-inc='1.3'", "sp-learned-size-factor='0.41816198072040006'", "sp-orig-clause-sort-heur=''17''", "sp-phase-dec-heur=''5''", "sp-rand-var-dec-freq=''0.001''", "sp-resolution=''1''", "sp-restart-inc='1.5'", "sp-update-dec-queue=''0''", "sp-use-pure-literal-rule=''1''", "sp-var-activity-inc='0.9810001300333284'", "sp-var-dec-heur=''0''", "sp-variable-decay='1.4'", "sp-max-res-lit-inc='1.0'", "sp-max-res-runs='4'", "sp-rand-phase-dec-freq=''0.01''", "sp-rand-var-dec-scaling='1.0'", "sp-res-cutoff-cls='8'", "sp-res-cutoff-lits='268'", "sp-res-order-heur=''0''", "sp-rand-phase-scaling='1.0560086321881987'"]}
{"total_cpu_time": null, "cost": 0.027054999999999996, "evaluations": 1471, "wallclock_time": 1039.5309257507324, "cpu_time": 1371.9799999999962, "incumbent": ["sp-clause-activity-inc='1.0'", "sp-clause-decay='1.6666151943271492'", "sp-clause-del-heur=''2''", "sp-first-restart='100'", "sp-learned-clause-sort-heur=''11''", "sp-learned-clauses-inc='1.3'", "sp-learned-size-factor='0.41816198072040006'", "sp-orig-clause-sort-heur=''17''", "sp-phase-dec-heur=''5''", "sp-rand-var-dec-freq=''0.001''", "sp-resolution=''1''", "sp-restart-inc='1.5'", "sp-update-dec-queue=''0''", "sp-use-pure-literal-rule=''1''", "sp-var-activity-inc='0.9810001300333284'", "sp-var-dec-heur=''0''", "sp-variable-decay='1.4'", "sp-max-res-lit-inc='1.0'", "sp-max-res-runs='4'", "sp-rand-phase-dec-freq=''0.01''", "sp-rand-var-dec-scaling='1.0'", "sp-res-cutoff-cls='8'", "sp-res-cutoff-lits='268'", "sp-res-order-heur=''0''", "sp-rand-phase-scaling='1.0560086321881987'"]}
{"total_cpu_time": null, "cost": 0.02686496133254014, "evaluations": 1552, "wallclock_time": 1105.461662054062, "cpu_time": 1460.283999999996, "incumbent": ["sp-clause-activity-inc='1.0'", "sp-clause-decay='1.6666151943271492'", "sp-clause-del-heur=''2''", "sp-first-restart='100'", "sp-learned-clause-sort-heur=''11''", "sp-learned-clauses-inc='1.3'", "sp-learned-size-factor='0.41816198072040006'", "sp-orig-clause-sort-heur=''17''", "sp-phase-dec-heur=''5''", "sp-rand-var-dec-freq=''0.001''", "sp-resolution=''0''", "sp-restart-inc='1.5'", "sp-update-dec-queue=''0''", "sp-use-pure-literal-rule=''1''", "sp-var-activity-inc='0.9810001300333284'", "sp-var-dec-heur=''0''", "sp-variable-decay='1.4'", "sp-rand-phase-dec-freq=''0.01''", "sp-rand-var-dec-scaling='1.0'", "sp-rand-phase-scaling='1.0560086321881987'"]}
{"total_cpu_time": null, "cost": 0.023530991735537184, "evaluations": 1799, "wallclock_time": 1299.9991512298584, "cpu_time": 1728.7599999999943, "incumbent": ["sp-clause-activity-inc='1.0'", "sp-clause-decay='1.6666151943271492'", "sp-clause-del-heur=''2''", "sp-first-restart='100'", "sp-learned-clause-sort-heur=''11''", "sp-learned-clauses-inc='1.3'", "sp-learned-size-factor='0.41816198072040006'", "sp-orig-clause-sort-heur=''17''", "sp-phase-dec-heur=''5''", "sp-rand-var-dec-freq=''0.001''", "sp-resolution=''0''", "sp-restart-inc='1.5'", "sp-update-dec-queue=''1''", "sp-use-pure-literal-rule=''1''", "sp-var-activity-inc='0.9810001300333284'", "sp-var-dec-heur=''0''", "sp-variable-decay='1.4'", "sp-rand-phase-dec-freq=''0.01''", "sp-rand-var-dec-scaling='1.0'", "sp-rand-phase-scaling='1.0560086321881987'"]}
{"total_cpu_time": null, "cost": 0.020471999999999994, "evaluations": 2334, "wallclock_time": 1754.8280696868896, "cpu_time": 2351.211999999994, "incumbent": ["sp-clause-activity-inc='1.0'", "sp-clause-decay='1.576243085059745'", "sp-clause-del-heur=''2''", "sp-first-restart='100'", "sp-learned-clause-sort-heur=''11''", "sp-learned-clauses-inc='1.3'", "sp-learned-size-factor='0.41816198072040006'", "sp-orig-clause-sort-heur=''17''", "sp-phase-dec-heur=''5''", "sp-rand-var-dec-freq=''0.001''", "sp-resolution=''0''", "sp-restart-inc='1.5'", "sp-update-dec-queue=''1''", "sp-use-pure-literal-rule=''1''", "sp-var-activity-inc='0.9810001300333284'", "sp-var-dec-heur=''0''", "sp-variable-decay='1.4'", "sp-rand-phase-dec-freq=''0.01''", "sp-rand-var-dec-scaling='1.0'", "sp-rand-phase-scaling='1.0560086321881987'"]}
{"total_cpu_time": null, "cost": 0.018936390532544374, "evaluations": 2532, "wallclock_time": 1905.3569540977478, "cpu_time": 2554.4879999999907, "incumbent": ["sp-clause-activity-inc='1.0'", "sp-clause-decay='1.576243085059745'", "sp-clause-del-heur=''2''", "sp-first-restart='100'", "sp-learned-clause-sort-heur=''11''", "sp-learned-clauses-inc='1.3'", "sp-learned-size-factor='0.41816198072040006'", "sp-orig-clause-sort-heur=''17''", "sp-phase-dec-heur=''5''", "sp-rand-var-dec-freq=''0.001''", "sp-resolution=''0''", "sp-restart-inc='1.1507491514670936'", "sp-update-dec-queue=''1''", "sp-use-pure-literal-rule=''1''", "sp-var-activity-inc='0.9810001300333284'", "sp-var-dec-heur=''0''", "sp-variable-decay='1.4'", "sp-rand-phase-dec-freq=''0.01''", "sp-rand-var-dec-scaling='1.0'", "sp-rand-phase-scaling='1.0560086321881987'"]}
{"total_cpu_time": null, "cost": 0.01882653061224489, "evaluations": 2964, "wallclock_time": 2245.468983888626, "cpu_time": 3012.5919999999824, "incumbent": ["sp-clause-activity-inc='1.0'", "sp-clause-decay='1.576243085059745'", "sp-clause-del-heur=''2''", "sp-first-restart='100'", "sp-learned-clause-sort-heur=''11''", "sp-learned-clauses-inc='1.3'", "sp-learned-size-factor='0.41816198072040006'", "sp-orig-clause-sort-heur=''17''", "sp-phase-dec-heur=''5''", "sp-rand-var-dec-freq=''0.001''", "sp-resolution=''0''", "sp-restart-inc='1.351957862318473'", "sp-update-dec-queue=''1''", "sp-use-pure-literal-rule=''1''", "sp-var-activity-inc='0.9810001300333284'", "sp-var-dec-heur=''0''", "sp-variable-decay='1.1827126965691497'", "sp-rand-phase-dec-freq=''0.01''", "sp-rand-var-dec-scaling='1.0'", "sp-rand-phase-scaling='0.8550105148673679'"]}
{"total_cpu_time": null, "cost": 0.01876587187589774, "evaluations": 3305, "wallclock_time": 2525.756189584732, "cpu_time": 3395.8799999999765, "incumbent": ["sp-clause-activity-inc='0.9670475239663071'", "sp-clause-decay='1.576243085059745'", "sp-clause-del-heur=''2''", "sp-first-restart='100'", "sp-learned-clause-sort-heur=''11''", "sp-learned-clauses-inc='1.3'", "sp-learned-size-factor='0.41816198072040006'", "sp-orig-clause-sort-heur=''17''", "sp-phase-dec-heur=''5''", "sp-rand-var-dec-freq=''0.001''", "sp-resolution=''0''", "sp-restart-inc='1.351957862318473'", "sp-update-dec-queue=''1''", "sp-use-pure-literal-rule=''1''", "sp-var-activity-inc='1.2024872218470415'", "sp-var-dec-heur=''0''", "sp-variable-decay='1.4'", "sp-rand-phase-dec-freq=''0.01''", "sp-rand-var-dec-scaling='1.0'", "sp-rand-phase-scaling='0.8550105148673679'"]}
{"total_cpu_time": null, "cost": 0.017301083396321495, "evaluations": 3783, "wallclock_time": 2927.6558368206024, "cpu_time": 3942.4239999999672, "incumbent": ["sp-clause-activity-inc='0.9670475239663071'", "sp-clause-decay='1.576243085059745'", "sp-clause-del-heur=''2''", "sp-first-restart='25'", "sp-learned-clause-sort-heur=''11''", "sp-learned-clauses-inc='1.3'", "sp-learned-size-factor='0.41816198072040006'", "sp-orig-clause-sort-heur=''8''", "sp-phase-dec-heur=''5''", "sp-rand-var-dec-freq=''0.001''", "sp-resolution=''0''", "sp-restart-inc='1.351957862318473'", "sp-update-dec-queue=''0''", "sp-use-pure-literal-rule=''1''", "sp-var-activity-inc='1.2024872218470415'", "sp-var-dec-heur=''0''", "sp-variable-decay='1.160960665285999'", "sp-rand-phase-dec-freq=''0.01''", "sp-rand-var-dec-scaling='1.0'", "sp-rand-phase-scaling='0.8550105148673679'"]}
{"total_cpu_time": null, "cost": 0.016658461538461535, "evaluations": 4034, "wallclock_time": 3139.178116798401, "cpu_time": 4240.833999999968, "incumbent": ["sp-clause-activity-inc='0.9670475239663071'", "sp-clause-decay='1.576243085059745'", "sp-clause-del-heur=''2''", "sp-first-restart='25'", "sp-learned-clause-sort-heur=''11''", "sp-learned-clauses-inc='1.3'", "sp-learned-size-factor='0.41816198072040006'", "sp-orig-clause-sort-heur=''8''", "sp-phase-dec-heur=''5''", "sp-rand-var-dec-freq=''0.001''", "sp-resolution=''0''", "sp-restart-inc='1.351957862318473'", "sp-update-dec-queue=''0''", "sp-use-pure-literal-rule=''1''", "sp-var-activity-inc='1.2024872218470415'", "sp-var-dec-heur=''0''", "sp-variable-decay='1.4'", "sp-rand-phase-dec-freq=''0.001''", "sp-rand-var-dec-scaling='1.0'", "sp-rand-phase-scaling='0.8550105148673679'"]}
{"total_cpu_time": null, "cost": 0.013848484848484844, "evaluations": 4154, "wallclock_time": 3231.536036491394, "cpu_time": 4358.945999999965, "incumbent": ["sp-clause-activity-inc='0.9670475239663071'", "sp-clause-decay='1.576243085059745'", "sp-clause-del-heur=''2''", "sp-first-restart='25'", "sp-learned-clause-sort-heur=''11''", "sp-learned-clauses-inc='1.3'", "sp-learned-size-factor='0.41816198072040006'", "sp-orig-clause-sort-heur=''8''", "sp-phase-dec-heur=''5''", "sp-rand-var-dec-freq=''0.001''", "sp-resolution=''0''", "sp-restart-inc='1.351957862318473'", "sp-update-dec-queue=''0''", "sp-use-pure-literal-rule=''1''", "sp-var-activity-inc='1.2024872218470415'", "sp-var-dec-heur=''0''", "sp-variable-decay='1.247193854844023'", "sp-rand-phase-dec-freq=''0.001''", "sp-rand-var-dec-scaling='1.0'", "sp-rand-phase-scaling='0.8550105148673679'"]}
{"total_cpu_time": null, "cost": 0.013141868512110725, "evaluations": 4408, "wallclock_time": 3414.1276190280914, "cpu_time": 4600.997999999964, "incumbent": ["sp-clause-activity-inc='0.9670475239663071'", "sp-clause-decay='1.9108598161519585'", "sp-clause-del-heur=''2''", "sp-first-restart='25'", "sp-learned-clause-sort-heur=''11''", "sp-learned-clauses-inc='1.3'", "sp-learned-size-factor='0.41816198072040006'", "sp-orig-clause-sort-heur=''8''", "sp-phase-dec-heur=''5''", "sp-rand-var-dec-freq=''0.001''", "sp-resolution=''0''", "sp-restart-inc='1.351957862318473'", "sp-update-dec-queue=''0''", "sp-use-pure-literal-rule=''1''", "sp-var-activity-inc='1.2024872218470415'", "sp-var-dec-heur=''0''", "sp-variable-decay='1.247193854844023'", "sp-rand-phase-dec-freq=''0.001''", "sp-rand-var-dec-scaling='1.0'", "sp-rand-phase-scaling='0.8550105148673679'"]}
{"total_cpu_time": null, "cost": 0.012750262549884475, "evaluations": 4541, "wallclock_time": 3507.2162051200867, "cpu_time": 4724.673999999966, "incumbent": ["sp-clause-activity-inc='0.9670475239663071'", "sp-clause-decay='1.576243085059745'", "sp-clause-del-heur=''2''", "sp-first-restart='25'", "sp-learned-clause-sort-heur=''11''", "sp-learned-clauses-inc='1.3'", "sp-learned-size-factor='0.41816198072040006'", "sp-orig-clause-sort-heur=''8''", "sp-phase-dec-heur=''5''", "sp-rand-var-dec-freq=''0.001''", "sp-resolution=''0''", "sp-restart-inc='1.351957862318473'", "sp-update-dec-queue=''0''", "sp-use-pure-literal-rule=''1''", "sp-var-activity-inc='1.2024872218470415'", "sp-var-dec-heur=''0''", "sp-variable-decay='1.247193854844023'", "sp-rand-phase-dec-freq=''0.001''", "sp-rand-var-dec-scaling='1.0'", "sp-rand-phase-scaling='0.8550105148673679'"]}
{"total_cpu_time": null, "cost": 0.012674285714285716, "evaluations": 4675, "wallclock_time": 3599.838371515274, "cpu_time": 4849.6979999999685, "incumbent": ["sp-clause-activity-inc='0.9670475239663071'", "sp-clause-decay='1.576243085059745'", "sp-clause-del-heur=''2''", "sp-first-restart='35'", "sp-learned-clause-sort-heur=''11''", "sp-learned-clauses-inc='1.3'", "sp-learned-size-factor='0.41816198072040006'", "sp-orig-clause-sort-heur=''8''", "sp-phase-dec-heur=''5''", "sp-rand-var-dec-freq=''0.001''", "sp-resolution=''0''", "sp-restart-inc='1.351957862318473'", "sp-update-dec-queue=''0''", "sp-use-pure-literal-rule=''1''", "sp-var-activity-inc='1.2024872218470415'", "sp-var-dec-heur=''0''", "sp-variable-decay='1.247193854844023'", "sp-rand-phase-dec-freq=''0.001''", "sp-rand-var-dec-scaling='0.7994903789722598'", "sp-rand-phase-scaling='0.8550105148673679'"]}
{"total_cpu_time": null, "cost": 0.012560956790123451, "evaluations": 4942, "wallclock_time": 3800.625458717346, "cpu_time": 5112.329999999983, "incumbent": ["sp-clause-activity-inc='0.9670475239663071'", "sp-clause-decay='1.576243085059745'", "sp-clause-del-heur=''2''", "sp-first-restart='25'", "sp-learned-clause-sort-heur=''11''", "sp-learned-clauses-inc='1.3'", "sp-learned-size-factor='0.41816198072040006'", "sp-orig-clause-sort-heur=''8''", "sp-phase-dec-heur=''5''", "sp-rand-var-dec-freq=''0.001''", "sp-resolution=''0''", "sp-restart-inc='1.351957862318473'", "sp-update-dec-queue=''0''", "sp-use-pure-literal-rule=''1''", "sp-var-activity-inc='1.2024872218470415'", "sp-var-dec-heur=''0''", "sp-variable-decay='1.247193854844023'", "sp-rand-phase-dec-freq=''0.001''", "sp-rand-var-dec-scaling='0.7994903789722598'", "sp-rand-phase-scaling='0.8550105148673679'"]}
{"total_cpu_time": null, "cost": 0.012370488888888892, "evaluations": 5380, "wallclock_time": 4108.302406549454, "cpu_time": 5518.993999999997, "incumbent": ["sp-clause-activity-inc='0.9670475239663071'", "sp-clause-decay='1.576243085059745'", "sp-clause-del-heur=''2''", "sp-first-restart='25'", "sp-learned-clause-sort-heur=''11''", "sp-learned-clauses-inc='1.3'", "sp-learned-size-factor='0.41816198072040006'", "sp-orig-clause-sort-heur=''8''", "sp-phase-dec-heur=''5''", "sp-rand-var-dec-freq=''0.001''", "sp-resolution=''2''", "sp-restart-inc='1.351957862318473'", "sp-update-dec-queue=''0''", "sp-use-pure-literal-rule=''0''", "sp-var-activity-inc='1.2024872218470415'", "sp-var-dec-heur=''0''", "sp-variable-decay='1.247193854844023'", "sp-max-res-lit-inc='1.0'", "sp-max-res-runs='4'", "sp-rand-phase-dec-freq=''0.001''", "sp-rand-var-dec-scaling='0.7994903789722598'", "sp-res-cutoff-cls='8'", "sp-res-cutoff-lits='400'", "sp-res-order-heur=''0''", "sp-rand-phase-scaling='0.8550105148673679'"]}
{"total_cpu_time": null, "cost": 0.011641966759002772, "evaluations": 5528, "wallclock_time": 4209.654558181763, "cpu_time": 5652.549999999999, "incumbent": ["sp-clause-activity-inc='0.9670475239663071'", "sp-clause-decay='1.576243085059745'", "sp-clause-del-heur=''2''", "sp-first-restart='25'", "sp-learned-clause-sort-heur=''11''", "sp-learned-clauses-inc='1.3'", "sp-learned-size-factor='0.41816198072040006'", "sp-orig-clause-sort-heur=''8''", "sp-phase-dec-heur=''5''", "sp-rand-var-dec-freq=''0.0001''", "sp-resolution=''2''", "sp-restart-inc='1.351957862318473'", "sp-update-dec-queue=''0''", "sp-use-pure-literal-rule=''0''", "sp-var-activity-inc='1.2024872218470415'", "sp-var-dec-heur=''0''", "sp-variable-decay='1.247193854844023'", "sp-max-res-lit-inc='1.0'", "sp-max-res-runs='4'", "sp-rand-phase-dec-freq=''0.001''", "sp-rand-var-dec-scaling='0.7994903789722598'", "sp-res-cutoff-cls='8'", "sp-res-cutoff-lits='400'", "sp-res-order-heur=''0''", "sp-rand-phase-scaling='0.8550105148673679'"]}
{"total_cpu_time": null, "cost": 0.010478474940032822, "evaluations": 7647, "wallclock_time": 5721.840860366821, "cpu_time": 7651.90199999999, "incumbent": ["sp-clause-activity-inc='0.9670475239663071'", "sp-clause-decay='1.576243085059745'", "sp-clause-del-heur=''0''", "sp-first-restart='25'", "sp-learned-clause-sort-heur=''11''", "sp-learned-clauses-inc='1.3'", "sp-learned-size-factor='0.41816198072040006'", "sp-orig-clause-sort-heur=''19''", "sp-phase-dec-heur=''5''", "sp-rand-var-dec-freq=''0.0001''", "sp-resolution=''2''", "sp-restart-inc='1.3838138663506294'", "sp-update-dec-queue=''0''", "sp-use-pure-literal-rule=''0''", "sp-var-activity-inc='1.2024872218470415'", "sp-var-dec-heur=''16''", "sp-variable-decay='1.5142324418176378'", "sp-max-res-lit-inc='1.0'", "sp-max-res-runs='4'", "sp-rand-phase-dec-freq=''0.05''", "sp-rand-var-dec-scaling='0.7994903789722598'", "sp-res-cutoff-cls='8'", "sp-res-cutoff-lits='400'", "sp-res-order-heur=''16''", "sp-rand-phase-scaling='0.8550105148673679'"]}
{"total_cpu_time": null, "cost": 0.010082842915346312, "evaluations": 8557, "wallclock_time": 6399.801434278488, "cpu_time": 8504.957999999997, "incumbent": ["sp-clause-activity-inc='0.9557578623321427'", "sp-clause-decay='1.576243085059745'", "sp-clause-del-heur=''0''", "sp-first-restart='25'", "sp-learned-clause-sort-heur=''11''", "sp-learned-clauses-inc='1.3'", "sp-learned-size-factor='0.41816198072040006'", "sp-orig-clause-sort-heur=''19''", "sp-phase-dec-heur=''4''", "sp-rand-var-dec-freq=''0.0001''", "sp-resolution=''2''", "sp-restart-inc='1.3838138663506294'", "sp-update-dec-queue=''0''", "sp-use-pure-literal-rule=''0''", "sp-var-activity-inc='1.2024872218470415'", "sp-var-dec-heur=''16''", "sp-variable-decay='1.5142324418176378'", "sp-max-res-lit-inc='1.0'", "sp-max-res-runs='4'", "sp-rand-phase-dec-freq=''0.05''", "sp-rand-var-dec-scaling='0.6703324445373239'", "sp-res-cutoff-cls='8'", "sp-res-cutoff-lits='400'", "sp-res-order-heur=''16''", "sp-rand-phase-scaling='0.8550105148673679'"]}
{"total_cpu_time": null, "cost": 0.009499415453289405, "evaluations": 9123, "wallclock_time": 6817.450590133667, "cpu_time": 9039.682000000023, "incumbent": ["sp-clause-activity-inc='0.9557578623321427'", "sp-clause-decay='1.576243085059745'", "sp-clause-del-heur=''0''", "sp-first-restart='25'", "sp-learned-clause-sort-heur=''11''", "sp-learned-clauses-inc='1.3'", "sp-learned-size-factor='0.41816198072040006'", "sp-orig-clause-sort-heur=''19''", "sp-phase-dec-heur=''4''", "sp-rand-var-dec-freq=''0.0001''", "sp-resolution=''2''", "sp-restart-inc='1.3838138663506294'", "sp-update-dec-queue=''0''", "sp-use-pure-literal-rule=''1''", "sp-var-activity-inc='1.2024872218470415'", "sp-var-dec-heur=''16''", "sp-variable-decay='1.5142324418176378'", "sp-max-res-lit-inc='1.0'", "sp-max-res-runs='4'", "sp-rand-phase-dec-freq=''0.05''", "sp-rand-var-dec-scaling='0.6703324445373239'", "sp-res-cutoff-cls='8'", "sp-res-cutoff-lits='546'", "sp-res-order-heur=''16''", "sp-rand-phase-scaling='0.8550105148673679'"]}
{"total_cpu_time": null, "cost": 0.009294460641399414, "evaluations": 9312, "wallclock_time": 6956.977650880814, "cpu_time": 9215.89800000003, "incumbent": ["sp-clause-activity-inc='0.9557578623321427'", "sp-clause-decay='1.576243085059745'", "sp-clause-del-heur=''0''", "sp-first-restart='25'", "sp-learned-clause-sort-heur=''11''", "sp-learned-clauses-inc='1.3'", "sp-learned-size-factor='0.41816198072040006'", "sp-orig-clause-sort-heur=''19''", "sp-phase-dec-heur=''4''", "sp-rand-var-dec-freq=''0.0001''", "sp-resolution=''2''", "sp-restart-inc='1.3838138663506294'", "sp-update-dec-queue=''0''", "sp-use-pure-literal-rule=''1''", "sp-var-activity-inc='1.2024872218470415'", "sp-var-dec-heur=''16''", "sp-variable-decay='1.5142324418176378'", "sp-max-res-lit-inc='1.0'", "sp-max-res-runs='4'", "sp-rand-phase-dec-freq=''0.05''", "sp-rand-var-dec-scaling='0.6703324445373239'", "sp-res-cutoff-cls='8'", "sp-res-cutoff-lits='400'", "sp-res-order-heur=''16''", "sp-rand-phase-scaling='0.8550105148673679'"]}
{"total_cpu_time": null, "cost": 0.00916090112168913, "evaluations": 10311, "wallclock_time": 7691.222923517227, "cpu_time": 10159.862000000036, "incumbent": ["sp-clause-activity-inc='0.9557578623321427'", "sp-clause-decay='1.576243085059745'", "sp-clause-del-heur=''0''", "sp-first-restart='52'", "sp-learned-clause-sort-heur=''11''", "sp-learned-clauses-inc='1.3'", "sp-learned-size-factor='0.41816198072040006'", "sp-orig-clause-sort-heur=''19''", "sp-phase-dec-heur=''4''", "sp-rand-var-dec-freq=''0.0001''", "sp-resolution=''2''", "sp-restart-inc='1.3838138663506294'", "sp-update-dec-queue=''0''", "sp-use-pure-literal-rule=''1''", "sp-var-activity-inc='1.2024872218470415'", "sp-var-dec-heur=''16''", "sp-variable-decay='1.6218778665213076'", "sp-max-res-lit-inc='1.0'", "sp-max-res-runs='4'", "sp-rand-phase-dec-freq=''0.05''", "sp-rand-var-dec-scaling='0.6703324445373239'", "sp-res-cutoff-cls='8'", "sp-res-cutoff-lits='400'", "sp-res-order-heur=''16''", "sp-rand-phase-scaling='0.8550105148673679'"]}
{"total_cpu_time": null, "cost": 0.008772160911356354, "evaluations": 10933, "wallclock_time": 8149.258871555328, "cpu_time": 10751.274000000041, "incumbent": ["sp-clause-activity-inc='0.9557578623321427'", "sp-clause-decay='1.576243085059745'", "sp-clause-del-heur=''0''", "sp-first-restart='25'", "sp-learned-clause-sort-heur=''11''", "sp-learned-clauses-inc='1.3'", "sp-learned-size-factor='0.41816198072040006'", "sp-orig-clause-sort-heur=''19''", "sp-phase-dec-heur=''4''", "sp-rand-var-dec-freq=''0.0001''", "sp-resolution=''2''", "sp-restart-inc='1.3838138663506294'", "sp-update-dec-queue=''0''", "sp-use-pure-literal-rule=''1''", "sp-var-activity-inc='1.2024872218470415'", "sp-var-dec-heur=''16''", "sp-variable-decay='1.6218778665213076'", "sp-max-res-lit-inc='1.0'", "sp-max-res-runs='4'", "sp-rand-phase-dec-freq=''0.05''", "sp-rand-var-dec-scaling='0.7035897880941933'", "sp-res-cutoff-cls='8'", "sp-res-cutoff-lits='400'", "sp-res-order-heur=''16''", "sp-rand-phase-scaling='0.8550105148673679'"]}
{"total_cpu_time": null, "cost": 0.008316471677468223, "evaluations": 11572, "wallclock_time": 8608.939355134964, "cpu_time": 11332.218000000079, "incumbent": ["sp-clause-activity-inc='0.9557578623321427'", "sp-clause-decay='1.576243085059745'", "sp-clause-del-heur=''2''", "sp-first-restart='25'", "sp-learned-clause-sort-heur=''11''", "sp-learned-clauses-inc='1.3'", "sp-learned-size-factor='0.41816198072040006'", "sp-orig-clause-sort-heur=''19''", "sp-phase-dec-heur=''4''", "sp-rand-var-dec-freq=''0.0001''", "sp-resolution=''2''", "sp-restart-inc='1.3838138663506294'", "sp-update-dec-queue=''0''", "sp-use-pure-literal-rule=''1''", "sp-var-activity-inc='1.2024872218470415'", "sp-var-dec-heur=''16''", "sp-variable-decay='1.6218778665213076'", "sp-max-res-lit-inc='1.0'", "sp-max-res-runs='4'", "sp-rand-phase-dec-freq=''0.05''", "sp-rand-var-dec-scaling='0.7035897880941933'", "sp-res-cutoff-cls='8'", "sp-res-cutoff-lits='400'", "sp-res-order-heur=''1''", "sp-rand-phase-scaling='0.8550105148673679'"]}
{"total_cpu_time": null, "cost": 0.008364256148039928, "evaluations": 12011, "wallclock_time": 8930.701828479767, "cpu_time": 11737.946000000098, "incumbent": ["sp-clause-activity-inc='0.9557578623321427'", "sp-clause-decay='1.576243085059745'", "sp-clause-del-heur=''2''", "sp-first-restart='43'", "sp-learned-clause-sort-heur=''11''", "sp-learned-clauses-inc='1.3'", "sp-learned-size-factor='0.41816198072040006'", "sp-orig-clause-sort-heur=''19''", "sp-phase-dec-heur=''4''", "sp-rand-var-dec-freq=''0.0001''", "sp-resolution=''2''", "sp-restart-inc='1.3838138663506294'", "sp-update-dec-queue=''0''", "sp-use-pure-literal-rule=''1''", "sp-var-activity-inc='1.2024872218470415'", "sp-var-dec-heur=''16''", "sp-variable-decay='1.6218778665213076'", "sp-max-res-lit-inc='1.0'", "sp-max-res-runs='4'", "sp-rand-phase-dec-freq=''0.05''", "sp-rand-var-dec-scaling='0.7035897880941933'", "sp-res-cutoff-cls='8'", "sp-res-cutoff-lits='400'", "sp-res-order-heur=''1''", "sp-rand-phase-scaling='0.8550105148673679'"]}
{"total_cpu_time": null, "cost": 0.008215880102040812, "evaluations": 12234, "wallclock_time": 9092.62610077858, "cpu_time": 11944.090000000115, "incumbent": ["sp-clause-activity-inc='0.9557578623321427'", "sp-clause-decay='1.576243085059745'", "sp-clause-del-heur=''2''", "sp-first-restart='43'", "sp-learned-clause-sort-heur=''11''", "sp-learned-clauses-inc='1.3'", "sp-learned-size-factor='0.41816198072040006'", "sp-orig-clause-sort-heur=''19''", "sp-phase-dec-heur=''4''", "sp-rand-var-dec-freq=''0.0001''", "sp-resolution=''2''", "sp-restart-inc='1.3838138663506294'", "sp-update-dec-queue=''0''", "sp-use-pure-literal-rule=''1''", "sp-var-activity-inc='1.2024872218470415'", "sp-var-dec-heur=''16''", "sp-variable-decay='1.2168565348998603'", "sp-max-res-lit-inc='1.0'", "sp-max-res-runs='4'", "sp-rand-phase-dec-freq=''0.05''", "sp-rand-var-dec-scaling='0.7035897880941933'", "sp-res-cutoff-cls='8'", "sp-res-cutoff-lits='400'", "sp-res-order-heur=''1''", "sp-rand-phase-scaling='0.8550105148673679'"]}
{"total_cpu_time": null, "cost": 0.00803257890202835, "evaluations": 12456, "wallclock_time": 9254.13778424263, "cpu_time": 12144.482000000125, "incumbent": ["sp-clause-activity-inc='0.9557578623321427'", "sp-clause-decay='1.576243085059745'", "sp-clause-del-heur=''2''", "sp-first-restart='43'", "sp-learned-clause-sort-heur=''11''", "sp-learned-clauses-inc='1.3'", "sp-learned-size-factor='0.41816198072040006'", "sp-orig-clause-sort-heur=''19''", "sp-phase-dec-heur=''4''", "sp-rand-var-dec-freq=''0.0001''", "sp-resolution=''0''", "sp-restart-inc='1.3838138663506294'", "sp-update-dec-queue=''0''", "sp-use-pure-literal-rule=''1''", "sp-var-activity-inc='1.2024872218470415'", "sp-var-dec-heur=''16''", "sp-variable-decay='1.6218778665213076'", "sp-rand-phase-dec-freq=''0.05''", "sp-rand-var-dec-scaling='0.7035897880941933'", "sp-rand-phase-scaling='0.8550105148673679'"]}
{"total_cpu_time": null, "cost": 0.007841209829867671, "evaluations": 12912, "wallclock_time": 9580.651302576065, "cpu_time": 12557.954000000142, "incumbent": ["sp-clause-activity-inc='0.9557578623321427'", "sp-clause-decay='1.576243085059745'", "sp-clause-del-heur=''2''", "sp-first-restart='43'", "sp-learned-clause-sort-heur=''11''", "sp-learned-clauses-inc='1.3933849147559045'", "sp-learned-size-factor='0.41816198072040006'", "sp-orig-clause-sort-heur=''19''", "sp-phase-dec-heur=''4''", "sp-rand-var-dec-freq=''0.0001''", "sp-resolution=''0''", "sp-restart-inc='1.3838138663506294'", "sp-update-dec-queue=''0''", "sp-use-pure-literal-rule=''1''", "sp-var-activity-inc='1.2024872218470415'", "sp-var-dec-heur=''16''", "sp-variable-decay='1.7451121056490417'", "sp-rand-phase-dec-freq=''0.05''", "sp-rand-var-dec-scaling='0.7035897880941933'", "sp-rand-phase-scaling='0.8550105148673679'"]}
{"total_cpu_time": null, "cost": 0.00757513331872306, "evaluations": 13367, "wallclock_time": 9905.11799454689, "cpu_time": 12969.92600000017, "incumbent": ["sp-clause-activity-inc='0.9557578623321427'", "sp-clause-decay='1.576243085059745'", "sp-clause-del-heur=''2''", "sp-first-restart='43'", "sp-learned-clause-sort-heur=''11''", "sp-learned-clauses-inc='1.3933849147559045'", "sp-learned-size-factor='0.41816198072040006'", "sp-orig-clause-sort-heur=''19''", "sp-phase-dec-heur=''4''", "sp-rand-var-dec-freq=''0.0001''", "sp-resolution=''0''", "sp-restart-inc='1.3838138663506294'", "sp-update-dec-queue=''0''", "sp-use-pure-literal-rule=''0''", "sp-var-activity-inc='1.2024872218470415'", "sp-var-dec-heur=''16''", "sp-variable-decay='1.7451121056490417'", "sp-rand-phase-dec-freq=''0.05''", "sp-rand-var-dec-scaling='0.7035897880941933'", "sp-rand-phase-scaling='0.8550105148673679'"]}
{"total_cpu_time": null, "cost": 0.007252777777777777, "evaluations": 14071, "wallclock_time": 10399.85547876358, "cpu_time": 13591.870000000214, "incumbent": ["sp-clause-activity-inc='0.9557578623321427'", "sp-clause-decay='1.576243085059745'", "sp-clause-del-heur=''2''", "sp-first-restart='43'", "sp-learned-clause-sort-heur=''8''", "sp-learned-clauses-inc='1.3933849147559045'", "sp-learned-size-factor='0.41816198072040006'", "sp-orig-clause-sort-heur=''2''", "sp-phase-dec-heur=''4''", "sp-rand-var-dec-freq=''0.0001''", "sp-resolution=''0''", "sp-restart-inc='1.3838138663506294'", "sp-update-dec-queue=''0''", "sp-use-pure-literal-rule=''0''", "sp-var-activity-inc='1.2024872218470415'", "sp-var-dec-heur=''16''", "sp-variable-decay='1.7451121056490417'", "sp-rand-phase-dec-freq=''0.05''", "sp-rand-var-dec-scaling='0.7035897880941933'", "sp-rand-phase-scaling='0.8550105148673679'"]}
{"total_cpu_time": null, "cost": 0.007011170599510872, "evaluations": 14796, "wallclock_time": 10903.343664646149, "cpu_time": 14219.230000000263, "incumbent": ["sp-clause-activity-inc='0.9557578623321427'", "sp-clause-decay='1.576243085059745'", "sp-clause-del-heur=''2''", "sp-first-restart='43'", "sp-learned-clause-sort-heur=''8''", "sp-learned-clauses-inc='1.3933849147559045'", "sp-learned-size-factor='0.41816198072040006'", "sp-orig-clause-sort-heur=''7''", "sp-phase-dec-heur=''4''", "sp-rand-var-dec-freq=''0.0001''", "sp-resolution=''0''", "sp-restart-inc='1.3838138663506294'", "sp-update-dec-queue=''0''", "sp-use-pure-literal-rule=''0''", "sp-var-activity-inc='1.3856508746345182'", "sp-var-dec-heur=''16''", "sp-variable-decay='1.7451121056490417'", "sp-rand-phase-dec-freq=''0.05''", "sp-rand-var-dec-scaling='0.7035897880941933'", "sp-rand-phase-scaling='0.8550105148673679'"]}
{"total_cpu_time": null, "cost": 0.006908688865764827, "evaluations": 15033, "wallclock_time": 11071.594348430634, "cpu_time": 14433.354000000274, "incumbent": ["sp-clause-activity-inc='0.9557578623321427'", "sp-clause-decay='1.576243085059745'", "sp-clause-del-heur=''2''", "sp-first-restart='43'", "sp-learned-clause-sort-heur=''8''", "sp-learned-clauses-inc='1.3933849147559045'", "sp-learned-size-factor='0.41816198072040006'", "sp-orig-clause-sort-heur=''2''", "sp-phase-dec-heur=''4''", "sp-rand-var-dec-freq=''0.0001''", "sp-resolution=''0''", "sp-restart-inc='1.3838138663506294'", "sp-update-dec-queue=''0''", "sp-use-pure-literal-rule=''0''", "sp-var-activity-inc='1.3856508746345182'", "sp-var-dec-heur=''16''", "sp-variable-decay='1.7451121056490417'", "sp-rand-phase-dec-freq=''0.05''", "sp-rand-var-dec-scaling='0.7035897880941933'", "sp-rand-phase-scaling='0.8550105148673679'"]}
{"total_cpu_time": null, "cost": 0.006800895999999999, "evaluations": 15280, "wallclock_time": 11239.003313541412, "cpu_time": 14644.126000000291, "incumbent": ["sp-clause-activity-inc='0.9557578623321427'", "sp-clause-decay='1.576243085059745'", "sp-clause-del-heur=''2''", "sp-first-restart='43'", "sp-learned-clause-sort-heur=''8''", "sp-learned-clauses-inc='1.3933849147559045'", "sp-learned-size-factor='0.41816198072040006'", "sp-orig-clause-sort-heur=''2''", "sp-phase-dec-heur=''4''", "sp-rand-var-dec-freq=''0.0001''", "sp-resolution=''0''", "sp-restart-inc='1.3838138663506294'", "sp-update-dec-queue=''1''", "sp-use-pure-literal-rule=''0''", "sp-var-activity-inc='1.3856508746345182'", "sp-var-dec-heur=''16''", "sp-variable-decay='1.7451121056490417'", "sp-rand-phase-dec-freq=''0.05''", "sp-rand-var-dec-scaling='0.7035897880941933'", "sp-rand-phase-scaling='0.8550105148673679'"]}
{"total_cpu_time": null, "cost": 0.006699168556311412, "evaluations": 15522, "wallclock_time": 11407.31349158287, "cpu_time": 14858.818000000296, "incumbent": ["sp-clause-activity-inc='0.9557578623321427'", "sp-clause-decay='1.576243085059745'", "sp-clause-del-heur=''2''", "sp-first-restart='43'", "sp-learned-clause-sort-heur=''8''", "sp-learned-clauses-inc='1.3933849147559045'", "sp-learned-size-factor='0.41816198072040006'", "sp-orig-clause-sort-heur=''2''", "sp-phase-dec-heur=''4''", "sp-rand-var-dec-freq=''0.0001''", "sp-resolution=''0''", "sp-restart-inc='1.3838138663506294'", "sp-update-dec-queue=''0''", "sp-use-pure-literal-rule=''0''", "sp-var-activity-inc='1.3856508746345182'", "sp-var-dec-heur=''16''", "sp-variable-decay='1.7451121056490417'", "sp-rand-phase-dec-freq=''0.05''", "sp-rand-var-dec-scaling='0.7035897880941933'", "sp-rand-phase-scaling='0.8550105148673679'"]}
{"total_cpu_time": null, "cost": 0.006483023856739378, "evaluations": 16274, "wallclock_time": 11922.881377220154, "cpu_time": 15519.642000000304, "incumbent": ["sp-clause-activity-inc='0.9557578623321427'", "sp-clause-decay='1.576243085059745'", "sp-clause-del-heur=''2''", "sp-first-restart='43'", "sp-learned-clause-sort-heur=''8''", "sp-learned-clauses-inc='1.3933849147559045'", "sp-learned-size-factor='0.10074790946910446'", "sp-orig-clause-sort-heur=''2''", "sp-phase-dec-heur=''4''", "sp-rand-var-dec-freq=''0.001''", "sp-resolution=''0''", "sp-restart-inc='1.3838138663506294'", "sp-update-dec-queue=''0''", "sp-use-pure-literal-rule=''0''", "sp-var-activity-inc='1.3856508746345182'", "sp-var-dec-heur=''16''", "sp-variable-decay='1.7451121056490417'", "sp-rand-phase-dec-freq=''0.05''", "sp-rand-var-dec-scaling='0.7035897880941933'", "sp-rand-phase-scaling='0.8550105148673679'"]}
{"total_cpu_time": null, "cost": 0.0064652691008376135, "evaluations": 21206, "wallclock_time": 15492.79368185997, "cpu_time": 20130.332000000755, "incumbent": ["sp-clause-activity-inc='0.9321417520637654'", "sp-clause-decay='1.587449360317317'", "sp-clause-del-heur=''2''", "sp-first-restart='43'", "sp-learned-clause-sort-heur=''8''", "sp-learned-clauses-inc='1.3933849147559045'", "sp-learned-size-factor='0.10328465738225809'", "sp-orig-clause-sort-heur=''7''", "sp-phase-dec-heur=''4''", "sp-rand-var-dec-freq=''0.05''", "sp-resolution=''0''", "sp-restart-inc='1.729859432036145'", "sp-update-dec-queue=''1''", "sp-use-pure-literal-rule=''0''", "sp-var-activity-inc='1.3856508746345182'", "sp-var-dec-heur=''16''", "sp-variable-decay='1.7451121056490417'", "sp-rand-phase-dec-freq=''0.01''", "sp-rand-var-dec-scaling='0.7035897880941933'", "sp-rand-phase-scaling='0.8550105148673679'"]}
{"total_cpu_time": null, "cost": 0.0063811176040905766, "evaluations": 21496, "wallclock_time": 15707.564844369888, "cpu_time": 20409.944000000796, "incumbent": ["sp-clause-activity-inc='0.9321417520637654'", "sp-clause-decay='1.587449360317317'", "sp-clause-del-heur=''2''", "sp-first-restart='43'", "sp-learned-clause-sort-heur=''8''", "sp-learned-clauses-inc='1.3933849147559045'", "sp-learned-size-factor='0.10328465738225809'", "sp-orig-clause-sort-heur=''7''", "sp-phase-dec-heur=''4''", "sp-rand-var-dec-freq=''0.05''", "sp-resolution=''0''", "sp-restart-inc='1.729859432036145'", "sp-update-dec-queue=''1''", "sp-use-pure-literal-rule=''0''", "sp-var-activity-inc='1.3856508746345182'", "sp-var-dec-heur=''16''", "sp-variable-decay='1.4508348035173724'", "sp-rand-phase-dec-freq=''0.01''", "sp-rand-var-dec-scaling='0.7035897880941933'", "sp-rand-phase-scaling='0.8550105148673679'"]}
{"total_cpu_time": null, "cost": 0.006047295166884375, "evaluations": 21784, "wallclock_time": 15919.282226800919, "cpu_time": 20678.520000000815, "incumbent": ["sp-clause-activity-inc='0.9321417520637654'", "sp-clause-decay='1.587449360317317'", "sp-clause-del-heur=''2''", "sp-first-restart='43'", "sp-learned-clause-sort-heur=''8''", "sp-learned-clauses-inc='1.3933849147559045'", "sp-learned-size-factor='0.10328465738225809'", "sp-orig-clause-sort-heur=''7''", "sp-phase-dec-heur=''2''", "sp-rand-var-dec-freq=''0.05''", "sp-resolution=''0''", "sp-restart-inc='1.729859432036145'", "sp-update-dec-queue=''1''", "sp-use-pure-literal-rule=''0''", "sp-var-activity-inc='1.3856508746345182'", "sp-var-dec-heur=''16''", "sp-variable-decay='1.4508348035173724'", "sp-rand-var-dec-scaling='0.7035897880941933'"]}
{"total_cpu_time": null, "cost": 0.005952662721893493, "evaluations": 23897, "wallclock_time": 17468.818029165268, "cpu_time": 22691.304000001026, "incumbent": ["sp-clause-activity-inc='0.9321417520637654'", "sp-clause-decay='1.587449360317317'", "sp-clause-del-heur=''2''", "sp-first-restart='43'", "sp-learned-clause-sort-heur=''8''", "sp-learned-clauses-inc='1.3933849147559045'", "sp-learned-size-factor='0.10328465738225809'", "sp-orig-clause-sort-heur=''7''", "sp-phase-dec-heur=''1''", "sp-rand-var-dec-freq=''0.05''", "sp-resolution=''0''", "sp-restart-inc='1.729859432036145'", "sp-update-dec-queue=''1''", "sp-use-pure-literal-rule=''0''", "sp-var-activity-inc='1.3856508746345182'", "sp-var-dec-heur=''16''", "sp-variable-decay='1.4508348035173724'", "sp-rand-phase-dec-freq=''0.01''", "sp-rand-var-dec-scaling='0.7035897880941933'", "sp-rand-phase-scaling='0.8550105148673679'"]}
