"CPU Time Used","Estimated Training Performance","Wallclock Time","Incumbent ID","Automatic Configurator (CPU) Time","Configuration..."
0.000000, 2147483648.000000, 0.001633, 1, 0.001633, adaptive=''1'', clausepen=''1'', performrandomwalk=''0'', singleclause=''1'', tabusearch=''0'', adaptivenoisescheme=''1'', adaptwalkprob=''0'', heuristic=''2'', promisinglist=''1'', ps='0.4', selectclause=''1'', smoothingscheme=''1'', adaptiveprom=''0'', decreasingvariable=''3'', performalternatenovelty=''1'', phi='5', theta='6', updateschemepromlist=''3'', wp='0.01', CONadaptpromwalkprob=''0''
5.000000, 50.000000, 7.676128, 1, 2.676128, adaptive=''1'', clausepen=''1'', performrandomwalk=''0'', singleclause=''1'', tabusearch=''0'', adaptivenoisescheme=''1'', adaptwalkprob=''0'', heuristic=''2'', promisinglist=''1'', ps='0.4', selectclause=''1'', smoothingscheme=''1'', adaptiveprom=''0'', decreasingvariable=''3'', performalternatenovelty=''1'', phi='5', theta='6', updateschemepromlist=''3'', wp='0.01', CONadaptpromwalkprob=''0''
86.092000, 0.003080, 99.578954, 10, 13.486954, adaptive=''1'', clausepen=''1'', performrandomwalk=''1'', singleclause=''0'', tabusearch=''0'', DLSscoringmeasure=''3'', DLStiebreaking=''4'', adaptivenoisescheme=''1'', randomwalk=''3'', smoothingscheme=''1'', DLSalpha='1.2104786214022534', DLSrho='0.8283965041719044', DLSsapsthresh='-0.33612938681905596', DLSwp='0.04215903948399469', rdp='0.12045948590594434'
120.128000, 0.003040, 198.802193, 29, 78.674193, adaptive=''1'', clausepen=''1'', performrandomwalk=''1'', singleclause=''0'', tabusearch=''0'', DLSscoringmeasure=''3'', DLStiebreaking=''4'', adaptivenoisescheme=''2'', randomwalk=''3'', smoothingscheme=''1'', DLSalpha='1.2104786214022534', DLSrho='0.8283965041719044', DLSsapsthresh='-0.33612938681905596', DLSwp='0.04215903948399469', rdp='0.12045948590594434'
141.272000, 0.002840, 305.959456, 61, 164.687456, adaptive=''1'', clausepen=''1'', performrandomwalk=''1'', singleclause=''0'', tabusearch=''0'', DLSscoringmeasure=''3'', DLStiebreaking=''4'', adaptivenoisescheme=''2'', randomwalk=''3'', smoothingscheme=''1'', DLSalpha='1.2104786214022534', DLSrho='0.9449038051159062', DLSsapsthresh='-0.33612938681905596', DLSwp='0.04215903948399469', rdp='0.12045948590594434'
170.572000, 0.002800, 468.891397, 85, 298.319397, adaptive=''1'', clausepen=''1'', performrandomwalk=''1'', singleclause=''0'', tabusearch=''0'', DLSscoringmeasure=''3'', DLStiebreaking=''4'', adaptivenoisescheme=''2'', randomwalk=''5'', smoothingscheme=''1'', DLSalpha='1.2104786214022534', DLSrho='0.9449038051159062', DLSsapsthresh='-0.33612938681905596', DLSwp='0.04215903948399469', rfp='0.01'
