{"cost": 2147483648, "evaluations": 0, "cpu_time": 0, "total_cpu_time": null, "wallclock_time": 0.0014233589172363281, "incumbent": ["adaptive=''1''", "clausepen=''1''", "performrandomwalk=''0''", "singleclause=''1''", "tabusearch=''0''", "adaptivenoisescheme=''1''", "adaptwalkprob=''0''", "heuristic=''2''", "promisinglist=''1''", "ps='0.4'", "selectclause=''1''", "smoothingscheme=''1''", "adaptiveprom=''0''", "decreasingvariable=''3''", "performalternatenovelty=''1''", "phi='5'", "theta='6'", "updateschemepromlist=''3''", "wp='0.01'", "CONadaptpromwalkprob=''0''"]}
{"cost": 1.388, "evaluations": 1, "cpu_time": 1.388, "total_cpu_time": null, "wallclock_time": 1.9443540573120117, "incumbent": ["adaptive=''1''", "clausepen=''1''", "performrandomwalk=''0''", "singleclause=''1''", "tabusearch=''0''", "adaptivenoisescheme=''1''", "adaptwalkprob=''0''", "heuristic=''2''", "promisinglist=''1''", "ps='0.4'", "selectclause=''1''", "smoothingscheme=''1''", "adaptiveprom=''0''", "decreasingvariable=''3''", "performalternatenovelty=''1''", "phi='5'", "theta='6'", "updateschemepromlist=''3''", "wp='0.01'", "CONadaptpromwalkprob=''0''"]}
{"cost": 0.0032799999999999995, "evaluations": 65, "cpu_time": 51.263999999999974, "total_cpu_time": null, "wallclock_time": 94.2452039718628, "incumbent": ["adaptive=''0''", "clausepen=''1''", "performrandomwalk=''0''", "singleclause=''0''", "tabusearch=''1''", "DLSscoringmeasure=''3''", "DLStiebreaking=''4''", "smoothingscheme=''2''", "tabu='4'", "DLSc='0.00013687629875901617'", "DLSmaxinc='10'", "DLSpflat='0.19488978828709635'", "DLSs='0.013596926587650904'"]}
{"cost": 0.00288, "evaluations": 975, "cpu_time": 1429.1980000000012, "total_cpu_time": null, "wallclock_time": 2429.370561361313, "incumbent": ["adaptive=''1''", "clausepen=''2''", "performrandomwalk=''1''", "singleclause=''0''", "tabusearch=''0''", "DLSscoringmeasure=''1''", "DLStiebreaking=''2''", "adaptivenoisescheme=''1''", "randomwalk=''4''", "rfp='0.11759925218003024'"]}
