"CPU Time Used","Estimated Training Performance","Wallclock Time","Incumbent ID","Automatic Configurator (CPU) Time","Configuration..."
0.000000, 2147483648.000000, 0.001588, 1, 0.001588, adaptive=''1'', clausepen=''1'', performrandomwalk=''0'', singleclause=''1'', tabusearch=''0'', adaptivenoisescheme=''1'', adaptwalkprob=''0'', heuristic=''2'', promisinglist=''1'', ps='0.4', selectclause=''1'', smoothingscheme=''1'', adaptiveprom=''0'', decreasingvariable=''3'', performalternatenovelty=''1'', phi='5', theta='6', updateschemepromlist=''3'', wp='0.01', CONadaptpromwalkprob=''0''
1.988000, 1.988000, 2.611214, 1, 0.623214, adaptive=''1'', clausepen=''1'', performrandomwalk=''0'', singleclause=''1'', tabusearch=''0'', adaptivenoisescheme=''1'', adaptwalkprob=''0'', heuristic=''2'', promisinglist=''1'', ps='0.4', selectclause=''1'', smoothingscheme=''1'', adaptiveprom=''0'', decreasingvariable=''3'', performalternatenovelty=''1'', phi='5', theta='6', updateschemepromlist=''3'', wp='0.01', CONadaptpromwalkprob=''0''
3.992000, 0.005040, 9.822190, 2, 5.830190, adaptive=''1'', clausepen=''1'', performrandomwalk=''1'', singleclause=''1'', tabusearch=''0'', adaptivenoisescheme=''1'', adaptwalkprob=''1'', heuristic=''1'', promisinglist=''1'', ps='0.9921097018940638', randomwalk=''3'', selectclause=''1'', smoothingscheme=''2'', adaptiveprom=''0'', decreasingvariable=''7'', performalternatenovelty=''1'', phi='5', rdp='0.10835552886930397', theta='5', updateschemepromlist=''2'', CONadaptpromwalkprob=''0'', promnovnoise='0.6546602626982001'
16.936000, 0.004430, 20.421799, 3, 3.485799, adaptive=''0'', clausepen=''2'', performrandomwalk=''1'', singleclause=''1'', tabusearch=''1'', CONadaptwalkprob=''0'', c='2.4031069434465326e-05', heuristic=''5'', promisinglist=''1'', randomwalk=''1'', s='0.01563098046474855', tabu='11', adaptiveprom=''0'', decreasingvariable=''4'', novnoise='0.43701145233295347', rwp='0.06729182842751275', updateschemepromlist=''3'', CONadaptpromwalkprob=''0'', tiebreaking='4'
29.428000, 0.002778, 33.147615, 7, 3.719615, adaptive=''1'', clausepen=''2'', performrandomwalk=''1'', singleclause=''0'', tabusearch=''0'', DLSscoringmeasure=''3'', DLStiebreaking=''1'', adaptivenoisescheme=''1'', randomwalk=''1'', rwp='0.040800451399045305'
93.888000, 0.002734, 91.691923, 18, -2.196077, adaptive=''1'', clausepen=''2'', performrandomwalk=''1'', singleclause=''0'', tabusearch=''0'', DLSscoringmeasure=''3'', DLStiebreaking=''2'', adaptivenoisescheme=''1'', randomwalk=''1'', rwp='0.057802822858219804'
97.804000, 0.002007, 107.720370, 22, 9.916370, adaptive=''1'', clausepen=''1'', performrandomwalk=''1'', singleclause=''0'', tabusearch=''0'', DLSscoringmeasure=''3'', DLStiebreaking=''3'', adaptivenoisescheme=''1'', randomwalk=''1'', smoothingscheme=''1'', DLSalpha='1.189', DLSrho='0.5', DLSsapsthresh='-0.1', DLSwp='0.03', rwp='0.048355385083542896'
1283.036000, 0.001481, 700.470759, 57, -582.565241, adaptive=''0'', clausepen=''1'', performrandomwalk=''1'', singleclause=''1'', tabusearch=''0'', CONadaptwalkprob=''0'', c='0.010000000000000014', heuristic=''13'', promisinglist=''1'', ps='0.4', randomwalk=''1'', s='0.0055317635941507836', selectclause=''1'', smoothingscheme=''1'', CONdp='0.05', adaptiveprom=''1'', decreasingvariable=''9'', novnoise='0.5', performalternatenovelty=''1'', rwp='0.10952242702980843', updateschemepromlist=''3'', adaptpromwalkprob=''0'', promphi='5', promtheta='6', promwp='0.01'
1372.148000, 0.001333, 799.143991, 69, -573.004009, adaptive=''0'', clausepen=''1'', performrandomwalk=''1'', singleclause=''1'', tabusearch=''1'', CONadaptwalkprob=''0'', c='0.010000000000000014', heuristic=''1'', promisinglist=''1'', ps='0.36376518626417875', randomwalk=''1'', s='0.0011675291749358933', selectclause=''1'', smoothingscheme=''2'', tabu='1', adaptiveprom=''1'', decreasingvariable=''8'', novnoise='0.5', performalternatenovelty=''1'', rwp='0.10952242702980843', updateschemepromlist=''3'', adaptpromwalkprob=''1'', promphi='5', promtheta='6'
1380.928000, 0.001107, 829.977872, 74, -550.950128, adaptive=''0'', clausepen=''1'', performrandomwalk=''1'', singleclause=''1'', tabusearch=''0'', CONadaptwalkprob=''0'', c='0.010000000000000014', heuristic=''12'', promisinglist=''1'', ps='0.4442207842617134', randomwalk=''1'', s='0.010000000000000004', selectclause=''1'', smoothingscheme=''2'', CONdp='0.05', adaptiveprom=''1'', decreasingvariable=''9'', novnoise='0.5', performalternatenovelty=''1'', rwp='0.10952242702980843', updateschemepromlist=''1'', adaptpromwalkprob=''0'', promphi='5', promtheta='6', promwp='0.01'
1754.716000, 0.000990, 1191.607227, 109, -563.108773, adaptive=''0'', clausepen=''1'', performrandomwalk=''1'', singleclause=''1'', tabusearch=''1'', CONadaptwalkprob=''0'', c='0.010000000000000014', heuristic=''4'', promisinglist=''1'', ps='0.331964822864283', randomwalk=''3'', s='0.001310812756333163', selectclause=''1'', smoothingscheme=''1'', tabu='1', CONdp='0.05', adaptiveprom=''1'', decreasingvariable=''8'', novnoise='0.3964607207977169', performalternatenovelty=''1'', rdp='0.05', updateschemepromlist=''3'', adaptpromwalkprob=''0'', promphi='5', promtheta='6', promdp='0.05'
2580.484000, 0.000586, 1857.585057, 156, -722.898943, adaptive=''0'', clausepen=''1'', performrandomwalk=''1'', singleclause=''1'', tabusearch=''1'', CONadaptwalkprob=''0'', c='0.010000000000000014', heuristic=''4'', promisinglist=''1'', ps='0.3129539321065212', randomwalk=''4'', s='0.0010371167699178164', selectclause=''1'', smoothingscheme=''1'', tabu='1', CONdp='0.05', adaptiveprom=''1'', decreasingvariable=''8'', novnoise='0.5', performalternatenovelty=''1'', rfp='0.01', updateschemepromlist=''3'', adaptpromwalkprob=''0'', promphi='5', promtheta='6', promdp='0.05'
3218.494000, 0.000450, 2607.524785, 200, -610.969215, adaptive=''0'', clausepen=''1'', performrandomwalk=''0'', singleclause=''1'', tabusearch=''0'', CONadaptwalkprob=''0'', c='0.010000000000000014', heuristic=''4'', promisinglist=''1'', ps='0.2321359541649589', s='0.0030586531067595566', selectclause=''1'', smoothingscheme=''1'', CONdp='0.05', adaptiveprom=''1'', decreasingvariable=''4'', novnoise='0.5', performalternatenovelty=''1'', updateschemepromlist=''3'', adaptpromwalkprob=''1'', tiebreaking='1'
3417.938000, 0.000434, 2746.882193, 208, -671.055807, adaptive=''1'', clausepen=''1'', performrandomwalk=''1'', singleclause=''0'', tabusearch=''0'', DLSscoringmeasure=''1'', DLStiebreaking=''1'', adaptivenoisescheme=''1'', randomwalk=''3'', smoothingscheme=''1'', DLSalpha='1.1374614405682173', DLSrho='0.22669349663491234', DLSsapsthresh='-0.2723929105914968', DLSwp='0.05240307689726553', rdp='0.036856057396552254'
