{"wallclock_time": 0.0015878677368164062, "cpu_time": 0, "evaluations": 0, "incumbent": ["adaptive=''1''", "clausepen=''1''", "performrandomwalk=''0''", "singleclause=''1''", "tabusearch=''0''", "adaptivenoisescheme=''1''", "adaptwalkprob=''0''", "heuristic=''2''", "promisinglist=''1''", "ps='0.4'", "selectclause=''1''", "smoothingscheme=''1''", "adaptiveprom=''0''", "decreasingvariable=''3''", "performalternatenovelty=''1''", "phi='5'", "theta='6'", "updateschemepromlist=''3''", "wp='0.01'", "CONadaptpromwalkprob=''0''"], "total_cpu_time": null, "cost": 2147483648}
{"wallclock_time": 2.6112141609191895, "cpu_time": 1.988, "evaluations": 1, "incumbent": ["adaptive=''1''", "clausepen=''1''", "performrandomwalk=''0''", "singleclause=''1''", "tabusearch=''0''", "adaptivenoisescheme=''1''", "adaptwalkprob=''0''", "heuristic=''2''", "promisinglist=''1''", "ps='0.4'", "selectclause=''1''", "smoothingscheme=''1''", "adaptiveprom=''0''", "decreasingvariable=''3''", "performalternatenovelty=''1''", "phi='5'", "theta='6'", "updateschemepromlist=''3''", "wp='0.01'", "CONadaptpromwalkprob=''0''"], "total_cpu_time": null, "cost": 1.988}
{"wallclock_time": 9.822189569473267, "cpu_time": 3.992, "evaluations": 14, "incumbent": ["adaptive=''1''", "clausepen=''1''", "performrandomwalk=''1''", "singleclause=''1''", "tabusearch=''0''", "adaptivenoisescheme=''1''", "adaptwalkprob=''1''", "heuristic=''1''", "promisinglist=''1''", "ps='0.9921097018940638'", "randomwalk=''3''", "selectclause=''1''", "smoothingscheme=''2''", "adaptiveprom=''0''", "decreasingvariable=''7''", "performalternatenovelty=''1''", "phi='5'", "rdp='0.10835552886930397'", "theta='5'", "updateschemepromlist=''2''", "CONadaptpromwalkprob=''0''", "promnovnoise='0.6546602626982001'"], "total_cpu_time": null, "cost": 0.00504}
{"wallclock_time": 20.421798706054688, "cpu_time": 16.935999999999996, "evaluations": 34, "incumbent": ["adaptive=''0''", "clausepen=''2''", "performrandomwalk=''1''", "singleclause=''1''", "tabusearch=''1''", "CONadaptwalkprob=''0''", "c='2.4031069434465326e-05'", "heuristic=''5''", "promisinglist=''1''", "randomwalk=''1''", "s='0.01563098046474855'", "tabu='11'", "adaptiveprom=''0''", "decreasingvariable=''4''", "novnoise='0.43701145233295347'", "rwp='0.06729182842751275'", "updateschemepromlist=''3''", "CONadaptpromwalkprob=''0''", "tiebreaking='4'"], "total_cpu_time": null, "cost": 0.004429752066115703}
{"wallclock_time": 33.14761519432068, "cpu_time": 29.427999999999997, "evaluations": 58, "incumbent": ["adaptive=''1''", "clausepen=''2''", "performrandomwalk=''1''", "singleclause=''0''", "tabusearch=''0''", "DLSscoringmeasure=''3''", "DLStiebreaking=''1''", "adaptivenoisescheme=''1''", "randomwalk=''1''", "rwp='0.040800451399045305'"], "total_cpu_time": null, "cost": 0.0027777777777777783}
{"wallclock_time": 91.69192337989807, "cpu_time": 93.88799999999998, "evaluations": 138, "incumbent": ["adaptive=''1''", "clausepen=''2''", "performrandomwalk=''1''", "singleclause=''0''", "tabusearch=''0''", "DLSscoringmeasure=''3''", "DLStiebreaking=''2''", "adaptivenoisescheme=''1''", "randomwalk=''1''", "rwp='0.057802822858219804'"], "total_cpu_time": null, "cost": 0.0027343750000000007}
{"wallclock_time": 107.720370054245, "cpu_time": 97.804, "evaluations": 201, "incumbent": ["adaptive=''1''", "clausepen=''1''", "performrandomwalk=''1''", "singleclause=''0''", "tabusearch=''0''", "DLSscoringmeasure=''3''", "DLStiebreaking=''3''", "adaptivenoisescheme=''1''", "randomwalk=''1''", "smoothingscheme=''1''", "DLSalpha='1.189'", "DLSrho='0.5'", "DLSsapsthresh='-0.1'", "DLSwp='0.03'", "rwp='0.048355385083542896'"], "total_cpu_time": null, "cost": 0.0020069204152249145}
{"wallclock_time": 700.4707593917847, "cpu_time": 1283.0359999999953, "evaluations": 840, "incumbent": ["adaptive=''0''", "clausepen=''1''", "performrandomwalk=''1''", "singleclause=''1''", "tabusearch=''0''", "CONadaptwalkprob=''0''", "c='0.010000000000000014'", "heuristic=''13''", "promisinglist=''1''", "ps='0.4'", "randomwalk=''1''", "s='0.0055317635941507836'", "selectclause=''1''", "smoothingscheme=''1''", "CONdp='0.05'", "adaptiveprom=''1''", "decreasingvariable=''9''", "novnoise='0.5'", "performalternatenovelty=''1''", "rwp='0.10952242702980843'", "updateschemepromlist=''3''", "adaptpromwalkprob=''0''", "promphi='5'", "promtheta='6'", "promwp='0.01'"], "total_cpu_time": null, "cost": 0.0014814814814814823}
{"wallclock_time": 799.1439907550812, "cpu_time": 1372.1479999999983, "evaluations": 1057, "incumbent": ["adaptive=''0''", "clausepen=''1''", "performrandomwalk=''1''", "singleclause=''1''", "tabusearch=''1''", "CONadaptwalkprob=''0''", "c='0.010000000000000014'", "heuristic=''1''", "promisinglist=''1''", "ps='0.36376518626417875'", "randomwalk=''1''", "s='0.0011675291749358933'", "selectclause=''1''", "smoothingscheme=''2''", "tabu='1'", "adaptiveprom=''1''", "decreasingvariable=''8''", "novnoise='0.5'", "performalternatenovelty=''1''", "rwp='0.10952242702980843'", "updateschemepromlist=''3''", "adaptpromwalkprob=''1''", "promphi='5'", "promtheta='6'"], "total_cpu_time": null, "cost": 0.0013333333333333342}
{"wallclock_time": 829.9778723716736, "cpu_time": 1380.928, "evaluations": 1169, "incumbent": ["adaptive=''0''", "clausepen=''1''", "performrandomwalk=''1''", "singleclause=''1''", "tabusearch=''0''", "CONadaptwalkprob=''0''", "c='0.010000000000000014'", "heuristic=''12''", "promisinglist=''1''", "ps='0.4442207842617134'", "randomwalk=''1''", "s='0.010000000000000004'", "selectclause=''1''", "smoothingscheme=''2''", "CONdp='0.05'", "adaptiveprom=''1''", "decreasingvariable=''9''", "novnoise='0.5'", "performalternatenovelty=''1''", "rwp='0.10952242702980843'", "updateschemepromlist=''1''", "adaptpromwalkprob=''0''", "promphi='5'", "promtheta='6'", "promwp='0.01'"], "total_cpu_time": null, "cost": 0.0011071800208116553}
{"wallclock_time": 1191.6072270870209, "cpu_time": 1754.7160000000024, "evaluations": 1873, "incumbent": ["adaptive=''0''", "clausepen=''1''", "performrandomwalk=''1''", "singleclause=''1''", "tabusearch=''1''", "CONadaptwalkprob=''0''", "c='0.010000000000000014'", "heuristic=''4''", "promisinglist=''1''", "ps='0.331964822864283'", "randomwalk=''3''", "s='0.001310812756333163'", "selectclause=''1''", "smoothingscheme=''1''", "tabu='1'", "CONdp='0.05'", "adaptiveprom=''1''", "decreasingvariable=''8''", "novnoise='0.3964607207977169'", "performalternatenovelty=''1''", "rdp='0.05'", "updateschemepromlist=''3''", "adaptpromwalkprob=''0''", "promphi='5'", "promtheta='6'", "promdp='0.05'"], "total_cpu_time": null, "cost": 0.0009900000000000006}
{"wallclock_time": 1857.585057258606, "cpu_time": 2580.48400000001, "evaluations": 3118, "incumbent": ["adaptive=''0''", "clausepen=''1''", "performrandomwalk=''1''", "singleclause=''1''", "tabusearch=''1''", "CONadaptwalkprob=''0''", "c='0.010000000000000014'", "heuristic=''4''", "promisinglist=''1''", "ps='0.3129539321065212'", "randomwalk=''4''", "s='0.0010371167699178164'", "selectclause=''1''", "smoothingscheme=''1''", "tabu='1'", "CONdp='0.05'", "adaptiveprom=''1''", "decreasingvariable=''8''", "novnoise='0.5'", "performalternatenovelty=''1''", "rfp='0.01'", "updateschemepromlist=''3''", "adaptpromwalkprob=''0''", "promphi='5'", "promtheta='6'", "promdp='0.05'"], "total_cpu_time": null, "cost": 0.0005857988165680478}
{"wallclock_time": 2607.5247848033905, "cpu_time": 3218.493999999933, "evaluations": 4742, "incumbent": ["adaptive=''0''", "clausepen=''1''", "performrandomwalk=''0''", "singleclause=''1''", "tabusearch=''0''", "CONadaptwalkprob=''0''", "c='0.010000000000000014'", "heuristic=''4''", "promisinglist=''1''", "ps='0.2321359541649589'", "s='0.0030586531067595566'", "selectclause=''1''", "smoothingscheme=''1''", "CONdp='0.05'", "adaptiveprom=''1''", "decreasingvariable=''4''", "novnoise='0.5'", "performalternatenovelty=''1''", "updateschemepromlist=''3''", "adaptpromwalkprob=''1''", "tiebreaking='1'"], "total_cpu_time": null, "cost": 0.0004504913076341651}
{"wallclock_time": 2746.882192850113, "cpu_time": 3417.937999999919, "evaluations": 4920, "incumbent": ["adaptive=''1''", "clausepen=''1''", "performrandomwalk=''1''", "singleclause=''0''", "tabusearch=''0''", "DLSscoringmeasure=''1''", "DLStiebreaking=''1''", "adaptivenoisescheme=''1''", "randomwalk=''3''", "smoothingscheme=''1''", "DLSalpha='1.1374614405682173'", "DLSrho='0.22669349663491234'", "DLSsapsthresh='-0.2723929105914968'", "DLSwp='0.05240307689726553'", "rdp='0.036856057396552254'"], "total_cpu_time": null, "cost": 0.00043360946745562163}
