"CPU Time Used","Estimated Training Performance","Wallclock Time","Incumbent ID","Automatic Configurator (CPU) Time","Configuration..."
0.000000, 2147483648.000000, 0.000875, 1, 0.000875, sp-clause-activity-inc='1.0', sp-clause-decay='1.4', sp-clause-del-heur=''2'', sp-first-restart='100', sp-learned-clause-sort-heur=''0'', sp-learned-clauses-inc='1.3', sp-learned-size-factor='0.4', sp-orig-clause-sort-heur=''0'', sp-phase-dec-heur=''5'', sp-rand-var-dec-freq=''0.001'', sp-resolution=''1'', sp-restart-inc='1.5', sp-update-dec-queue=''1'', sp-use-pure-literal-rule=''1'', sp-var-activity-inc='1.0', sp-var-dec-heur=''0'', sp-variable-decay='1.4', sp-max-res-lit-inc='1.0', sp-max-res-runs='4', sp-rand-phase-dec-freq=''0.001'', sp-rand-var-dec-scaling='1.0', sp-res-cutoff-cls='8', sp-res-cutoff-lits='400', sp-res-order-heur=''0'', sp-rand-phase-scaling='1.0'
5.000000, 50.000000, 7.301309, 1, 2.301309, sp-clause-activity-inc='1.0', sp-clause-decay='1.4', sp-clause-del-heur=''2'', sp-first-restart='100', sp-learned-clause-sort-heur=''0'', sp-learned-clauses-inc='1.3', sp-learned-size-factor='0.4', sp-orig-clause-sort-heur=''0'', sp-phase-dec-heur=''5'', sp-rand-var-dec-freq=''0.001'', sp-resolution=''1'', sp-restart-inc='1.5', sp-update-dec-queue=''1'', sp-use-pure-literal-rule=''1'', sp-var-activity-inc='1.0', sp-var-dec-heur=''0'', sp-variable-decay='1.4', sp-max-res-lit-inc='1.0', sp-max-res-runs='4', sp-rand-phase-dec-freq=''0.001'', sp-rand-var-dec-scaling='1.0', sp-res-cutoff-cls='8', sp-res-cutoff-lits='400', sp-res-order-heur=''0'', sp-rand-phase-scaling='1.0'
48.280000, 0.112066, 43.554024, 3, -4.725976, sp-clause-activity-inc='1.202644992444359', sp-clause-decay='1.2985412789650197', sp-clause-del-heur=''2'', sp-first-restart='1863', sp-learned-clause-sort-heur=''9'', sp-learned-clauses-inc='1.3175429201495015', sp-learned-size-factor='0.23992270746959699', sp-orig-clause-sort-heur=''15'', sp-phase-dec-heur=''2'', sp-rand-var-dec-freq=''0.0001'', sp-resolution=''0'', sp-restart-inc='1.625447220719989', sp-update-dec-queue=''1'', sp-use-pure-literal-rule=''1'', sp-var-activity-inc='1.4328516610073319', sp-var-dec-heur=''3'', sp-variable-decay='1.7861357655054084', sp-rand-var-dec-scaling='0.8837639813762883'
72.384000, 0.092694, 61.957673, 4, -10.426327, sp-clause-activity-inc='1.202644992444359', sp-clause-decay='1.2985412789650197', sp-clause-del-heur=''2'', sp-first-restart='547', sp-learned-clause-sort-heur=''9'', sp-learned-clauses-inc='1.2915826310397323', sp-learned-size-factor='0.23992270746959699', sp-orig-clause-sort-heur=''15'', sp-phase-dec-heur=''2'', sp-rand-var-dec-freq=''0.0001'', sp-resolution=''0'', sp-restart-inc='1.625447220719989', sp-update-dec-queue=''1'', sp-use-pure-literal-rule=''1'', sp-var-activity-inc='1.4328516610073319', sp-var-dec-heur=''3'', sp-variable-decay='1.7861357655054084', sp-rand-var-dec-scaling='0.8837639813762883'
138.228000, 0.085959, 107.758693, 6, -30.469307, sp-clause-activity-inc='1.202644992444359', sp-clause-decay='1.2985412789650197', sp-clause-del-heur=''2'', sp-first-restart='3200', sp-learned-clause-sort-heur=''9'', sp-learned-clauses-inc='1.2915826310397323', sp-learned-size-factor='0.23992270746959699', sp-orig-clause-sort-heur=''15'', sp-phase-dec-heur=''2'', sp-rand-var-dec-freq=''0.0001'', sp-resolution=''0'', sp-restart-inc='1.625447220719989', sp-update-dec-queue=''1'', sp-use-pure-literal-rule=''0'', sp-var-activity-inc='1.4328516610073319', sp-var-dec-heur=''3'', sp-variable-decay='1.7861357655054084', sp-rand-var-dec-scaling='0.8837639813762883'
257.736000, 0.075709, 201.658760, 8, -56.077240, sp-clause-activity-inc='1.202644992444359', sp-clause-decay='1.2721718159728905', sp-clause-del-heur=''2'', sp-first-restart='1863', sp-learned-clause-sort-heur=''9'', sp-learned-clauses-inc='1.2915826310397323', sp-learned-size-factor='0.23992270746959699', sp-orig-clause-sort-heur=''15'', sp-phase-dec-heur=''2'', sp-rand-var-dec-freq=''0.0001'', sp-resolution=''0'', sp-restart-inc='1.625447220719989', sp-update-dec-queue=''1'', sp-use-pure-literal-rule=''0'', sp-var-activity-inc='1.4328516610073319', sp-var-dec-heur=''3'', sp-variable-decay='1.7861357655054084', sp-rand-var-dec-scaling='0.8837639813762883'
353.036000, 0.071014, 273.467954, 10, -79.568046, sp-clause-activity-inc='1.202644992444359', sp-clause-decay='1.2721718159728905', sp-clause-del-heur=''1'', sp-first-restart='1863', sp-learned-clause-sort-heur=''9'', sp-learned-clauses-inc='1.2915826310397323', sp-learned-size-factor='0.23992270746959699', sp-orig-clause-sort-heur=''15'', sp-phase-dec-heur=''2'', sp-rand-var-dec-freq=''0.0001'', sp-resolution=''0'', sp-restart-inc='1.625447220719989', sp-update-dec-queue=''1'', sp-use-pure-literal-rule=''0'', sp-var-activity-inc='1.4328516610073319', sp-var-dec-heur=''3'', sp-variable-decay='1.7861357655054084', sp-rand-var-dec-scaling='0.8837639813762883'
395.028000, 0.059840, 308.407982, 12, -86.620018, sp-clause-activity-inc='1.202644992444359', sp-clause-decay='1.2721718159728905', sp-clause-del-heur=''1'', sp-first-restart='1863', sp-learned-clause-sort-heur=''9'', sp-learned-clauses-inc='1.2915826310397323', sp-learned-size-factor='0.23992270746959699', sp-orig-clause-sort-heur=''15'', sp-phase-dec-heur=''2'', sp-rand-var-dec-freq=''0.0001'', sp-resolution=''0'', sp-restart-inc='1.625447220719989', sp-update-dec-queue=''1'', sp-use-pure-literal-rule=''0'', sp-var-activity-inc='1.4206548503195058', sp-var-dec-heur=''3'', sp-variable-decay='1.7861357655054084', sp-rand-var-dec-scaling='0.8837639813762883'
433.564000, 0.046431, 340.226417, 13, -93.337583, sp-clause-activity-inc='1.202644992444359', sp-clause-decay='1.2721718159728905', sp-clause-del-heur=''1'', sp-first-restart='1033', sp-learned-clause-sort-heur=''9'', sp-learned-clauses-inc='1.2915826310397323', sp-learned-size-factor='0.23992270746959699', sp-orig-clause-sort-heur=''15'', sp-phase-dec-heur=''2'', sp-rand-var-dec-freq=''0.0001'', sp-resolution=''0'', sp-restart-inc='1.625447220719989', sp-update-dec-queue=''1'', sp-use-pure-literal-rule=''0'', sp-var-activity-inc='1.4328516610073319', sp-var-dec-heur=''3'', sp-variable-decay='1.7861357655054084', sp-rand-var-dec-scaling='0.8837639813762883'
582.368000, 0.044556, 449.377581, 14, -132.990419, sp-clause-activity-inc='1.202644992444359', sp-clause-decay='1.2721718159728905', sp-clause-del-heur=''1'', sp-first-restart='1863', sp-learned-clause-sort-heur=''9'', sp-learned-clauses-inc='1.2915826310397323', sp-learned-size-factor='0.23992270746959699', sp-orig-clause-sort-heur=''15'', sp-phase-dec-heur=''2'', sp-rand-var-dec-freq=''0.0001'', sp-resolution=''1'', sp-restart-inc='1.625447220719989', sp-update-dec-queue=''1'', sp-use-pure-literal-rule=''0'', sp-var-activity-inc='1.4328516610073319', sp-var-dec-heur=''3'', sp-variable-decay='1.7861357655054084', sp-max-res-lit-inc='1.0', sp-max-res-runs='4', sp-rand-var-dec-scaling='0.8837639813762883', sp-res-cutoff-cls='8', sp-res-cutoff-lits='400', sp-res-order-heur=''0''
619.172000, 0.032557, 480.583072, 16, -138.588928, sp-clause-activity-inc='1.202644992444359', sp-clause-decay='1.2721718159728905', sp-clause-del-heur=''1'', sp-first-restart='1863', sp-learned-clause-sort-heur=''9'', sp-learned-clauses-inc='1.2915826310397323', sp-learned-size-factor='0.23992270746959699', sp-orig-clause-sort-heur=''15'', sp-phase-dec-heur=''2'', sp-rand-var-dec-freq=''0.05'', sp-resolution=''1'', sp-restart-inc='1.625447220719989', sp-update-dec-queue=''1'', sp-use-pure-literal-rule=''0'', sp-var-activity-inc='1.4328516610073319', sp-var-dec-heur=''3'', sp-variable-decay='1.7861357655054084', sp-max-res-lit-inc='1.0', sp-max-res-runs='4', sp-rand-var-dec-scaling='0.8837639813762883', sp-res-cutoff-cls='8', sp-res-cutoff-lits='400', sp-res-order-heur=''0''
662.100000, 0.031751, 511.185182, 17, -150.914818, sp-clause-activity-inc='1.202644992444359', sp-clause-decay='1.2721718159728905', sp-clause-del-heur=''1'', sp-first-restart='1863', sp-learned-clause-sort-heur=''9'', sp-learned-clauses-inc='1.2915826310397323', sp-learned-size-factor='0.23992270746959699', sp-orig-clause-sort-heur=''15'', sp-phase-dec-heur=''2'', sp-rand-var-dec-freq=''0.0001'', sp-resolution=''1'', sp-restart-inc='1.625447220719989', sp-update-dec-queue=''1'', sp-use-pure-literal-rule=''0'', sp-var-activity-inc='1.4328516610073319', sp-var-dec-heur=''3'', sp-variable-decay='1.6378697361052594', sp-max-res-lit-inc='1.0', sp-max-res-runs='4', sp-rand-var-dec-scaling='0.8837639813762883', sp-res-cutoff-cls='8', sp-res-cutoff-lits='400', sp-res-order-heur=''0''
749.692000, 0.028184, 575.649982, 19, -174.042018, sp-clause-activity-inc='1.202644992444359', sp-clause-decay='1.2721718159728905', sp-clause-del-heur=''1'', sp-first-restart='1863', sp-learned-clause-sort-heur=''9'', sp-learned-clauses-inc='1.2915826310397323', sp-learned-size-factor='0.23992270746959699', sp-orig-clause-sort-heur=''9'', sp-phase-dec-heur=''2'', sp-rand-var-dec-freq=''0.0001'', sp-resolution=''1'', sp-restart-inc='1.625447220719989', sp-update-dec-queue=''0'', sp-use-pure-literal-rule=''0'', sp-var-activity-inc='1.4328516610073319', sp-var-dec-heur=''3'', sp-variable-decay='1.6378697361052594', sp-max-res-lit-inc='1.0', sp-max-res-runs='4', sp-rand-var-dec-scaling='0.8837639813762883', sp-res-cutoff-cls='8', sp-res-cutoff-lits='400', sp-res-order-heur=''0''
1003.796000, 0.025098, 773.374599, 23, -230.421401, sp-clause-activity-inc='1.202644992444359', sp-clause-decay='1.2721718159728905', sp-clause-del-heur=''1'', sp-first-restart='1863', sp-learned-clause-sort-heur=''9'', sp-learned-clauses-inc='1.2915826310397323', sp-learned-size-factor='0.23992270746959699', sp-orig-clause-sort-heur=''9'', sp-phase-dec-heur=''2'', sp-rand-var-dec-freq=''0.0001'', sp-resolution=''1'', sp-restart-inc='1.625447220719989', sp-update-dec-queue=''0'', sp-use-pure-literal-rule=''0'', sp-var-activity-inc='1.4328516610073319', sp-var-dec-heur=''3'', sp-variable-decay='1.6378697361052594', sp-max-res-lit-inc='1.0', sp-max-res-runs='3', sp-rand-var-dec-scaling='0.8837639813762883', sp-res-cutoff-cls='8', sp-res-cutoff-lits='400', sp-res-order-heur=''0''
1429.608000, 0.026314, 1098.502285, 30, -331.105715, sp-clause-activity-inc='1.202644992444359', sp-clause-decay='1.2721718159728905', sp-clause-del-heur=''1'', sp-first-restart='1863', sp-learned-clause-sort-heur=''9'', sp-learned-clauses-inc='1.3300643425973049', sp-learned-size-factor='0.23992270746959699', sp-orig-clause-sort-heur=''9'', sp-phase-dec-heur=''2'', sp-rand-var-dec-freq=''0.0001'', sp-resolution=''1'', sp-restart-inc='1.625447220719989', sp-update-dec-queue=''1'', sp-use-pure-literal-rule=''0'', sp-var-activity-inc='1.4328516610073319', sp-var-dec-heur=''3'', sp-variable-decay='1.6378697361052594', sp-max-res-lit-inc='1.0', sp-max-res-runs='3', sp-rand-var-dec-scaling='0.8837639813762883', sp-res-cutoff-cls='8', sp-res-cutoff-lits='421', sp-res-order-heur=''0''
1509.668000, 0.025025, 1160.304703, 31, -349.363297, sp-clause-activity-inc='1.202644992444359', sp-clause-decay='1.2721718159728905', sp-clause-del-heur=''1'', sp-first-restart='1863', sp-learned-clause-sort-heur=''9'', sp-learned-clauses-inc='1.3300643425973049', sp-learned-size-factor='0.23992270746959699', sp-orig-clause-sort-heur=''9'', sp-phase-dec-heur=''2'', sp-rand-var-dec-freq=''0.0001'', sp-resolution=''1'', sp-restart-inc='1.625447220719989', sp-update-dec-queue=''1'', sp-use-pure-literal-rule=''0'', sp-var-activity-inc='1.4328516610073319', sp-var-dec-heur=''3'', sp-variable-decay='1.6378697361052594', sp-max-res-lit-inc='1.0', sp-max-res-runs='3', sp-rand-var-dec-scaling='0.8837639813762883', sp-res-cutoff-cls='6', sp-res-cutoff-lits='421', sp-res-order-heur=''0''
1673.764000, 0.023460, 1281.008484, 32, -392.755516, sp-clause-activity-inc='1.202644992444359', sp-clause-decay='1.2721718159728905', sp-clause-del-heur=''1'', sp-first-restart='1863', sp-learned-clause-sort-heur=''9'', sp-learned-clauses-inc='1.3300643425973049', sp-learned-size-factor='0.23992270746959699', sp-orig-clause-sort-heur=''9'', sp-phase-dec-heur=''2'', sp-rand-var-dec-freq=''0.0001'', sp-resolution=''1'', sp-restart-inc='1.625447220719989', sp-update-dec-queue=''0'', sp-use-pure-literal-rule=''0'', sp-var-activity-inc='1.4328516610073319', sp-var-dec-heur=''3'', sp-variable-decay='1.6378697361052594', sp-max-res-lit-inc='1.0', sp-max-res-runs='3', sp-rand-var-dec-scaling='0.8837639813762883', sp-res-cutoff-cls='6', sp-res-cutoff-lits='421', sp-res-order-heur=''0''
1755.328000, 0.022477, 1342.093371, 34, -413.234629, sp-clause-activity-inc='1.202644992444359', sp-clause-decay='1.2721718159728905', sp-clause-del-heur=''1'', sp-first-restart='1863', sp-learned-clause-sort-heur=''9'', sp-learned-clauses-inc='1.3300643425973049', sp-learned-size-factor='0.23992270746959699', sp-orig-clause-sort-heur=''9'', sp-phase-dec-heur=''2'', sp-rand-var-dec-freq=''0.0001'', sp-resolution=''1'', sp-restart-inc='1.625447220719989', sp-update-dec-queue=''0'', sp-use-pure-literal-rule=''1'', sp-var-activity-inc='1.4328516610073319', sp-var-dec-heur=''3'', sp-variable-decay='1.6378697361052594', sp-max-res-lit-inc='1.0', sp-max-res-runs='3', sp-rand-var-dec-scaling='0.8837639813762883', sp-res-cutoff-cls='6', sp-res-cutoff-lits='421', sp-res-order-heur=''0''
2007.384000, 0.020134, 1531.779825, 37, -475.604175, sp-clause-activity-inc='1.202644992444359', sp-clause-decay='1.2721718159728905', sp-clause-del-heur=''1'', sp-first-restart='1863', sp-learned-clause-sort-heur=''9'', sp-learned-clauses-inc='1.3300643425973049', sp-learned-size-factor='0.23992270746959699', sp-orig-clause-sort-heur=''9'', sp-phase-dec-heur=''2'', sp-rand-var-dec-freq=''0.0001'', sp-resolution=''1'', sp-restart-inc='1.625447220719989', sp-update-dec-queue=''0'', sp-use-pure-literal-rule=''1'', sp-var-activity-inc='1.4328516610073319', sp-var-dec-heur=''3'', sp-variable-decay='1.6378697361052594', sp-max-res-lit-inc='0.7195058719092422', sp-max-res-runs='3', sp-rand-var-dec-scaling='0.8837639813762883', sp-res-cutoff-cls='5', sp-res-cutoff-lits='421', sp-res-order-heur=''0''
2091.860000, 0.019287, 1596.829741, 38, -495.030259, sp-clause-activity-inc='1.202644992444359', sp-clause-decay='1.2721718159728905', sp-clause-del-heur=''1'', sp-first-restart='1863', sp-learned-clause-sort-heur=''9'', sp-learned-clauses-inc='1.3300643425973049', sp-learned-size-factor='0.23992270746959699', sp-orig-clause-sort-heur=''9'', sp-phase-dec-heur=''2'', sp-rand-var-dec-freq=''0.0001'', sp-resolution=''1'', sp-restart-inc='1.625447220719989', sp-update-dec-queue=''0'', sp-use-pure-literal-rule=''1'', sp-var-activity-inc='1.4328516610073319', sp-var-dec-heur=''3'', sp-variable-decay='1.6378697361052594', sp-max-res-lit-inc='1.0284974530425837', sp-max-res-runs='3', sp-rand-var-dec-scaling='0.8837639813762883', sp-res-cutoff-cls='6', sp-res-cutoff-lits='421', sp-res-order-heur=''0''
2345.308000, 0.016429, 1784.999876, 41, -560.308124, sp-clause-activity-inc='1.202644992444359', sp-clause-decay='1.2721718159728905', sp-clause-del-heur=''1'', sp-first-restart='1863', sp-learned-clause-sort-heur=''9'', sp-learned-clauses-inc='1.3300643425973049', sp-learned-size-factor='0.23992270746959699', sp-orig-clause-sort-heur=''9'', sp-phase-dec-heur=''6'', sp-rand-var-dec-freq=''0.0001'', sp-resolution=''1'', sp-restart-inc='1.625447220719989', sp-update-dec-queue=''0'', sp-use-pure-literal-rule=''1'', sp-var-activity-inc='1.4328516610073319', sp-var-dec-heur=''3'', sp-variable-decay='1.6378697361052594', sp-max-res-lit-inc='1.0284974530425837', sp-max-res-runs='3', sp-rand-phase-dec-freq=''0.001'', sp-rand-var-dec-scaling='0.8837639813762883', sp-res-cutoff-cls='6', sp-res-cutoff-lits='421', sp-res-order-heur=''0'', sp-rand-phase-scaling='1.0'
4250.876000, 0.016078, 3199.596783, 57, -1051.279217, sp-clause-activity-inc='1.202644992444359', sp-clause-decay='1.2721718159728905', sp-clause-del-heur=''0'', sp-first-restart='1863', sp-learned-clause-sort-heur=''9'', sp-learned-clauses-inc='1.3300643425973049', sp-learned-size-factor='0.23992270746959699', sp-orig-clause-sort-heur=''9'', sp-phase-dec-heur=''3'', sp-rand-var-dec-freq=''0.001'', sp-resolution=''2'', sp-restart-inc='1.625447220719989', sp-update-dec-queue=''0'', sp-use-pure-literal-rule=''1'', sp-var-activity-inc='1.4328516610073319', sp-var-dec-heur=''3'', sp-variable-decay='1.2526259397525494', sp-max-res-lit-inc='0.7504100071714602', sp-max-res-runs='3', sp-rand-phase-dec-freq=''0.001'', sp-rand-var-dec-scaling='0.8837639813762883', sp-res-cutoff-cls='9', sp-res-cutoff-lits='421', sp-res-order-heur=''0'', sp-rand-phase-scaling='1.0'
4391.296000, 0.015669, 3299.347914, 58, -1091.948086, sp-clause-activity-inc='1.202644992444359', sp-clause-decay='1.2721718159728905', sp-clause-del-heur=''0'', sp-first-restart='1863', sp-learned-clause-sort-heur=''9'', sp-learned-clauses-inc='1.3300643425973049', sp-learned-size-factor='0.23992270746959699', sp-orig-clause-sort-heur=''9'', sp-phase-dec-heur=''3'', sp-rand-var-dec-freq=''0.001'', sp-resolution=''2'', sp-restart-inc='1.625447220719989', sp-update-dec-queue=''0'', sp-use-pure-literal-rule=''1'', sp-var-activity-inc='1.4328516610073319', sp-var-dec-heur=''3'', sp-variable-decay='1.2526259397525494', sp-max-res-lit-inc='0.7504100071714602', sp-max-res-runs='3', sp-rand-phase-dec-freq=''0.001'', sp-rand-var-dec-scaling='0.8837639813762883', sp-res-cutoff-cls='5', sp-res-cutoff-lits='421', sp-res-order-heur=''0'', sp-rand-phase-scaling='1.0'
4534.664000, 0.015505, 3401.202220, 59, -1133.461780, sp-clause-activity-inc='1.202644992444359', sp-clause-decay='1.2721718159728905', sp-clause-del-heur=''0'', sp-first-restart='1863', sp-learned-clause-sort-heur=''9'', sp-learned-clauses-inc='1.3300643425973049', sp-learned-size-factor='0.23992270746959699', sp-orig-clause-sort-heur=''9'', sp-phase-dec-heur=''3'', sp-rand-var-dec-freq=''0.001'', sp-resolution=''2'', sp-restart-inc='1.625447220719989', sp-update-dec-queue=''1'', sp-use-pure-literal-rule=''1'', sp-var-activity-inc='1.4328516610073319', sp-var-dec-heur=''3'', sp-variable-decay='1.2526259397525494', sp-max-res-lit-inc='0.7504100071714602', sp-max-res-runs='3', sp-rand-phase-dec-freq=''0.001'', sp-rand-var-dec-scaling='0.8837639813762883', sp-res-cutoff-cls='6', sp-res-cutoff-lits='421', sp-res-order-heur=''0'', sp-rand-phase-scaling='1.0'
4674.300000, 0.014552, 3501.197068, 60, -1173.102932, sp-clause-activity-inc='1.202644992444359', sp-clause-decay='1.2721718159728905', sp-clause-del-heur=''0'', sp-first-restart='1863', sp-learned-clause-sort-heur=''9'', sp-learned-clauses-inc='1.3300643425973049', sp-learned-size-factor='0.23992270746959699', sp-orig-clause-sort-heur=''9'', sp-phase-dec-heur=''1'', sp-rand-var-dec-freq=''0.001'', sp-resolution=''2'', sp-restart-inc='1.625447220719989', sp-update-dec-queue=''0'', sp-use-pure-literal-rule=''1'', sp-var-activity-inc='1.4328516610073319', sp-var-dec-heur=''3'', sp-variable-decay='1.2526259397525494', sp-max-res-lit-inc='0.7504100071714602', sp-max-res-runs='3', sp-rand-phase-dec-freq=''0.001'', sp-rand-var-dec-scaling='0.8837639813762883', sp-res-cutoff-cls='6', sp-res-cutoff-lits='421', sp-res-order-heur=''0'', sp-rand-phase-scaling='1.0'
4807.476000, 0.013269, 3599.935890, 61, -1207.540110, sp-clause-activity-inc='1.202644992444359', sp-clause-decay='1.2721718159728905', sp-clause-del-heur=''0'', sp-first-restart='1863', sp-learned-clause-sort-heur=''3'', sp-learned-clauses-inc='1.3300643425973049', sp-learned-size-factor='0.23992270746959699', sp-orig-clause-sort-heur=''9'', sp-phase-dec-heur=''1'', sp-rand-var-dec-freq=''0.001'', sp-resolution=''2'', sp-restart-inc='1.625447220719989', sp-update-dec-queue=''0'', sp-use-pure-literal-rule=''1'', sp-var-activity-inc='1.4328516610073319', sp-var-dec-heur=''3'', sp-variable-decay='1.2526259397525494', sp-max-res-lit-inc='0.7504100071714602', sp-max-res-runs='3', sp-rand-phase-dec-freq=''0.001'', sp-rand-var-dec-scaling='0.8837639813762883', sp-res-cutoff-cls='6', sp-res-cutoff-lits='421', sp-res-order-heur=''0'', sp-rand-phase-scaling='1.0'
4937.524000, 0.012905, 3698.073591, 62, -1239.450409, sp-clause-activity-inc='1.202644992444359', sp-clause-decay='1.2721718159728905', sp-clause-del-heur=''0'', sp-first-restart='1863', sp-learned-clause-sort-heur=''3'', sp-learned-clauses-inc='1.3300643425973049', sp-learned-size-factor='0.23992270746959699', sp-orig-clause-sort-heur=''9'', sp-phase-dec-heur=''1'', sp-rand-var-dec-freq=''0.001'', sp-resolution=''2'', sp-restart-inc='1.625447220719989', sp-update-dec-queue=''0'', sp-use-pure-literal-rule=''1'', sp-var-activity-inc='1.4328516610073319', sp-var-dec-heur=''3'', sp-variable-decay='1.2526259397525494', sp-max-res-lit-inc='0.7504100071714602', sp-max-res-runs='3', sp-rand-phase-dec-freq=''0.001'', sp-rand-var-dec-scaling='0.8837639813762883', sp-res-cutoff-cls='6', sp-res-cutoff-lits='386', sp-res-order-heur=''0'', sp-rand-phase-scaling='1.0'
5198.124000, 0.012269, 3895.525111, 64, -1302.598889, sp-clause-activity-inc='1.202644992444359', sp-clause-decay='1.2721718159728905', sp-clause-del-heur=''0'', sp-first-restart='1863', sp-learned-clause-sort-heur=''5'', sp-learned-clauses-inc='1.3300643425973049', sp-learned-size-factor='0.23992270746959699', sp-orig-clause-sort-heur=''9'', sp-phase-dec-heur=''1'', sp-rand-var-dec-freq=''0.001'', sp-resolution=''2'', sp-restart-inc='1.625447220719989', sp-update-dec-queue=''0'', sp-use-pure-literal-rule=''1'', sp-var-activity-inc='1.4328516610073319', sp-var-dec-heur=''3'', sp-variable-decay='1.2526259397525494', sp-max-res-lit-inc='0.7504100071714602', sp-max-res-runs='3', sp-rand-phase-dec-freq=''0.001'', sp-rand-var-dec-scaling='0.8837639813762883', sp-res-cutoff-cls='6', sp-res-cutoff-lits='386', sp-res-order-heur=''0'', sp-rand-phase-scaling='1.0'
5328.820000, 0.011988, 3994.623977, 65, -1334.196023, sp-clause-activity-inc='1.0719559094095716', sp-clause-decay='1.2721718159728905', sp-clause-del-heur=''0'', sp-first-restart='1863', sp-learned-clause-sort-heur=''3'', sp-learned-clauses-inc='1.3300643425973049', sp-learned-size-factor='0.23992270746959699', sp-orig-clause-sort-heur=''9'', sp-phase-dec-heur=''1'', sp-rand-var-dec-freq=''0.001'', sp-resolution=''2'', sp-restart-inc='1.625447220719989', sp-update-dec-queue=''0'', sp-use-pure-literal-rule=''1'', sp-var-activity-inc='1.4328516610073319', sp-var-dec-heur=''3'', sp-variable-decay='1.2526259397525494', sp-max-res-lit-inc='0.7504100071714602', sp-max-res-runs='3', sp-rand-phase-dec-freq=''0.001'', sp-rand-var-dec-scaling='0.8837639813762883', sp-res-cutoff-cls='6', sp-res-cutoff-lits='386', sp-res-order-heur=''0'', sp-rand-phase-scaling='1.0'
5448.484000, 0.010986, 4088.564370, 66, -1359.919630, sp-clause-activity-inc='1.0719559094095716', sp-clause-decay='1.2721718159728905', sp-clause-del-heur=''0'', sp-first-restart='2469', sp-learned-clause-sort-heur=''3'', sp-learned-clauses-inc='1.3300643425973049', sp-learned-size-factor='0.23992270746959699', sp-orig-clause-sort-heur=''9'', sp-phase-dec-heur=''1'', sp-rand-var-dec-freq=''0.001'', sp-resolution=''2'', sp-restart-inc='1.625447220719989', sp-update-dec-queue=''0'', sp-use-pure-literal-rule=''1'', sp-var-activity-inc='1.4328516610073319', sp-var-dec-heur=''3'', sp-variable-decay='1.2526259397525494', sp-max-res-lit-inc='0.7504100071714602', sp-max-res-runs='3', sp-rand-phase-dec-freq=''0.001'', sp-rand-var-dec-scaling='0.8837639813762883', sp-res-cutoff-cls='6', sp-res-cutoff-lits='386', sp-res-order-heur=''0'', sp-rand-phase-scaling='1.0'
6268.508000, 0.009581, 4711.300943, 72, -1557.207057, sp-clause-activity-inc='1.0719559094095716', sp-clause-decay='1.2721718159728905', sp-clause-del-heur=''0'', sp-first-restart='1863', sp-learned-clause-sort-heur=''3'', sp-learned-clauses-inc='1.3300643425973049', sp-learned-size-factor='0.23992270746959699', sp-orig-clause-sort-heur=''9'', sp-phase-dec-heur=''1'', sp-rand-var-dec-freq=''0.001'', sp-resolution=''2'', sp-restart-inc='1.625447220719989', sp-update-dec-queue=''0'', sp-use-pure-literal-rule=''0'', sp-var-activity-inc='1.2741339074449685', sp-var-dec-heur=''3'', sp-variable-decay='1.2526259397525494', sp-max-res-lit-inc='0.7504100071714602', sp-max-res-runs='3', sp-rand-phase-dec-freq=''0.001'', sp-rand-var-dec-scaling='0.960873953641747', sp-res-cutoff-cls='5', sp-res-cutoff-lits='386', sp-res-order-heur=''0'', sp-rand-phase-scaling='1.0'
8858.618000, 0.009425, 6684.374033, 84, -2174.243967, sp-clause-activity-inc='0.8670338233750825', sp-clause-decay='1.2721718159728905', sp-clause-del-heur=''0'', sp-first-restart='1863', sp-learned-clause-sort-heur=''3'', sp-learned-clauses-inc='1.3853548095343404', sp-learned-size-factor='0.3233622112603511', sp-orig-clause-sort-heur=''9'', sp-phase-dec-heur=''1'', sp-rand-var-dec-freq=''0.001'', sp-resolution=''2'', sp-restart-inc='1.625447220719989', sp-update-dec-queue=''1'', sp-use-pure-literal-rule=''1'', sp-var-activity-inc='1.4328516610073319', sp-var-dec-heur=''3'', sp-variable-decay='1.2526259397525494', sp-max-res-lit-inc='0.7504100071714602', sp-max-res-runs='3', sp-rand-phase-dec-freq=''0.005'', sp-rand-var-dec-scaling='0.9908168040360081', sp-res-cutoff-cls='6', sp-res-cutoff-lits='386', sp-res-order-heur=''0'', sp-rand-phase-scaling='1.0'
9219.318000, 0.009415, 6956.956511, 90, -2262.361489, sp-clause-activity-inc='0.8670338233750825', sp-clause-decay='1.2721718159728905', sp-clause-del-heur=''0'', sp-first-restart='1863', sp-learned-clause-sort-heur=''3'', sp-learned-clauses-inc='1.3853548095343404', sp-learned-size-factor='0.3233622112603511', sp-orig-clause-sort-heur=''9'', sp-phase-dec-heur=''1'', sp-rand-var-dec-freq=''0.005'', sp-resolution=''2'', sp-restart-inc='1.625447220719989', sp-update-dec-queue=''1'', sp-use-pure-literal-rule=''1'', sp-var-activity-inc='1.4328516610073319', sp-var-dec-heur=''3'', sp-variable-decay='1.2526259397525494', sp-max-res-lit-inc='0.7504100071714602', sp-max-res-runs='3', sp-rand-phase-dec-freq=''0.005'', sp-rand-var-dec-scaling='0.9908168040360081', sp-res-cutoff-cls='6', sp-res-cutoff-lits='386', sp-res-order-heur=''0'', sp-rand-phase-scaling='1.0'
9401.290000, 0.009094, 7095.286751, 91, -2306.003249, sp-clause-activity-inc='0.8670338233750825', sp-clause-decay='1.2721718159728905', sp-clause-del-heur=''0'', sp-first-restart='1863', sp-learned-clause-sort-heur=''7'', sp-learned-clauses-inc='1.3853548095343404', sp-learned-size-factor='0.3233622112603511', sp-orig-clause-sort-heur=''9'', sp-phase-dec-heur=''1'', sp-rand-var-dec-freq=''0.001'', sp-resolution=''2'', sp-restart-inc='1.625447220719989', sp-update-dec-queue=''1'', sp-use-pure-literal-rule=''1'', sp-var-activity-inc='1.4328516610073319', sp-var-dec-heur=''3'', sp-variable-decay='1.2526259397525494', sp-max-res-lit-inc='0.7504100071714602', sp-max-res-runs='3', sp-rand-phase-dec-freq=''0.005'', sp-rand-var-dec-scaling='0.9908168040360081', sp-res-cutoff-cls='6', sp-res-cutoff-lits='386', sp-res-order-heur=''0'', sp-rand-phase-scaling='1.0'
9583.674000, 0.009056, 7233.651404, 84, -2350.022596, sp-clause-activity-inc='0.8670338233750825', sp-clause-decay='1.2721718159728905', sp-clause-del-heur=''0'', sp-first-restart='1863', sp-learned-clause-sort-heur=''3'', sp-learned-clauses-inc='1.3853548095343404', sp-learned-size-factor='0.3233622112603511', sp-orig-clause-sort-heur=''9'', sp-phase-dec-heur=''1'', sp-rand-var-dec-freq=''0.001'', sp-resolution=''2'', sp-restart-inc='1.625447220719989', sp-update-dec-queue=''1'', sp-use-pure-literal-rule=''1'', sp-var-activity-inc='1.4328516610073319', sp-var-dec-heur=''3'', sp-variable-decay='1.2526259397525494', sp-max-res-lit-inc='0.7504100071714602', sp-max-res-runs='3', sp-rand-phase-dec-freq=''0.005'', sp-rand-var-dec-scaling='0.9908168040360081', sp-res-cutoff-cls='6', sp-res-cutoff-lits='386', sp-res-order-heur=''0'', sp-rand-phase-scaling='1.0'
14042.550000, 0.008980, 10440.643018, 108, -3601.906982, sp-clause-activity-inc='0.8670338233750825', sp-clause-decay='1.7268049282847524', sp-clause-del-heur=''0'', sp-first-restart='1863', sp-learned-clause-sort-heur=''3'', sp-learned-clauses-inc='1.3853548095343404', sp-learned-size-factor='0.3233622112603511', sp-orig-clause-sort-heur=''9'', sp-phase-dec-heur=''4'', sp-rand-var-dec-freq=''0.001'', sp-resolution=''1'', sp-restart-inc='1.6501862110549954', sp-update-dec-queue=''1'', sp-use-pure-literal-rule=''1'', sp-var-activity-inc='1.4328516610073319', sp-var-dec-heur=''3'', sp-variable-decay='1.4773493889708258', sp-max-res-lit-inc='0.7504100071714602', sp-max-res-runs='3', sp-rand-phase-dec-freq=''0'', sp-rand-var-dec-scaling='0.8763425694173073', sp-res-cutoff-cls='6', sp-res-cutoff-lits='386', sp-res-order-heur=''2''
14297.142000, 0.008841, 10624.307809, 111, -3672.834191, sp-clause-activity-inc='0.8670338233750825', sp-clause-decay='1.7268049282847524', sp-clause-del-heur=''0'', sp-first-restart='1863', sp-learned-clause-sort-heur=''3'', sp-learned-clauses-inc='1.3853548095343404', sp-learned-size-factor='0.3233622112603511', sp-orig-clause-sort-heur=''9'', sp-phase-dec-heur=''4'', sp-rand-var-dec-freq=''0.001'', sp-resolution=''1'', sp-restart-inc='1.6501862110549954', sp-update-dec-queue=''1'', sp-use-pure-literal-rule=''0'', sp-var-activity-inc='1.4328516610073319', sp-var-dec-heur=''3'', sp-variable-decay='1.4773493889708258', sp-max-res-lit-inc='0.7504100071714602', sp-max-res-runs='3', sp-rand-phase-dec-freq=''0'', sp-rand-var-dec-scaling='0.8763425694173073', sp-res-cutoff-cls='6', sp-res-cutoff-lits='759', sp-res-order-heur=''2''
14553.878000, 0.008835, 10809.152269, 112, -3744.725731, sp-clause-activity-inc='0.8670338233750825', sp-clause-decay='1.7268049282847524', sp-clause-del-heur=''0'', sp-first-restart='1863', sp-learned-clause-sort-heur=''3'', sp-learned-clauses-inc='1.3853548095343404', sp-learned-size-factor='0.3233622112603511', sp-orig-clause-sort-heur=''9'', sp-phase-dec-heur=''4'', sp-rand-var-dec-freq=''0.001'', sp-resolution=''1'', sp-restart-inc='1.6501862110549954', sp-update-dec-queue=''1'', sp-use-pure-literal-rule=''0'', sp-var-activity-inc='1.4328516610073319', sp-var-dec-heur=''3'', sp-variable-decay='1.4773493889708258', sp-max-res-lit-inc='0.7504100071714602', sp-max-res-runs='3', sp-rand-phase-dec-freq=''0'', sp-rand-var-dec-scaling='0.8763425694173073', sp-res-cutoff-cls='7', sp-res-cutoff-lits='759', sp-res-order-heur=''2''
14812.970000, 0.008713, 10994.936646, 113, -3818.033354, sp-clause-activity-inc='0.8670338233750825', sp-clause-decay='1.7268049282847524', sp-clause-del-heur=''0'', sp-first-restart='1863', sp-learned-clause-sort-heur=''3'', sp-learned-clauses-inc='1.3853548095343404', sp-learned-size-factor='0.3233622112603511', sp-orig-clause-sort-heur=''9'', sp-phase-dec-heur=''4'', sp-rand-var-dec-freq=''0.001'', sp-resolution=''1'', sp-restart-inc='1.6501862110549954', sp-update-dec-queue=''0'', sp-use-pure-literal-rule=''0'', sp-var-activity-inc='1.4328516610073319', sp-var-dec-heur=''3'', sp-variable-decay='1.4773493889708258', sp-max-res-lit-inc='0.7504100071714602', sp-max-res-runs='3', sp-rand-phase-dec-freq=''0'', sp-rand-var-dec-scaling='0.8763425694173073', sp-res-cutoff-cls='6', sp-res-cutoff-lits='759', sp-res-order-heur=''2''
15072.078000, 0.008564, 11182.027940, 111, -3890.050060, sp-clause-activity-inc='0.8670338233750825', sp-clause-decay='1.7268049282847524', sp-clause-del-heur=''0'', sp-first-restart='1863', sp-learned-clause-sort-heur=''3'', sp-learned-clauses-inc='1.3853548095343404', sp-learned-size-factor='0.3233622112603511', sp-orig-clause-sort-heur=''9'', sp-phase-dec-heur=''4'', sp-rand-var-dec-freq=''0.001'', sp-resolution=''1'', sp-restart-inc='1.6501862110549954', sp-update-dec-queue=''1'', sp-use-pure-literal-rule=''0'', sp-var-activity-inc='1.4328516610073319', sp-var-dec-heur=''3'', sp-variable-decay='1.4773493889708258', sp-max-res-lit-inc='0.7504100071714602', sp-max-res-runs='3', sp-rand-phase-dec-freq=''0'', sp-rand-var-dec-scaling='0.8763425694173073', sp-res-cutoff-cls='6', sp-res-cutoff-lits='759', sp-res-order-heur=''2''
15330.674000, 0.008456, 11372.144132, 114, -3958.529868, sp-clause-activity-inc='0.8670338233750825', sp-clause-decay='1.7268049282847524', sp-clause-del-heur=''1'', sp-first-restart='1863', sp-learned-clause-sort-heur=''3'', sp-learned-clauses-inc='1.3853548095343404', sp-learned-size-factor='0.3233622112603511', sp-orig-clause-sort-heur=''9'', sp-phase-dec-heur=''4'', sp-rand-var-dec-freq=''0.001'', sp-resolution=''1'', sp-restart-inc='1.6501862110549954', sp-update-dec-queue=''1'', sp-use-pure-literal-rule=''0'', sp-var-activity-inc='1.4328516610073319', sp-var-dec-heur=''3'', sp-variable-decay='1.4773493889708258', sp-max-res-lit-inc='0.7504100071714602', sp-max-res-runs='3', sp-rand-phase-dec-freq=''0'', sp-rand-var-dec-scaling='0.8763425694173073', sp-res-cutoff-cls='6', sp-res-cutoff-lits='759', sp-res-order-heur=''2''
15842.594000, 0.007693, 11750.006529, 117, -4092.587471, sp-clause-activity-inc='0.8670338233750825', sp-clause-decay='1.9014835719410992', sp-clause-del-heur=''1'', sp-first-restart='1863', sp-learned-clause-sort-heur=''3'', sp-learned-clauses-inc='1.3853548095343404', sp-learned-size-factor='0.345475991953716', sp-orig-clause-sort-heur=''9'', sp-phase-dec-heur=''4'', sp-rand-var-dec-freq=''0.001'', sp-resolution=''1'', sp-restart-inc='1.6501862110549954', sp-update-dec-queue=''1'', sp-use-pure-literal-rule=''0'', sp-var-activity-inc='1.4328516610073319', sp-var-dec-heur=''3'', sp-variable-decay='1.4773493889708258', sp-max-res-lit-inc='0.7504100071714602', sp-max-res-runs='3', sp-rand-phase-dec-freq=''0'', sp-rand-var-dec-scaling='0.8763425694173073', sp-res-cutoff-cls='6', sp-res-cutoff-lits='308', sp-res-order-heur=''2''
21318.026000, 0.007173, 15762.792235, 135, -5555.233765, sp-clause-activity-inc='1.1194325882419123', sp-clause-decay='1.9014835719410992', sp-clause-del-heur=''2'', sp-first-restart='1863', sp-learned-clause-sort-heur=''11'', sp-learned-clauses-inc='1.3853548095343404', sp-learned-size-factor='0.345475991953716', sp-orig-clause-sort-heur=''7'', sp-phase-dec-heur=''4'', sp-rand-var-dec-freq=''0.001'', sp-resolution=''1'', sp-restart-inc='1.5397598394231773', sp-update-dec-queue=''1'', sp-use-pure-literal-rule=''0'', sp-var-activity-inc='1.4328516610073319', sp-var-dec-heur=''17'', sp-variable-decay='1.4773493889708258', sp-max-res-lit-inc='0.7504100071714602', sp-max-res-runs='1', sp-rand-phase-dec-freq=''0.005'', sp-rand-var-dec-scaling='0.8763425694173073', sp-res-cutoff-cls='6', sp-res-cutoff-lits='308', sp-res-order-heur=''2'', sp-rand-phase-scaling='1.0'
