{"incumbent": ["sp-clause-activity-inc='1.0'", "sp-clause-decay='1.4'", "sp-clause-del-heur=''2''", "sp-first-restart='100'", "sp-learned-clause-sort-heur=''0''", "sp-learned-clauses-inc='1.3'", "sp-learned-size-factor='0.4'", "sp-orig-clause-sort-heur=''0''", "sp-phase-dec-heur=''5''", "sp-rand-var-dec-freq=''0.001''", "sp-resolution=''1''", "sp-restart-inc='1.5'", "sp-update-dec-queue=''1''", "sp-use-pure-literal-rule=''1''", "sp-var-activity-inc='1.0'", "sp-var-dec-heur=''0''", "sp-variable-decay='1.4'", "sp-max-res-lit-inc='1.0'", "sp-max-res-runs='4'", "sp-rand-phase-dec-freq=''0.001''", "sp-rand-var-dec-scaling='1.0'", "sp-res-cutoff-cls='8'", "sp-res-cutoff-lits='400'", "sp-res-order-heur=''0''", "sp-rand-phase-scaling='1.0'"], "evaluations": 0, "wallclock_time": 0.0008747577667236328, "cpu_time": 0, "total_cpu_time": null, "cost": 2147483648}
{"incumbent": ["sp-clause-activity-inc='1.0'", "sp-clause-decay='1.4'", "sp-clause-del-heur=''2''", "sp-first-restart='100'", "sp-learned-clause-sort-heur=''0''", "sp-learned-clauses-inc='1.3'", "sp-learned-size-factor='0.4'", "sp-orig-clause-sort-heur=''0''", "sp-phase-dec-heur=''5''", "sp-rand-var-dec-freq=''0.001''", "sp-resolution=''1''", "sp-restart-inc='1.5'", "sp-update-dec-queue=''1''", "sp-use-pure-literal-rule=''1''", "sp-var-activity-inc='1.0'", "sp-var-dec-heur=''0''", "sp-variable-decay='1.4'", "sp-max-res-lit-inc='1.0'", "sp-max-res-runs='4'", "sp-rand-phase-dec-freq=''0.001''", "sp-rand-var-dec-scaling='1.0'", "sp-res-cutoff-cls='8'", "sp-res-cutoff-lits='400'", "sp-res-order-heur=''0''", "sp-rand-phase-scaling='1.0'"], "evaluations": 1, "wallclock_time": 7.301308631896973, "cpu_time": 5.0, "total_cpu_time": null, "cost": 50}
{"incumbent": ["sp-clause-activity-inc='1.202644992444359'", "sp-clause-decay='1.2985412789650197'", "sp-clause-del-heur=''2''", "sp-first-restart='1863'", "sp-learned-clause-sort-heur=''9''", "sp-learned-clauses-inc='1.3175429201495015'", "sp-learned-size-factor='0.23992270746959699'", "sp-orig-clause-sort-heur=''15''", "sp-phase-dec-heur=''2''", "sp-rand-var-dec-freq=''0.0001''", "sp-resolution=''0''", "sp-restart-inc='1.625447220719989'", "sp-update-dec-queue=''1''", "sp-use-pure-literal-rule=''1''", "sp-var-activity-inc='1.4328516610073319'", "sp-var-dec-heur=''3''", "sp-variable-decay='1.7861357655054084'", "sp-rand-var-dec-scaling='0.8837639813762883'"], "evaluations": 39, "wallclock_time": 43.5540235042572, "cpu_time": 48.27999999999999, "total_cpu_time": null, "cost": 0.11206611570247933}
{"incumbent": ["sp-clause-activity-inc='1.202644992444359'", "sp-clause-decay='1.2985412789650197'", "sp-clause-del-heur=''2''", "sp-first-restart='547'", "sp-learned-clause-sort-heur=''9''", "sp-learned-clauses-inc='1.2915826310397323'", "sp-learned-size-factor='0.23992270746959699'", "sp-orig-clause-sort-heur=''15''", "sp-phase-dec-heur=''2''", "sp-rand-var-dec-freq=''0.0001''", "sp-resolution=''0''", "sp-restart-inc='1.625447220719989'", "sp-update-dec-queue=''1''", "sp-use-pure-literal-rule=''1''", "sp-var-activity-inc='1.4328516610073319'", "sp-var-dec-heur=''3''", "sp-variable-decay='1.7861357655054084'", "sp-rand-var-dec-scaling='0.8837639813762883'"], "evaluations": 60, "wallclock_time": 61.95767331123352, "cpu_time": 72.38399999999999, "total_cpu_time": null, "cost": 0.09269444444444445}
{"incumbent": ["sp-clause-activity-inc='1.202644992444359'", "sp-clause-decay='1.2985412789650197'", "sp-clause-del-heur=''2''", "sp-first-restart='3200'", "sp-learned-clause-sort-heur=''9''", "sp-learned-clauses-inc='1.2915826310397323'", "sp-learned-size-factor='0.23992270746959699'", "sp-orig-clause-sort-heur=''15''", "sp-phase-dec-heur=''2''", "sp-rand-var-dec-freq=''0.0001''", "sp-resolution=''0''", "sp-restart-inc='1.625447220719989'", "sp-update-dec-queue=''1''", "sp-use-pure-literal-rule=''0''", "sp-var-activity-inc='1.4328516610073319'", "sp-var-dec-heur=''3''", "sp-variable-decay='1.7861357655054084'", "sp-rand-var-dec-scaling='0.8837639813762883'"], "evaluations": 112, "wallclock_time": 107.75869345664978, "cpu_time": 138.22799999999995, "total_cpu_time": null, "cost": 0.08595918367346937}
{"incumbent": ["sp-clause-activity-inc='1.202644992444359'", "sp-clause-decay='1.2721718159728905'", "sp-clause-del-heur=''2''", "sp-first-restart='1863'", "sp-learned-clause-sort-heur=''9''", "sp-learned-clauses-inc='1.2915826310397323'", "sp-learned-size-factor='0.23992270746959699'", "sp-orig-clause-sort-heur=''15''", "sp-phase-dec-heur=''2''", "sp-rand-var-dec-freq=''0.0001''", "sp-resolution=''0''", "sp-restart-inc='1.625447220719989'", "sp-update-dec-queue=''1''", "sp-use-pure-literal-rule=''0''", "sp-var-activity-inc='1.4328516610073319'", "sp-var-dec-heur=''3''", "sp-variable-decay='1.7861357655054084'", "sp-rand-var-dec-scaling='0.8837639813762883'"], "evaluations": 199, "wallclock_time": 201.6587598323822, "cpu_time": 257.73599999999993, "total_cpu_time": null, "cost": 0.07570934256055363}
{"incumbent": ["sp-clause-activity-inc='1.202644992444359'", "sp-clause-decay='1.2721718159728905'", "sp-clause-del-heur=''1''", "sp-first-restart='1863'", "sp-learned-clause-sort-heur=''9''", "sp-learned-clauses-inc='1.2915826310397323'", "sp-learned-size-factor='0.23992270746959699'", "sp-orig-clause-sort-heur=''15''", "sp-phase-dec-heur=''2''", "sp-rand-var-dec-freq=''0.0001''", "sp-resolution=''0''", "sp-restart-inc='1.625447220719989'", "sp-update-dec-queue=''1''", "sp-use-pure-literal-rule=''0''", "sp-var-activity-inc='1.4328516610073319'", "sp-var-dec-heur=''3''", "sp-variable-decay='1.7861357655054084'", "sp-rand-var-dec-scaling='0.8837639813762883'"], "evaluations": 270, "wallclock_time": 273.4679539203644, "cpu_time": 353.03599999999983, "total_cpu_time": null, "cost": 0.07101385041551248}
{"incumbent": ["sp-clause-activity-inc='1.202644992444359'", "sp-clause-decay='1.2721718159728905'", "sp-clause-del-heur=''1''", "sp-first-restart='1863'", "sp-learned-clause-sort-heur=''9''", "sp-learned-clauses-inc='1.2915826310397323'", "sp-learned-size-factor='0.23992270746959699'", "sp-orig-clause-sort-heur=''15''", "sp-phase-dec-heur=''2''", "sp-rand-var-dec-freq=''0.0001''", "sp-resolution=''0''", "sp-restart-inc='1.625447220719989'", "sp-update-dec-queue=''1''", "sp-use-pure-literal-rule=''0''", "sp-var-activity-inc='1.4206548503195058'", "sp-var-dec-heur=''3''", "sp-variable-decay='1.7861357655054084'", "sp-rand-var-dec-scaling='0.8837639813762883'"], "evaluations": 303, "wallclock_time": 308.40798234939575, "cpu_time": 395.02799999999985, "total_cpu_time": null, "cost": 0.059840000000000004}
{"incumbent": ["sp-clause-activity-inc='1.202644992444359'", "sp-clause-decay='1.2721718159728905'", "sp-clause-del-heur=''1''", "sp-first-restart='1033'", "sp-learned-clause-sort-heur=''9''", "sp-learned-clauses-inc='1.2915826310397323'", "sp-learned-size-factor='0.23992270746959699'", "sp-orig-clause-sort-heur=''15''", "sp-phase-dec-heur=''2''", "sp-rand-var-dec-freq=''0.0001''", "sp-resolution=''0''", "sp-restart-inc='1.625447220719989'", "sp-update-dec-queue=''1''", "sp-use-pure-literal-rule=''0''", "sp-var-activity-inc='1.4328516610073319'", "sp-var-dec-heur=''3''", "sp-variable-decay='1.7861357655054084'", "sp-rand-var-dec-scaling='0.8837639813762883'"], "evaluations": 337, "wallclock_time": 340.22641706466675, "cpu_time": 433.56399999999985, "total_cpu_time": null, "cost": 0.04643083900226756}
{"incumbent": ["sp-clause-activity-inc='1.202644992444359'", "sp-clause-decay='1.2721718159728905'", "sp-clause-del-heur=''1''", "sp-first-restart='1863'", "sp-learned-clause-sort-heur=''9''", "sp-learned-clauses-inc='1.2915826310397323'", "sp-learned-size-factor='0.23992270746959699'", "sp-orig-clause-sort-heur=''15''", "sp-phase-dec-heur=''2''", "sp-rand-var-dec-freq=''0.0001''", "sp-resolution=''1''", "sp-restart-inc='1.625447220719989'", "sp-update-dec-queue=''1''", "sp-use-pure-literal-rule=''0''", "sp-var-activity-inc='1.4328516610073319'", "sp-var-dec-heur=''3''", "sp-variable-decay='1.7861357655054084'", "sp-max-res-lit-inc='1.0'", "sp-max-res-runs='4'", "sp-rand-var-dec-scaling='0.8837639813762883'", "sp-res-cutoff-cls='8'", "sp-res-cutoff-lits='400'", "sp-res-order-heur=''0''"], "evaluations": 464, "wallclock_time": 449.37758111953735, "cpu_time": 582.3679999999996, "total_cpu_time": null, "cost": 0.04455555555555558}
{"incumbent": ["sp-clause-activity-inc='1.202644992444359'", "sp-clause-decay='1.2721718159728905'", "sp-clause-del-heur=''1''", "sp-first-restart='1863'", "sp-learned-clause-sort-heur=''9''", "sp-learned-clauses-inc='1.2915826310397323'", "sp-learned-size-factor='0.23992270746959699'", "sp-orig-clause-sort-heur=''15''", "sp-phase-dec-heur=''2''", "sp-rand-var-dec-freq=''0.05''", "sp-resolution=''1''", "sp-restart-inc='1.625447220719989'", "sp-update-dec-queue=''1''", "sp-use-pure-literal-rule=''0''", "sp-var-activity-inc='1.4328516610073319'", "sp-var-dec-heur=''3''", "sp-variable-decay='1.7861357655054084'", "sp-max-res-lit-inc='1.0'", "sp-max-res-runs='4'", "sp-rand-var-dec-scaling='0.8837639813762883'", "sp-res-cutoff-cls='8'", "sp-res-cutoff-lits='400'", "sp-res-order-heur=''0''"], "evaluations": 502, "wallclock_time": 480.5830719470978, "cpu_time": 619.171999999999, "total_cpu_time": null, "cost": 0.0325568}
{"incumbent": ["sp-clause-activity-inc='1.202644992444359'", "sp-clause-decay='1.2721718159728905'", "sp-clause-del-heur=''1''", "sp-first-restart='1863'", "sp-learned-clause-sort-heur=''9''", "sp-learned-clauses-inc='1.2915826310397323'", "sp-learned-size-factor='0.23992270746959699'", "sp-orig-clause-sort-heur=''15''", "sp-phase-dec-heur=''2''", "sp-rand-var-dec-freq=''0.0001''", "sp-resolution=''1''", "sp-restart-inc='1.625447220719989'", "sp-update-dec-queue=''1''", "sp-use-pure-literal-rule=''0''", "sp-var-activity-inc='1.4328516610073319'", "sp-var-dec-heur=''3''", "sp-variable-decay='1.6378697361052594'", "sp-max-res-lit-inc='1.0'", "sp-max-res-runs='4'", "sp-rand-var-dec-scaling='0.8837639813762883'", "sp-res-cutoff-cls='8'", "sp-res-cutoff-lits='400'", "sp-res-order-heur=''0''"], "evaluations": 542, "wallclock_time": 511.1851816177368, "cpu_time": 662.0999999999985, "total_cpu_time": null, "cost": 0.03175147928994083}
{"incumbent": ["sp-clause-activity-inc='1.202644992444359'", "sp-clause-decay='1.2721718159728905'", "sp-clause-del-heur=''1''", "sp-first-restart='1863'", "sp-learned-clause-sort-heur=''9''", "sp-learned-clauses-inc='1.2915826310397323'", "sp-learned-size-factor='0.23992270746959699'", "sp-orig-clause-sort-heur=''9''", "sp-phase-dec-heur=''2''", "sp-rand-var-dec-freq=''0.0001''", "sp-resolution=''1''", "sp-restart-inc='1.625447220719989'", "sp-update-dec-queue=''0''", "sp-use-pure-literal-rule=''0''", "sp-var-activity-inc='1.4328516610073319'", "sp-var-dec-heur=''3''", "sp-variable-decay='1.6378697361052594'", "sp-max-res-lit-inc='1.0'", "sp-max-res-runs='4'", "sp-rand-var-dec-scaling='0.8837639813762883'", "sp-res-cutoff-cls='8'", "sp-res-cutoff-lits='400'", "sp-res-order-heur=''0''"], "evaluations": 652, "wallclock_time": 575.649982213974, "cpu_time": 749.6919999999978, "total_cpu_time": null, "cost": 0.02818367346938775}
{"incumbent": ["sp-clause-activity-inc='1.202644992444359'", "sp-clause-decay='1.2721718159728905'", "sp-clause-del-heur=''1''", "sp-first-restart='1863'", "sp-learned-clause-sort-heur=''9''", "sp-learned-clauses-inc='1.2915826310397323'", "sp-learned-size-factor='0.23992270746959699'", "sp-orig-clause-sort-heur=''9''", "sp-phase-dec-heur=''2''", "sp-rand-var-dec-freq=''0.0001''", "sp-resolution=''1''", "sp-restart-inc='1.625447220719989'", "sp-update-dec-queue=''0''", "sp-use-pure-literal-rule=''0''", "sp-var-activity-inc='1.4328516610073319'", "sp-var-dec-heur=''3''", "sp-variable-decay='1.6378697361052594'", "sp-max-res-lit-inc='1.0'", "sp-max-res-runs='3'", "sp-rand-var-dec-scaling='0.8837639813762883'", "sp-res-cutoff-cls='8'", "sp-res-cutoff-lits='400'", "sp-res-order-heur=''0''"], "evaluations": 929, "wallclock_time": 773.3745992183685, "cpu_time": 1003.7959999999952, "total_cpu_time": null, "cost": 0.025098255280073447}
{"incumbent": ["sp-clause-activity-inc='1.202644992444359'", "sp-clause-decay='1.2721718159728905'", "sp-clause-del-heur=''1''", "sp-first-restart='1863'", "sp-learned-clause-sort-heur=''9''", "sp-learned-clauses-inc='1.3300643425973049'", "sp-learned-size-factor='0.23992270746959699'", "sp-orig-clause-sort-heur=''9''", "sp-phase-dec-heur=''2''", "sp-rand-var-dec-freq=''0.0001''", "sp-resolution=''1''", "sp-restart-inc='1.625447220719989'", "sp-update-dec-queue=''1''", "sp-use-pure-literal-rule=''0''", "sp-var-activity-inc='1.4328516610073319'", "sp-var-dec-heur=''3''", "sp-variable-decay='1.6378697361052594'", "sp-max-res-lit-inc='1.0'", "sp-max-res-runs='3'", "sp-rand-var-dec-scaling='0.8837639813762883'", "sp-res-cutoff-cls='8'", "sp-res-cutoff-lits='421'", "sp-res-order-heur=''0''"], "evaluations": 1359, "wallclock_time": 1098.502284526825, "cpu_time": 1429.6079999999968, "total_cpu_time": null, "cost": 0.02631426692965154}
{"incumbent": ["sp-clause-activity-inc='1.202644992444359'", "sp-clause-decay='1.2721718159728905'", "sp-clause-del-heur=''1''", "sp-first-restart='1863'", "sp-learned-clause-sort-heur=''9''", "sp-learned-clauses-inc='1.3300643425973049'", "sp-learned-size-factor='0.23992270746959699'", "sp-orig-clause-sort-heur=''9''", "sp-phase-dec-heur=''2''", "sp-rand-var-dec-freq=''0.0001''", "sp-resolution=''1''", "sp-restart-inc='1.625447220719989'", "sp-update-dec-queue=''1''", "sp-use-pure-literal-rule=''0''", "sp-var-activity-inc='1.4328516610073319'", "sp-var-dec-heur=''3''", "sp-variable-decay='1.6378697361052594'", "sp-max-res-lit-inc='1.0'", "sp-max-res-runs='3'", "sp-rand-var-dec-scaling='0.8837639813762883'", "sp-res-cutoff-cls='6'", "sp-res-cutoff-lits='421'", "sp-res-order-heur=''0''"], "evaluations": 1439, "wallclock_time": 1160.3047025203705, "cpu_time": 1509.667999999997, "total_cpu_time": null, "cost": 0.025025}
{"incumbent": ["sp-clause-activity-inc='1.202644992444359'", "sp-clause-decay='1.2721718159728905'", "sp-clause-del-heur=''1''", "sp-first-restart='1863'", "sp-learned-clause-sort-heur=''9''", "sp-learned-clauses-inc='1.3300643425973049'", "sp-learned-size-factor='0.23992270746959699'", "sp-orig-clause-sort-heur=''9''", "sp-phase-dec-heur=''2''", "sp-rand-var-dec-freq=''0.0001''", "sp-resolution=''1''", "sp-restart-inc='1.625447220719989'", "sp-update-dec-queue=''0''", "sp-use-pure-literal-rule=''0''", "sp-var-activity-inc='1.4328516610073319'", "sp-var-dec-heur=''3''", "sp-variable-decay='1.6378697361052594'", "sp-max-res-lit-inc='1.0'", "sp-max-res-runs='3'", "sp-rand-var-dec-scaling='0.8837639813762883'", "sp-res-cutoff-cls='6'", "sp-res-cutoff-lits='421'", "sp-res-order-heur=''0''"], "evaluations": 1603, "wallclock_time": 1281.0084836483002, "cpu_time": 1673.7639999999985, "total_cpu_time": null, "cost": 0.023460317460317452}
{"incumbent": ["sp-clause-activity-inc='1.202644992444359'", "sp-clause-decay='1.2721718159728905'", "sp-clause-del-heur=''1''", "sp-first-restart='1863'", "sp-learned-clause-sort-heur=''9''", "sp-learned-clauses-inc='1.3300643425973049'", "sp-learned-size-factor='0.23992270746959699'", "sp-orig-clause-sort-heur=''9''", "sp-phase-dec-heur=''2''", "sp-rand-var-dec-freq=''0.0001''", "sp-resolution=''1''", "sp-restart-inc='1.625447220719989'", "sp-update-dec-queue=''0''", "sp-use-pure-literal-rule=''1''", "sp-var-activity-inc='1.4328516610073319'", "sp-var-dec-heur=''3''", "sp-variable-decay='1.6378697361052594'", "sp-max-res-lit-inc='1.0'", "sp-max-res-runs='3'", "sp-rand-var-dec-scaling='0.8837639813762883'", "sp-res-cutoff-cls='6'", "sp-res-cutoff-lits='421'", "sp-res-order-heur=''0''"], "evaluations": 1686, "wallclock_time": 1342.0933706760406, "cpu_time": 1755.327999999999, "total_cpu_time": null, "cost": 0.02247701460248782}
{"incumbent": ["sp-clause-activity-inc='1.202644992444359'", "sp-clause-decay='1.2721718159728905'", "sp-clause-del-heur=''1''", "sp-first-restart='1863'", "sp-learned-clause-sort-heur=''9''", "sp-learned-clauses-inc='1.3300643425973049'", "sp-learned-size-factor='0.23992270746959699'", "sp-orig-clause-sort-heur=''9''", "sp-phase-dec-heur=''2''", "sp-rand-var-dec-freq=''0.0001''", "sp-resolution=''1''", "sp-restart-inc='1.625447220719989'", "sp-update-dec-queue=''0''", "sp-use-pure-literal-rule=''1''", "sp-var-activity-inc='1.4328516610073319'", "sp-var-dec-heur=''3''", "sp-variable-decay='1.6378697361052594'", "sp-max-res-lit-inc='0.7195058719092422'", "sp-max-res-runs='3'", "sp-rand-var-dec-scaling='0.8837639813762883'", "sp-res-cutoff-cls='5'", "sp-res-cutoff-lits='421'", "sp-res-order-heur=''0''"], "evaluations": 1954, "wallclock_time": 1531.7798247337341, "cpu_time": 2007.3839999999998, "total_cpu_time": null, "cost": 0.02013421550094518}
{"incumbent": ["sp-clause-activity-inc='1.202644992444359'", "sp-clause-decay='1.2721718159728905'", "sp-clause-del-heur=''1''", "sp-first-restart='1863'", "sp-learned-clause-sort-heur=''9''", "sp-learned-clauses-inc='1.3300643425973049'", "sp-learned-size-factor='0.23992270746959699'", "sp-orig-clause-sort-heur=''9''", "sp-phase-dec-heur=''2''", "sp-rand-var-dec-freq=''0.0001''", "sp-resolution=''1''", "sp-restart-inc='1.625447220719989'", "sp-update-dec-queue=''0''", "sp-use-pure-literal-rule=''1''", "sp-var-activity-inc='1.4328516610073319'", "sp-var-dec-heur=''3''", "sp-variable-decay='1.6378697361052594'", "sp-max-res-lit-inc='1.0284974530425837'", "sp-max-res-runs='3'", "sp-rand-var-dec-scaling='0.8837639813762883'", "sp-res-cutoff-cls='6'", "sp-res-cutoff-lits='421'", "sp-res-order-heur=''0''"], "evaluations": 2046, "wallclock_time": 1596.8297412395477, "cpu_time": 2091.8600000000006, "total_cpu_time": null, "cost": 0.019286555002263468}
{"incumbent": ["sp-clause-activity-inc='1.202644992444359'", "sp-clause-decay='1.2721718159728905'", "sp-clause-del-heur=''1''", "sp-first-restart='1863'", "sp-learned-clause-sort-heur=''9''", "sp-learned-clauses-inc='1.3300643425973049'", "sp-learned-size-factor='0.23992270746959699'", "sp-orig-clause-sort-heur=''9''", "sp-phase-dec-heur=''6''", "sp-rand-var-dec-freq=''0.0001''", "sp-resolution=''1''", "sp-restart-inc='1.625447220719989'", "sp-update-dec-queue=''0''", "sp-use-pure-literal-rule=''1''", "sp-var-activity-inc='1.4328516610073319'", "sp-var-dec-heur=''3''", "sp-variable-decay='1.6378697361052594'", "sp-max-res-lit-inc='1.0284974530425837'", "sp-max-res-runs='3'", "sp-rand-phase-dec-freq=''0.001''", "sp-rand-var-dec-scaling='0.8837639813762883'", "sp-res-cutoff-cls='6'", "sp-res-cutoff-lits='421'", "sp-res-order-heur=''0''", "sp-rand-phase-scaling='1.0'"], "evaluations": 2325, "wallclock_time": 1784.9998760223389, "cpu_time": 2345.3079999999977, "total_cpu_time": null, "cost": 0.016428800000000004}
{"incumbent": ["sp-clause-activity-inc='1.202644992444359'", "sp-clause-decay='1.2721718159728905'", "sp-clause-del-heur=''0''", "sp-first-restart='1863'", "sp-learned-clause-sort-heur=''9''", "sp-learned-clauses-inc='1.3300643425973049'", "sp-learned-size-factor='0.23992270746959699'", "sp-orig-clause-sort-heur=''9''", "sp-phase-dec-heur=''3''", "sp-rand-var-dec-freq=''0.001''", "sp-resolution=''2''", "sp-restart-inc='1.625447220719989'", "sp-update-dec-queue=''0''", "sp-use-pure-literal-rule=''1''", "sp-var-activity-inc='1.4328516610073319'", "sp-var-dec-heur=''3''", "sp-variable-decay='1.2526259397525494'", "sp-max-res-lit-inc='0.7504100071714602'", "sp-max-res-runs='3'", "sp-rand-phase-dec-freq=''0.001''", "sp-rand-var-dec-scaling='0.8837639813762883'", "sp-res-cutoff-cls='9'", "sp-res-cutoff-lits='421'", "sp-res-order-heur=''0''", "sp-rand-phase-scaling='1.0'"], "evaluations": 4159, "wallclock_time": 3199.5967829227448, "cpu_time": 4250.8759999999975, "total_cpu_time": null, "cost": 0.016078053259871442}
{"incumbent": ["sp-clause-activity-inc='1.202644992444359'", "sp-clause-decay='1.2721718159728905'", "sp-clause-del-heur=''0''", "sp-first-restart='1863'", "sp-learned-clause-sort-heur=''9''", "sp-learned-clauses-inc='1.3300643425973049'", "sp-learned-size-factor='0.23992270746959699'", "sp-orig-clause-sort-heur=''9''", "sp-phase-dec-heur=''3''", "sp-rand-var-dec-freq=''0.001''", "sp-resolution=''2''", "sp-restart-inc='1.625447220719989'", "sp-update-dec-queue=''0''", "sp-use-pure-literal-rule=''1''", "sp-var-activity-inc='1.4328516610073319'", "sp-var-dec-heur=''3''", "sp-variable-decay='1.2526259397525494'", "sp-max-res-lit-inc='0.7504100071714602'", "sp-max-res-runs='3'", "sp-rand-phase-dec-freq=''0.001''", "sp-rand-var-dec-scaling='0.8837639813762883'", "sp-res-cutoff-cls='5'", "sp-res-cutoff-lits='421'", "sp-res-order-heur=''0''", "sp-rand-phase-scaling='1.0'"], "evaluations": 4292, "wallclock_time": 3299.347913980484, "cpu_time": 4391.295999999998, "total_cpu_time": null, "cost": 0.01566941412341279}
{"incumbent": ["sp-clause-activity-inc='1.202644992444359'", "sp-clause-decay='1.2721718159728905'", "sp-clause-del-heur=''0''", "sp-first-restart='1863'", "sp-learned-clause-sort-heur=''9''", "sp-learned-clauses-inc='1.3300643425973049'", "sp-learned-size-factor='0.23992270746959699'", "sp-orig-clause-sort-heur=''9''", "sp-phase-dec-heur=''3''", "sp-rand-var-dec-freq=''0.001''", "sp-resolution=''2''", "sp-restart-inc='1.625447220719989'", "sp-update-dec-queue=''1''", "sp-use-pure-literal-rule=''1''", "sp-var-activity-inc='1.4328516610073319'", "sp-var-dec-heur=''3''", "sp-variable-decay='1.2526259397525494'", "sp-max-res-lit-inc='0.7504100071714602'", "sp-max-res-runs='3'", "sp-rand-phase-dec-freq=''0.001''", "sp-rand-var-dec-scaling='0.8837639813762883'", "sp-res-cutoff-cls='6'", "sp-res-cutoff-lits='421'", "sp-res-order-heur=''0''", "sp-rand-phase-scaling='1.0'"], "evaluations": 4428, "wallclock_time": 3401.2022202014923, "cpu_time": 4534.663999999999, "total_cpu_time": null, "cost": 0.015505190311418685}
{"incumbent": ["sp-clause-activity-inc='1.202644992444359'", "sp-clause-decay='1.2721718159728905'", "sp-clause-del-heur=''0''", "sp-first-restart='1863'", "sp-learned-clause-sort-heur=''9''", "sp-learned-clauses-inc='1.3300643425973049'", "sp-learned-size-factor='0.23992270746959699'", "sp-orig-clause-sort-heur=''9''", "sp-phase-dec-heur=''1''", "sp-rand-var-dec-freq=''0.001''", "sp-resolution=''2''", "sp-restart-inc='1.625447220719989'", "sp-update-dec-queue=''0''", "sp-use-pure-literal-rule=''1''", "sp-var-activity-inc='1.4328516610073319'", "sp-var-dec-heur=''3''", "sp-variable-decay='1.2526259397525494'", "sp-max-res-lit-inc='0.7504100071714602'", "sp-max-res-runs='3'", "sp-rand-phase-dec-freq=''0.001''", "sp-rand-var-dec-scaling='0.8837639813762883'", "sp-res-cutoff-cls='6'", "sp-res-cutoff-lits='421'", "sp-res-order-heur=''0''", "sp-rand-phase-scaling='1.0'"], "evaluations": 4564, "wallclock_time": 3501.197067975998, "cpu_time": 4674.3, "total_cpu_time": null, "cost": 0.01455240495694181}
{"incumbent": ["sp-clause-activity-inc='1.202644992444359'", "sp-clause-decay='1.2721718159728905'", "sp-clause-del-heur=''0''", "sp-first-restart='1863'", "sp-learned-clause-sort-heur=''3''", "sp-learned-clauses-inc='1.3300643425973049'", "sp-learned-size-factor='0.23992270746959699'", "sp-orig-clause-sort-heur=''9''", "sp-phase-dec-heur=''1''", "sp-rand-var-dec-freq=''0.001''", "sp-resolution=''2''", "sp-restart-inc='1.625447220719989'", "sp-update-dec-queue=''0''", "sp-use-pure-literal-rule=''1''", "sp-var-activity-inc='1.4328516610073319'", "sp-var-dec-heur=''3''", "sp-variable-decay='1.2526259397525494'", "sp-max-res-lit-inc='0.7504100071714602'", "sp-max-res-runs='3'", "sp-rand-phase-dec-freq=''0.001''", "sp-rand-var-dec-scaling='0.8837639813762883'", "sp-res-cutoff-cls='6'", "sp-res-cutoff-lits='421'", "sp-res-order-heur=''0''", "sp-rand-phase-scaling='1.0'"], "evaluations": 4697, "wallclock_time": 3599.9358899593353, "cpu_time": 4807.4760000000015, "total_cpu_time": null, "cost": 0.013268571428571423}
{"incumbent": ["sp-clause-activity-inc='1.202644992444359'", "sp-clause-decay='1.2721718159728905'", "sp-clause-del-heur=''0''", "sp-first-restart='1863'", "sp-learned-clause-sort-heur=''3''", "sp-learned-clauses-inc='1.3300643425973049'", "sp-learned-size-factor='0.23992270746959699'", "sp-orig-clause-sort-heur=''9''", "sp-phase-dec-heur=''1''", "sp-rand-var-dec-freq=''0.001''", "sp-resolution=''2''", "sp-restart-inc='1.625447220719989'", "sp-update-dec-queue=''0''", "sp-use-pure-literal-rule=''1''", "sp-var-activity-inc='1.4328516610073319'", "sp-var-dec-heur=''3''", "sp-variable-decay='1.2526259397525494'", "sp-max-res-lit-inc='0.7504100071714602'", "sp-max-res-runs='3'", "sp-rand-phase-dec-freq=''0.001''", "sp-rand-var-dec-scaling='0.8837639813762883'", "sp-res-cutoff-cls='6'", "sp-res-cutoff-lits='386'", "sp-res-order-heur=''0''", "sp-rand-phase-scaling='1.0'"], "evaluations": 4837, "wallclock_time": 3698.0735907554626, "cpu_time": 4937.524000000005, "total_cpu_time": null, "cost": 0.012905375917476683}
{"incumbent": ["sp-clause-activity-inc='1.202644992444359'", "sp-clause-decay='1.2721718159728905'", "sp-clause-del-heur=''0''", "sp-first-restart='1863'", "sp-learned-clause-sort-heur=''5''", "sp-learned-clauses-inc='1.3300643425973049'", "sp-learned-size-factor='0.23992270746959699'", "sp-orig-clause-sort-heur=''9''", "sp-phase-dec-heur=''1''", "sp-rand-var-dec-freq=''0.001''", "sp-resolution=''2''", "sp-restart-inc='1.625447220719989'", "sp-update-dec-queue=''0''", "sp-use-pure-literal-rule=''1''", "sp-var-activity-inc='1.4328516610073319'", "sp-var-dec-heur=''3''", "sp-variable-decay='1.2526259397525494'", "sp-max-res-lit-inc='0.7504100071714602'", "sp-max-res-runs='3'", "sp-rand-phase-dec-freq=''0.001''", "sp-rand-var-dec-scaling='0.8837639813762883'", "sp-res-cutoff-cls='6'", "sp-res-cutoff-lits='386'", "sp-res-order-heur=''0''", "sp-rand-phase-scaling='1.0'"], "evaluations": 5124, "wallclock_time": 3895.525111436844, "cpu_time": 5198.124000000015, "total_cpu_time": null, "cost": 0.012268718333646084}
{"incumbent": ["sp-clause-activity-inc='1.0719559094095716'", "sp-clause-decay='1.2721718159728905'", "sp-clause-del-heur=''0''", "sp-first-restart='1863'", "sp-learned-clause-sort-heur=''3''", "sp-learned-clauses-inc='1.3300643425973049'", "sp-learned-size-factor='0.23992270746959699'", "sp-orig-clause-sort-heur=''9''", "sp-phase-dec-heur=''1''", "sp-rand-var-dec-freq=''0.001''", "sp-resolution=''2''", "sp-restart-inc='1.625447220719989'", "sp-update-dec-queue=''0''", "sp-use-pure-literal-rule=''1''", "sp-var-activity-inc='1.4328516610073319'", "sp-var-dec-heur=''3''", "sp-variable-decay='1.2526259397525494'", "sp-max-res-lit-inc='0.7504100071714602'", "sp-max-res-runs='3'", "sp-rand-phase-dec-freq=''0.001''", "sp-rand-var-dec-scaling='0.8837639813762883'", "sp-res-cutoff-cls='6'", "sp-res-cutoff-lits='386'", "sp-res-order-heur=''0''", "sp-rand-phase-scaling='1.0'"], "evaluations": 5270, "wallclock_time": 3994.6239774227142, "cpu_time": 5328.82000000002, "total_cpu_time": null, "cost": 0.011987582176771368}
{"incumbent": ["sp-clause-activity-inc='1.0719559094095716'", "sp-clause-decay='1.2721718159728905'", "sp-clause-del-heur=''0''", "sp-first-restart='2469'", "sp-learned-clause-sort-heur=''3''", "sp-learned-clauses-inc='1.3300643425973049'", "sp-learned-size-factor='0.23992270746959699'", "sp-orig-clause-sort-heur=''9''", "sp-phase-dec-heur=''1''", "sp-rand-var-dec-freq=''0.001''", "sp-resolution=''2''", "sp-restart-inc='1.625447220719989'", "sp-update-dec-queue=''0''", "sp-use-pure-literal-rule=''1''", "sp-var-activity-inc='1.4328516610073319'", "sp-var-dec-heur=''3''", "sp-variable-decay='1.2526259397525494'", "sp-max-res-lit-inc='0.7504100071714602'", "sp-max-res-runs='3'", "sp-rand-phase-dec-freq=''0.001''", "sp-rand-var-dec-scaling='0.8837639813762883'", "sp-res-cutoff-cls='6'", "sp-res-cutoff-lits='386'", "sp-res-order-heur=''0''", "sp-rand-phase-scaling='1.0'"], "evaluations": 5405, "wallclock_time": 4088.5643701553345, "cpu_time": 5448.484000000021, "total_cpu_time": null, "cost": 0.010985955555555555}
{"incumbent": ["sp-clause-activity-inc='1.0719559094095716'", "sp-clause-decay='1.2721718159728905'", "sp-clause-del-heur=''0''", "sp-first-restart='1863'", "sp-learned-clause-sort-heur=''3''", "sp-learned-clauses-inc='1.3300643425973049'", "sp-learned-size-factor='0.23992270746959699'", "sp-orig-clause-sort-heur=''9''", "sp-phase-dec-heur=''1''", "sp-rand-var-dec-freq=''0.001''", "sp-resolution=''2''", "sp-restart-inc='1.625447220719989'", "sp-update-dec-queue=''0''", "sp-use-pure-literal-rule=''0''", "sp-var-activity-inc='1.2741339074449685'", "sp-var-dec-heur=''3''", "sp-variable-decay='1.2526259397525494'", "sp-max-res-lit-inc='0.7504100071714602'", "sp-max-res-runs='3'", "sp-rand-phase-dec-freq=''0.001''", "sp-rand-var-dec-scaling='0.960873953641747'", "sp-res-cutoff-cls='5'", "sp-res-cutoff-lits='386'", "sp-res-order-heur=''0''", "sp-rand-phase-scaling='1.0'"], "evaluations": 6316, "wallclock_time": 4711.300942659378, "cpu_time": 6268.508000000051, "total_cpu_time": null, "cost": 0.00958146623990245}
{"incumbent": ["sp-clause-activity-inc='0.8670338233750825'", "sp-clause-decay='1.2721718159728905'", "sp-clause-del-heur=''0''", "sp-first-restart='1863'", "sp-learned-clause-sort-heur=''3''", "sp-learned-clauses-inc='1.3853548095343404'", "sp-learned-size-factor='0.3233622112603511'", "sp-orig-clause-sort-heur=''9''", "sp-phase-dec-heur=''1''", "sp-rand-var-dec-freq=''0.001''", "sp-resolution=''2''", "sp-restart-inc='1.625447220719989'", "sp-update-dec-queue=''1''", "sp-use-pure-literal-rule=''1''", "sp-var-activity-inc='1.4328516610073319'", "sp-var-dec-heur=''3''", "sp-variable-decay='1.2526259397525494'", "sp-max-res-lit-inc='0.7504100071714602'", "sp-max-res-runs='3'", "sp-rand-phase-dec-freq=''0.005''", "sp-rand-var-dec-scaling='0.9908168040360081'", "sp-res-cutoff-cls='6'", "sp-res-cutoff-lits='386'", "sp-res-order-heur=''0''", "sp-rand-phase-scaling='1.0'"], "evaluations": 9074, "wallclock_time": 6684.37403345108, "cpu_time": 8858.618000000055, "total_cpu_time": null, "cost": 0.009425443724093952}
{"incumbent": ["sp-clause-activity-inc='0.8670338233750825'", "sp-clause-decay='1.2721718159728905'", "sp-clause-del-heur=''0''", "sp-first-restart='1863'", "sp-learned-clause-sort-heur=''3''", "sp-learned-clauses-inc='1.3853548095343404'", "sp-learned-size-factor='0.3233622112603511'", "sp-orig-clause-sort-heur=''9''", "sp-phase-dec-heur=''1''", "sp-rand-var-dec-freq=''0.005''", "sp-resolution=''2''", "sp-restart-inc='1.625447220719989'", "sp-update-dec-queue=''1''", "sp-use-pure-literal-rule=''1''", "sp-var-activity-inc='1.4328516610073319'", "sp-var-dec-heur=''3''", "sp-variable-decay='1.2526259397525494'", "sp-max-res-lit-inc='0.7504100071714602'", "sp-max-res-runs='3'", "sp-rand-phase-dec-freq=''0.005''", "sp-rand-var-dec-scaling='0.9908168040360081'", "sp-res-cutoff-cls='6'", "sp-res-cutoff-lits='386'", "sp-res-order-heur=''0''", "sp-rand-phase-scaling='1.0'"], "evaluations": 9465, "wallclock_time": 6956.956511259079, "cpu_time": 9219.318000000041, "total_cpu_time": null, "cost": 0.0094149576573819}
{"incumbent": ["sp-clause-activity-inc='0.8670338233750825'", "sp-clause-decay='1.2721718159728905'", "sp-clause-del-heur=''0''", "sp-first-restart='1863'", "sp-learned-clause-sort-heur=''7''", "sp-learned-clauses-inc='1.3853548095343404'", "sp-learned-size-factor='0.3233622112603511'", "sp-orig-clause-sort-heur=''9''", "sp-phase-dec-heur=''1''", "sp-rand-var-dec-freq=''0.001''", "sp-resolution=''2''", "sp-restart-inc='1.625447220719989'", "sp-update-dec-queue=''1''", "sp-use-pure-literal-rule=''1''", "sp-var-activity-inc='1.4328516610073319'", "sp-var-dec-heur=''3''", "sp-variable-decay='1.2526259397525494'", "sp-max-res-lit-inc='0.7504100071714602'", "sp-max-res-runs='3'", "sp-rand-phase-dec-freq=''0.005''", "sp-rand-var-dec-scaling='0.9908168040360081'", "sp-res-cutoff-cls='6'", "sp-res-cutoff-lits='386'", "sp-res-order-heur=''0''", "sp-rand-phase-scaling='1.0'"], "evaluations": 9663, "wallclock_time": 7095.286750555038, "cpu_time": 9401.290000000037, "total_cpu_time": null, "cost": 0.009094000000000001}
{"incumbent": ["sp-clause-activity-inc='0.8670338233750825'", "sp-clause-decay='1.2721718159728905'", "sp-clause-del-heur=''0''", "sp-first-restart='1863'", "sp-learned-clause-sort-heur=''3''", "sp-learned-clauses-inc='1.3853548095343404'", "sp-learned-size-factor='0.3233622112603511'", "sp-orig-clause-sort-heur=''9''", "sp-phase-dec-heur=''1''", "sp-rand-var-dec-freq=''0.001''", "sp-resolution=''2''", "sp-restart-inc='1.625447220719989'", "sp-update-dec-queue=''1''", "sp-use-pure-literal-rule=''1''", "sp-var-activity-inc='1.4328516610073319'", "sp-var-dec-heur=''3''", "sp-variable-decay='1.2526259397525494'", "sp-max-res-lit-inc='0.7504100071714602'", "sp-max-res-runs='3'", "sp-rand-phase-dec-freq=''0.005''", "sp-rand-var-dec-scaling='0.9908168040360081'", "sp-res-cutoff-cls='6'", "sp-res-cutoff-lits='386'", "sp-res-order-heur=''0''", "sp-rand-phase-scaling='1.0'"], "evaluations": 9851, "wallclock_time": 7233.65140414238, "cpu_time": 9583.674000000039, "total_cpu_time": null, "cost": 0.009055582786001373}
{"incumbent": ["sp-clause-activity-inc='0.8670338233750825'", "sp-clause-decay='1.7268049282847524'", "sp-clause-del-heur=''0''", "sp-first-restart='1863'", "sp-learned-clause-sort-heur=''3''", "sp-learned-clauses-inc='1.3853548095343404'", "sp-learned-size-factor='0.3233622112603511'", "sp-orig-clause-sort-heur=''9''", "sp-phase-dec-heur=''4''", "sp-rand-var-dec-freq=''0.001''", "sp-resolution=''1''", "sp-restart-inc='1.6501862110549954'", "sp-update-dec-queue=''1''", "sp-use-pure-literal-rule=''1''", "sp-var-activity-inc='1.4328516610073319'", "sp-var-dec-heur=''3''", "sp-variable-decay='1.4773493889708258'", "sp-max-res-lit-inc='0.7504100071714602'", "sp-max-res-runs='3'", "sp-rand-phase-dec-freq=''0''", "sp-rand-var-dec-scaling='0.8763425694173073'", "sp-res-cutoff-cls='6'", "sp-res-cutoff-lits='386'", "sp-res-order-heur=''2''"], "evaluations": 13758, "wallclock_time": 10440.643018007278, "cpu_time": 14042.550000000072, "total_cpu_time": null, "cost": 0.008980156768589787}
{"incumbent": ["sp-clause-activity-inc='0.8670338233750825'", "sp-clause-decay='1.7268049282847524'", "sp-clause-del-heur=''0''", "sp-first-restart='1863'", "sp-learned-clause-sort-heur=''3''", "sp-learned-clauses-inc='1.3853548095343404'", "sp-learned-size-factor='0.3233622112603511'", "sp-orig-clause-sort-heur=''9''", "sp-phase-dec-heur=''4''", "sp-rand-var-dec-freq=''0.001''", "sp-resolution=''1''", "sp-restart-inc='1.6501862110549954'", "sp-update-dec-queue=''1''", "sp-use-pure-literal-rule=''0''", "sp-var-activity-inc='1.4328516610073319'", "sp-var-dec-heur=''3''", "sp-variable-decay='1.4773493889708258'", "sp-max-res-lit-inc='0.7504100071714602'", "sp-max-res-runs='3'", "sp-rand-phase-dec-freq=''0''", "sp-rand-var-dec-scaling='0.8763425694173073'", "sp-res-cutoff-cls='6'", "sp-res-cutoff-lits='759'", "sp-res-order-heur=''2''"], "evaluations": 13998, "wallclock_time": 10624.307809352875, "cpu_time": 14297.14200000007, "total_cpu_time": null, "cost": 0.008841111111111109}
{"incumbent": ["sp-clause-activity-inc='0.8670338233750825'", "sp-clause-decay='1.7268049282847524'", "sp-clause-del-heur=''0''", "sp-first-restart='1863'", "sp-learned-clause-sort-heur=''3''", "sp-learned-clauses-inc='1.3853548095343404'", "sp-learned-size-factor='0.3233622112603511'", "sp-orig-clause-sort-heur=''9''", "sp-phase-dec-heur=''4''", "sp-rand-var-dec-freq=''0.001''", "sp-resolution=''1''", "sp-restart-inc='1.6501862110549954'", "sp-update-dec-queue=''1''", "sp-use-pure-literal-rule=''0''", "sp-var-activity-inc='1.4328516610073319'", "sp-var-dec-heur=''3''", "sp-variable-decay='1.4773493889708258'", "sp-max-res-lit-inc='0.7504100071714602'", "sp-max-res-runs='3'", "sp-rand-phase-dec-freq=''0''", "sp-rand-var-dec-scaling='0.8763425694173073'", "sp-res-cutoff-cls='7'", "sp-res-cutoff-lits='759'", "sp-res-order-heur=''2''"], "evaluations": 14239, "wallclock_time": 10809.152269124985, "cpu_time": 14553.878000000077, "total_cpu_time": null, "cost": 0.00883518885322041}
{"incumbent": ["sp-clause-activity-inc='0.8670338233750825'", "sp-clause-decay='1.7268049282847524'", "sp-clause-del-heur=''0''", "sp-first-restart='1863'", "sp-learned-clause-sort-heur=''3''", "sp-learned-clauses-inc='1.3853548095343404'", "sp-learned-size-factor='0.3233622112603511'", "sp-orig-clause-sort-heur=''9''", "sp-phase-dec-heur=''4''", "sp-rand-var-dec-freq=''0.001''", "sp-resolution=''1''", "sp-restart-inc='1.6501862110549954'", "sp-update-dec-queue=''0''", "sp-use-pure-literal-rule=''0''", "sp-var-activity-inc='1.4328516610073319'", "sp-var-dec-heur=''3''", "sp-variable-decay='1.4773493889708258'", "sp-max-res-lit-inc='0.7504100071714602'", "sp-max-res-runs='3'", "sp-rand-phase-dec-freq=''0''", "sp-rand-var-dec-scaling='0.8763425694173073'", "sp-res-cutoff-cls='6'", "sp-res-cutoff-lits='759'", "sp-res-order-heur=''2''"], "evaluations": 14481, "wallclock_time": 10994.936646223068, "cpu_time": 14812.970000000074, "total_cpu_time": null, "cost": 0.008713249126578877}
{"incumbent": ["sp-clause-activity-inc='0.8670338233750825'", "sp-clause-decay='1.7268049282847524'", "sp-clause-del-heur=''0''", "sp-first-restart='1863'", "sp-learned-clause-sort-heur=''3''", "sp-learned-clauses-inc='1.3853548095343404'", "sp-learned-size-factor='0.3233622112603511'", "sp-orig-clause-sort-heur=''9''", "sp-phase-dec-heur=''4''", "sp-rand-var-dec-freq=''0.001''", "sp-resolution=''1''", "sp-restart-inc='1.6501862110549954'", "sp-update-dec-queue=''1''", "sp-use-pure-literal-rule=''0''", "sp-var-activity-inc='1.4328516610073319'", "sp-var-dec-heur=''3''", "sp-variable-decay='1.4773493889708258'", "sp-max-res-lit-inc='0.7504100071714602'", "sp-max-res-runs='3'", "sp-rand-phase-dec-freq=''0''", "sp-rand-var-dec-scaling='0.8763425694173073'", "sp-res-cutoff-cls='6'", "sp-res-cutoff-lits='759'", "sp-res-order-heur=''2''"], "evaluations": 14725, "wallclock_time": 11182.027939796448, "cpu_time": 15072.078000000076, "total_cpu_time": null, "cost": 0.008564478815519862}
{"incumbent": ["sp-clause-activity-inc='0.8670338233750825'", "sp-clause-decay='1.7268049282847524'", "sp-clause-del-heur=''1''", "sp-first-restart='1863'", "sp-learned-clause-sort-heur=''3''", "sp-learned-clauses-inc='1.3853548095343404'", "sp-learned-size-factor='0.3233622112603511'", "sp-orig-clause-sort-heur=''9''", "sp-phase-dec-heur=''4''", "sp-rand-var-dec-freq=''0.001''", "sp-resolution=''1''", "sp-restart-inc='1.6501862110549954'", "sp-update-dec-queue=''1''", "sp-use-pure-literal-rule=''0''", "sp-var-activity-inc='1.4328516610073319'", "sp-var-dec-heur=''3''", "sp-variable-decay='1.4773493889708258'", "sp-max-res-lit-inc='0.7504100071714602'", "sp-max-res-runs='3'", "sp-rand-phase-dec-freq=''0''", "sp-rand-var-dec-scaling='0.8763425694173073'", "sp-res-cutoff-cls='6'", "sp-res-cutoff-lits='759'", "sp-res-order-heur=''2''"], "evaluations": 14959, "wallclock_time": 11372.144132137299, "cpu_time": 15330.674000000083, "total_cpu_time": null, "cost": 0.00845577523413111}
{"incumbent": ["sp-clause-activity-inc='0.8670338233750825'", "sp-clause-decay='1.9014835719410992'", "sp-clause-del-heur=''1''", "sp-first-restart='1863'", "sp-learned-clause-sort-heur=''3''", "sp-learned-clauses-inc='1.3853548095343404'", "sp-learned-size-factor='0.345475991953716'", "sp-orig-clause-sort-heur=''9''", "sp-phase-dec-heur=''4''", "sp-rand-var-dec-freq=''0.001''", "sp-resolution=''1''", "sp-restart-inc='1.6501862110549954'", "sp-update-dec-queue=''1''", "sp-use-pure-literal-rule=''0''", "sp-var-activity-inc='1.4328516610073319'", "sp-var-dec-heur=''3''", "sp-variable-decay='1.4773493889708258'", "sp-max-res-lit-inc='0.7504100071714602'", "sp-max-res-runs='3'", "sp-rand-phase-dec-freq=''0''", "sp-rand-var-dec-scaling='0.8763425694173073'", "sp-res-cutoff-cls='6'", "sp-res-cutoff-lits='308'", "sp-res-order-heur=''2''"], "evaluations": 15433, "wallclock_time": 11750.006529092789, "cpu_time": 15842.594000000083, "total_cpu_time": null, "cost": 0.007693121693121696}
{"incumbent": ["sp-clause-activity-inc='1.1194325882419123'", "sp-clause-decay='1.9014835719410992'", "sp-clause-del-heur=''2''", "sp-first-restart='1863'", "sp-learned-clause-sort-heur=''11''", "sp-learned-clauses-inc='1.3853548095343404'", "sp-learned-size-factor='0.345475991953716'", "sp-orig-clause-sort-heur=''7''", "sp-phase-dec-heur=''4''", "sp-rand-var-dec-freq=''0.001''", "sp-resolution=''1''", "sp-restart-inc='1.5397598394231773'", "sp-update-dec-queue=''1''", "sp-use-pure-literal-rule=''0''", "sp-var-activity-inc='1.4328516610073319'", "sp-var-dec-heur=''17''", "sp-variable-decay='1.4773493889708258'", "sp-max-res-lit-inc='0.7504100071714602'", "sp-max-res-runs='1'", "sp-rand-phase-dec-freq=''0.005''", "sp-rand-var-dec-scaling='0.8763425694173073'", "sp-res-cutoff-cls='6'", "sp-res-cutoff-lits='308'", "sp-res-order-heur=''2''", "sp-rand-phase-scaling='1.0'"], "evaluations": 20104, "wallclock_time": 15762.792235136032, "cpu_time": 21318.02600000008, "total_cpu_time": null, "cost": 0.007173032407407409}
