{"wallclock_time": 0.0008776187896728516, "cost": 2147483648, "total_cpu_time": null, "cpu_time": 0, "evaluations": 0, "incumbent": ["sp-clause-activity-inc='1.0'", "sp-clause-decay='1.4'", "sp-clause-del-heur=''2''", "sp-first-restart='100'", "sp-learned-clause-sort-heur=''0''", "sp-learned-clauses-inc='1.3'", "sp-learned-size-factor='0.4'", "sp-orig-clause-sort-heur=''0''", "sp-phase-dec-heur=''5''", "sp-rand-var-dec-freq=''0.001''", "sp-resolution=''1''", "sp-restart-inc='1.5'", "sp-update-dec-queue=''1''", "sp-use-pure-literal-rule=''1''", "sp-var-activity-inc='1.0'", "sp-var-dec-heur=''0''", "sp-variable-decay='1.4'", "sp-max-res-lit-inc='1.0'", "sp-max-res-runs='4'", "sp-rand-phase-dec-freq=''0.001''", "sp-rand-var-dec-scaling='1.0'", "sp-res-cutoff-cls='8'", "sp-res-cutoff-lits='400'", "sp-res-order-heur=''0''", "sp-rand-phase-scaling='1.0'"]}
{"wallclock_time": 0.1933450698852539, "cost": 0.064, "total_cpu_time": null, "cpu_time": 0.064, "evaluations": 1, "incumbent": ["sp-clause-activity-inc='1.0'", "sp-clause-decay='1.4'", "sp-clause-del-heur=''2''", "sp-first-restart='100'", "sp-learned-clause-sort-heur=''0''", "sp-learned-clauses-inc='1.3'", "sp-learned-size-factor='0.4'", "sp-orig-clause-sort-heur=''0''", "sp-phase-dec-heur=''5''", "sp-rand-var-dec-freq=''0.001''", "sp-resolution=''1''", "sp-restart-inc='1.5'", "sp-update-dec-queue=''1''", "sp-use-pure-literal-rule=''1''", "sp-var-activity-inc='1.0'", "sp-var-dec-heur=''0''", "sp-variable-decay='1.4'", "sp-max-res-lit-inc='1.0'", "sp-max-res-runs='4'", "sp-rand-phase-dec-freq=''0.001''", "sp-rand-var-dec-scaling='1.0'", "sp-res-cutoff-cls='8'", "sp-res-cutoff-lits='400'", "sp-res-order-heur=''0''", "sp-rand-phase-scaling='1.0'"]}
{"wallclock_time": 93.84740281105042, "cost": 0.11499999999999999, "total_cpu_time": null, "cpu_time": 102.01600000000005, "evaluations": 65, "incumbent": ["sp-clause-activity-inc='0.810774540875304'", "sp-clause-decay='1.37248652390427'", "sp-clause-del-heur=''0''", "sp-first-restart='1264'", "sp-learned-clause-sort-heur=''7''", "sp-learned-clauses-inc='1.1981352019753795'", "sp-learned-size-factor='1.0330041993068666'", "sp-orig-clause-sort-heur=''4''", "sp-phase-dec-heur=''2''", "sp-rand-var-dec-freq=''0.005''", "sp-resolution=''0''", "sp-restart-inc='1.636623266636022'", "sp-update-dec-queue=''1''", "sp-use-pure-literal-rule=''1''", "sp-var-activity-inc='0.510153835828418'", "sp-var-dec-heur=''5''", "sp-variable-decay='1.9352754623407449'", "sp-rand-var-dec-scaling='0.9305510588689139'"]}
{"wallclock_time": 1769.1261548995972, "cost": 0.08108000000000001, "total_cpu_time": null, "cpu_time": 2110.1080000000015, "evaluations": 1040, "incumbent": ["sp-clause-activity-inc='0.5821448419148093'", "sp-clause-decay='1.087299073320033'", "sp-clause-del-heur=''2''", "sp-first-restart='200'", "sp-learned-clause-sort-heur=''12''", "sp-learned-clauses-inc='1.367615064724737'", "sp-learned-size-factor='0.21876116695870818'", "sp-orig-clause-sort-heur=''0''", "sp-phase-dec-heur=''5''", "sp-rand-var-dec-freq=''0.05''", "sp-resolution=''1''", "sp-restart-inc='1.5629881364525926'", "sp-update-dec-queue=''1''", "sp-use-pure-literal-rule=''0''", "sp-var-activity-inc='1.392282099045497'", "sp-var-dec-heur=''3''", "sp-variable-decay='1.5086223360121533'", "sp-max-res-lit-inc='0.3135349691264473'", "sp-max-res-runs='9'", "sp-rand-phase-dec-freq=''0.05''", "sp-rand-var-dec-scaling='0.7425098199662477'", "sp-res-cutoff-cls='5'", "sp-res-cutoff-lits='348'", "sp-res-order-heur=''16''", "sp-rand-phase-scaling='0.9929070872418373'"]}
{"wallclock_time": 2215.9184353351593, "cost": 0.07984000000000001, "total_cpu_time": null, "cpu_time": 2634.023999999998, "evaluations": 1300, "incumbent": ["sp-clause-activity-inc='1.464388145247391'", "sp-clause-decay='1.1067060033777267'", "sp-clause-del-heur=''2''", "sp-first-restart='2215'", "sp-learned-clause-sort-heur=''12''", "sp-learned-clauses-inc='1.4398524134566766'", "sp-learned-size-factor='0.8243953419799618'", "sp-orig-clause-sort-heur=''8''", "sp-phase-dec-heur=''1''", "sp-rand-var-dec-freq=''0.001''", "sp-resolution=''2''", "sp-restart-inc='1.1787767596456318'", "sp-update-dec-queue=''1''", "sp-use-pure-literal-rule=''1''", "sp-var-activity-inc='0.5380024003093248'", "sp-var-dec-heur=''3''", "sp-variable-decay='1.4968263887314075'", "sp-max-res-lit-inc='3.7236528074893473'", "sp-max-res-runs='2'", "sp-rand-phase-dec-freq=''0.01''", "sp-rand-var-dec-scaling='0.5350324750118542'", "sp-res-cutoff-cls='2'", "sp-res-cutoff-lits='142'", "sp-res-order-heur=''19''", "sp-rand-phase-scaling='0.8756742147352048'"]}
{"wallclock_time": 4496.136769771576, "cost": 0.07756, "total_cpu_time": null, "cpu_time": 5274.6959999999945, "evaluations": 2665, "incumbent": ["sp-clause-activity-inc='1.2712253182628848'", "sp-clause-decay='1.211379917589921'", "sp-clause-del-heur=''0''", "sp-first-restart='136'", "sp-learned-clause-sort-heur=''14''", "sp-learned-clauses-inc='1.1190039727237298'", "sp-learned-size-factor='0.10293613794092922'", "sp-orig-clause-sort-heur=''5''", "sp-phase-dec-heur=''6''", "sp-rand-var-dec-freq=''0.001''", "sp-resolution=''0''", "sp-restart-inc='1.5497715868206736'", "sp-update-dec-queue=''1''", "sp-use-pure-literal-rule=''1''", "sp-var-activity-inc='1.0351641629253554'", "sp-var-dec-heur=''0''", "sp-variable-decay='1.0665500106652932'", "sp-rand-phase-dec-freq=''0.01''", "sp-rand-var-dec-scaling='0.3806908923892217'", "sp-rand-phase-scaling='0.7176718865970333'"]}
{"wallclock_time": 15815.205922365189, "cost": 0.07704000000000001, "total_cpu_time": null, "cpu_time": 18281.368000000013, "evaluations": 9165, "incumbent": ["sp-clause-activity-inc='0.7854726086137508'", "sp-clause-decay='1.3351185382946307'", "sp-clause-del-heur=''1''", "sp-first-restart='39'", "sp-learned-clause-sort-heur=''4''", "sp-learned-clauses-inc='1.3966098537548146'", "sp-learned-size-factor='0.8122544875168407'", "sp-orig-clause-sort-heur=''5''", "sp-phase-dec-heur=''1''", "sp-rand-var-dec-freq=''0''", "sp-resolution=''0''", "sp-restart-inc='1.4531170996677905'", "sp-update-dec-queue=''0''", "sp-use-pure-literal-rule=''0''", "sp-var-activity-inc='0.8487626702931103'", "sp-var-dec-heur=''7''", "sp-variable-decay='1.7621875980336266'", "sp-rand-phase-dec-freq=''0.01''", "sp-rand-phase-scaling='0.7841112759424407'"]}
