"CPU Time Used","Estimated Training Performance","Wallclock Time","Incumbent ID","Automatic Configurator (CPU) Time","Configuration..."
0.000000, 2147483648.000000, 0.000952, 1, 0.000952, sp-clause-activity-inc='1.0', sp-clause-decay='1.4', sp-clause-del-heur=''2'', sp-first-restart='100', sp-learned-clause-sort-heur=''0'', sp-learned-clauses-inc='1.3', sp-learned-size-factor='0.4', sp-orig-clause-sort-heur=''0'', sp-phase-dec-heur=''5'', sp-rand-var-dec-freq=''0.001'', sp-resolution=''1'', sp-restart-inc='1.5', sp-update-dec-queue=''1'', sp-use-pure-literal-rule=''1'', sp-var-activity-inc='1.0', sp-var-dec-heur=''0'', sp-variable-decay='1.4', sp-max-res-lit-inc='1.0', sp-max-res-runs='4', sp-rand-phase-dec-freq=''0.001'', sp-rand-var-dec-scaling='1.0', sp-res-cutoff-cls='8', sp-res-cutoff-lits='400', sp-res-order-heur=''0'', sp-rand-phase-scaling='1.0'
0.012000, 0.012000, 0.198301, 1, 0.186301, sp-clause-activity-inc='1.0', sp-clause-decay='1.4', sp-clause-del-heur=''2'', sp-first-restart='100', sp-learned-clause-sort-heur=''0'', sp-learned-clauses-inc='1.3', sp-learned-size-factor='0.4', sp-orig-clause-sort-heur=''0'', sp-phase-dec-heur=''5'', sp-rand-var-dec-freq=''0.001'', sp-resolution=''1'', sp-restart-inc='1.5', sp-update-dec-queue=''1'', sp-use-pure-literal-rule=''1'', sp-var-activity-inc='1.0', sp-var-dec-heur=''0'', sp-variable-decay='1.4', sp-max-res-lit-inc='1.0', sp-max-res-runs='4', sp-rand-phase-dec-freq=''0.001'', sp-rand-var-dec-scaling='1.0', sp-res-cutoff-cls='8', sp-res-cutoff-lits='400', sp-res-order-heur=''0'', sp-rand-phase-scaling='1.0'
108.452000, 0.131360, 89.704678, 8, -18.747322, sp-clause-activity-inc='0.6040284520122774', sp-clause-decay='1.1324792685518936', sp-clause-del-heur=''2'', sp-first-restart='608', sp-learned-clause-sort-heur=''14'', sp-learned-clauses-inc='1.248787428823709', sp-learned-size-factor='0.1744501448916263', sp-orig-clause-sort-heur=''19'', sp-phase-dec-heur=''3'', sp-rand-var-dec-freq=''0.005'', sp-resolution=''1'', sp-restart-inc='1.4962379277357056', sp-update-dec-queue=''1'', sp-use-pure-literal-rule=''0'', sp-var-activity-inc='1.0703904853509485', sp-var-dec-heur=''16'', sp-variable-decay='1.6177623103592038', sp-max-res-lit-inc='3.8757822369656076', sp-max-res-runs='5', sp-rand-phase-dec-freq=''0.0001'', sp-rand-var-dec-scaling='1.0389350336272483', sp-res-cutoff-cls='3', sp-res-cutoff-lits='108', sp-res-order-heur=''6'', sp-rand-phase-scaling='1.0837961436907888'
568.082000, 0.131080, 447.995317, 45, -120.086683, sp-clause-activity-inc='0.6040284520122774', sp-clause-decay='1.1324792685518936', sp-clause-del-heur=''2'', sp-first-restart='608', sp-learned-clause-sort-heur=''14'', sp-learned-clauses-inc='1.248787428823709', sp-learned-size-factor='0.1744501448916263', sp-orig-clause-sort-heur=''19'', sp-phase-dec-heur=''3'', sp-rand-var-dec-freq=''0'', sp-resolution=''1'', sp-restart-inc='1.4962379277357056', sp-update-dec-queue=''1'', sp-use-pure-literal-rule=''0'', sp-var-activity-inc='1.0703904853509485', sp-var-dec-heur=''16'', sp-variable-decay='1.6177623103592038', sp-max-res-lit-inc='3.8757822369656076', sp-max-res-runs='5', sp-rand-phase-dec-freq=''0.0001'', sp-res-cutoff-cls='3', sp-res-cutoff-lits='108', sp-res-order-heur=''6'', sp-rand-phase-scaling='1.0837961436907888'
1138.078000, 0.131040, 890.410876, 86, -247.667124, sp-clause-activity-inc='0.6040284520122774', sp-clause-decay='1.1324792685518936', sp-clause-del-heur=''0'', sp-first-restart='608', sp-learned-clause-sort-heur=''14'', sp-learned-clauses-inc='1.248787428823709', sp-learned-size-factor='0.1744501448916263', sp-orig-clause-sort-heur=''19'', sp-phase-dec-heur=''3'', sp-rand-var-dec-freq=''0'', sp-resolution=''1'', sp-restart-inc='1.4962379277357056', sp-update-dec-queue=''1'', sp-use-pure-literal-rule=''0'', sp-var-activity-inc='1.0703904853509485', sp-var-dec-heur=''16'', sp-variable-decay='1.6177623103592038', sp-max-res-lit-inc='3.8757822369656076', sp-max-res-runs='5', sp-rand-phase-dec-freq=''0.0001'', sp-res-cutoff-cls='3', sp-res-cutoff-lits='108', sp-res-order-heur=''6'', sp-rand-phase-scaling='1.0837961436907888'
1250.858000, 0.130880, 976.609731, 97, -274.248269, sp-clause-activity-inc='0.6040284520122774', sp-clause-decay='1.1324792685518936', sp-clause-del-heur=''0'', sp-first-restart='608', sp-learned-clause-sort-heur=''14'', sp-learned-clauses-inc='1.248787428823709', sp-learned-size-factor='0.1744501448916263', sp-orig-clause-sort-heur=''19'', sp-phase-dec-heur=''3'', sp-rand-var-dec-freq=''0'', sp-resolution=''1'', sp-restart-inc='1.4962379277357056', sp-update-dec-queue=''1'', sp-use-pure-literal-rule=''0'', sp-var-activity-inc='1.0703904853509485', sp-var-dec-heur=''16'', sp-variable-decay='1.6177623103592038', sp-max-res-lit-inc='3.8757822369656076', sp-max-res-runs='5', sp-rand-phase-dec-freq=''0.0001'', sp-res-cutoff-cls='3', sp-res-cutoff-lits='108', sp-res-order-heur=''6'', sp-rand-phase-scaling='0.8790931248396412'
1477.180000, 0.130600, 1148.683768, 112, -328.496232, sp-clause-activity-inc='0.6040284520122774', sp-clause-decay='1.1324792685518936', sp-clause-del-heur=''0'', sp-first-restart='608', sp-learned-clause-sort-heur=''14'', sp-learned-clauses-inc='1.248787428823709', sp-learned-size-factor='0.1744501448916263', sp-orig-clause-sort-heur=''19'', sp-phase-dec-heur=''3'', sp-rand-var-dec-freq=''0'', sp-resolution=''2'', sp-restart-inc='1.4962379277357056', sp-update-dec-queue=''1'', sp-use-pure-literal-rule=''0'', sp-var-activity-inc='1.0703904853509485', sp-var-dec-heur=''16'', sp-variable-decay='1.6177623103592038', sp-max-res-lit-inc='3.8757822369656076', sp-max-res-runs='5', sp-rand-phase-dec-freq=''0.001'', sp-res-cutoff-cls='3', sp-res-cutoff-lits='108', sp-res-order-heur=''6'', sp-rand-phase-scaling='0.8790931248396412'
1809.688000, 0.130440, 1404.898892, 138, -404.789108, sp-clause-activity-inc='0.6040284520122774', sp-clause-decay='1.1324792685518936', sp-clause-del-heur=''1'', sp-first-restart='608', sp-learned-clause-sort-heur=''14'', sp-learned-clauses-inc='1.2413986745525847', sp-learned-size-factor='0.1744501448916263', sp-orig-clause-sort-heur=''19'', sp-phase-dec-heur=''3'', sp-rand-var-dec-freq=''0'', sp-resolution=''2'', sp-restart-inc='1.4962379277357056', sp-update-dec-queue=''1'', sp-use-pure-literal-rule=''0'', sp-var-activity-inc='1.0703904853509485', sp-var-dec-heur=''16'', sp-variable-decay='1.6177623103592038', sp-max-res-lit-inc='3.8757822369656076', sp-max-res-runs='5', sp-rand-phase-dec-freq=''0.0001'', sp-res-cutoff-cls='3', sp-res-cutoff-lits='108', sp-res-order-heur=''6'', sp-rand-phase-scaling='0.8790931248396412'
2144.630000, 0.130400, 1662.644275, 166, -481.985725, sp-clause-activity-inc='0.6040284520122774', sp-clause-decay='1.1324792685518936', sp-clause-del-heur=''1'', sp-first-restart='608', sp-learned-clause-sort-heur=''14'', sp-learned-clauses-inc='1.2413986745525847', sp-learned-size-factor='0.1744501448916263', sp-orig-clause-sort-heur=''14'', sp-phase-dec-heur=''3'', sp-rand-var-dec-freq=''0'', sp-resolution=''2'', sp-restart-inc='1.4962379277357056', sp-update-dec-queue=''0'', sp-use-pure-literal-rule=''0'', sp-var-activity-inc='1.0703904853509485', sp-var-dec-heur=''16'', sp-variable-decay='1.600187970121494', sp-max-res-lit-inc='3.8757822369656076', sp-max-res-runs='5', sp-rand-phase-dec-freq=''0.0001'', sp-res-cutoff-cls='3', sp-res-cutoff-lits='108', sp-res-order-heur=''6'', sp-rand-phase-scaling='0.8790931248396412'
2368.610000, 0.130400, 1836.679165, 185, -531.930835, sp-clause-activity-inc='0.6040284520122774', sp-clause-decay='1.1324792685518936', sp-clause-del-heur=''1'', sp-first-restart='608', sp-learned-clause-sort-heur=''18'', sp-learned-clauses-inc='1.2413986745525847', sp-learned-size-factor='0.1744501448916263', sp-orig-clause-sort-heur=''13'', sp-phase-dec-heur=''3'', sp-rand-var-dec-freq=''0'', sp-resolution=''2'', sp-restart-inc='1.4962379277357056', sp-update-dec-queue=''0'', sp-use-pure-literal-rule=''0'', sp-var-activity-inc='1.0703904853509485', sp-var-dec-heur=''16'', sp-variable-decay='1.600187970121494', sp-max-res-lit-inc='3.8757822369656076', sp-max-res-runs='5', sp-rand-phase-dec-freq=''0.0001'', sp-res-cutoff-cls='3', sp-res-cutoff-lits='108', sp-res-order-heur=''6'', sp-rand-phase-scaling='0.8790931248396412'
4181.584000, 0.129280, 3236.401191, 323, -945.182809, sp-clause-activity-inc='0.6040284520122774', sp-clause-decay='1.0453585603999793', sp-clause-del-heur=''1'', sp-first-restart='608', sp-learned-clause-sort-heur=''18'', sp-learned-clauses-inc='1.2413986745525847', sp-learned-size-factor='0.1744501448916263', sp-orig-clause-sort-heur=''5'', sp-phase-dec-heur=''3'', sp-rand-var-dec-freq=''0'', sp-resolution=''0'', sp-restart-inc='1.4434216274462475', sp-update-dec-queue=''0'', sp-use-pure-literal-rule=''0'', sp-var-activity-inc='1.0703904853509485', sp-var-dec-heur=''16'', sp-variable-decay='1.600187970121494', sp-rand-phase-dec-freq=''0.001'', sp-rand-phase-scaling='0.8790931248396412'
6312.084000, 0.129120, 4917.365983, 467, -1394.718017, sp-clause-activity-inc='0.6040284520122774', sp-clause-decay='1.0453585603999793', sp-clause-del-heur=''1'', sp-first-restart='608', sp-learned-clause-sort-heur=''18'', sp-learned-clauses-inc='1.2413986745525847', sp-learned-size-factor='0.1744501448916263', sp-orig-clause-sort-heur=''5'', sp-phase-dec-heur=''3'', sp-rand-var-dec-freq=''0'', sp-resolution=''0'', sp-restart-inc='1.4434216274462475', sp-update-dec-queue=''0'', sp-use-pure-literal-rule=''0'', sp-var-activity-inc='1.319892901919782', sp-var-dec-heur=''16'', sp-variable-decay='1.600187970121494', sp-rand-phase-dec-freq=''0.001'', sp-rand-phase-scaling='0.8790931248396412'
12817.646000, 0.129040, 10024.663859, 885, -2792.982141, sp-clause-activity-inc='0.6040284520122774', sp-clause-decay='1.0453585603999793', sp-clause-del-heur=''1'', sp-first-restart='608', sp-learned-clause-sort-heur=''18'', sp-learned-clauses-inc='1.2413986745525847', sp-learned-size-factor='0.1744501448916263', sp-orig-clause-sort-heur=''5'', sp-phase-dec-heur=''3'', sp-rand-var-dec-freq=''0'', sp-resolution=''0'', sp-restart-inc='1.4434216274462475', sp-update-dec-queue=''0'', sp-use-pure-literal-rule=''0'', sp-var-activity-inc='1.319892901919782', sp-var-dec-heur=''16'', sp-variable-decay='1.600187970121494', sp-rand-phase-dec-freq=''0.001'', sp-rand-phase-scaling='0.8925201454042142'
12931.100000, 0.128480, 10112.837143, 896, -2818.262857, sp-clause-activity-inc='0.6040284520122774', sp-clause-decay='1.0453585603999793', sp-clause-del-heur=''1'', sp-first-restart='608', sp-learned-clause-sort-heur=''18'', sp-learned-clauses-inc='1.2413986745525847', sp-learned-size-factor='0.1744501448916263', sp-orig-clause-sort-heur=''5'', sp-phase-dec-heur=''5'', sp-rand-var-dec-freq=''0'', sp-resolution=''0'', sp-restart-inc='1.4434216274462475', sp-update-dec-queue=''0'', sp-use-pure-literal-rule=''0'', sp-var-activity-inc='1.319892901919782', sp-var-dec-heur=''16'', sp-variable-decay='1.600187970121494', sp-rand-phase-dec-freq=''0.001'', sp-rand-phase-scaling='0.8925201454042142'
13261.540000, 0.128360, 10372.419000, 922, -2889.121000, sp-clause-activity-inc='0.8070202808391859', sp-clause-decay='1.0453585603999793', sp-clause-del-heur=''0'', sp-first-restart='608', sp-learned-clause-sort-heur=''18'', sp-learned-clauses-inc='1.2413986745525847', sp-learned-size-factor='0.1744501448916263', sp-orig-clause-sort-heur=''5'', sp-phase-dec-heur=''5'', sp-rand-var-dec-freq=''0'', sp-resolution=''0'', sp-restart-inc='1.4434216274462475', sp-update-dec-queue=''0'', sp-use-pure-literal-rule=''0'', sp-var-activity-inc='1.319892901919782', sp-var-dec-heur=''16'', sp-variable-decay='1.600187970121494', sp-rand-phase-dec-freq=''0.001'', sp-rand-phase-scaling='0.8925201454042142'
15162.580000, 0.110200, 11874.029478, 1053, -3288.550522, sp-clause-activity-inc='0.8070202808391859', sp-clause-decay='1.0453585603999793', sp-clause-del-heur=''0'', sp-first-restart='453', sp-learned-clause-sort-heur=''18'', sp-learned-clauses-inc='1.2413986745525847', sp-learned-size-factor='0.1744501448916263', sp-orig-clause-sort-heur=''5'', sp-phase-dec-heur=''2'', sp-rand-var-dec-freq=''0'', sp-resolution=''0'', sp-restart-inc='1.4434216274462475', sp-update-dec-queue=''0'', sp-use-pure-literal-rule=''1'', sp-var-activity-inc='1.319892901919782', sp-var-dec-heur=''16'', sp-variable-decay='1.600187970121494'
16622.120000, 0.106520, 13106.418148, 1169, -3515.701852, sp-clause-activity-inc='0.8070202808391859', sp-clause-decay='1.0453585603999793', sp-clause-del-heur=''0'', sp-first-restart='453', sp-learned-clause-sort-heur=''18'', sp-learned-clauses-inc='1.2413986745525847', sp-learned-size-factor='0.1744501448916263', sp-orig-clause-sort-heur=''5'', sp-phase-dec-heur=''2'', sp-rand-var-dec-freq=''0'', sp-resolution=''0'', sp-restart-inc='1.3066749548540066', sp-update-dec-queue=''1'', sp-use-pure-literal-rule=''1'', sp-var-activity-inc='1.4506746896827996', sp-var-dec-heur=''16'', sp-variable-decay='1.600187970121494'
17743.392000, 0.106520, 14068.992597, 1259, -3674.399403, sp-clause-activity-inc='0.8070202808391859', sp-clause-decay='1.0453585603999793', sp-clause-del-heur=''0'', sp-first-restart='453', sp-learned-clause-sort-heur=''8'', sp-learned-clauses-inc='1.2413986745525847', sp-learned-size-factor='0.1744501448916263', sp-orig-clause-sort-heur=''5'', sp-phase-dec-heur=''2'', sp-rand-var-dec-freq=''0'', sp-resolution=''0'', sp-restart-inc='1.3066749548540066', sp-update-dec-queue=''1'', sp-use-pure-literal-rule=''1'', sp-var-activity-inc='1.4506746896827996', sp-var-dec-heur=''16'', sp-variable-decay='1.7207861090650396'
17835.712000, 0.105800, 14146.970502, 1271, -3688.741498, sp-clause-activity-inc='0.8070202808391859', sp-clause-decay='1.0453585603999793', sp-clause-del-heur=''0'', sp-first-restart='453', sp-learned-clause-sort-heur=''8'', sp-learned-clauses-inc='1.2413986745525847', sp-learned-size-factor='0.1744501448916263', sp-orig-clause-sort-heur=''5'', sp-phase-dec-heur=''2'', sp-rand-var-dec-freq=''0'', sp-resolution=''0'', sp-restart-inc='1.5042564866653887', sp-update-dec-queue=''1'', sp-use-pure-literal-rule=''1'', sp-var-activity-inc='1.4506746896827996', sp-var-dec-heur=''16'', sp-variable-decay='1.7207861090650396'
18024.700000, 0.105760, 14308.248548, 1288, -3716.451452, sp-clause-activity-inc='0.8070202808391859', sp-clause-decay='1.1957612390007988', sp-clause-del-heur=''0'', sp-first-restart='453', sp-learned-clause-sort-heur=''8'', sp-learned-clauses-inc='1.2413986745525847', sp-learned-size-factor='0.1744501448916263', sp-orig-clause-sort-heur=''5'', sp-phase-dec-heur=''2'', sp-rand-var-dec-freq=''0'', sp-resolution=''0'', sp-restart-inc='1.5042564866653887', sp-update-dec-queue=''1'', sp-use-pure-literal-rule=''1'', sp-var-activity-inc='1.4506746896827996', sp-var-dec-heur=''16'', sp-variable-decay='1.7207861090650396'
18765.256000, 0.105760, 14937.771261, 1352, -3827.484739, sp-clause-activity-inc='0.8070202808391859', sp-clause-decay='1.1957612390007988', sp-clause-del-heur=''0'', sp-first-restart='453', sp-learned-clause-sort-heur=''8'', sp-learned-clauses-inc='1.2413986745525847', sp-learned-size-factor='0.1744501448916263', sp-orig-clause-sort-heur=''6'', sp-phase-dec-heur=''2'', sp-rand-var-dec-freq=''0'', sp-resolution=''0'', sp-restart-inc='1.5042564866653887', sp-update-dec-queue=''1'', sp-use-pure-literal-rule=''1'', sp-var-activity-inc='1.4506746896827996', sp-var-dec-heur=''16'', sp-variable-decay='1.7207861090650396'
20497.920000, 0.105600, 16419.979422, 1505, -4077.940578, sp-clause-activity-inc='0.8070202808391859', sp-clause-decay='1.1957612390007988', sp-clause-del-heur=''0'', sp-first-restart='446', sp-learned-clause-sort-heur=''8'', sp-learned-clauses-inc='1.2413986745525847', sp-learned-size-factor='0.1744501448916263', sp-orig-clause-sort-heur=''6'', sp-phase-dec-heur=''2'', sp-rand-var-dec-freq=''0'', sp-resolution=''0'', sp-restart-inc='1.5042564866653887', sp-update-dec-queue=''1'', sp-use-pure-literal-rule=''1'', sp-var-activity-inc='1.4506746896827996', sp-var-dec-heur=''16'', sp-variable-decay='1.7207861090650396'
20593.860000, 0.105560, 16502.709527, 1515, -4091.150473, sp-clause-activity-inc='0.8070202808391859', sp-clause-decay='1.1957612390007988', sp-clause-del-heur=''0'', sp-first-restart='446', sp-learned-clause-sort-heur=''8'', sp-learned-clauses-inc='1.2413986745525847', sp-learned-size-factor='0.1744501448916263', sp-orig-clause-sort-heur=''6'', sp-phase-dec-heur=''2'', sp-rand-var-dec-freq=''0'', sp-resolution=''0'', sp-restart-inc='1.5042564866653887', sp-update-dec-queue=''1'', sp-use-pure-literal-rule=''1'', sp-var-activity-inc='1.4506746896827996', sp-var-dec-heur=''16'', sp-variable-decay='1.8343417437291198'
21870.312000, 0.104800, 17596.691813, 1580, -4273.620187, sp-clause-activity-inc='0.8070202808391859', sp-clause-decay='1.1957612390007988', sp-clause-del-heur=''0'', sp-first-restart='446', sp-learned-clause-sort-heur=''8'', sp-learned-clauses-inc='1.2413986745525847', sp-learned-size-factor='0.1744501448916263', sp-orig-clause-sort-heur=''6'', sp-phase-dec-heur=''2'', sp-rand-var-dec-freq=''0.01'', sp-resolution=''0'', sp-restart-inc='1.5042564866653887', sp-update-dec-queue=''1'', sp-use-pure-literal-rule=''1'', sp-var-activity-inc='1.4506746896827996', sp-var-dec-heur=''16'', sp-variable-decay='1.8343417437291198', sp-rand-var-dec-scaling='1.0'
22336.788000, 0.104760, 17994.695017, 1657, -4342.092983, sp-clause-activity-inc='0.8070202808391859', sp-clause-decay='1.1957612390007988', sp-clause-del-heur=''0'', sp-first-restart='446', sp-learned-clause-sort-heur=''8'', sp-learned-clauses-inc='1.2413986745525847', sp-learned-size-factor='0.1744501448916263', sp-orig-clause-sort-heur=''13'', sp-phase-dec-heur=''2'', sp-rand-var-dec-freq=''0.01'', sp-resolution=''0'', sp-restart-inc='1.5042564866653887', sp-update-dec-queue=''1'', sp-use-pure-literal-rule=''1'', sp-var-activity-inc='1.4506746896827996', sp-var-dec-heur=''16'', sp-variable-decay='1.8343417437291198', sp-rand-var-dec-scaling='1.0'
