{"cpu_time": 0, "cost": 2147483648, "wallclock_time": 0.0009515285491943359, "evaluations": 0, "total_cpu_time": null, "incumbent": ["sp-clause-activity-inc='1.0'", "sp-clause-decay='1.4'", "sp-clause-del-heur=''2''", "sp-first-restart='100'", "sp-learned-clause-sort-heur=''0''", "sp-learned-clauses-inc='1.3'", "sp-learned-size-factor='0.4'", "sp-orig-clause-sort-heur=''0''", "sp-phase-dec-heur=''5''", "sp-rand-var-dec-freq=''0.001''", "sp-resolution=''1''", "sp-restart-inc='1.5'", "sp-update-dec-queue=''1''", "sp-use-pure-literal-rule=''1''", "sp-var-activity-inc='1.0'", "sp-var-dec-heur=''0''", "sp-variable-decay='1.4'", "sp-max-res-lit-inc='1.0'", "sp-max-res-runs='4'", "sp-rand-phase-dec-freq=''0.001''", "sp-rand-var-dec-scaling='1.0'", "sp-res-cutoff-cls='8'", "sp-res-cutoff-lits='400'", "sp-res-order-heur=''0''", "sp-rand-phase-scaling='1.0'"]}
{"cpu_time": 0.012, "cost": 0.012, "wallclock_time": 0.19830083847045898, "evaluations": 1, "total_cpu_time": null, "incumbent": ["sp-clause-activity-inc='1.0'", "sp-clause-decay='1.4'", "sp-clause-del-heur=''2''", "sp-first-restart='100'", "sp-learned-clause-sort-heur=''0''", "sp-learned-clauses-inc='1.3'", "sp-learned-size-factor='0.4'", "sp-orig-clause-sort-heur=''0''", "sp-phase-dec-heur=''5''", "sp-rand-var-dec-freq=''0.001''", "sp-resolution=''1''", "sp-restart-inc='1.5'", "sp-update-dec-queue=''1''", "sp-use-pure-literal-rule=''1''", "sp-var-activity-inc='1.0'", "sp-var-dec-heur=''0''", "sp-variable-decay='1.4'", "sp-max-res-lit-inc='1.0'", "sp-max-res-runs='4'", "sp-rand-phase-dec-freq=''0.001''", "sp-rand-var-dec-scaling='1.0'", "sp-res-cutoff-cls='8'", "sp-res-cutoff-lits='400'", "sp-res-order-heur=''0''", "sp-rand-phase-scaling='1.0'"]}
{"cpu_time": 108.45199999999997, "cost": 0.13135999999999998, "wallclock_time": 89.70467829704285, "evaluations": 65, "total_cpu_time": null, "incumbent": ["sp-clause-activity-inc='0.6040284520122774'", "sp-clause-decay='1.1324792685518936'", "sp-clause-del-heur=''2''", "sp-first-restart='608'", "sp-learned-clause-sort-heur=''14''", "sp-learned-clauses-inc='1.248787428823709'", "sp-learned-size-factor='0.1744501448916263'", "sp-orig-clause-sort-heur=''19''", "sp-phase-dec-heur=''3''", "sp-rand-var-dec-freq=''0.005''", "sp-resolution=''1''", "sp-restart-inc='1.4962379277357056'", "sp-update-dec-queue=''1''", "sp-use-pure-literal-rule=''0''", "sp-var-activity-inc='1.0703904853509485'", "sp-var-dec-heur=''16''", "sp-variable-decay='1.6177623103592038'", "sp-max-res-lit-inc='3.8757822369656076'", "sp-max-res-runs='5'", "sp-rand-phase-dec-freq=''0.0001''", "sp-rand-var-dec-scaling='1.0389350336272483'", "sp-res-cutoff-cls='3'", "sp-res-cutoff-lits='108'", "sp-res-order-heur=''6''", "sp-rand-phase-scaling='1.0837961436907888'"]}
{"cpu_time": 568.0820000000006, "cost": 0.13108, "wallclock_time": 447.99531650543213, "evaluations": 325, "total_cpu_time": null, "incumbent": ["sp-clause-activity-inc='0.6040284520122774'", "sp-clause-decay='1.1324792685518936'", "sp-clause-del-heur=''2''", "sp-first-restart='608'", "sp-learned-clause-sort-heur=''14''", "sp-learned-clauses-inc='1.248787428823709'", "sp-learned-size-factor='0.1744501448916263'", "sp-orig-clause-sort-heur=''19''", "sp-phase-dec-heur=''3''", "sp-rand-var-dec-freq=''0''", "sp-resolution=''1''", "sp-restart-inc='1.4962379277357056'", "sp-update-dec-queue=''1''", "sp-use-pure-literal-rule=''0''", "sp-var-activity-inc='1.0703904853509485'", "sp-var-dec-heur=''16''", "sp-variable-decay='1.6177623103592038'", "sp-max-res-lit-inc='3.8757822369656076'", "sp-max-res-runs='5'", "sp-rand-phase-dec-freq=''0.0001''", "sp-res-cutoff-cls='3'", "sp-res-cutoff-lits='108'", "sp-res-order-heur=''6''", "sp-rand-phase-scaling='1.0837961436907888'"]}
{"cpu_time": 1138.0780000000034, "cost": 0.13104, "wallclock_time": 890.4108762741089, "evaluations": 650, "total_cpu_time": null, "incumbent": ["sp-clause-activity-inc='0.6040284520122774'", "sp-clause-decay='1.1324792685518936'", "sp-clause-del-heur=''0''", "sp-first-restart='608'", "sp-learned-clause-sort-heur=''14''", "sp-learned-clauses-inc='1.248787428823709'", "sp-learned-size-factor='0.1744501448916263'", "sp-orig-clause-sort-heur=''19''", "sp-phase-dec-heur=''3''", "sp-rand-var-dec-freq=''0''", "sp-resolution=''1''", "sp-restart-inc='1.4962379277357056'", "sp-update-dec-queue=''1''", "sp-use-pure-literal-rule=''0''", "sp-var-activity-inc='1.0703904853509485'", "sp-var-dec-heur=''16''", "sp-variable-decay='1.6177623103592038'", "sp-max-res-lit-inc='3.8757822369656076'", "sp-max-res-runs='5'", "sp-rand-phase-dec-freq=''0.0001''", "sp-res-cutoff-cls='3'", "sp-res-cutoff-lits='108'", "sp-res-order-heur=''6''", "sp-rand-phase-scaling='1.0837961436907888'"]}
{"cpu_time": 1250.8580000000038, "cost": 0.13087999999999994, "wallclock_time": 976.6097314357758, "evaluations": 715, "total_cpu_time": null, "incumbent": ["sp-clause-activity-inc='0.6040284520122774'", "sp-clause-decay='1.1324792685518936'", "sp-clause-del-heur=''0''", "sp-first-restart='608'", "sp-learned-clause-sort-heur=''14''", "sp-learned-clauses-inc='1.248787428823709'", "sp-learned-size-factor='0.1744501448916263'", "sp-orig-clause-sort-heur=''19''", "sp-phase-dec-heur=''3''", "sp-rand-var-dec-freq=''0''", "sp-resolution=''1''", "sp-restart-inc='1.4962379277357056'", "sp-update-dec-queue=''1''", "sp-use-pure-literal-rule=''0''", "sp-var-activity-inc='1.0703904853509485'", "sp-var-dec-heur=''16''", "sp-variable-decay='1.6177623103592038'", "sp-max-res-lit-inc='3.8757822369656076'", "sp-max-res-runs='5'", "sp-rand-phase-dec-freq=''0.0001''", "sp-res-cutoff-cls='3'", "sp-res-cutoff-lits='108'", "sp-res-order-heur=''6''", "sp-rand-phase-scaling='0.8790931248396412'"]}
{"cpu_time": 1477.180000000004, "cost": 0.1306, "wallclock_time": 1148.6837682724, "evaluations": 845, "total_cpu_time": null, "incumbent": ["sp-clause-activity-inc='0.6040284520122774'", "sp-clause-decay='1.1324792685518936'", "sp-clause-del-heur=''0''", "sp-first-restart='608'", "sp-learned-clause-sort-heur=''14''", "sp-learned-clauses-inc='1.248787428823709'", "sp-learned-size-factor='0.1744501448916263'", "sp-orig-clause-sort-heur=''19''", "sp-phase-dec-heur=''3''", "sp-rand-var-dec-freq=''0''", "sp-resolution=''2''", "sp-restart-inc='1.4962379277357056'", "sp-update-dec-queue=''1''", "sp-use-pure-literal-rule=''0''", "sp-var-activity-inc='1.0703904853509485'", "sp-var-dec-heur=''16''", "sp-variable-decay='1.6177623103592038'", "sp-max-res-lit-inc='3.8757822369656076'", "sp-max-res-runs='5'", "sp-rand-phase-dec-freq=''0.001''", "sp-res-cutoff-cls='3'", "sp-res-cutoff-lits='108'", "sp-res-order-heur=''6''", "sp-rand-phase-scaling='0.8790931248396412'"]}
{"cpu_time": 1809.6880000000012, "cost": 0.13043999999999994, "wallclock_time": 1404.8988916873932, "evaluations": 1040, "total_cpu_time": null, "incumbent": ["sp-clause-activity-inc='0.6040284520122774'", "sp-clause-decay='1.1324792685518936'", "sp-clause-del-heur=''1''", "sp-first-restart='608'", "sp-learned-clause-sort-heur=''14''", "sp-learned-clauses-inc='1.2413986745525847'", "sp-learned-size-factor='0.1744501448916263'", "sp-orig-clause-sort-heur=''19''", "sp-phase-dec-heur=''3''", "sp-rand-var-dec-freq=''0''", "sp-resolution=''2''", "sp-restart-inc='1.4962379277357056'", "sp-update-dec-queue=''1''", "sp-use-pure-literal-rule=''0''", "sp-var-activity-inc='1.0703904853509485'", "sp-var-dec-heur=''16''", "sp-variable-decay='1.6177623103592038'", "sp-max-res-lit-inc='3.8757822369656076'", "sp-max-res-runs='5'", "sp-rand-phase-dec-freq=''0.0001''", "sp-res-cutoff-cls='3'", "sp-res-cutoff-lits='108'", "sp-res-order-heur=''6''", "sp-rand-phase-scaling='0.8790931248396412'"]}
{"cpu_time": 2144.6300000000015, "cost": 0.1304, "wallclock_time": 1662.6442754268646, "evaluations": 1235, "total_cpu_time": null, "incumbent": ["sp-clause-activity-inc='0.6040284520122774'", "sp-clause-decay='1.1324792685518936'", "sp-clause-del-heur=''1''", "sp-first-restart='608'", "sp-learned-clause-sort-heur=''14''", "sp-learned-clauses-inc='1.2413986745525847'", "sp-learned-size-factor='0.1744501448916263'", "sp-orig-clause-sort-heur=''14''", "sp-phase-dec-heur=''3''", "sp-rand-var-dec-freq=''0''", "sp-resolution=''2''", "sp-restart-inc='1.4962379277357056'", "sp-update-dec-queue=''0''", "sp-use-pure-literal-rule=''0''", "sp-var-activity-inc='1.0703904853509485'", "sp-var-dec-heur=''16''", "sp-variable-decay='1.600187970121494'", "sp-max-res-lit-inc='3.8757822369656076'", "sp-max-res-runs='5'", "sp-rand-phase-dec-freq=''0.0001''", "sp-res-cutoff-cls='3'", "sp-res-cutoff-lits='108'", "sp-res-order-heur=''6''", "sp-rand-phase-scaling='0.8790931248396412'"]}
{"cpu_time": 2368.6100000000033, "cost": 0.13039999999999996, "wallclock_time": 1836.6791653633118, "evaluations": 1365, "total_cpu_time": null, "incumbent": ["sp-clause-activity-inc='0.6040284520122774'", "sp-clause-decay='1.1324792685518936'", "sp-clause-del-heur=''1''", "sp-first-restart='608'", "sp-learned-clause-sort-heur=''18''", "sp-learned-clauses-inc='1.2413986745525847'", "sp-learned-size-factor='0.1744501448916263'", "sp-orig-clause-sort-heur=''13''", "sp-phase-dec-heur=''3''", "sp-rand-var-dec-freq=''0''", "sp-resolution=''2''", "sp-restart-inc='1.4962379277357056'", "sp-update-dec-queue=''0''", "sp-use-pure-literal-rule=''0''", "sp-var-activity-inc='1.0703904853509485'", "sp-var-dec-heur=''16''", "sp-variable-decay='1.600187970121494'", "sp-max-res-lit-inc='3.8757822369656076'", "sp-max-res-runs='5'", "sp-rand-phase-dec-freq=''0.0001''", "sp-res-cutoff-cls='3'", "sp-res-cutoff-lits='108'", "sp-res-order-heur=''6''", "sp-rand-phase-scaling='0.8790931248396412'"]}
{"cpu_time": 4181.584000000016, "cost": 0.12928, "wallclock_time": 3236.401191473007, "evaluations": 2405, "total_cpu_time": null, "incumbent": ["sp-clause-activity-inc='0.6040284520122774'", "sp-clause-decay='1.0453585603999793'", "sp-clause-del-heur=''1''", "sp-first-restart='608'", "sp-learned-clause-sort-heur=''18''", "sp-learned-clauses-inc='1.2413986745525847'", "sp-learned-size-factor='0.1744501448916263'", "sp-orig-clause-sort-heur=''5''", "sp-phase-dec-heur=''3''", "sp-rand-var-dec-freq=''0''", "sp-resolution=''0''", "sp-restart-inc='1.4434216274462475'", "sp-update-dec-queue=''0''", "sp-use-pure-literal-rule=''0''", "sp-var-activity-inc='1.0703904853509485'", "sp-var-dec-heur=''16''", "sp-variable-decay='1.600187970121494'", "sp-rand-phase-dec-freq=''0.001''", "sp-rand-phase-scaling='0.8790931248396412'"]}
{"cpu_time": 6312.084000000012, "cost": 0.12911999999999996, "wallclock_time": 4917.3659834861755, "evaluations": 3640, "total_cpu_time": null, "incumbent": ["sp-clause-activity-inc='0.6040284520122774'", "sp-clause-decay='1.0453585603999793'", "sp-clause-del-heur=''1''", "sp-first-restart='608'", "sp-learned-clause-sort-heur=''18''", "sp-learned-clauses-inc='1.2413986745525847'", "sp-learned-size-factor='0.1744501448916263'", "sp-orig-clause-sort-heur=''5''", "sp-phase-dec-heur=''3''", "sp-rand-var-dec-freq=''0''", "sp-resolution=''0''", "sp-restart-inc='1.4434216274462475'", "sp-update-dec-queue=''0''", "sp-use-pure-literal-rule=''0''", "sp-var-activity-inc='1.319892901919782'", "sp-var-dec-heur=''16''", "sp-variable-decay='1.600187970121494'", "sp-rand-phase-dec-freq=''0.001''", "sp-rand-phase-scaling='0.8790931248396412'"]}
{"cpu_time": 12817.646000000079, "cost": 0.12903999999999996, "wallclock_time": 10024.663859128952, "evaluations": 7409, "total_cpu_time": null, "incumbent": ["sp-clause-activity-inc='0.6040284520122774'", "sp-clause-decay='1.0453585603999793'", "sp-clause-del-heur=''1''", "sp-first-restart='608'", "sp-learned-clause-sort-heur=''18''", "sp-learned-clauses-inc='1.2413986745525847'", "sp-learned-size-factor='0.1744501448916263'", "sp-orig-clause-sort-heur=''5''", "sp-phase-dec-heur=''3''", "sp-rand-var-dec-freq=''0''", "sp-resolution=''0''", "sp-restart-inc='1.4434216274462475'", "sp-update-dec-queue=''0''", "sp-use-pure-literal-rule=''0''", "sp-var-activity-inc='1.319892901919782'", "sp-var-dec-heur=''16''", "sp-variable-decay='1.600187970121494'", "sp-rand-phase-dec-freq=''0.001''", "sp-rand-phase-scaling='0.8925201454042142'"]}
{"cpu_time": 12931.100000000079, "cost": 0.12847999999999998, "wallclock_time": 10112.837143182755, "evaluations": 7474, "total_cpu_time": null, "incumbent": ["sp-clause-activity-inc='0.6040284520122774'", "sp-clause-decay='1.0453585603999793'", "sp-clause-del-heur=''1''", "sp-first-restart='608'", "sp-learned-clause-sort-heur=''18''", "sp-learned-clauses-inc='1.2413986745525847'", "sp-learned-size-factor='0.1744501448916263'", "sp-orig-clause-sort-heur=''5''", "sp-phase-dec-heur=''5''", "sp-rand-var-dec-freq=''0''", "sp-resolution=''0''", "sp-restart-inc='1.4434216274462475'", "sp-update-dec-queue=''0''", "sp-use-pure-literal-rule=''0''", "sp-var-activity-inc='1.319892901919782'", "sp-var-dec-heur=''16''", "sp-variable-decay='1.600187970121494'", "sp-rand-phase-dec-freq=''0.001''", "sp-rand-phase-scaling='0.8925201454042142'"]}
{"cpu_time": 13261.540000000079, "cost": 0.12836, "wallclock_time": 10372.419000148773, "evaluations": 7669, "total_cpu_time": null, "incumbent": ["sp-clause-activity-inc='0.8070202808391859'", "sp-clause-decay='1.0453585603999793'", "sp-clause-del-heur=''0''", "sp-first-restart='608'", "sp-learned-clause-sort-heur=''18''", "sp-learned-clauses-inc='1.2413986745525847'", "sp-learned-size-factor='0.1744501448916263'", "sp-orig-clause-sort-heur=''5''", "sp-phase-dec-heur=''5''", "sp-rand-var-dec-freq=''0''", "sp-resolution=''0''", "sp-restart-inc='1.4434216274462475'", "sp-update-dec-queue=''0''", "sp-use-pure-literal-rule=''0''", "sp-var-activity-inc='1.319892901919782'", "sp-var-dec-heur=''16''", "sp-variable-decay='1.600187970121494'", "sp-rand-phase-dec-freq=''0.001''", "sp-rand-phase-scaling='0.8925201454042142'"]}
{"cpu_time": 15162.58000000007, "cost": 0.11019999999999996, "wallclock_time": 11874.029477834702, "evaluations": 8774, "total_cpu_time": null, "incumbent": ["sp-clause-activity-inc='0.8070202808391859'", "sp-clause-decay='1.0453585603999793'", "sp-clause-del-heur=''0''", "sp-first-restart='453'", "sp-learned-clause-sort-heur=''18''", "sp-learned-clauses-inc='1.2413986745525847'", "sp-learned-size-factor='0.1744501448916263'", "sp-orig-clause-sort-heur=''5''", "sp-phase-dec-heur=''2''", "sp-rand-var-dec-freq=''0''", "sp-resolution=''0''", "sp-restart-inc='1.4434216274462475'", "sp-update-dec-queue=''0''", "sp-use-pure-literal-rule=''1''", "sp-var-activity-inc='1.319892901919782'", "sp-var-dec-heur=''16''", "sp-variable-decay='1.600187970121494'"]}
{"cpu_time": 16622.120000000203, "cost": 0.10651999999999998, "wallclock_time": 13106.41814827919, "evaluations": 9749, "total_cpu_time": null, "incumbent": ["sp-clause-activity-inc='0.8070202808391859'", "sp-clause-decay='1.0453585603999793'", "sp-clause-del-heur=''0''", "sp-first-restart='453'", "sp-learned-clause-sort-heur=''18''", "sp-learned-clauses-inc='1.2413986745525847'", "sp-learned-size-factor='0.1744501448916263'", "sp-orig-clause-sort-heur=''5''", "sp-phase-dec-heur=''2''", "sp-rand-var-dec-freq=''0''", "sp-resolution=''0''", "sp-restart-inc='1.3066749548540066'", "sp-update-dec-queue=''1''", "sp-use-pure-literal-rule=''1''", "sp-var-activity-inc='1.4506746896827996'", "sp-var-dec-heur=''16''", "sp-variable-decay='1.600187970121494'"]}
{"cpu_time": 17743.3920000007, "cost": 0.10651999999999995, "wallclock_time": 14068.992596626282, "evaluations": 10529, "total_cpu_time": null, "incumbent": ["sp-clause-activity-inc='0.8070202808391859'", "sp-clause-decay='1.0453585603999793'", "sp-clause-del-heur=''0''", "sp-first-restart='453'", "sp-learned-clause-sort-heur=''8''", "sp-learned-clauses-inc='1.2413986745525847'", "sp-learned-size-factor='0.1744501448916263'", "sp-orig-clause-sort-heur=''5''", "sp-phase-dec-heur=''2''", "sp-rand-var-dec-freq=''0''", "sp-resolution=''0''", "sp-restart-inc='1.3066749548540066'", "sp-update-dec-queue=''1''", "sp-use-pure-literal-rule=''1''", "sp-var-activity-inc='1.4506746896827996'", "sp-var-dec-heur=''16''", "sp-variable-decay='1.7207861090650396'"]}
{"cpu_time": 17835.712000000738, "cost": 0.10579999999999994, "wallclock_time": 14146.970502376556, "evaluations": 10594, "total_cpu_time": null, "incumbent": ["sp-clause-activity-inc='0.8070202808391859'", "sp-clause-decay='1.0453585603999793'", "sp-clause-del-heur=''0''", "sp-first-restart='453'", "sp-learned-clause-sort-heur=''8''", "sp-learned-clauses-inc='1.2413986745525847'", "sp-learned-size-factor='0.1744501448916263'", "sp-orig-clause-sort-heur=''5''", "sp-phase-dec-heur=''2''", "sp-rand-var-dec-freq=''0''", "sp-resolution=''0''", "sp-restart-inc='1.5042564866653887'", "sp-update-dec-queue=''1''", "sp-use-pure-literal-rule=''1''", "sp-var-activity-inc='1.4506746896827996'", "sp-var-dec-heur=''16''", "sp-variable-decay='1.7207861090650396'"]}
{"cpu_time": 18024.7000000008, "cost": 0.10575999999999997, "wallclock_time": 14308.248548269272, "evaluations": 10724, "total_cpu_time": null, "incumbent": ["sp-clause-activity-inc='0.8070202808391859'", "sp-clause-decay='1.1957612390007988'", "sp-clause-del-heur=''0''", "sp-first-restart='453'", "sp-learned-clause-sort-heur=''8''", "sp-learned-clauses-inc='1.2413986745525847'", "sp-learned-size-factor='0.1744501448916263'", "sp-orig-clause-sort-heur=''5''", "sp-phase-dec-heur=''2''", "sp-rand-var-dec-freq=''0''", "sp-resolution=''0''", "sp-restart-inc='1.5042564866653887'", "sp-update-dec-queue=''1''", "sp-use-pure-literal-rule=''1''", "sp-var-activity-inc='1.4506746896827996'", "sp-var-dec-heur=''16''", "sp-variable-decay='1.7207861090650396'"]}
{"cpu_time": 18765.256000001074, "cost": 0.10575999999999994, "wallclock_time": 14937.77126121521, "evaluations": 11244, "total_cpu_time": null, "incumbent": ["sp-clause-activity-inc='0.8070202808391859'", "sp-clause-decay='1.1957612390007988'", "sp-clause-del-heur=''0''", "sp-first-restart='453'", "sp-learned-clause-sort-heur=''8''", "sp-learned-clauses-inc='1.2413986745525847'", "sp-learned-size-factor='0.1744501448916263'", "sp-orig-clause-sort-heur=''6''", "sp-phase-dec-heur=''2''", "sp-rand-var-dec-freq=''0''", "sp-resolution=''0''", "sp-restart-inc='1.5042564866653887'", "sp-update-dec-queue=''1''", "sp-use-pure-literal-rule=''1''", "sp-var-activity-inc='1.4506746896827996'", "sp-var-dec-heur=''16''", "sp-variable-decay='1.7207861090650396'"]}
{"cpu_time": 20497.9200000017, "cost": 0.10559999999999996, "wallclock_time": 16419.97942185402, "evaluations": 12479, "total_cpu_time": null, "incumbent": ["sp-clause-activity-inc='0.8070202808391859'", "sp-clause-decay='1.1957612390007988'", "sp-clause-del-heur=''0''", "sp-first-restart='446'", "sp-learned-clause-sort-heur=''8''", "sp-learned-clauses-inc='1.2413986745525847'", "sp-learned-size-factor='0.1744501448916263'", "sp-orig-clause-sort-heur=''6''", "sp-phase-dec-heur=''2''", "sp-rand-var-dec-freq=''0''", "sp-resolution=''0''", "sp-restart-inc='1.5042564866653887'", "sp-update-dec-queue=''1''", "sp-use-pure-literal-rule=''1''", "sp-var-activity-inc='1.4506746896827996'", "sp-var-dec-heur=''16''", "sp-variable-decay='1.7207861090650396'"]}
{"cpu_time": 20593.86000000175, "cost": 0.10555999999999996, "wallclock_time": 16502.70952653885, "evaluations": 12544, "total_cpu_time": null, "incumbent": ["sp-clause-activity-inc='0.8070202808391859'", "sp-clause-decay='1.1957612390007988'", "sp-clause-del-heur=''0''", "sp-first-restart='446'", "sp-learned-clause-sort-heur=''8''", "sp-learned-clauses-inc='1.2413986745525847'", "sp-learned-size-factor='0.1744501448916263'", "sp-orig-clause-sort-heur=''6''", "sp-phase-dec-heur=''2''", "sp-rand-var-dec-freq=''0''", "sp-resolution=''0''", "sp-restart-inc='1.5042564866653887'", "sp-update-dec-queue=''1''", "sp-use-pure-literal-rule=''1''", "sp-var-activity-inc='1.4506746896827996'", "sp-var-dec-heur=''16''", "sp-variable-decay='1.8343417437291198'"]}
{"cpu_time": 21870.31200000243, "cost": 0.10479999999999996, "wallclock_time": 17596.691812753677, "evaluations": 13454, "total_cpu_time": null, "incumbent": ["sp-clause-activity-inc='0.8070202808391859'", "sp-clause-decay='1.1957612390007988'", "sp-clause-del-heur=''0''", "sp-first-restart='446'", "sp-learned-clause-sort-heur=''8''", "sp-learned-clauses-inc='1.2413986745525847'", "sp-learned-size-factor='0.1744501448916263'", "sp-orig-clause-sort-heur=''6''", "sp-phase-dec-heur=''2''", "sp-rand-var-dec-freq=''0.01''", "sp-resolution=''0''", "sp-restart-inc='1.5042564866653887'", "sp-update-dec-queue=''1''", "sp-use-pure-literal-rule=''1''", "sp-var-activity-inc='1.4506746896827996'", "sp-var-dec-heur=''16''", "sp-variable-decay='1.8343417437291198'", "sp-rand-var-dec-scaling='1.0'"]}
{"cpu_time": 22336.788000002627, "cost": 0.10475999999999996, "wallclock_time": 17994.69501709938, "evaluations": 13779, "total_cpu_time": null, "incumbent": ["sp-clause-activity-inc='0.8070202808391859'", "sp-clause-decay='1.1957612390007988'", "sp-clause-del-heur=''0''", "sp-first-restart='446'", "sp-learned-clause-sort-heur=''8''", "sp-learned-clauses-inc='1.2413986745525847'", "sp-learned-size-factor='0.1744501448916263'", "sp-orig-clause-sort-heur=''13''", "sp-phase-dec-heur=''2''", "sp-rand-var-dec-freq=''0.01''", "sp-resolution=''0''", "sp-restart-inc='1.5042564866653887'", "sp-update-dec-queue=''1''", "sp-use-pure-literal-rule=''1''", "sp-var-activity-inc='1.4506746896827996'", "sp-var-dec-heur=''16''", "sp-variable-decay='1.8343417437291198'", "sp-rand-var-dec-scaling='1.0'"]}
