{"total_cpu_time": null, "wallclock_time": 0.0015652179718017578, "cpu_time": 0, "evaluations": 0, "cost": 2147483648, "incumbent": ["adaptive=''1''", "clausepen=''1''", "performrandomwalk=''0''", "singleclause=''1''", "tabusearch=''0''", "adaptivenoisescheme=''1''", "adaptwalkprob=''0''", "heuristic=''2''", "promisinglist=''1''", "ps='0.4'", "selectclause=''1''", "smoothingscheme=''1''", "adaptiveprom=''0''", "decreasingvariable=''3''", "performalternatenovelty=''1''", "phi='5'", "theta='6'", "updateschemepromlist=''3''", "wp='0.01'", "CONadaptpromwalkprob=''0''"]}
{"total_cpu_time": null, "wallclock_time": 0.5894880294799805, "cpu_time": 0.032, "evaluations": 1, "cost": 0.032, "incumbent": ["adaptive=''1''", "clausepen=''1''", "performrandomwalk=''0''", "singleclause=''1''", "tabusearch=''0''", "adaptivenoisescheme=''1''", "adaptwalkprob=''0''", "heuristic=''2''", "promisinglist=''1''", "ps='0.4'", "selectclause=''1''", "smoothingscheme=''1''", "adaptiveprom=''0''", "decreasingvariable=''3''", "performalternatenovelty=''1''", "phi='5'", "theta='6'", "updateschemepromlist=''3''", "wp='0.01'", "CONadaptpromwalkprob=''0''"]}
{"total_cpu_time": null, "wallclock_time": 10.832433700561523, "cpu_time": 20.336000000000002, "evaluations": 19, "cost": 0.041600000000000005, "incumbent": ["adaptive=''0''", "clausepen=''0''", "performrandomwalk=''1''", "singleclause=''0''", "tabusearch=''1''", "DLSscoringmeasure=''1''", "DLStiebreaking=''2''", "randomwalk=''1''", "tabu='16'", "rwp='0.11860732000368628'"]}
{"total_cpu_time": null, "wallclock_time": 135.2776460647583, "cpu_time": 235.31199999999978, "evaluations": 293, "cost": 0.011012345679012346, "incumbent": ["adaptive=''0''", "clausepen=''1''", "performrandomwalk=''1''", "singleclause=''0''", "tabusearch=''1''", "DLSscoringmeasure=''1''", "DLStiebreaking=''2''", "randomwalk=''1''", "smoothingscheme=''1''", "tabu='16'", "DLSalpha='1.189'", "DLSps='0.1'", "DLSrho='0.5'", "DLSsapsthresh='-0.1'", "DLSwp='0.03'", "rwp='0.11860732000368628'"]}
{"total_cpu_time": null, "wallclock_time": 149.58213353157043, "cpu_time": 254.61199999999982, "evaluations": 352, "cost": 0.008875346260387815, "incumbent": ["adaptive=''0''", "clausepen=''1''", "performrandomwalk=''1''", "singleclause=''0''", "tabusearch=''1''", "DLSscoringmeasure=''1''", "DLStiebreaking=''2''", "randomwalk=''1''", "smoothingscheme=''1''", "tabu='16'", "DLSalpha='1.189'", "DLSps='0.042321297313096196'", "DLSrho='0.5'", "DLSsapsthresh='-0.1'", "DLSwp='0.03'", "rwp='0.11860732000368628'"]}
{"total_cpu_time": null, "wallclock_time": 164.36145329475403, "cpu_time": 268.57200000000034, "evaluations": 425, "cost": 0.006360000000000003, "incumbent": ["adaptive=''0''", "clausepen=''1''", "performrandomwalk=''1''", "singleclause=''0''", "tabusearch=''1''", "DLSscoringmeasure=''1''", "DLStiebreaking=''2''", "randomwalk=''1''", "smoothingscheme=''1''", "tabu='16'", "DLSalpha='1.189'", "DLSps='0.042321297313096196'", "DLSrho='0.5'", "DLSsapsthresh='-0.1'", "DLSwp='0.01774233308885532'", "rwp='0.11860732000368628'"]}
{"total_cpu_time": null, "wallclock_time": 178.56890845298767, "cpu_time": 280.38400000000024, "evaluations": 485, "cost": 0.004507936507936509, "incumbent": ["adaptive=''0''", "clausepen=''1''", "performrandomwalk=''0''", "singleclause=''0''", "tabusearch=''1''", "DLSscoringmeasure=''1''", "DLStiebreaking=''2''", "smoothingscheme=''1''", "tabu='16'", "DLSalpha='1.189'", "DLSps='0.042321297313096196'", "DLSrho='0.5'", "DLSsapsthresh='-0.1'", "DLSwp='0.01774233308885532'"]}
{"total_cpu_time": null, "wallclock_time": 193.2723000049591, "cpu_time": 296.1800000000004, "evaluations": 553, "cost": 0.003454545454545456, "incumbent": ["adaptive=''1''", "clausepen=''1''", "performrandomwalk=''1''", "singleclause=''0''", "tabusearch=''1''", "DLSscoringmeasure=''1''", "DLStiebreaking=''2''", "adaptivenoisescheme=''1''", "randomwalk=''1''", "smoothingscheme=''1''", "tabu='16'", "DLSalpha='1.189'", "DLSrho='0.5'", "DLSsapsthresh='-0.1'", "DLSwp='0.01774233308885532'", "rwp='0.11860732000368628'"]}
{"total_cpu_time": null, "wallclock_time": 223.99168229103088, "cpu_time": 327.67200000000133, "evaluations": 702, "cost": 0.0031736111111111114, "incumbent": ["adaptive=''1''", "clausepen=''1''", "performrandomwalk=''1''", "singleclause=''0''", "tabusearch=''1''", "DLSscoringmeasure=''1''", "DLStiebreaking=''2''", "adaptivenoisescheme=''2''", "randomwalk=''1''", "smoothingscheme=''1''", "tabu='16'", "DLSalpha='1.189'", "DLSrho='0.5'", "DLSsapsthresh='-0.1'", "DLSwp='0.01774233308885532'", "rwp='0.11860732000368628'"]}
{"total_cpu_time": null, "wallclock_time": 257.2617976665497, "cpu_time": 347.8360000000024, "evaluations": 886, "cost": 0.002928994082840238, "incumbent": ["adaptive=''1''", "clausepen=''1''", "performrandomwalk=''1''", "singleclause=''0''", "tabusearch=''1''", "DLSscoringmeasure=''1''", "DLStiebreaking=''2''", "adaptivenoisescheme=''1''", "randomwalk=''1''", "smoothingscheme=''1''", "tabu='16'", "DLSalpha='1.189'", "DLSrho='0.5'", "DLSsapsthresh='-0.1'", "DLSwp='0.01774233308885532'", "rwp='0.11860732000368628'"]}
{"total_cpu_time": null, "wallclock_time": 274.5788700580597, "cpu_time": 361.1440000000028, "evaluations": 977, "cost": 0.001432098765432099, "incumbent": ["adaptive=''1''", "clausepen=''1''", "performrandomwalk=''1''", "singleclause=''0''", "tabusearch=''0''", "DLSscoringmeasure=''1''", "DLStiebreaking=''2''", "adaptivenoisescheme=''1''", "randomwalk=''1''", "smoothingscheme=''1''", "DLSalpha='1.189'", "DLSrho='0.5'", "DLSsapsthresh='-0.1'", "DLSwp='0.01774233308885532'", "rwp='0.11860732000368628'"]}
{"total_cpu_time": null, "wallclock_time": 411.86330246925354, "cpu_time": 421.64800000000093, "evaluations": 1776, "cost": 0.0009411764705882358, "incumbent": ["adaptive=''1''", "clausepen=''1''", "performrandomwalk=''1''", "singleclause=''0''", "tabusearch=''1''", "DLSscoringmeasure=''1''", "DLStiebreaking=''2''", "adaptivenoisescheme=''1''", "randomwalk=''1''", "smoothingscheme=''1''", "tabu='1'", "DLSalpha='1.189'", "DLSrho='0.5'", "DLSsapsthresh='-0.1'", "DLSwp='0.01774233308885532'", "rwp='0.11860732000368628'"]}
{"total_cpu_time": null, "wallclock_time": 503.7689447402954, "cpu_time": 486.92799999999676, "evaluations": 2213, "cost": 0.000839335180055402, "incumbent": ["adaptive=''1''", "clausepen=''2''", "performrandomwalk=''1''", "singleclause=''0''", "tabusearch=''1''", "DLSscoringmeasure=''1''", "DLStiebreaking=''2''", "adaptivenoisescheme=''1''", "randomwalk=''1''", "tabu='1'", "rwp='0.11860732000368628'"]}
{"total_cpu_time": null, "wallclock_time": 554.3419542312622, "cpu_time": 501.5479999999945, "evaluations": 2518, "cost": 0.0008000000000000004, "incumbent": ["adaptive=''1''", "clausepen=''1''", "performrandomwalk=''1''", "singleclause=''0''", "tabusearch=''1''", "DLSscoringmeasure=''1''", "DLStiebreaking=''2''", "adaptivenoisescheme=''1''", "randomwalk=''1''", "smoothingscheme=''1''", "tabu='1'", "DLSalpha='1.189'", "DLSrho='0.5'", "DLSsapsthresh='-0.1'", "DLSwp='0.01774233308885532'", "rwp='0.11860732000368628'"]}
{"total_cpu_time": null, "wallclock_time": 663.5006358623505, "cpu_time": 562.008, "evaluations": 3117, "cost": 0.0007396694214876035, "incumbent": ["adaptive=''1''", "clausepen=''2''", "performrandomwalk=''1''", "singleclause=''0''", "tabusearch=''1''", "DLSscoringmeasure=''1''", "DLStiebreaking=''2''", "adaptivenoisescheme=''1''", "randomwalk=''1''", "tabu='1'", "rwp='0.11860732000368628'"]}
{"total_cpu_time": null, "wallclock_time": 692.0628457069397, "cpu_time": 588.2839999999999, "evaluations": 3241, "cost": 0.0007111111111111115, "incumbent": ["adaptive=''1''", "clausepen=''1''", "performrandomwalk=''1''", "singleclause=''0''", "tabusearch=''1''", "DLSscoringmeasure=''1''", "DLStiebreaking=''2''", "adaptivenoisescheme=''1''", "randomwalk=''1''", "smoothingscheme=''1''", "tabu='1'", "DLSalpha='1.189'", "DLSrho='0.5'", "DLSsapsthresh='-0.1'", "DLSwp='0.01774233308885532'", "rwp='0.11860732000368628'"]}
{"total_cpu_time": null, "wallclock_time": 846.676596403122, "cpu_time": 698.596000000003, "evaluations": 4030, "cost": 0.0006400000000000003, "incumbent": ["adaptive=''1''", "clausepen=''1''", "performrandomwalk=''1''", "singleclause=''0''", "tabusearch=''1''", "DLSscoringmeasure=''1''", "DLStiebreaking=''2''", "adaptivenoisescheme=''1''", "randomwalk=''1''", "smoothingscheme=''1''", "tabu='1'", "DLSalpha='1.189'", "DLSrho='0.5'", "DLSsapsthresh='-0.1'", "DLSwp='0.018283221940156406'", "rwp='0.11860732000368628'"]}
{"total_cpu_time": null, "wallclock_time": 879.2650737762451, "cpu_time": 708.5960000000051, "evaluations": 4224, "cost": 0.0006382160707420225, "incumbent": ["adaptive=''1''", "clausepen=''2''", "performrandomwalk=''1''", "singleclause=''0''", "tabusearch=''1''", "DLSscoringmeasure=''1''", "DLStiebreaking=''2''", "adaptivenoisescheme=''1''", "randomwalk=''1''", "tabu='1'", "rwp='0.11860732000368628'"]}
{"total_cpu_time": null, "wallclock_time": 913.2707958221436, "cpu_time": 722.600000000008, "evaluations": 4415, "cost": 0.0006153846153846156, "incumbent": ["adaptive=''1''", "clausepen=''1''", "performrandomwalk=''1''", "singleclause=''0''", "tabusearch=''1''", "DLSscoringmeasure=''1''", "DLStiebreaking=''2''", "adaptivenoisescheme=''1''", "randomwalk=''1''", "smoothingscheme=''1''", "tabu='1'", "DLSalpha='1.189'", "DLSrho='0.5'", "DLSsapsthresh='-0.1'", "DLSwp='0.01774233308885532'", "rwp='0.11860732000368628'"]}
{"total_cpu_time": null, "wallclock_time": 981.8178153038025, "cpu_time": 759.5040000000146, "evaluations": 4792, "cost": 0.000599451303155007, "incumbent": ["adaptive=''1''", "clausepen=''2''", "performrandomwalk=''1''", "singleclause=''0''", "tabusearch=''1''", "DLSscoringmeasure=''1''", "DLStiebreaking=''2''", "adaptivenoisescheme=''1''", "randomwalk=''1''", "tabu='1'", "rwp='0.11860732000368628'"]}
{"total_cpu_time": null, "wallclock_time": 1017.2027025222778, "cpu_time": 768.6320000000153, "evaluations": 5008, "cost": 0.0005752066115702483, "incumbent": ["adaptive=''1''", "clausepen=''1''", "performrandomwalk=''1''", "singleclause=''0''", "tabusearch=''1''", "DLSscoringmeasure=''1''", "DLStiebreaking=''2''", "adaptivenoisescheme=''1''", "randomwalk=''1''", "smoothingscheme=''1''", "tabu='1'", "DLSalpha='1.189'", "DLSrho='0.5'", "DLSsapsthresh='-0.13595682018252164'", "DLSwp='0.01774233308885532'", "rwp='0.11860732000368628'"]}
{"total_cpu_time": null, "wallclock_time": 1053.5696911811829, "cpu_time": 778.4160000000165, "evaluations": 5227, "cost": 0.0005714285714285717, "incumbent": ["adaptive=''1''", "clausepen=''1''", "performrandomwalk=''1''", "singleclause=''0''", "tabusearch=''1''", "DLSscoringmeasure=''1''", "DLStiebreaking=''2''", "adaptivenoisescheme=''1''", "randomwalk=''1''", "smoothingscheme=''1''", "tabu='1'", "DLSalpha='1.189'", "DLSrho='0.5'", "DLSsapsthresh='-0.1'", "DLSwp='0.01774233308885532'", "rwp='0.11860732000368628'"]}
{"total_cpu_time": null, "wallclock_time": 1091.5222775936127, "cpu_time": 787.6120000000136, "evaluations": 5450, "cost": 0.0005293936595875657, "incumbent": ["adaptive=''1''", "clausepen=''1''", "performrandomwalk=''1''", "singleclause=''0''", "tabusearch=''1''", "DLSscoringmeasure=''1''", "DLStiebreaking=''2''", "adaptivenoisescheme=''1''", "randomwalk=''1''", "smoothingscheme=''1''", "tabu='1'", "DLSalpha='1.1332847942778281'", "DLSrho='0.5'", "DLSsapsthresh='-0.1'", "DLSwp='0.01774233308885532'", "rwp='0.11860732000368628'"]}
{"total_cpu_time": null, "wallclock_time": 1408.2473311424255, "cpu_time": 1003.0200000000079, "evaluations": 7076, "cost": 0.0004667455621301778, "incumbent": ["adaptive=''1''", "clausepen=''1''", "performrandomwalk=''1''", "singleclause=''0''", "tabusearch=''1''", "DLSscoringmeasure=''1''", "DLStiebreaking=''2''", "adaptivenoisescheme=''2''", "randomwalk=''1''", "smoothingscheme=''1''", "tabu='1'", "DLSalpha='1.1332847942778281'", "DLSrho='0.5'", "DLSsapsthresh='-0.1'", "DLSwp='0.01774233308885532'", "rwp='0.11860732000368628'"]}
{"total_cpu_time": null, "wallclock_time": 1451.234804391861, "cpu_time": 1022.0760000000074, "evaluations": 7319, "cost": 0.00045730027548209395, "incumbent": ["adaptive=''1''", "clausepen=''1''", "performrandomwalk=''1''", "singleclause=''0''", "tabusearch=''1''", "DLSscoringmeasure=''1''", "DLStiebreaking=''2''", "adaptivenoisescheme=''1''", "randomwalk=''1''", "smoothingscheme=''1''", "tabu='1'", "DLSalpha='1.1332847942778281'", "DLSrho='0.5'", "DLSsapsthresh='-0.1'", "DLSwp='0.01774233308885532'", "rwp='0.11860732000368628'"]}
{"total_cpu_time": null, "wallclock_time": 1537.9019567966461, "cpu_time": 1091.220000000011, "evaluations": 7759, "cost": 0.0004472318339100349, "incumbent": ["adaptive=''1''", "clausepen=''1''", "performrandomwalk=''1''", "singleclause=''0''", "tabusearch=''1''", "DLSscoringmeasure=''1''", "DLStiebreaking=''2''", "adaptivenoisescheme=''2''", "randomwalk=''1''", "smoothingscheme=''1''", "tabu='1'", "DLSalpha='1.1332847942778281'", "DLSrho='0.5'", "DLSsapsthresh='-0.1'", "DLSwp='0.01774233308885532'", "rwp='0.11860732000368628'"]}
{"total_cpu_time": null, "wallclock_time": 1582.2630858421326, "cpu_time": 1117.604000000005, "evaluations": 7999, "cost": 0.0004385633270321364, "incumbent": ["adaptive=''1''", "clausepen=''1''", "performrandomwalk=''1''", "singleclause=''0''", "tabusearch=''1''", "DLSscoringmeasure=''1''", "DLStiebreaking=''2''", "adaptivenoisescheme=''1''", "randomwalk=''1''", "smoothingscheme=''1''", "tabu='1'", "DLSalpha='1.1332847942778281'", "DLSrho='0.5'", "DLSsapsthresh='-0.1'", "DLSwp='0.01774233308885532'", "rwp='0.11860732000368628'"]}
{"total_cpu_time": null, "wallclock_time": 1626.9883246421814, "cpu_time": 1156.5640000000085, "evaluations": 8218, "cost": 0.00043755102040816355, "incumbent": ["adaptive=''1''", "clausepen=''1''", "performrandomwalk=''1''", "singleclause=''0''", "tabusearch=''1''", "DLSscoringmeasure=''1''", "DLStiebreaking=''2''", "adaptivenoisescheme=''1''", "randomwalk=''1''", "smoothingscheme=''1''", "tabu='1'", "DLSalpha='1.1332847942778281'", "DLSrho='0.5'", "DLSsapsthresh='-0.1'", "DLSwp='0.02570493280079148'", "rwp='0.11860732000368628'"]}
{"total_cpu_time": null, "wallclock_time": 1675.069296836853, "cpu_time": 1167.9400000000098, "evaluations": 8500, "cost": 0.0004268994247173183, "incumbent": ["adaptive=''1''", "clausepen=''1''", "performrandomwalk=''1''", "singleclause=''0''", "tabusearch=''1''", "DLSscoringmeasure=''1''", "DLStiebreaking=''2''", "adaptivenoisescheme=''1''", "randomwalk=''1''", "smoothingscheme=''1''", "tabu='1'", "DLSalpha='1.1332847942778281'", "DLSrho='0.5'", "DLSsapsthresh='-0.1'", "DLSwp='0.01774233308885532'", "rwp='0.11860732000368628'"]}
{"total_cpu_time": null, "wallclock_time": 2341.587326526642, "cpu_time": 1539.5199999999975, "evaluations": 12065, "cost": 0.0003707482993197281, "incumbent": ["adaptive=''1''", "clausepen=''1''", "performrandomwalk=''1''", "singleclause=''0''", "tabusearch=''1''", "DLSscoringmeasure=''1''", "DLStiebreaking=''2''", "adaptivenoisescheme=''1''", "randomwalk=''1''", "smoothingscheme=''1''", "tabu='1'", "DLSalpha='1.1332847942778281'", "DLSrho='0.5'", "DLSsapsthresh='-0.1'", "DLSwp='0.02500272188504744'", "rwp='0.11860732000368628'"]}
