"CPU Time Used","Estimated Training Performance","Wallclock Time","Incumbent ID","Automatic Configurator (CPU) Time","Configuration..."
0.000000, 2147483648.000000, 0.001565, 1, 0.001565, adaptive=''1'', clausepen=''1'', performrandomwalk=''0'', singleclause=''1'', tabusearch=''0'', adaptivenoisescheme=''1'', adaptwalkprob=''0'', heuristic=''2'', promisinglist=''1'', ps='0.4', selectclause=''1'', smoothingscheme=''1'', adaptiveprom=''0'', decreasingvariable=''3'', performalternatenovelty=''1'', phi='5', theta='6', updateschemepromlist=''3'', wp='0.01', CONadaptpromwalkprob=''0''
0.032000, 0.032000, 0.589488, 1, 0.557488, adaptive=''1'', clausepen=''1'', performrandomwalk=''0'', singleclause=''1'', tabusearch=''0'', adaptivenoisescheme=''1'', adaptwalkprob=''0'', heuristic=''2'', promisinglist=''1'', ps='0.4', selectclause=''1'', smoothingscheme=''1'', adaptiveprom=''0'', decreasingvariable=''3'', performalternatenovelty=''1'', phi='5', theta='6', updateschemepromlist=''3'', wp='0.01', CONadaptpromwalkprob=''0''
20.336000, 0.041600, 10.832434, 2, -9.503566, adaptive=''0'', clausepen=''0'', performrandomwalk=''1'', singleclause=''0'', tabusearch=''1'', DLSscoringmeasure=''1'', DLStiebreaking=''2'', randomwalk=''1'', tabu='16', rwp='0.11860732000368628'
235.312000, 0.011012, 135.277646, 18, -100.034354, adaptive=''0'', clausepen=''1'', performrandomwalk=''1'', singleclause=''0'', tabusearch=''1'', DLSscoringmeasure=''1'', DLStiebreaking=''2'', randomwalk=''1'', smoothingscheme=''1'', tabu='16', DLSalpha='1.189', DLSps='0.1', DLSrho='0.5', DLSsapsthresh='-0.1', DLSwp='0.03', rwp='0.11860732000368628'
254.612000, 0.008875, 149.582134, 19, -105.029866, adaptive=''0'', clausepen=''1'', performrandomwalk=''1'', singleclause=''0'', tabusearch=''1'', DLSscoringmeasure=''1'', DLStiebreaking=''2'', randomwalk=''1'', smoothingscheme=''1'', tabu='16', DLSalpha='1.189', DLSps='0.042321297313096196', DLSrho='0.5', DLSsapsthresh='-0.1', DLSwp='0.03', rwp='0.11860732000368628'
268.572000, 0.006360, 164.361453, 20, -104.210547, adaptive=''0'', clausepen=''1'', performrandomwalk=''1'', singleclause=''0'', tabusearch=''1'', DLSscoringmeasure=''1'', DLStiebreaking=''2'', randomwalk=''1'', smoothingscheme=''1'', tabu='16', DLSalpha='1.189', DLSps='0.042321297313096196', DLSrho='0.5', DLSsapsthresh='-0.1', DLSwp='0.01774233308885532', rwp='0.11860732000368628'
280.384000, 0.004508, 178.568908, 23, -101.815092, adaptive=''0'', clausepen=''1'', performrandomwalk=''0'', singleclause=''0'', tabusearch=''1'', DLSscoringmeasure=''1'', DLStiebreaking=''2'', smoothingscheme=''1'', tabu='16', DLSalpha='1.189', DLSps='0.042321297313096196', DLSrho='0.5', DLSsapsthresh='-0.1', DLSwp='0.01774233308885532'
296.180000, 0.003455, 193.272300, 26, -102.907700, adaptive=''1'', clausepen=''1'', performrandomwalk=''1'', singleclause=''0'', tabusearch=''1'', DLSscoringmeasure=''1'', DLStiebreaking=''2'', adaptivenoisescheme=''1'', randomwalk=''1'', smoothingscheme=''1'', tabu='16', DLSalpha='1.189', DLSrho='0.5', DLSsapsthresh='-0.1', DLSwp='0.01774233308885532', rwp='0.11860732000368628'
327.672000, 0.003174, 223.991682, 29, -103.680318, adaptive=''1'', clausepen=''1'', performrandomwalk=''1'', singleclause=''0'', tabusearch=''1'', DLSscoringmeasure=''1'', DLStiebreaking=''2'', adaptivenoisescheme=''2'', randomwalk=''1'', smoothingscheme=''1'', tabu='16', DLSalpha='1.189', DLSrho='0.5', DLSsapsthresh='-0.1', DLSwp='0.01774233308885532', rwp='0.11860732000368628'
347.836000, 0.002929, 257.261798, 26, -90.574202, adaptive=''1'', clausepen=''1'', performrandomwalk=''1'', singleclause=''0'', tabusearch=''1'', DLSscoringmeasure=''1'', DLStiebreaking=''2'', adaptivenoisescheme=''1'', randomwalk=''1'', smoothingscheme=''1'', tabu='16', DLSalpha='1.189', DLSrho='0.5', DLSsapsthresh='-0.1', DLSwp='0.01774233308885532', rwp='0.11860732000368628'
361.144000, 0.001432, 274.578870, 38, -86.565130, adaptive=''1'', clausepen=''1'', performrandomwalk=''1'', singleclause=''0'', tabusearch=''0'', DLSscoringmeasure=''1'', DLStiebreaking=''2'', adaptivenoisescheme=''1'', randomwalk=''1'', smoothingscheme=''1'', DLSalpha='1.189', DLSrho='0.5', DLSsapsthresh='-0.1', DLSwp='0.01774233308885532', rwp='0.11860732000368628'
421.648000, 0.000941, 411.863302, 53, -9.784698, adaptive=''1'', clausepen=''1'', performrandomwalk=''1'', singleclause=''0'', tabusearch=''1'', DLSscoringmeasure=''1'', DLStiebreaking=''2'', adaptivenoisescheme=''1'', randomwalk=''1'', smoothingscheme=''1'', tabu='1', DLSalpha='1.189', DLSrho='0.5', DLSsapsthresh='-0.1', DLSwp='0.01774233308885532', rwp='0.11860732000368628'
486.928000, 0.000839, 503.768945, 63, 16.840945, adaptive=''1'', clausepen=''2'', performrandomwalk=''1'', singleclause=''0'', tabusearch=''1'', DLSscoringmeasure=''1'', DLStiebreaking=''2'', adaptivenoisescheme=''1'', randomwalk=''1'', tabu='1', rwp='0.11860732000368628'
501.548000, 0.000800, 554.341954, 53, 52.793954, adaptive=''1'', clausepen=''1'', performrandomwalk=''1'', singleclause=''0'', tabusearch=''1'', DLSscoringmeasure=''1'', DLStiebreaking=''2'', adaptivenoisescheme=''1'', randomwalk=''1'', smoothingscheme=''1'', tabu='1', DLSalpha='1.189', DLSrho='0.5', DLSsapsthresh='-0.1', DLSwp='0.01774233308885532', rwp='0.11860732000368628'
562.008000, 0.000740, 663.500636, 63, 101.492636, adaptive=''1'', clausepen=''2'', performrandomwalk=''1'', singleclause=''0'', tabusearch=''1'', DLSscoringmeasure=''1'', DLStiebreaking=''2'', adaptivenoisescheme=''1'', randomwalk=''1'', tabu='1', rwp='0.11860732000368628'
588.284000, 0.000711, 692.062846, 53, 103.778846, adaptive=''1'', clausepen=''1'', performrandomwalk=''1'', singleclause=''0'', tabusearch=''1'', DLSscoringmeasure=''1'', DLStiebreaking=''2'', adaptivenoisescheme=''1'', randomwalk=''1'', smoothingscheme=''1'', tabu='1', DLSalpha='1.189', DLSrho='0.5', DLSsapsthresh='-0.1', DLSwp='0.01774233308885532', rwp='0.11860732000368628'
698.596000, 0.000640, 846.676596, 82, 148.080596, adaptive=''1'', clausepen=''1'', performrandomwalk=''1'', singleclause=''0'', tabusearch=''1'', DLSscoringmeasure=''1'', DLStiebreaking=''2'', adaptivenoisescheme=''1'', randomwalk=''1'', smoothingscheme=''1'', tabu='1', DLSalpha='1.189', DLSrho='0.5', DLSsapsthresh='-0.1', DLSwp='0.018283221940156406', rwp='0.11860732000368628'
708.596000, 0.000638, 879.265074, 63, 170.669074, adaptive=''1'', clausepen=''2'', performrandomwalk=''1'', singleclause=''0'', tabusearch=''1'', DLSscoringmeasure=''1'', DLStiebreaking=''2'', adaptivenoisescheme=''1'', randomwalk=''1'', tabu='1', rwp='0.11860732000368628'
722.600000, 0.000615, 913.270796, 53, 190.670796, adaptive=''1'', clausepen=''1'', performrandomwalk=''1'', singleclause=''0'', tabusearch=''1'', DLSscoringmeasure=''1'', DLStiebreaking=''2'', adaptivenoisescheme=''1'', randomwalk=''1'', smoothingscheme=''1'', tabu='1', DLSalpha='1.189', DLSrho='0.5', DLSsapsthresh='-0.1', DLSwp='0.01774233308885532', rwp='0.11860732000368628'
759.504000, 0.000599, 981.817815, 63, 222.313815, adaptive=''1'', clausepen=''2'', performrandomwalk=''1'', singleclause=''0'', tabusearch=''1'', DLSscoringmeasure=''1'', DLStiebreaking=''2'', adaptivenoisescheme=''1'', randomwalk=''1'', tabu='1', rwp='0.11860732000368628'
768.632000, 0.000575, 1017.202703, 93, 248.570703, adaptive=''1'', clausepen=''1'', performrandomwalk=''1'', singleclause=''0'', tabusearch=''1'', DLSscoringmeasure=''1'', DLStiebreaking=''2'', adaptivenoisescheme=''1'', randomwalk=''1'', smoothingscheme=''1'', tabu='1', DLSalpha='1.189', DLSrho='0.5', DLSsapsthresh='-0.13595682018252164', DLSwp='0.01774233308885532', rwp='0.11860732000368628'
778.416000, 0.000571, 1053.569691, 53, 275.153691, adaptive=''1'', clausepen=''1'', performrandomwalk=''1'', singleclause=''0'', tabusearch=''1'', DLSscoringmeasure=''1'', DLStiebreaking=''2'', adaptivenoisescheme=''1'', randomwalk=''1'', smoothingscheme=''1'', tabu='1', DLSalpha='1.189', DLSrho='0.5', DLSsapsthresh='-0.1', DLSwp='0.01774233308885532', rwp='0.11860732000368628'
787.612000, 0.000529, 1091.522278, 97, 303.910278, adaptive=''1'', clausepen=''1'', performrandomwalk=''1'', singleclause=''0'', tabusearch=''1'', DLSscoringmeasure=''1'', DLStiebreaking=''2'', adaptivenoisescheme=''1'', randomwalk=''1'', smoothingscheme=''1'', tabu='1', DLSalpha='1.1332847942778281', DLSrho='0.5', DLSsapsthresh='-0.1', DLSwp='0.01774233308885532', rwp='0.11860732000368628'
1003.020000, 0.000467, 1408.247331, 99, 405.227331, adaptive=''1'', clausepen=''1'', performrandomwalk=''1'', singleclause=''0'', tabusearch=''1'', DLSscoringmeasure=''1'', DLStiebreaking=''2'', adaptivenoisescheme=''2'', randomwalk=''1'', smoothingscheme=''1'', tabu='1', DLSalpha='1.1332847942778281', DLSrho='0.5', DLSsapsthresh='-0.1', DLSwp='0.01774233308885532', rwp='0.11860732000368628'
1022.076000, 0.000457, 1451.234804, 97, 429.158804, adaptive=''1'', clausepen=''1'', performrandomwalk=''1'', singleclause=''0'', tabusearch=''1'', DLSscoringmeasure=''1'', DLStiebreaking=''2'', adaptivenoisescheme=''1'', randomwalk=''1'', smoothingscheme=''1'', tabu='1', DLSalpha='1.1332847942778281', DLSrho='0.5', DLSsapsthresh='-0.1', DLSwp='0.01774233308885532', rwp='0.11860732000368628'
1091.220000, 0.000447, 1537.901957, 99, 446.681957, adaptive=''1'', clausepen=''1'', performrandomwalk=''1'', singleclause=''0'', tabusearch=''1'', DLSscoringmeasure=''1'', DLStiebreaking=''2'', adaptivenoisescheme=''2'', randomwalk=''1'', smoothingscheme=''1'', tabu='1', DLSalpha='1.1332847942778281', DLSrho='0.5', DLSsapsthresh='-0.1', DLSwp='0.01774233308885532', rwp='0.11860732000368628'
1117.604000, 0.000439, 1582.263086, 97, 464.659086, adaptive=''1'', clausepen=''1'', performrandomwalk=''1'', singleclause=''0'', tabusearch=''1'', DLSscoringmeasure=''1'', DLStiebreaking=''2'', adaptivenoisescheme=''1'', randomwalk=''1'', smoothingscheme=''1'', tabu='1', DLSalpha='1.1332847942778281', DLSrho='0.5', DLSsapsthresh='-0.1', DLSwp='0.01774233308885532', rwp='0.11860732000368628'
1156.564000, 0.000438, 1626.988325, 122, 470.424325, adaptive=''1'', clausepen=''1'', performrandomwalk=''1'', singleclause=''0'', tabusearch=''1'', DLSscoringmeasure=''1'', DLStiebreaking=''2'', adaptivenoisescheme=''1'', randomwalk=''1'', smoothingscheme=''1'', tabu='1', DLSalpha='1.1332847942778281', DLSrho='0.5', DLSsapsthresh='-0.1', DLSwp='0.02570493280079148', rwp='0.11860732000368628'
1167.940000, 0.000427, 1675.069297, 97, 507.129297, adaptive=''1'', clausepen=''1'', performrandomwalk=''1'', singleclause=''0'', tabusearch=''1'', DLSscoringmeasure=''1'', DLStiebreaking=''2'', adaptivenoisescheme=''1'', randomwalk=''1'', smoothingscheme=''1'', tabu='1', DLSalpha='1.1332847942778281', DLSrho='0.5', DLSsapsthresh='-0.1', DLSwp='0.01774233308885532', rwp='0.11860732000368628'
1539.520000, 0.000371, 2341.587327, 133, 802.067327, adaptive=''1'', clausepen=''1'', performrandomwalk=''1'', singleclause=''0'', tabusearch=''1'', DLSscoringmeasure=''1'', DLStiebreaking=''2'', adaptivenoisescheme=''1'', randomwalk=''1'', smoothingscheme=''1'', tabu='1', DLSalpha='1.1332847942778281', DLSrho='0.5', DLSsapsthresh='-0.1', DLSwp='0.02500272188504744', rwp='0.11860732000368628'
