"CPU Time Used","Estimated Training Performance","Wallclock Time","Incumbent ID","Automatic Configurator (CPU) Time","Configuration..."
0.000000, 2147483648.000000, 0.001441, 1, 0.001441, adaptive=''1'', clausepen=''1'', performrandomwalk=''0'', singleclause=''1'', tabusearch=''0'', adaptivenoisescheme=''1'', adaptwalkprob=''0'', heuristic=''2'', promisinglist=''1'', ps='0.4', selectclause=''1'', smoothingscheme=''1'', adaptiveprom=''0'', decreasingvariable=''3'', performalternatenovelty=''1'', phi='5', theta='6', updateschemepromlist=''3'', wp='0.01', CONadaptpromwalkprob=''0''
1.944000, 1.944000, 2.449558, 1, 0.505558, adaptive=''1'', clausepen=''1'', performrandomwalk=''0'', singleclause=''1'', tabusearch=''0'', adaptivenoisescheme=''1'', adaptwalkprob=''0'', heuristic=''2'', promisinglist=''1'', ps='0.4', selectclause=''1'', smoothingscheme=''1'', adaptiveprom=''0'', decreasingvariable=''3'', performalternatenovelty=''1'', phi='5', theta='6', updateschemepromlist=''3'', wp='0.01', CONadaptpromwalkprob=''0''
91.992000, 0.004280, 160.135044, 4, 68.143044, adaptive=''1'', clausepen=''2'', performrandomwalk=''0'', singleclause=''0'', tabusearch=''0'', DLSscoringmeasure=''1'', DLStiebreaking=''4'', adaptivenoisescheme=''2''
420.716000, 0.003200, 698.666341, 41, 277.950341, adaptive=''1'', clausepen=''2'', performrandomwalk=''0'', singleclause=''1'', tabusearch=''1'', adaptivenoisescheme=''1'', adaptwalkprob=''0'', heuristic=''4'', promisinglist=''1'', tabu='18', adaptiveprom=''0'', decreasingvariable=''9'', dp='0.18736739760210397', performalternatenovelty=''1'', phi='9', theta='5', updateschemepromlist=''1'', CONadaptpromwalkprob=''0'', promnovnoise='0.2580708623567549', CONpromwp='0.06820210031866168'
1993.884000, 0.002920, 3325.641895, 185, 1331.757895, adaptive=''1'', clausepen=''2'', performrandomwalk=''0'', singleclause=''0'', tabusearch=''0'', DLSscoringmeasure=''1'', DLStiebreaking=''2'', adaptivenoisescheme=''1''
