{"evaluations": 0, "wallclock_time": 0.0014410018920898438, "incumbent": ["adaptive=''1''", "clausepen=''1''", "performrandomwalk=''0''", "singleclause=''1''", "tabusearch=''0''", "adaptivenoisescheme=''1''", "adaptwalkprob=''0''", "heuristic=''2''", "promisinglist=''1''", "ps='0.4'", "selectclause=''1''", "smoothingscheme=''1''", "adaptiveprom=''0''", "decreasingvariable=''3''", "performalternatenovelty=''1''", "phi='5'", "theta='6'", "updateschemepromlist=''3''", "wp='0.01'", "CONadaptpromwalkprob=''0''"], "cpu_time": 0, "total_cpu_time": null, "cost": 2147483648}
{"evaluations": 1, "wallclock_time": 2.4495577812194824, "incumbent": ["adaptive=''1''", "clausepen=''1''", "performrandomwalk=''0''", "singleclause=''1''", "tabusearch=''0''", "adaptivenoisescheme=''1''", "adaptwalkprob=''0''", "heuristic=''2''", "promisinglist=''1''", "ps='0.4'", "selectclause=''1''", "smoothingscheme=''1''", "adaptiveprom=''0''", "decreasingvariable=''3''", "performalternatenovelty=''1''", "phi='5'", "theta='6'", "updateschemepromlist=''3''", "wp='0.01'", "CONadaptpromwalkprob=''0''"], "cpu_time": 1.944, "total_cpu_time": null, "cost": 1.944}
{"evaluations": 65, "wallclock_time": 160.1350438594818, "incumbent": ["adaptive=''1''", "clausepen=''2''", "performrandomwalk=''0''", "singleclause=''0''", "tabusearch=''0''", "DLSscoringmeasure=''1''", "DLStiebreaking=''4''", "adaptivenoisescheme=''2''"], "cpu_time": 91.99200000000002, "total_cpu_time": null, "cost": 0.004279999999999999}
{"evaluations": 260, "wallclock_time": 698.6663405895233, "incumbent": ["adaptive=''1''", "clausepen=''2''", "performrandomwalk=''0''", "singleclause=''1''", "tabusearch=''1''", "adaptivenoisescheme=''1''", "adaptwalkprob=''0''", "heuristic=''4''", "promisinglist=''1''", "tabu='18'", "adaptiveprom=''0''", "decreasingvariable=''9''", "dp='0.18736739760210397'", "performalternatenovelty=''1''", "phi='9'", "theta='5'", "updateschemepromlist=''1''", "CONadaptpromwalkprob=''0''", "promnovnoise='0.2580708623567549'", "CONpromwp='0.06820210031866168'"], "cpu_time": 420.71599999999995, "total_cpu_time": null, "cost": 0.0032000000000000006}
{"evaluations": 1235, "wallclock_time": 3325.6418952941895, "incumbent": ["adaptive=''1''", "clausepen=''2''", "performrandomwalk=''0''", "singleclause=''0''", "tabusearch=''0''", "DLSscoringmeasure=''1''", "DLStiebreaking=''2''", "adaptivenoisescheme=''1''"], "cpu_time": 1993.8839999999918, "total_cpu_time": null, "cost": 0.0029200000000000003}
