"CPU Time Used","Estimated Training Performance","Wallclock Time","Incumbent ID","Automatic Configurator (CPU) Time","Configuration..."
0.000000, 2147483648.000000, 0.000923, 1, 0.000923, sp-clause-activity-inc='1.0', sp-clause-decay='1.4', sp-clause-del-heur=''2'', sp-first-restart='100', sp-learned-clause-sort-heur=''0'', sp-learned-clauses-inc='1.3', sp-learned-size-factor='0.4', sp-orig-clause-sort-heur=''0'', sp-phase-dec-heur=''5'', sp-rand-var-dec-freq=''0.001'', sp-resolution=''1'', sp-restart-inc='1.5', sp-update-dec-queue=''1'', sp-use-pure-literal-rule=''1'', sp-var-activity-inc='1.0', sp-var-dec-heur=''0'', sp-variable-decay='1.4', sp-max-res-lit-inc='1.0', sp-max-res-runs='4', sp-rand-phase-dec-freq=''0.001'', sp-rand-var-dec-scaling='1.0', sp-res-cutoff-cls='8', sp-res-cutoff-lits='400', sp-res-order-heur=''0'', sp-rand-phase-scaling='1.0'
0.056000, 0.056000, 0.185935, 1, 0.129935, sp-clause-activity-inc='1.0', sp-clause-decay='1.4', sp-clause-del-heur=''2'', sp-first-restart='100', sp-learned-clause-sort-heur=''0'', sp-learned-clauses-inc='1.3', sp-learned-size-factor='0.4', sp-orig-clause-sort-heur=''0'', sp-phase-dec-heur=''5'', sp-rand-var-dec-freq=''0.001'', sp-resolution=''1'', sp-restart-inc='1.5', sp-update-dec-queue=''1'', sp-use-pure-literal-rule=''1'', sp-var-activity-inc='1.0', sp-var-dec-heur=''0'', sp-variable-decay='1.4', sp-max-res-lit-inc='1.0', sp-max-res-runs='4', sp-rand-phase-dec-freq=''0.001'', sp-rand-var-dec-scaling='1.0', sp-res-cutoff-cls='8', sp-res-cutoff-lits='400', sp-res-order-heur=''0'', sp-rand-phase-scaling='1.0'
192.238000, 0.054062, 153.651884, 9, -38.586116, sp-clause-activity-inc='1.021807543127165', sp-clause-decay='1.4', sp-clause-del-heur=''2'', sp-first-restart='100', sp-learned-clause-sort-heur=''12'', sp-learned-clauses-inc='1.3', sp-learned-size-factor='0.39999999999999997', sp-orig-clause-sort-heur=''0'', sp-phase-dec-heur=''5'', sp-rand-var-dec-freq=''0.001'', sp-resolution=''2'', sp-restart-inc='1.8759695403904721', sp-update-dec-queue=''1'', sp-use-pure-literal-rule=''1'', sp-var-activity-inc='1.0', sp-var-dec-heur=''0'', sp-variable-decay='1.4', sp-max-res-lit-inc='1.0', sp-max-res-runs='4', sp-rand-phase-dec-freq=''0.001'', sp-rand-var-dec-scaling='0.8568755996503223', sp-res-cutoff-cls='8', sp-res-cutoff-lits='400', sp-res-order-heur=''0'', sp-rand-phase-scaling='1.0'
220.902000, 0.043247, 175.472996, 10, -45.429004, sp-clause-activity-inc='1.021807543127165', sp-clause-decay='1.4', sp-clause-del-heur=''2'', sp-first-restart='100', sp-learned-clause-sort-heur=''12'', sp-learned-clauses-inc='1.3', sp-learned-size-factor='0.39999999999999997', sp-orig-clause-sort-heur=''0'', sp-phase-dec-heur=''5'', sp-rand-var-dec-freq=''0.001'', sp-resolution=''2'', sp-restart-inc='1.8759695403904721', sp-update-dec-queue=''1'', sp-use-pure-literal-rule=''1'', sp-var-activity-inc='1.0', sp-var-dec-heur=''0'', sp-variable-decay='1.186928398719404', sp-max-res-lit-inc='1.0', sp-max-res-runs='4', sp-rand-phase-dec-freq=''0.001'', sp-rand-var-dec-scaling='0.8568755996503223', sp-res-cutoff-cls='8', sp-res-cutoff-lits='400', sp-res-order-heur=''0'', sp-rand-phase-scaling='1.0'
337.922000, 0.043202, 257.797813, 13, -80.124187, sp-clause-activity-inc='0.8496986073406912', sp-clause-decay='1.4', sp-clause-del-heur=''2'', sp-first-restart='87', sp-learned-clause-sort-heur=''12'', sp-learned-clauses-inc='1.3', sp-learned-size-factor='0.39999999999999997', sp-orig-clause-sort-heur=''0'', sp-phase-dec-heur=''5'', sp-rand-var-dec-freq=''0.001'', sp-resolution=''2'', sp-restart-inc='1.8759695403904721', sp-update-dec-queue=''1'', sp-use-pure-literal-rule=''1'', sp-var-activity-inc='1.0', sp-var-dec-heur=''0'', sp-variable-decay='1.4', sp-max-res-lit-inc='1.0', sp-max-res-runs='4', sp-rand-phase-dec-freq=''0.001'', sp-rand-var-dec-scaling='0.8568755996503223', sp-res-cutoff-cls='8', sp-res-cutoff-lits='400', sp-res-order-heur=''0'', sp-rand-phase-scaling='1.0'
449.862000, 0.037201, 343.191459, 16, -106.670541, sp-clause-activity-inc='0.8496986073406912', sp-clause-decay='1.4', sp-clause-del-heur=''2'', sp-first-restart='87', sp-learned-clause-sort-heur=''12'', sp-learned-clauses-inc='1.3', sp-learned-size-factor='0.39999999999999997', sp-orig-clause-sort-heur=''0'', sp-phase-dec-heur=''6'', sp-rand-var-dec-freq=''0.001'', sp-resolution=''2'', sp-restart-inc='1.7375718247457028', sp-update-dec-queue=''1'', sp-use-pure-literal-rule=''1'', sp-var-activity-inc='1.0', sp-var-dec-heur=''0'', sp-variable-decay='1.4', sp-max-res-lit-inc='1.0', sp-max-res-runs='4', sp-rand-phase-dec-freq=''0.001'', sp-rand-var-dec-scaling='0.8568755996503223', sp-res-cutoff-cls='8', sp-res-cutoff-lits='400', sp-res-order-heur=''0'', sp-rand-phase-scaling='1.0'
492.866000, 0.034432, 373.507802, 17, -119.358198, sp-clause-activity-inc='0.8496986073406912', sp-clause-decay='1.4', sp-clause-del-heur=''2'', sp-first-restart='87', sp-learned-clause-sort-heur=''12'', sp-learned-clauses-inc='1.3', sp-learned-size-factor='0.39999999999999997', sp-orig-clause-sort-heur=''0'', sp-phase-dec-heur=''6'', sp-rand-var-dec-freq=''0.001'', sp-resolution=''2'', sp-restart-inc='1.7375718247457028', sp-update-dec-queue=''1'', sp-use-pure-literal-rule=''1'', sp-var-activity-inc='1.0', sp-var-dec-heur=''0'', sp-variable-decay='1.4', sp-max-res-lit-inc='1.0', sp-max-res-runs='4', sp-rand-phase-dec-freq=''0.001'', sp-rand-var-dec-scaling='0.8568755996503223', sp-res-cutoff-cls='8', sp-res-cutoff-lits='502', sp-res-order-heur=''0'', sp-rand-phase-scaling='1.0'
535.826000, 0.031781, 404.001029, 18, -131.824971, sp-clause-activity-inc='0.8496986073406912', sp-clause-decay='1.4', sp-clause-del-heur=''2'', sp-first-restart='87', sp-learned-clause-sort-heur=''12'', sp-learned-clauses-inc='1.3', sp-learned-size-factor='0.39999999999999997', sp-orig-clause-sort-heur=''0'', sp-phase-dec-heur=''6'', sp-rand-var-dec-freq=''0.001'', sp-resolution=''2'', sp-restart-inc='1.7375718247457028', sp-update-dec-queue=''0'', sp-use-pure-literal-rule=''1'', sp-var-activity-inc='1.0', sp-var-dec-heur=''0'', sp-variable-decay='1.4', sp-max-res-lit-inc='1.0', sp-max-res-runs='4', sp-rand-phase-dec-freq=''0.001'', sp-rand-var-dec-scaling='0.8568755996503223', sp-res-cutoff-cls='8', sp-res-cutoff-lits='502', sp-res-order-heur=''0'', sp-rand-phase-scaling='1.0'
574.222000, 0.029635, 434.582525, 17, -139.639475, sp-clause-activity-inc='0.8496986073406912', sp-clause-decay='1.4', sp-clause-del-heur=''2'', sp-first-restart='87', sp-learned-clause-sort-heur=''12'', sp-learned-clauses-inc='1.3', sp-learned-size-factor='0.39999999999999997', sp-orig-clause-sort-heur=''0'', sp-phase-dec-heur=''6'', sp-rand-var-dec-freq=''0.001'', sp-resolution=''2'', sp-restart-inc='1.7375718247457028', sp-update-dec-queue=''1'', sp-use-pure-literal-rule=''1'', sp-var-activity-inc='1.0', sp-var-dec-heur=''0'', sp-variable-decay='1.4', sp-max-res-lit-inc='1.0', sp-max-res-runs='4', sp-rand-phase-dec-freq=''0.001'', sp-rand-var-dec-scaling='0.8568755996503223', sp-res-cutoff-cls='8', sp-res-cutoff-lits='502', sp-res-order-heur=''0'', sp-rand-phase-scaling='1.0'
661.090000, 0.026150, 496.880333, 20, -164.209667, sp-clause-activity-inc='0.8496986073406912', sp-clause-decay='1.4', sp-clause-del-heur=''2'', sp-first-restart='87', sp-learned-clause-sort-heur=''10'', sp-learned-clauses-inc='1.3', sp-learned-size-factor='0.39999999999999997', sp-orig-clause-sort-heur=''0'', sp-phase-dec-heur=''6'', sp-rand-var-dec-freq=''0.001'', sp-resolution=''2'', sp-restart-inc='1.7375718247457028', sp-update-dec-queue=''1'', sp-use-pure-literal-rule=''1'', sp-var-activity-inc='1.0', sp-var-dec-heur=''0'', sp-variable-decay='1.4', sp-max-res-lit-inc='1.0', sp-max-res-runs='4', sp-rand-phase-dec-freq=''0.001'', sp-rand-var-dec-scaling='0.8568755996503223', sp-res-cutoff-cls='8', sp-res-cutoff-lits='502', sp-res-order-heur=''0'', sp-rand-phase-scaling='1.0'
870.828000, 0.025278, 661.490467, 24, -209.337533, sp-clause-activity-inc='0.8496986073406912', sp-clause-decay='1.4', sp-clause-del-heur=''2'', sp-first-restart='87', sp-learned-clause-sort-heur=''10'', sp-learned-clauses-inc='1.3', sp-learned-size-factor='0.39999999999999997', sp-orig-clause-sort-heur=''0'', sp-phase-dec-heur=''4'', sp-rand-var-dec-freq=''0.001'', sp-resolution=''2'', sp-restart-inc='1.7375718247457028', sp-update-dec-queue=''1'', sp-use-pure-literal-rule=''1'', sp-var-activity-inc='1.0715441222496602', sp-var-dec-heur=''0'', sp-variable-decay='1.4', sp-max-res-lit-inc='1.0', sp-max-res-runs='4', sp-rand-phase-dec-freq=''0.001'', sp-rand-var-dec-scaling='0.8568755996503223', sp-res-cutoff-cls='8', sp-res-cutoff-lits='502', sp-res-order-heur=''8'', sp-rand-phase-scaling='1.0'
995.936000, 0.026580, 756.089609, 26, -239.846391, sp-clause-activity-inc='0.8496986073406912', sp-clause-decay='1.4', sp-clause-del-heur=''2'', sp-first-restart='87', sp-learned-clause-sort-heur=''10'', sp-learned-clauses-inc='1.3', sp-learned-size-factor='0.39999999999999997', sp-orig-clause-sort-heur=''8'', sp-phase-dec-heur=''4'', sp-rand-var-dec-freq=''0.001'', sp-resolution=''2'', sp-restart-inc='1.7375718247457028', sp-update-dec-queue=''1'', sp-use-pure-literal-rule=''1'', sp-var-activity-inc='1.0715441222496602', sp-var-dec-heur=''0'', sp-variable-decay='1.4', sp-max-res-lit-inc='1.0', sp-max-res-runs='4', sp-rand-phase-dec-freq=''0.001'', sp-rand-var-dec-scaling='0.8568755996503223', sp-res-cutoff-cls='8', sp-res-cutoff-lits='502', sp-res-order-heur=''8'', sp-rand-phase-scaling='1.0'
1574.476000, 0.025859, 1190.258263, 33, -384.217737, sp-clause-activity-inc='0.8496986073406912', sp-clause-decay='1.4', sp-clause-del-heur=''2'', sp-first-restart='87', sp-learned-clause-sort-heur=''17'', sp-learned-clauses-inc='1.2792766001230698', sp-learned-size-factor='0.39999999999999997', sp-orig-clause-sort-heur=''8'', sp-phase-dec-heur=''4'', sp-rand-var-dec-freq=''0.001'', sp-resolution=''2'', sp-restart-inc='1.7375718247457028', sp-update-dec-queue=''1'', sp-use-pure-literal-rule=''1'', sp-var-activity-inc='1.0715441222496602', sp-var-dec-heur=''0'', sp-variable-decay='1.4', sp-max-res-lit-inc='1.0', sp-max-res-runs='4', sp-rand-phase-dec-freq=''0.001'', sp-rand-var-dec-scaling='0.8568755996503223', sp-res-cutoff-cls='8', sp-res-cutoff-lits='502', sp-res-order-heur=''8'', sp-rand-phase-scaling='1.0'
2339.228000, 0.021311, 1748.775131, 41, -590.452869, sp-clause-activity-inc='0.6541273593286809', sp-clause-decay='1.4', sp-clause-del-heur=''2'', sp-first-restart='87', sp-learned-clause-sort-heur=''2'', sp-learned-clauses-inc='1.2792766001230698', sp-learned-size-factor='0.37197417337412547', sp-orig-clause-sort-heur=''8'', sp-phase-dec-heur=''4'', sp-rand-var-dec-freq=''0.005'', sp-resolution=''2'', sp-restart-inc='1.7375718247457028', sp-update-dec-queue=''0'', sp-use-pure-literal-rule=''1'', sp-var-activity-inc='1.0715441222496602', sp-var-dec-heur=''0'', sp-variable-decay='1.4', sp-max-res-lit-inc='1.0', sp-max-res-runs='4', sp-rand-phase-dec-freq=''0.001'', sp-rand-var-dec-scaling='0.8568755996503223', sp-res-cutoff-cls='8', sp-res-cutoff-lits='502', sp-res-order-heur=''8'', sp-rand-phase-scaling='1.0'
2677.608000, 0.018430, 1994.439880, 44, -683.168120, sp-clause-activity-inc='0.6541273593286809', sp-clause-decay='1.4', sp-clause-del-heur=''2'', sp-first-restart='87', sp-learned-clause-sort-heur=''17'', sp-learned-clauses-inc='1.188699950805823', sp-learned-size-factor='0.37197417337412547', sp-orig-clause-sort-heur=''8'', sp-phase-dec-heur=''4'', sp-rand-var-dec-freq=''0.001'', sp-resolution=''2'', sp-restart-inc='1.7375718247457028', sp-update-dec-queue=''0'', sp-use-pure-literal-rule=''1'', sp-var-activity-inc='1.0715441222496602', sp-var-dec-heur=''0'', sp-variable-decay='1.4', sp-max-res-lit-inc='1.048540492336824', sp-max-res-runs='4', sp-rand-phase-dec-freq=''0.001'', sp-rand-var-dec-scaling='0.8568755996503223', sp-res-cutoff-cls='8', sp-res-cutoff-lits='502', sp-res-order-heur=''8'', sp-rand-phase-scaling='1.0'
3359.580000, 0.017986, 2503.453151, 50, -856.126849, sp-clause-activity-inc='0.6541273593286809', sp-clause-decay='1.4', sp-clause-del-heur=''1'', sp-first-restart='87', sp-learned-clause-sort-heur=''17'', sp-learned-clauses-inc='1.188699950805823', sp-learned-size-factor='0.37197417337412547', sp-orig-clause-sort-heur=''14'', sp-phase-dec-heur=''4'', sp-rand-var-dec-freq=''0.001'', sp-resolution=''2'', sp-restart-inc='1.7375718247457028', sp-update-dec-queue=''0'', sp-use-pure-literal-rule=''1'', sp-var-activity-inc='1.0715441222496602', sp-var-dec-heur=''0'', sp-variable-decay='1.4', sp-max-res-lit-inc='0.5591568366270754', sp-max-res-runs='4', sp-rand-phase-dec-freq=''0.001'', sp-rand-var-dec-scaling='0.8568755996503223', sp-res-cutoff-cls='8', sp-res-cutoff-lits='591', sp-res-order-heur=''8'', sp-rand-phase-scaling='1.0'
3857.512000, 0.017112, 2876.482081, 54, -981.029919, sp-clause-activity-inc='0.6541273593286809', sp-clause-decay='1.461113642968567', sp-clause-del-heur=''1'', sp-first-restart='87', sp-learned-clause-sort-heur=''17'', sp-learned-clauses-inc='1.188699950805823', sp-learned-size-factor='0.37197417337412547', sp-orig-clause-sort-heur=''14'', sp-phase-dec-heur=''4'', sp-rand-var-dec-freq=''0.001'', sp-resolution=''2'', sp-restart-inc='1.7375718247457028', sp-update-dec-queue=''0'', sp-use-pure-literal-rule=''1'', sp-var-activity-inc='1.0715441222496602', sp-var-dec-heur=''0'', sp-variable-decay='1.4', sp-max-res-lit-inc='0.5591568366270754', sp-max-res-runs='4', sp-rand-phase-dec-freq=''0.001'', sp-rand-var-dec-scaling='0.8568755996503223', sp-res-cutoff-cls='8', sp-res-cutoff-lits='591', sp-res-order-heur=''8'', sp-rand-phase-scaling='1.0'
4121.008000, 0.016142, 3070.281585, 56, -1050.726415, sp-clause-activity-inc='1.074427122914141', sp-clause-decay='1.461113642968567', sp-clause-del-heur=''1'', sp-first-restart='87', sp-learned-clause-sort-heur=''17'', sp-learned-clauses-inc='1.188699950805823', sp-learned-size-factor='0.37197417337412547', sp-orig-clause-sort-heur=''14'', sp-phase-dec-heur=''4'', sp-rand-var-dec-freq=''0.001'', sp-resolution=''2'', sp-restart-inc='1.7375718247457028', sp-update-dec-queue=''0'', sp-use-pure-literal-rule=''1'', sp-var-activity-inc='1.0715441222496602', sp-var-dec-heur=''0'', sp-variable-decay='1.4', sp-max-res-lit-inc='0.5591568366270754', sp-max-res-runs='4', sp-rand-phase-dec-freq=''0.001'', sp-rand-var-dec-scaling='0.8394232314002028', sp-res-cutoff-cls='8', sp-res-cutoff-lits='591', sp-res-order-heur=''8'', sp-rand-phase-scaling='1.0'
4256.300000, 0.015872, 3168.584828, 55, -1087.715172, sp-clause-activity-inc='0.6541273593286809', sp-clause-decay='1.461113642968567', sp-clause-del-heur=''1'', sp-first-restart='87', sp-learned-clause-sort-heur=''17'', sp-learned-clauses-inc='1.188699950805823', sp-learned-size-factor='0.37197417337412547', sp-orig-clause-sort-heur=''14'', sp-phase-dec-heur=''4'', sp-rand-var-dec-freq=''0.001'', sp-resolution=''2'', sp-restart-inc='1.7375718247457028', sp-update-dec-queue=''0'', sp-use-pure-literal-rule=''1'', sp-var-activity-inc='1.0715441222496602', sp-var-dec-heur=''0'', sp-variable-decay='1.4', sp-max-res-lit-inc='0.5591568366270754', sp-max-res-runs='4', sp-rand-phase-dec-freq=''0.001'', sp-rand-var-dec-scaling='0.8394232314002028', sp-res-cutoff-cls='8', sp-res-cutoff-lits='591', sp-res-order-heur=''8'', sp-rand-phase-scaling='1.0'
5504.260000, 0.014602, 4073.885459, 65, -1430.374541, sp-clause-activity-inc='0.6541273593286809', sp-clause-decay='1.252131961350469', sp-clause-del-heur=''1'', sp-first-restart='87', sp-learned-clause-sort-heur=''17'', sp-learned-clauses-inc='1.155799797540849', sp-learned-size-factor='0.39323643297050515', sp-orig-clause-sort-heur=''14'', sp-phase-dec-heur=''4'', sp-rand-var-dec-freq=''0.001'', sp-resolution=''1'', sp-restart-inc='1.7375718247457028', sp-update-dec-queue=''1'', sp-use-pure-literal-rule=''0'', sp-var-activity-inc='1.0715441222496602', sp-var-dec-heur=''0'', sp-variable-decay='1.6260752811564172', sp-max-res-lit-inc='0.5591568366270754', sp-max-res-runs='4', sp-rand-phase-dec-freq=''0.001'', sp-rand-var-dec-scaling='0.8394232314002028', sp-res-cutoff-cls='8', sp-res-cutoff-lits='591', sp-res-order-heur=''8'', sp-rand-phase-scaling='1.0'
6532.824000, 0.014268, 4819.882882, 64, -1712.941118, sp-clause-activity-inc='0.6541273593286809', sp-clause-decay='1.252131961350469', sp-clause-del-heur=''1'', sp-first-restart='87', sp-learned-clause-sort-heur=''17'', sp-learned-clauses-inc='1.188699950805823', sp-learned-size-factor='0.39323643297050515', sp-orig-clause-sort-heur=''14'', sp-phase-dec-heur=''4'', sp-rand-var-dec-freq=''0.001'', sp-resolution=''1'', sp-restart-inc='1.7375718247457028', sp-update-dec-queue=''1'', sp-use-pure-literal-rule=''0'', sp-var-activity-inc='1.0715441222496602', sp-var-dec-heur=''0'', sp-variable-decay='1.6260752811564172', sp-max-res-lit-inc='0.5591568366270754', sp-max-res-runs='4', sp-rand-phase-dec-freq=''0.001'', sp-rand-var-dec-scaling='0.8394232314002028', sp-res-cutoff-cls='8', sp-res-cutoff-lits='591', sp-res-order-heur=''8'', sp-rand-phase-scaling='1.0'
7240.604000, 0.013261, 5338.628465, 75, -1901.975535, sp-clause-activity-inc='0.6541273593286809', sp-clause-decay='1.252131961350469', sp-clause-del-heur=''1'', sp-first-restart='87', sp-learned-clause-sort-heur=''17'', sp-learned-clauses-inc='1.188699950805823', sp-learned-size-factor='0.39323643297050515', sp-orig-clause-sort-heur=''14'', sp-phase-dec-heur=''4'', sp-rand-var-dec-freq=''0.001'', sp-resolution=''1'', sp-restart-inc='1.7375718247457028', sp-update-dec-queue=''1'', sp-use-pure-literal-rule=''0'', sp-var-activity-inc='1.1341032376078108', sp-var-dec-heur=''0'', sp-variable-decay='1.6260752811564172', sp-max-res-lit-inc='0.5591568366270754', sp-max-res-runs='4', sp-rand-phase-dec-freq=''0.001'', sp-rand-var-dec-scaling='0.8394232314002028', sp-res-cutoff-cls='8', sp-res-cutoff-lits='591', sp-res-order-heur=''8'', sp-rand-phase-scaling='1.0'
7810.916000, 0.012907, 5753.335301, 78, -2057.580699, sp-clause-activity-inc='0.6541273593286809', sp-clause-decay='1.252131961350469', sp-clause-del-heur=''1'', sp-first-restart='87', sp-learned-clause-sort-heur=''17'', sp-learned-clauses-inc='1.188699950805823', sp-learned-size-factor='0.39323643297050515', sp-orig-clause-sort-heur=''14'', sp-phase-dec-heur=''4'', sp-rand-var-dec-freq=''0.001'', sp-resolution=''1'', sp-restart-inc='1.7375718247457028', sp-update-dec-queue=''1'', sp-use-pure-literal-rule=''0'', sp-var-activity-inc='1.1341032376078108', sp-var-dec-heur=''0'', sp-variable-decay='1.6260752811564172', sp-max-res-lit-inc='0.5046949778229197', sp-max-res-runs='4', sp-rand-phase-dec-freq=''0.001'', sp-rand-var-dec-scaling='0.8394232314002028', sp-res-cutoff-cls='8', sp-res-cutoff-lits='591', sp-res-order-heur=''8'', sp-rand-phase-scaling='1.0'
9290.220000, 0.012656, 6823.843508, 84, -2466.376492, sp-clause-activity-inc='0.6541273593286809', sp-clause-decay='1.252131961350469', sp-clause-del-heur=''1'', sp-first-restart='87', sp-learned-clause-sort-heur=''17'', sp-learned-clauses-inc='1.188699950805823', sp-learned-size-factor='0.39323643297050515', sp-orig-clause-sort-heur=''14'', sp-phase-dec-heur=''4'', sp-rand-var-dec-freq=''0.001'', sp-resolution=''2'', sp-restart-inc='1.7375718247457028', sp-update-dec-queue=''1'', sp-use-pure-literal-rule=''0'', sp-var-activity-inc='1.1341032376078108', sp-var-dec-heur=''0'', sp-variable-decay='1.6260752811564172', sp-max-res-lit-inc='0.5591568366270754', sp-max-res-runs='1', sp-rand-phase-dec-freq=''0.001'', sp-rand-var-dec-scaling='0.8394232314002028', sp-res-cutoff-cls='8', sp-res-cutoff-lits='591', sp-res-order-heur=''8'', sp-rand-phase-scaling='0.9826434713217307'
9966.224000, 0.012244, 7314.635741, 88, -2651.588259, sp-clause-activity-inc='0.6541273593286809', sp-clause-decay='1.252131961350469', sp-clause-del-heur=''1'', sp-first-restart='127', sp-learned-clause-sort-heur=''17'', sp-learned-clauses-inc='1.188699950805823', sp-learned-size-factor='0.39323643297050515', sp-orig-clause-sort-heur=''14'', sp-phase-dec-heur=''4'', sp-rand-var-dec-freq=''0.001'', sp-resolution=''2'', sp-restart-inc='1.7375718247457028', sp-update-dec-queue=''1'', sp-use-pure-literal-rule=''1'', sp-var-activity-inc='1.1341032376078108', sp-var-dec-heur=''0'', sp-variable-decay='1.6260752811564172', sp-max-res-lit-inc='1.0333408813820357', sp-max-res-runs='1', sp-rand-phase-dec-freq=''0.001'', sp-rand-var-dec-scaling='0.8394232314002028', sp-res-cutoff-cls='8', sp-res-cutoff-lits='591', sp-res-order-heur=''8'', sp-rand-phase-scaling='0.9826434713217307'
10153.584000, 0.009931, 7450.077810, 89, -2703.506190, sp-clause-activity-inc='0.6541273593286809', sp-clause-decay='1.252131961350469', sp-clause-del-heur=''1'', sp-first-restart='87', sp-learned-clause-sort-heur=''17'', sp-learned-clauses-inc='1.188699950805823', sp-learned-size-factor='0.39323643297050515', sp-orig-clause-sort-heur=''14'', sp-phase-dec-heur=''5'', sp-rand-var-dec-freq=''0.001'', sp-resolution=''2'', sp-restart-inc='1.7375718247457028', sp-update-dec-queue=''1'', sp-use-pure-literal-rule=''1'', sp-var-activity-inc='1.1341032376078108', sp-var-dec-heur=''0'', sp-variable-decay='1.6260752811564172', sp-max-res-lit-inc='1.0333408813820357', sp-max-res-runs='1', sp-rand-phase-dec-freq=''0.001'', sp-rand-var-dec-scaling='0.8394232314002028', sp-res-cutoff-cls='8', sp-res-cutoff-lits='591', sp-res-order-heur=''8'', sp-rand-phase-scaling='0.9826434713217307'
10724.880000, 0.009290, 7866.197087, 92, -2858.682913, sp-clause-activity-inc='0.6541273593286809', sp-clause-decay='1.252131961350469', sp-clause-del-heur=''1'', sp-first-restart='87', sp-learned-clause-sort-heur=''14'', sp-learned-clauses-inc='1.188699950805823', sp-learned-size-factor='0.39323643297050515', sp-orig-clause-sort-heur=''14'', sp-phase-dec-heur=''5'', sp-rand-var-dec-freq=''0.001'', sp-resolution=''2'', sp-restart-inc='1.7375718247457028', sp-update-dec-queue=''1'', sp-use-pure-literal-rule=''1'', sp-var-activity-inc='1.1341032376078108', sp-var-dec-heur=''0'', sp-variable-decay='1.6260752811564172', sp-max-res-lit-inc='0.7654137245139812', sp-max-res-runs='1', sp-rand-phase-dec-freq=''0.001'', sp-rand-var-dec-scaling='0.8394232314002028', sp-res-cutoff-cls='8', sp-res-cutoff-lits='591', sp-res-order-heur=''8'', sp-rand-phase-scaling='0.9826434713217307'
12622.356000, 0.008718, 9255.506070, 101, -3366.849930, sp-clause-activity-inc='0.6541273593286809', sp-clause-decay='1.252131961350469', sp-clause-del-heur=''1'', sp-first-restart='87', sp-learned-clause-sort-heur=''17'', sp-learned-clauses-inc='1.188699950805823', sp-learned-size-factor='0.39323643297050515', sp-orig-clause-sort-heur=''14'', sp-phase-dec-heur=''5'', sp-rand-var-dec-freq=''0.001'', sp-resolution=''2'', sp-restart-inc='1.7375718247457028', sp-update-dec-queue=''1'', sp-use-pure-literal-rule=''1'', sp-var-activity-inc='1.1341032376078108', sp-var-dec-heur=''0'', sp-variable-decay='1.769987590684186', sp-max-res-lit-inc='0.7654137245139812', sp-max-res-runs='1', sp-rand-phase-dec-freq=''0.001'', sp-rand-var-dec-scaling='0.8394232314002028', sp-res-cutoff-cls='8', sp-res-cutoff-lits='591', sp-res-order-heur=''8'', sp-rand-phase-scaling='1.0877459945090762'
16144.184000, 0.008716, 11759.348867, 105, -4384.835133, sp-clause-activity-inc='0.6234372278665872', sp-clause-decay='1.252131961350469', sp-clause-del-heur=''1'', sp-first-restart='87', sp-learned-clause-sort-heur=''17'', sp-learned-clauses-inc='1.188699950805823', sp-learned-size-factor='0.39323643297050515', sp-orig-clause-sort-heur=''14'', sp-phase-dec-heur=''5'', sp-rand-var-dec-freq=''0.001'', sp-resolution=''2'', sp-restart-inc='1.7375718247457028', sp-update-dec-queue=''1'', sp-use-pure-literal-rule=''1'', sp-var-activity-inc='0.7129503857559094', sp-var-dec-heur=''0'', sp-variable-decay='1.6260752811564172', sp-max-res-lit-inc='0.7654137245139812', sp-max-res-runs='1', sp-rand-phase-dec-freq=''0.001'', sp-rand-var-dec-scaling='0.8394232314002028', sp-res-cutoff-cls='8', sp-res-cutoff-lits='591', sp-res-order-heur=''8'', sp-rand-phase-scaling='1.0877459945090762'
16409.658000, 0.008687, 11945.361200, 116, -4464.296800, sp-clause-activity-inc='0.6234372278665872', sp-clause-decay='1.252131961350469', sp-clause-del-heur=''1'', sp-first-restart='87', sp-learned-clause-sort-heur=''17'', sp-learned-clauses-inc='1.188699950805823', sp-learned-size-factor='0.39323643297050515', sp-orig-clause-sort-heur=''14'', sp-phase-dec-heur=''5'', sp-rand-var-dec-freq=''0.001'', sp-resolution=''2'', sp-restart-inc='1.7375718247457028', sp-update-dec-queue=''1'', sp-use-pure-literal-rule=''1'', sp-var-activity-inc='0.7129503857559094', sp-var-dec-heur=''0'', sp-variable-decay='1.6260752811564172', sp-max-res-lit-inc='0.7654137245139812', sp-max-res-runs='1', sp-rand-phase-dec-freq=''0.001'', sp-rand-var-dec-scaling='0.8394232314002028', sp-res-cutoff-cls='8', sp-res-cutoff-lits='219', sp-res-order-heur=''8'', sp-rand-phase-scaling='1.0877459945090762'
16674.714000, 0.008519, 12131.986633, 105, -4542.727367, sp-clause-activity-inc='0.6234372278665872', sp-clause-decay='1.252131961350469', sp-clause-del-heur=''1'', sp-first-restart='87', sp-learned-clause-sort-heur=''17'', sp-learned-clauses-inc='1.188699950805823', sp-learned-size-factor='0.39323643297050515', sp-orig-clause-sort-heur=''14'', sp-phase-dec-heur=''5'', sp-rand-var-dec-freq=''0.001'', sp-resolution=''2'', sp-restart-inc='1.7375718247457028', sp-update-dec-queue=''1'', sp-use-pure-literal-rule=''1'', sp-var-activity-inc='0.7129503857559094', sp-var-dec-heur=''0'', sp-variable-decay='1.6260752811564172', sp-max-res-lit-inc='0.7654137245139812', sp-max-res-runs='1', sp-rand-phase-dec-freq=''0.001'', sp-rand-var-dec-scaling='0.8394232314002028', sp-res-cutoff-cls='8', sp-res-cutoff-lits='591', sp-res-order-heur=''8'', sp-rand-phase-scaling='1.0877459945090762'
16941.426000, 0.008389, 12319.660627, 117, -4621.765373, sp-clause-activity-inc='0.6234372278665872', sp-clause-decay='1.252131961350469', sp-clause-del-heur=''1'', sp-first-restart='87', sp-learned-clause-sort-heur=''17'', sp-learned-clauses-inc='1.188699950805823', sp-learned-size-factor='0.39323643297050515', sp-orig-clause-sort-heur=''14'', sp-phase-dec-heur=''5'', sp-rand-var-dec-freq=''0.001'', sp-resolution=''2'', sp-restart-inc='1.7375718247457028', sp-update-dec-queue=''1'', sp-use-pure-literal-rule=''1'', sp-var-activity-inc='0.7129503857559094', sp-var-dec-heur=''0'', sp-variable-decay='1.6260752811564172', sp-max-res-lit-inc='0.7654137245139812', sp-max-res-runs='2', sp-rand-phase-dec-freq=''0.001'', sp-rand-var-dec-scaling='0.8394232314002028', sp-res-cutoff-cls='8', sp-res-cutoff-lits='591', sp-res-order-heur=''8'', sp-rand-phase-scaling='1.0877459945090762'
17208.126000, 0.008320, 12507.274580, 118, -4700.851420, sp-clause-activity-inc='0.6234372278665872', sp-clause-decay='1.252131961350469', sp-clause-del-heur=''1'', sp-first-restart='87', sp-learned-clause-sort-heur=''17'', sp-learned-clauses-inc='1.188699950805823', sp-learned-size-factor='0.39323643297050515', sp-orig-clause-sort-heur=''18'', sp-phase-dec-heur=''5'', sp-rand-var-dec-freq=''0.001'', sp-resolution=''2'', sp-restart-inc='1.7375718247457028', sp-update-dec-queue=''1'', sp-use-pure-literal-rule=''1'', sp-var-activity-inc='0.7129503857559094', sp-var-dec-heur=''0'', sp-variable-decay='1.6260752811564172', sp-max-res-lit-inc='0.7654137245139812', sp-max-res-runs='2', sp-rand-phase-dec-freq=''0.001'', sp-rand-var-dec-scaling='0.8394232314002028', sp-res-cutoff-cls='8', sp-res-cutoff-lits='591', sp-res-order-heur=''8'', sp-rand-phase-scaling='1.0877459945090762'
17757.440000, 0.008258, 12889.659343, 119, -4867.780657, sp-clause-activity-inc='0.6234372278665872', sp-clause-decay='1.252131961350469', sp-clause-del-heur=''1'', sp-first-restart='87', sp-learned-clause-sort-heur=''17'', sp-learned-clauses-inc='1.188699950805823', sp-learned-size-factor='0.39323643297050515', sp-orig-clause-sort-heur=''18'', sp-phase-dec-heur=''5'', sp-rand-var-dec-freq=''0.001'', sp-resolution=''2'', sp-restart-inc='1.7375718247457028', sp-update-dec-queue=''1'', sp-use-pure-literal-rule=''1'', sp-var-activity-inc='0.7129503857559094', sp-var-dec-heur=''0'', sp-variable-decay='1.6260752811564172', sp-max-res-lit-inc='0.6240969594491321', sp-max-res-runs='2', sp-rand-phase-dec-freq=''0.001'', sp-rand-var-dec-scaling='0.8394232314002028', sp-res-cutoff-cls='8', sp-res-cutoff-lits='591', sp-res-order-heur=''8'', sp-rand-phase-scaling='1.0877459945090762'
18313.890000, 0.008100, 13290.532145, 123, -5023.357855, sp-clause-activity-inc='0.6234372278665872', sp-clause-decay='1.252131961350469', sp-clause-del-heur=''1'', sp-first-restart='87', sp-learned-clause-sort-heur=''17'', sp-learned-clauses-inc='1.188699950805823', sp-learned-size-factor='0.39323643297050515', sp-orig-clause-sort-heur=''18'', sp-phase-dec-heur=''5'', sp-rand-var-dec-freq=''0.001'', sp-resolution=''2'', sp-restart-inc='1.7375718247457028', sp-update-dec-queue=''0'', sp-use-pure-literal-rule=''1'', sp-var-activity-inc='0.7129503857559094', sp-var-dec-heur=''0'', sp-variable-decay='1.5127541315578596', sp-max-res-lit-inc='0.6240969594491321', sp-max-res-runs='2', sp-rand-phase-dec-freq=''0.001'', sp-rand-var-dec-scaling='0.8394232314002028', sp-res-cutoff-cls='8', sp-res-cutoff-lits='591', sp-res-order-heur=''8'', sp-rand-phase-scaling='1.0877459945090762'
18590.110000, 0.007925, 13490.624278, 124, -5099.485722, sp-clause-activity-inc='0.6234372278665872', sp-clause-decay='1.252131961350469', sp-clause-del-heur=''1'', sp-first-restart='87', sp-learned-clause-sort-heur=''17'', sp-learned-clauses-inc='1.188699950805823', sp-learned-size-factor='0.39323643297050515', sp-orig-clause-sort-heur=''9'', sp-phase-dec-heur=''5'', sp-rand-var-dec-freq=''0.001'', sp-resolution=''2'', sp-restart-inc='1.7375718247457028', sp-update-dec-queue=''0'', sp-use-pure-literal-rule=''1'', sp-var-activity-inc='0.7129503857559094', sp-var-dec-heur=''0'', sp-variable-decay='1.5127541315578596', sp-max-res-lit-inc='0.6240969594491321', sp-max-res-runs='2', sp-rand-phase-dec-freq=''0.001'', sp-rand-var-dec-scaling='0.8394232314002028', sp-res-cutoff-cls='8', sp-res-cutoff-lits='591', sp-res-order-heur=''8'', sp-rand-phase-scaling='1.0877459945090762'
18866.154000, 0.007796, 13690.039394, 125, -5176.114606, sp-clause-activity-inc='0.6234372278665872', sp-clause-decay='1.252131961350469', sp-clause-del-heur=''1'', sp-first-restart='87', sp-learned-clause-sort-heur=''17'', sp-learned-clauses-inc='1.188699950805823', sp-learned-size-factor='0.39323643297050515', sp-orig-clause-sort-heur=''18'', sp-phase-dec-heur=''5'', sp-rand-var-dec-freq=''0.001'', sp-resolution=''0'', sp-restart-inc='1.7375718247457028', sp-update-dec-queue=''0'', sp-use-pure-literal-rule=''1'', sp-var-activity-inc='0.7129503857559094', sp-var-dec-heur=''0'', sp-variable-decay='1.5127541315578596', sp-rand-phase-dec-freq=''0.001'', sp-rand-var-dec-scaling='0.8394232314002028', sp-rand-phase-scaling='1.0877459945090762'
20601.880000, 0.007530, 14939.833992, 131, -5662.046008, sp-clause-activity-inc='0.6234372278665872', sp-clause-decay='1.252131961350469', sp-clause-del-heur=''1'', sp-first-restart='87', sp-learned-clause-sort-heur=''17'', sp-learned-clauses-inc='1.188699950805823', sp-learned-size-factor='0.39323643297050515', sp-orig-clause-sort-heur=''18'', sp-phase-dec-heur=''5'', sp-rand-var-dec-freq=''0'', sp-resolution=''2'', sp-restart-inc='1.7375718247457028', sp-update-dec-queue=''0'', sp-use-pure-literal-rule=''1'', sp-var-activity-inc='0.7129503857559094', sp-var-dec-heur=''0'', sp-variable-decay='1.5127541315578596', sp-max-res-lit-inc='1.0', sp-max-res-runs='8', sp-rand-phase-dec-freq=''0.001'', sp-res-cutoff-cls='8', sp-res-cutoff-lits='400', sp-res-order-heur=''0'', sp-rand-phase-scaling='1.0877459945090762'
21156.002000, 0.006688, 15334.912561, 133, -5821.089439, sp-clause-activity-inc='0.6234372278665872', sp-clause-decay='1.252131961350469', sp-clause-del-heur=''1'', sp-first-restart='87', sp-learned-clause-sort-heur=''17'', sp-learned-clauses-inc='1.188699950805823', sp-learned-size-factor='0.39323643297050515', sp-orig-clause-sort-heur=''18'', sp-phase-dec-heur=''6'', sp-rand-var-dec-freq=''0'', sp-resolution=''2'', sp-restart-inc='1.7375718247457028', sp-update-dec-queue=''0'', sp-use-pure-literal-rule=''1'', sp-var-activity-inc='0.7129503857559094', sp-var-dec-heur=''0'', sp-variable-decay='1.5127541315578596', sp-max-res-lit-inc='1.0', sp-max-res-runs='8', sp-rand-phase-dec-freq=''0.001'', sp-res-cutoff-cls='8', sp-res-cutoff-lits='400', sp-res-order-heur=''0'', sp-rand-phase-scaling='1.0877459945090762'
22512.502000, 0.006437, 16314.247049, 138, -6198.254951, sp-clause-activity-inc='0.6234372278665872', sp-clause-decay='1.252131961350469', sp-clause-del-heur=''1'', sp-first-restart='87', sp-learned-clause-sort-heur=''17'', sp-learned-clauses-inc='1.188699950805823', sp-learned-size-factor='0.702555448470094', sp-orig-clause-sort-heur=''18'', sp-phase-dec-heur=''6'', sp-rand-var-dec-freq=''0'', sp-resolution=''2'', sp-restart-inc='1.5531382174225044', sp-update-dec-queue=''0'', sp-use-pure-literal-rule=''1'', sp-var-activity-inc='0.7129503857559094', sp-var-dec-heur=''0'', sp-variable-decay='1.5127541315578596', sp-max-res-lit-inc='1.0', sp-max-res-runs='9', sp-rand-phase-dec-freq=''0.001'', sp-res-cutoff-cls='8', sp-res-cutoff-lits='400', sp-res-order-heur=''0'', sp-rand-phase-scaling='1.0877459945090762'
