{"cpu_time": 0, "cost": 2147483648, "incumbent": ["sp-clause-activity-inc='1.0'", "sp-clause-decay='1.4'", "sp-clause-del-heur=''2''", "sp-first-restart='100'", "sp-learned-clause-sort-heur=''0''", "sp-learned-clauses-inc='1.3'", "sp-learned-size-factor='0.4'", "sp-orig-clause-sort-heur=''0''", "sp-phase-dec-heur=''5''", "sp-rand-var-dec-freq=''0.001''", "sp-resolution=''1''", "sp-restart-inc='1.5'", "sp-update-dec-queue=''1''", "sp-use-pure-literal-rule=''1''", "sp-var-activity-inc='1.0'", "sp-var-dec-heur=''0''", "sp-variable-decay='1.4'", "sp-max-res-lit-inc='1.0'", "sp-max-res-runs='4'", "sp-rand-phase-dec-freq=''0.001''", "sp-rand-var-dec-scaling='1.0'", "sp-res-cutoff-cls='8'", "sp-res-cutoff-lits='400'", "sp-res-order-heur=''0''", "sp-rand-phase-scaling='1.0'"], "evaluations": 0, "wallclock_time": 0.00092315673828125, "total_cpu_time": null}
{"cpu_time": 0.056, "cost": 0.056, "incumbent": ["sp-clause-activity-inc='1.0'", "sp-clause-decay='1.4'", "sp-clause-del-heur=''2''", "sp-first-restart='100'", "sp-learned-clause-sort-heur=''0''", "sp-learned-clauses-inc='1.3'", "sp-learned-size-factor='0.4'", "sp-orig-clause-sort-heur=''0''", "sp-phase-dec-heur=''5''", "sp-rand-var-dec-freq=''0.001''", "sp-resolution=''1''", "sp-restart-inc='1.5'", "sp-update-dec-queue=''1''", "sp-use-pure-literal-rule=''1''", "sp-var-activity-inc='1.0'", "sp-var-dec-heur=''0''", "sp-variable-decay='1.4'", "sp-max-res-lit-inc='1.0'", "sp-max-res-runs='4'", "sp-rand-phase-dec-freq=''0.001''", "sp-rand-var-dec-scaling='1.0'", "sp-res-cutoff-cls='8'", "sp-res-cutoff-lits='400'", "sp-res-order-heur=''0''", "sp-rand-phase-scaling='1.0'"], "evaluations": 1, "wallclock_time": 0.18593478202819824, "total_cpu_time": null}
{"cpu_time": 192.23800000000008, "cost": 0.054062283737024215, "incumbent": ["sp-clause-activity-inc='1.021807543127165'", "sp-clause-decay='1.4'", "sp-clause-del-heur=''2''", "sp-first-restart='100'", "sp-learned-clause-sort-heur=''12''", "sp-learned-clauses-inc='1.3'", "sp-learned-size-factor='0.39999999999999997'", "sp-orig-clause-sort-heur=''0''", "sp-phase-dec-heur=''5''", "sp-rand-var-dec-freq=''0.001''", "sp-resolution=''2''", "sp-restart-inc='1.8759695403904721'", "sp-update-dec-queue=''1''", "sp-use-pure-literal-rule=''1''", "sp-var-activity-inc='1.0'", "sp-var-dec-heur=''0''", "sp-variable-decay='1.4'", "sp-max-res-lit-inc='1.0'", "sp-max-res-runs='4'", "sp-rand-phase-dec-freq=''0.001''", "sp-rand-var-dec-scaling='0.8568755996503223'", "sp-res-cutoff-cls='8'", "sp-res-cutoff-lits='400'", "sp-res-order-heur=''0''", "sp-rand-phase-scaling='1.0'"], "evaluations": 190, "wallclock_time": 153.6518840789795, "total_cpu_time": null}
{"cpu_time": 220.90200000000007, "cost": 0.04324691358024691, "incumbent": ["sp-clause-activity-inc='1.021807543127165'", "sp-clause-decay='1.4'", "sp-clause-del-heur=''2''", "sp-first-restart='100'", "sp-learned-clause-sort-heur=''12''", "sp-learned-clauses-inc='1.3'", "sp-learned-size-factor='0.39999999999999997'", "sp-orig-clause-sort-heur=''0''", "sp-phase-dec-heur=''5''", "sp-rand-var-dec-freq=''0.001''", "sp-resolution=''2''", "sp-restart-inc='1.8759695403904721'", "sp-update-dec-queue=''1''", "sp-use-pure-literal-rule=''1''", "sp-var-activity-inc='1.0'", "sp-var-dec-heur=''0''", "sp-variable-decay='1.186928398719404'", "sp-max-res-lit-inc='1.0'", "sp-max-res-runs='4'", "sp-rand-phase-dec-freq=''0.001''", "sp-rand-var-dec-scaling='0.8568755996503223'", "sp-res-cutoff-cls='8'", "sp-res-cutoff-lits='400'", "sp-res-order-heur=''0''", "sp-rand-phase-scaling='1.0'"], "evaluations": 222, "wallclock_time": 175.4729962348938, "total_cpu_time": null}
{"cpu_time": 337.9220000000001, "cost": 0.0432018140589569, "incumbent": ["sp-clause-activity-inc='0.8496986073406912'", "sp-clause-decay='1.4'", "sp-clause-del-heur=''2''", "sp-first-restart='87'", "sp-learned-clause-sort-heur=''12''", "sp-learned-clauses-inc='1.3'", "sp-learned-size-factor='0.39999999999999997'", "sp-orig-clause-sort-heur=''0''", "sp-phase-dec-heur=''5''", "sp-rand-var-dec-freq=''0.001''", "sp-resolution=''2''", "sp-restart-inc='1.8759695403904721'", "sp-update-dec-queue=''1''", "sp-use-pure-literal-rule=''1''", "sp-var-activity-inc='1.0'", "sp-var-dec-heur=''0''", "sp-variable-decay='1.4'", "sp-max-res-lit-inc='1.0'", "sp-max-res-runs='4'", "sp-rand-phase-dec-freq=''0.001''", "sp-rand-var-dec-scaling='0.8568755996503223'", "sp-res-cutoff-cls='8'", "sp-res-cutoff-lits='400'", "sp-res-order-heur=''0''", "sp-rand-phase-scaling='1.0'"], "evaluations": 336, "wallclock_time": 257.7978127002716, "total_cpu_time": null}
{"cpu_time": 449.86200000000025, "cost": 0.03720138888888889, "incumbent": ["sp-clause-activity-inc='0.8496986073406912'", "sp-clause-decay='1.4'", "sp-clause-del-heur=''2''", "sp-first-restart='87'", "sp-learned-clause-sort-heur=''12''", "sp-learned-clauses-inc='1.3'", "sp-learned-size-factor='0.39999999999999997'", "sp-orig-clause-sort-heur=''0''", "sp-phase-dec-heur=''6''", "sp-rand-var-dec-freq=''0.001''", "sp-resolution=''2''", "sp-restart-inc='1.7375718247457028'", "sp-update-dec-queue=''1''", "sp-use-pure-literal-rule=''1''", "sp-var-activity-inc='1.0'", "sp-var-dec-heur=''0''", "sp-variable-decay='1.4'", "sp-max-res-lit-inc='1.0'", "sp-max-res-runs='4'", "sp-rand-phase-dec-freq=''0.001''", "sp-rand-var-dec-scaling='0.8568755996503223'", "sp-res-cutoff-cls='8'", "sp-res-cutoff-lits='400'", "sp-res-order-heur=''0''", "sp-rand-phase-scaling='1.0'"], "evaluations": 445, "wallclock_time": 343.19145941734314, "total_cpu_time": null}
{"cpu_time": 492.8660000000002, "cost": 0.03443199999999999, "incumbent": ["sp-clause-activity-inc='0.8496986073406912'", "sp-clause-decay='1.4'", "sp-clause-del-heur=''2''", "sp-first-restart='87'", "sp-learned-clause-sort-heur=''12''", "sp-learned-clauses-inc='1.3'", "sp-learned-size-factor='0.39999999999999997'", "sp-orig-clause-sort-heur=''0''", "sp-phase-dec-heur=''6''", "sp-rand-var-dec-freq=''0.001''", "sp-resolution=''2''", "sp-restart-inc='1.7375718247457028'", "sp-update-dec-queue=''1''", "sp-use-pure-literal-rule=''1''", "sp-var-activity-inc='1.0'", "sp-var-dec-heur=''0''", "sp-variable-decay='1.4'", "sp-max-res-lit-inc='1.0'", "sp-max-res-runs='4'", "sp-rand-phase-dec-freq=''0.001''", "sp-rand-var-dec-scaling='0.8568755996503223'", "sp-res-cutoff-cls='8'", "sp-res-cutoff-lits='502'", "sp-res-order-heur=''0''", "sp-rand-phase-scaling='1.0'"], "evaluations": 494, "wallclock_time": 373.50780153274536, "total_cpu_time": null}
{"cpu_time": 535.8260000000001, "cost": 0.03178106508875739, "incumbent": ["sp-clause-activity-inc='0.8496986073406912'", "sp-clause-decay='1.4'", "sp-clause-del-heur=''2''", "sp-first-restart='87'", "sp-learned-clause-sort-heur=''12''", "sp-learned-clauses-inc='1.3'", "sp-learned-size-factor='0.39999999999999997'", "sp-orig-clause-sort-heur=''0''", "sp-phase-dec-heur=''6''", "sp-rand-var-dec-freq=''0.001''", "sp-resolution=''2''", "sp-restart-inc='1.7375718247457028'", "sp-update-dec-queue=''0''", "sp-use-pure-literal-rule=''1''", "sp-var-activity-inc='1.0'", "sp-var-dec-heur=''0''", "sp-variable-decay='1.4'", "sp-max-res-lit-inc='1.0'", "sp-max-res-runs='4'", "sp-rand-phase-dec-freq=''0.001''", "sp-rand-var-dec-scaling='0.8568755996503223'", "sp-res-cutoff-cls='8'", "sp-res-cutoff-lits='502'", "sp-res-order-heur=''0''", "sp-rand-phase-scaling='1.0'"], "evaluations": 545, "wallclock_time": 404.0010290145874, "total_cpu_time": null}
{"cpu_time": 574.222, "cost": 0.029635116598079554, "incumbent": ["sp-clause-activity-inc='0.8496986073406912'", "sp-clause-decay='1.4'", "sp-clause-del-heur=''2''", "sp-first-restart='87'", "sp-learned-clause-sort-heur=''12''", "sp-learned-clauses-inc='1.3'", "sp-learned-size-factor='0.39999999999999997'", "sp-orig-clause-sort-heur=''0''", "sp-phase-dec-heur=''6''", "sp-rand-var-dec-freq=''0.001''", "sp-resolution=''2''", "sp-restart-inc='1.7375718247457028'", "sp-update-dec-queue=''1''", "sp-use-pure-literal-rule=''1''", "sp-var-activity-inc='1.0'", "sp-var-dec-heur=''0''", "sp-variable-decay='1.4'", "sp-max-res-lit-inc='1.0'", "sp-max-res-runs='4'", "sp-rand-phase-dec-freq=''0.001''", "sp-rand-var-dec-scaling='0.8568755996503223'", "sp-res-cutoff-cls='8'", "sp-res-cutoff-lits='502'", "sp-res-order-heur=''0''", "sp-rand-phase-scaling='1.0'"], "evaluations": 585, "wallclock_time": 434.5825252532959, "total_cpu_time": null}
{"cpu_time": 661.0899999999996, "cost": 0.026149821640903674, "incumbent": ["sp-clause-activity-inc='0.8496986073406912'", "sp-clause-decay='1.4'", "sp-clause-del-heur=''2''", "sp-first-restart='87'", "sp-learned-clause-sort-heur=''10''", "sp-learned-clauses-inc='1.3'", "sp-learned-size-factor='0.39999999999999997'", "sp-orig-clause-sort-heur=''0''", "sp-phase-dec-heur=''6''", "sp-rand-var-dec-freq=''0.001''", "sp-resolution=''2''", "sp-restart-inc='1.7375718247457028'", "sp-update-dec-queue=''1''", "sp-use-pure-literal-rule=''1''", "sp-var-activity-inc='1.0'", "sp-var-dec-heur=''0''", "sp-variable-decay='1.4'", "sp-max-res-lit-inc='1.0'", "sp-max-res-runs='4'", "sp-rand-phase-dec-freq=''0.001''", "sp-rand-var-dec-scaling='0.8568755996503223'", "sp-res-cutoff-cls='8'", "sp-res-cutoff-lits='502'", "sp-res-order-heur=''0''", "sp-rand-phase-scaling='1.0'"], "evaluations": 674, "wallclock_time": 496.88033294677734, "total_cpu_time": null}
{"cpu_time": 870.8279999999984, "cost": 0.025278236914600547, "incumbent": ["sp-clause-activity-inc='0.8496986073406912'", "sp-clause-decay='1.4'", "sp-clause-del-heur=''2''", "sp-first-restart='87'", "sp-learned-clause-sort-heur=''10''", "sp-learned-clauses-inc='1.3'", "sp-learned-size-factor='0.39999999999999997'", "sp-orig-clause-sort-heur=''0''", "sp-phase-dec-heur=''4''", "sp-rand-var-dec-freq=''0.001''", "sp-resolution=''2''", "sp-restart-inc='1.7375718247457028'", "sp-update-dec-queue=''1''", "sp-use-pure-literal-rule=''1''", "sp-var-activity-inc='1.0715441222496602'", "sp-var-dec-heur=''0''", "sp-variable-decay='1.4'", "sp-max-res-lit-inc='1.0'", "sp-max-res-runs='4'", "sp-rand-phase-dec-freq=''0.001''", "sp-rand-var-dec-scaling='0.8568755996503223'", "sp-res-cutoff-cls='8'", "sp-res-cutoff-lits='502'", "sp-res-order-heur=''8''", "sp-rand-phase-scaling='1.0'"], "evaluations": 895, "wallclock_time": 661.490466594696, "total_cpu_time": null}
{"cpu_time": 995.9359999999973, "cost": 0.02657959183673469, "incumbent": ["sp-clause-activity-inc='0.8496986073406912'", "sp-clause-decay='1.4'", "sp-clause-del-heur=''2''", "sp-first-restart='87'", "sp-learned-clause-sort-heur=''10''", "sp-learned-clauses-inc='1.3'", "sp-learned-size-factor='0.39999999999999997'", "sp-orig-clause-sort-heur=''8''", "sp-phase-dec-heur=''4''", "sp-rand-var-dec-freq=''0.001''", "sp-resolution=''2''", "sp-restart-inc='1.7375718247457028'", "sp-update-dec-queue=''1''", "sp-use-pure-literal-rule=''1''", "sp-var-activity-inc='1.0715441222496602'", "sp-var-dec-heur=''0''", "sp-variable-decay='1.4'", "sp-max-res-lit-inc='1.0'", "sp-max-res-runs='4'", "sp-rand-phase-dec-freq=''0.001''", "sp-rand-var-dec-scaling='0.8568755996503223'", "sp-res-cutoff-cls='8'", "sp-res-cutoff-lits='502'", "sp-res-order-heur=''8''", "sp-rand-phase-scaling='1.0'"], "evaluations": 1031, "wallclock_time": 756.0896093845367, "total_cpu_time": null}
{"cpu_time": 1574.4759999999949, "cost": 0.025859410430839, "incumbent": ["sp-clause-activity-inc='0.8496986073406912'", "sp-clause-decay='1.4'", "sp-clause-del-heur=''2''", "sp-first-restart='87'", "sp-learned-clause-sort-heur=''17''", "sp-learned-clauses-inc='1.2792766001230698'", "sp-learned-size-factor='0.39999999999999997'", "sp-orig-clause-sort-heur=''8''", "sp-phase-dec-heur=''4''", "sp-rand-var-dec-freq=''0.001''", "sp-resolution=''2''", "sp-restart-inc='1.7375718247457028'", "sp-update-dec-queue=''1''", "sp-use-pure-literal-rule=''1''", "sp-var-activity-inc='1.0715441222496602'", "sp-var-dec-heur=''0''", "sp-variable-decay='1.4'", "sp-max-res-lit-inc='1.0'", "sp-max-res-runs='4'", "sp-rand-phase-dec-freq=''0.001''", "sp-rand-var-dec-scaling='0.8568755996503223'", "sp-res-cutoff-cls='8'", "sp-res-cutoff-lits='502'", "sp-res-order-heur=''8''", "sp-rand-phase-scaling='1.0'"], "evaluations": 1559, "wallclock_time": 1190.258262872696, "total_cpu_time": null}
{"cpu_time": 2339.2279999999896, "cost": 0.021311120366513944, "incumbent": ["sp-clause-activity-inc='0.6541273593286809'", "sp-clause-decay='1.4'", "sp-clause-del-heur=''2''", "sp-first-restart='87'", "sp-learned-clause-sort-heur=''2''", "sp-learned-clauses-inc='1.2792766001230698'", "sp-learned-size-factor='0.37197417337412547'", "sp-orig-clause-sort-heur=''8''", "sp-phase-dec-heur=''4''", "sp-rand-var-dec-freq=''0.005''", "sp-resolution=''2''", "sp-restart-inc='1.7375718247457028'", "sp-update-dec-queue=''0''", "sp-use-pure-literal-rule=''1''", "sp-var-activity-inc='1.0715441222496602'", "sp-var-dec-heur=''0''", "sp-variable-decay='1.4'", "sp-max-res-lit-inc='1.0'", "sp-max-res-runs='4'", "sp-rand-phase-dec-freq=''0.001''", "sp-rand-var-dec-scaling='0.8568755996503223'", "sp-res-cutoff-cls='8'", "sp-res-cutoff-lits='502'", "sp-res-order-heur=''8''", "sp-rand-phase-scaling='1.0'"], "evaluations": 2180, "wallclock_time": 1748.7751314640045, "total_cpu_time": null}
{"cpu_time": 2677.607999999989, "cost": 0.018430473372781052, "incumbent": ["sp-clause-activity-inc='0.6541273593286809'", "sp-clause-decay='1.4'", "sp-clause-del-heur=''2''", "sp-first-restart='87'", "sp-learned-clause-sort-heur=''17''", "sp-learned-clauses-inc='1.188699950805823'", "sp-learned-size-factor='0.37197417337412547'", "sp-orig-clause-sort-heur=''8''", "sp-phase-dec-heur=''4''", "sp-rand-var-dec-freq=''0.001''", "sp-resolution=''2''", "sp-restart-inc='1.7375718247457028'", "sp-update-dec-queue=''0''", "sp-use-pure-literal-rule=''1''", "sp-var-activity-inc='1.0715441222496602'", "sp-var-dec-heur=''0''", "sp-variable-decay='1.4'", "sp-max-res-lit-inc='1.048540492336824'", "sp-max-res-runs='4'", "sp-rand-phase-dec-freq=''0.001''", "sp-rand-var-dec-scaling='0.8568755996503223'", "sp-res-cutoff-cls='8'", "sp-res-cutoff-lits='502'", "sp-res-order-heur=''8''", "sp-rand-phase-scaling='1.0'"], "evaluations": 2466, "wallclock_time": 1994.439879655838, "total_cpu_time": null}
{"cpu_time": 3359.5799999999804, "cost": 0.017985731272294886, "incumbent": ["sp-clause-activity-inc='0.6541273593286809'", "sp-clause-decay='1.4'", "sp-clause-del-heur=''1''", "sp-first-restart='87'", "sp-learned-clause-sort-heur=''17''", "sp-learned-clauses-inc='1.188699950805823'", "sp-learned-size-factor='0.37197417337412547'", "sp-orig-clause-sort-heur=''14''", "sp-phase-dec-heur=''4''", "sp-rand-var-dec-freq=''0.001''", "sp-resolution=''2''", "sp-restart-inc='1.7375718247457028'", "sp-update-dec-queue=''0''", "sp-use-pure-literal-rule=''1''", "sp-var-activity-inc='1.0715441222496602'", "sp-var-dec-heur=''0''", "sp-variable-decay='1.4'", "sp-max-res-lit-inc='0.5591568366270754'", "sp-max-res-runs='4'", "sp-rand-phase-dec-freq=''0.001''", "sp-rand-var-dec-scaling='0.8568755996503223'", "sp-res-cutoff-cls='8'", "sp-res-cutoff-lits='591'", "sp-res-order-heur=''8''", "sp-rand-phase-scaling='1.0'"], "evaluations": 3117, "wallclock_time": 2503.453150987625, "total_cpu_time": null}
{"cpu_time": 3857.5119999999756, "cost": 0.017112382934443282, "incumbent": ["sp-clause-activity-inc='0.6541273593286809'", "sp-clause-decay='1.461113642968567'", "sp-clause-del-heur=''1''", "sp-first-restart='87'", "sp-learned-clause-sort-heur=''17''", "sp-learned-clauses-inc='1.188699950805823'", "sp-learned-size-factor='0.37197417337412547'", "sp-orig-clause-sort-heur=''14''", "sp-phase-dec-heur=''4''", "sp-rand-var-dec-freq=''0.001''", "sp-resolution=''2''", "sp-restart-inc='1.7375718247457028'", "sp-update-dec-queue=''0''", "sp-use-pure-literal-rule=''1''", "sp-var-activity-inc='1.0715441222496602'", "sp-var-dec-heur=''0''", "sp-variable-decay='1.4'", "sp-max-res-lit-inc='0.5591568366270754'", "sp-max-res-runs='4'", "sp-rand-phase-dec-freq=''0.001''", "sp-rand-var-dec-scaling='0.8568755996503223'", "sp-res-cutoff-cls='8'", "sp-res-cutoff-lits='591'", "sp-res-order-heur=''8''", "sp-rand-phase-scaling='1.0'"], "evaluations": 3588, "wallclock_time": 2876.482081413269, "total_cpu_time": null}
{"cpu_time": 4121.007999999971, "cost": 0.0161416015625, "incumbent": ["sp-clause-activity-inc='1.074427122914141'", "sp-clause-decay='1.461113642968567'", "sp-clause-del-heur=''1''", "sp-first-restart='87'", "sp-learned-clause-sort-heur=''17''", "sp-learned-clauses-inc='1.188699950805823'", "sp-learned-size-factor='0.37197417337412547'", "sp-orig-clause-sort-heur=''14''", "sp-phase-dec-heur=''4''", "sp-rand-var-dec-freq=''0.001''", "sp-resolution=''2''", "sp-restart-inc='1.7375718247457028'", "sp-update-dec-queue=''0''", "sp-use-pure-literal-rule=''1''", "sp-var-activity-inc='1.0715441222496602'", "sp-var-dec-heur=''0''", "sp-variable-decay='1.4'", "sp-max-res-lit-inc='0.5591568366270754'", "sp-max-res-runs='4'", "sp-rand-phase-dec-freq=''0.001''", "sp-rand-var-dec-scaling='0.8394232314002028'", "sp-res-cutoff-cls='8'", "sp-res-cutoff-lits='591'", "sp-res-order-heur=''8''", "sp-rand-phase-scaling='1.0'"], "evaluations": 3841, "wallclock_time": 3070.2815849781036, "total_cpu_time": null}
{"cpu_time": 4256.299999999973, "cost": 0.01587218934911242, "incumbent": ["sp-clause-activity-inc='0.6541273593286809'", "sp-clause-decay='1.461113642968567'", "sp-clause-del-heur=''1''", "sp-first-restart='87'", "sp-learned-clause-sort-heur=''17''", "sp-learned-clauses-inc='1.188699950805823'", "sp-learned-size-factor='0.37197417337412547'", "sp-orig-clause-sort-heur=''14''", "sp-phase-dec-heur=''4''", "sp-rand-var-dec-freq=''0.001''", "sp-resolution=''2''", "sp-restart-inc='1.7375718247457028'", "sp-update-dec-queue=''0''", "sp-use-pure-literal-rule=''1''", "sp-var-activity-inc='1.0715441222496602'", "sp-var-dec-heur=''0''", "sp-variable-decay='1.4'", "sp-max-res-lit-inc='0.5591568366270754'", "sp-max-res-runs='4'", "sp-rand-phase-dec-freq=''0.001''", "sp-rand-var-dec-scaling='0.8394232314002028'", "sp-res-cutoff-cls='8'", "sp-res-cutoff-lits='591'", "sp-res-order-heur=''8''", "sp-rand-phase-scaling='1.0'"], "evaluations": 3966, "wallclock_time": 3168.5848276615143, "total_cpu_time": null}
{"cpu_time": 5504.259999999984, "cost": 0.014602364421092128, "incumbent": ["sp-clause-activity-inc='0.6541273593286809'", "sp-clause-decay='1.252131961350469'", "sp-clause-del-heur=''1''", "sp-first-restart='87'", "sp-learned-clause-sort-heur=''17''", "sp-learned-clauses-inc='1.155799797540849'", "sp-learned-size-factor='0.39323643297050515'", "sp-orig-clause-sort-heur=''14''", "sp-phase-dec-heur=''4''", "sp-rand-var-dec-freq=''0.001''", "sp-resolution=''1''", "sp-restart-inc='1.7375718247457028'", "sp-update-dec-queue=''1''", "sp-use-pure-literal-rule=''0''", "sp-var-activity-inc='1.0715441222496602'", "sp-var-dec-heur=''0''", "sp-variable-decay='1.6260752811564172'", "sp-max-res-lit-inc='0.5591568366270754'", "sp-max-res-runs='4'", "sp-rand-phase-dec-freq=''0.001''", "sp-rand-var-dec-scaling='0.8394232314002028'", "sp-res-cutoff-cls='8'", "sp-res-cutoff-lits='591'", "sp-res-order-heur=''8''", "sp-rand-phase-scaling='1.0'"], "evaluations": 5022, "wallclock_time": 4073.885458946228, "total_cpu_time": null}
{"cpu_time": 6532.823999999998, "cost": 0.014268226245793934, "incumbent": ["sp-clause-activity-inc='0.6541273593286809'", "sp-clause-decay='1.252131961350469'", "sp-clause-del-heur=''1''", "sp-first-restart='87'", "sp-learned-clause-sort-heur=''17''", "sp-learned-clauses-inc='1.188699950805823'", "sp-learned-size-factor='0.39323643297050515'", "sp-orig-clause-sort-heur=''14''", "sp-phase-dec-heur=''4''", "sp-rand-var-dec-freq=''0.001''", "sp-resolution=''1''", "sp-restart-inc='1.7375718247457028'", "sp-update-dec-queue=''1''", "sp-use-pure-literal-rule=''0''", "sp-var-activity-inc='1.0715441222496602'", "sp-var-dec-heur=''0''", "sp-variable-decay='1.6260752811564172'", "sp-max-res-lit-inc='0.5591568366270754'", "sp-max-res-runs='4'", "sp-rand-phase-dec-freq=''0.001''", "sp-rand-var-dec-scaling='0.8394232314002028'", "sp-res-cutoff-cls='8'", "sp-res-cutoff-lits='591'", "sp-res-order-heur=''8''", "sp-rand-phase-scaling='1.0'"], "evaluations": 5871, "wallclock_time": 4819.882881641388, "total_cpu_time": null}
{"cpu_time": 7240.604000000005, "cost": 0.013260560313543331, "incumbent": ["sp-clause-activity-inc='0.6541273593286809'", "sp-clause-decay='1.252131961350469'", "sp-clause-del-heur=''1''", "sp-first-restart='87'", "sp-learned-clause-sort-heur=''17''", "sp-learned-clauses-inc='1.188699950805823'", "sp-learned-size-factor='0.39323643297050515'", "sp-orig-clause-sort-heur=''14''", "sp-phase-dec-heur=''4''", "sp-rand-var-dec-freq=''0.001''", "sp-resolution=''1''", "sp-restart-inc='1.7375718247457028'", "sp-update-dec-queue=''1''", "sp-use-pure-literal-rule=''0''", "sp-var-activity-inc='1.1341032376078108'", "sp-var-dec-heur=''0''", "sp-variable-decay='1.6260752811564172'", "sp-max-res-lit-inc='0.5591568366270754'", "sp-max-res-runs='4'", "sp-rand-phase-dec-freq=''0.001''", "sp-rand-var-dec-scaling='0.8394232314002028'", "sp-res-cutoff-cls='8'", "sp-res-cutoff-lits='591'", "sp-res-order-heur=''8''", "sp-rand-phase-scaling='1.0'"], "evaluations": 6489, "wallclock_time": 5338.628465414047, "total_cpu_time": null}
{"cpu_time": 7810.916, "cost": 0.01290697674418605, "incumbent": ["sp-clause-activity-inc='0.6541273593286809'", "sp-clause-decay='1.252131961350469'", "sp-clause-del-heur=''1''", "sp-first-restart='87'", "sp-learned-clause-sort-heur=''17''", "sp-learned-clauses-inc='1.188699950805823'", "sp-learned-size-factor='0.39323643297050515'", "sp-orig-clause-sort-heur=''14''", "sp-phase-dec-heur=''4''", "sp-rand-var-dec-freq=''0.001''", "sp-resolution=''1''", "sp-restart-inc='1.7375718247457028'", "sp-update-dec-queue=''1''", "sp-use-pure-literal-rule=''0''", "sp-var-activity-inc='1.1341032376078108'", "sp-var-dec-heur=''0''", "sp-variable-decay='1.6260752811564172'", "sp-max-res-lit-inc='0.5046949778229197'", "sp-max-res-runs='4'", "sp-rand-phase-dec-freq=''0.001''", "sp-rand-var-dec-scaling='0.8394232314002028'", "sp-res-cutoff-cls='8'", "sp-res-cutoff-lits='591'", "sp-res-order-heur=''8''", "sp-rand-phase-scaling='1.0'"], "evaluations": 6993, "wallclock_time": 5753.335301399231, "total_cpu_time": null}
{"cpu_time": 9290.220000000025, "cost": 0.0126562608394034, "incumbent": ["sp-clause-activity-inc='0.6541273593286809'", "sp-clause-decay='1.252131961350469'", "sp-clause-del-heur=''1''", "sp-first-restart='87'", "sp-learned-clause-sort-heur=''17''", "sp-learned-clauses-inc='1.188699950805823'", "sp-learned-size-factor='0.39323643297050515'", "sp-orig-clause-sort-heur=''14''", "sp-phase-dec-heur=''4''", "sp-rand-var-dec-freq=''0.001''", "sp-resolution=''2''", "sp-restart-inc='1.7375718247457028'", "sp-update-dec-queue=''1''", "sp-use-pure-literal-rule=''0''", "sp-var-activity-inc='1.1341032376078108'", "sp-var-dec-heur=''0''", "sp-variable-decay='1.6260752811564172'", "sp-max-res-lit-inc='0.5591568366270754'", "sp-max-res-runs='1'", "sp-rand-phase-dec-freq=''0.001''", "sp-rand-var-dec-scaling='0.8394232314002028'", "sp-res-cutoff-cls='8'", "sp-res-cutoff-lits='591'", "sp-res-order-heur=''8''", "sp-rand-phase-scaling='0.9826434713217307'"], "evaluations": 8242, "wallclock_time": 6823.843507528305, "total_cpu_time": null}
{"cpu_time": 9966.224000000042, "cost": 0.012244357638888892, "incumbent": ["sp-clause-activity-inc='0.6541273593286809'", "sp-clause-decay='1.252131961350469'", "sp-clause-del-heur=''1''", "sp-first-restart='127'", "sp-learned-clause-sort-heur=''17''", "sp-learned-clauses-inc='1.188699950805823'", "sp-learned-size-factor='0.39323643297050515'", "sp-orig-clause-sort-heur=''14''", "sp-phase-dec-heur=''4''", "sp-rand-var-dec-freq=''0.001''", "sp-resolution=''2''", "sp-restart-inc='1.7375718247457028'", "sp-update-dec-queue=''1''", "sp-use-pure-literal-rule=''1''", "sp-var-activity-inc='1.1341032376078108'", "sp-var-dec-heur=''0''", "sp-variable-decay='1.6260752811564172'", "sp-max-res-lit-inc='1.0333408813820357'", "sp-max-res-runs='1'", "sp-rand-phase-dec-freq=''0.001''", "sp-rand-var-dec-scaling='0.8394232314002028'", "sp-res-cutoff-cls='8'", "sp-res-cutoff-lits='591'", "sp-res-order-heur=''8''", "sp-rand-phase-scaling='0.9826434713217307'"], "evaluations": 8807, "wallclock_time": 7314.635740995407, "total_cpu_time": null}
{"cpu_time": 10153.584000000033, "cost": 0.009931342331809966, "incumbent": ["sp-clause-activity-inc='0.6541273593286809'", "sp-clause-decay='1.252131961350469'", "sp-clause-del-heur=''1''", "sp-first-restart='87'", "sp-learned-clause-sort-heur=''17''", "sp-learned-clauses-inc='1.188699950805823'", "sp-learned-size-factor='0.39323643297050515'", "sp-orig-clause-sort-heur=''14''", "sp-phase-dec-heur=''5''", "sp-rand-var-dec-freq=''0.001''", "sp-resolution=''2''", "sp-restart-inc='1.7375718247457028'", "sp-update-dec-queue=''1''", "sp-use-pure-literal-rule=''1''", "sp-var-activity-inc='1.1341032376078108'", "sp-var-dec-heur=''0''", "sp-variable-decay='1.6260752811564172'", "sp-max-res-lit-inc='1.0333408813820357'", "sp-max-res-runs='1'", "sp-rand-phase-dec-freq=''0.001''", "sp-rand-var-dec-scaling='0.8394232314002028'", "sp-res-cutoff-cls='8'", "sp-res-cutoff-lits='591'", "sp-res-order-heur=''8''", "sp-rand-phase-scaling='0.9826434713217307'"], "evaluations": 8987, "wallclock_time": 7450.077810287476, "total_cpu_time": null}
{"cpu_time": 10724.87999999999, "cost": 0.0092896, "incumbent": ["sp-clause-activity-inc='0.6541273593286809'", "sp-clause-decay='1.252131961350469'", "sp-clause-del-heur=''1''", "sp-first-restart='87'", "sp-learned-clause-sort-heur=''14''", "sp-learned-clauses-inc='1.188699950805823'", "sp-learned-size-factor='0.39323643297050515'", "sp-orig-clause-sort-heur=''14''", "sp-phase-dec-heur=''5''", "sp-rand-var-dec-freq=''0.001''", "sp-resolution=''2''", "sp-restart-inc='1.7375718247457028'", "sp-update-dec-queue=''1''", "sp-use-pure-literal-rule=''1''", "sp-var-activity-inc='1.1341032376078108'", "sp-var-dec-heur=''0''", "sp-variable-decay='1.6260752811564172'", "sp-max-res-lit-inc='0.7654137245139812'", "sp-max-res-runs='1'", "sp-rand-phase-dec-freq=''0.001''", "sp-rand-var-dec-scaling='0.8394232314002028'", "sp-res-cutoff-cls='8'", "sp-res-cutoff-lits='591'", "sp-res-order-heur=''8''", "sp-rand-phase-scaling='0.9826434713217307'"], "evaluations": 9576, "wallclock_time": 7866.197086572647, "total_cpu_time": null}
{"cpu_time": 12622.355999999978, "cost": 0.008718458042252339, "incumbent": ["sp-clause-activity-inc='0.6541273593286809'", "sp-clause-decay='1.252131961350469'", "sp-clause-del-heur=''1''", "sp-first-restart='87'", "sp-learned-clause-sort-heur=''17''", "sp-learned-clauses-inc='1.188699950805823'", "sp-learned-size-factor='0.39323643297050515'", "sp-orig-clause-sort-heur=''14''", "sp-phase-dec-heur=''5''", "sp-rand-var-dec-freq=''0.001''", "sp-resolution=''2''", "sp-restart-inc='1.7375718247457028'", "sp-update-dec-queue=''1''", "sp-use-pure-literal-rule=''1''", "sp-var-activity-inc='1.1341032376078108'", "sp-var-dec-heur=''0''", "sp-variable-decay='1.769987590684186'", "sp-max-res-lit-inc='0.7654137245139812'", "sp-max-res-runs='1'", "sp-rand-phase-dec-freq=''0.001''", "sp-rand-var-dec-scaling='0.8394232314002028'", "sp-res-cutoff-cls='8'", "sp-res-cutoff-lits='591'", "sp-res-order-heur=''8''", "sp-rand-phase-scaling='1.0877459945090762'"], "evaluations": 11421, "wallclock_time": 9255.506069660187, "total_cpu_time": null}
{"cpu_time": 16144.184000000041, "cost": 0.008715711547359378, "incumbent": ["sp-clause-activity-inc='0.6234372278665872'", "sp-clause-decay='1.252131961350469'", "sp-clause-del-heur=''1''", "sp-first-restart='87'", "sp-learned-clause-sort-heur=''17''", "sp-learned-clauses-inc='1.188699950805823'", "sp-learned-size-factor='0.39323643297050515'", "sp-orig-clause-sort-heur=''14''", "sp-phase-dec-heur=''5''", "sp-rand-var-dec-freq=''0.001''", "sp-resolution=''2''", "sp-restart-inc='1.7375718247457028'", "sp-update-dec-queue=''1''", "sp-use-pure-literal-rule=''1''", "sp-var-activity-inc='0.7129503857559094'", "sp-var-dec-heur=''0''", "sp-variable-decay='1.6260752811564172'", "sp-max-res-lit-inc='0.7654137245139812'", "sp-max-res-runs='1'", "sp-rand-phase-dec-freq=''0.001''", "sp-rand-var-dec-scaling='0.8394232314002028'", "sp-res-cutoff-cls='8'", "sp-res-cutoff-lits='591'", "sp-res-order-heur=''8''", "sp-rand-phase-scaling='1.0877459945090762'"], "evaluations": 14626, "wallclock_time": 11759.348866939545, "total_cpu_time": null}
{"cpu_time": 16409.658000000065, "cost": 0.008687174817898031, "incumbent": ["sp-clause-activity-inc='0.6234372278665872'", "sp-clause-decay='1.252131961350469'", "sp-clause-del-heur=''1''", "sp-first-restart='87'", "sp-learned-clause-sort-heur=''17''", "sp-learned-clauses-inc='1.188699950805823'", "sp-learned-size-factor='0.39323643297050515'", "sp-orig-clause-sort-heur=''14''", "sp-phase-dec-heur=''5''", "sp-rand-var-dec-freq=''0.001''", "sp-resolution=''2''", "sp-restart-inc='1.7375718247457028'", "sp-update-dec-queue=''1''", "sp-use-pure-literal-rule=''1''", "sp-var-activity-inc='0.7129503857559094'", "sp-var-dec-heur=''0''", "sp-variable-decay='1.6260752811564172'", "sp-max-res-lit-inc='0.7654137245139812'", "sp-max-res-runs='1'", "sp-rand-phase-dec-freq=''0.001''", "sp-rand-var-dec-scaling='0.8394232314002028'", "sp-res-cutoff-cls='8'", "sp-res-cutoff-lits='219'", "sp-res-order-heur=''8''", "sp-rand-phase-scaling='1.0877459945090762'"], "evaluations": 14873, "wallclock_time": 11945.361199855804, "total_cpu_time": null}
{"cpu_time": 16674.71400000009, "cost": 0.008518912, "incumbent": ["sp-clause-activity-inc='0.6234372278665872'", "sp-clause-decay='1.252131961350469'", "sp-clause-del-heur=''1''", "sp-first-restart='87'", "sp-learned-clause-sort-heur=''17''", "sp-learned-clauses-inc='1.188699950805823'", "sp-learned-size-factor='0.39323643297050515'", "sp-orig-clause-sort-heur=''14''", "sp-phase-dec-heur=''5''", "sp-rand-var-dec-freq=''0.001''", "sp-resolution=''2''", "sp-restart-inc='1.7375718247457028'", "sp-update-dec-queue=''1''", "sp-use-pure-literal-rule=''1''", "sp-var-activity-inc='0.7129503857559094'", "sp-var-dec-heur=''0''", "sp-variable-decay='1.6260752811564172'", "sp-max-res-lit-inc='0.7654137245139812'", "sp-max-res-runs='1'", "sp-rand-phase-dec-freq=''0.001''", "sp-rand-var-dec-scaling='0.8394232314002028'", "sp-res-cutoff-cls='8'", "sp-res-cutoff-lits='591'", "sp-res-order-heur=''8''", "sp-rand-phase-scaling='1.0877459945090762'"], "evaluations": 15121, "wallclock_time": 12131.986632585526, "total_cpu_time": null}
{"cpu_time": 16941.42600000011, "cost": 0.008388762912572437, "incumbent": ["sp-clause-activity-inc='0.6234372278665872'", "sp-clause-decay='1.252131961350469'", "sp-clause-del-heur=''1''", "sp-first-restart='87'", "sp-learned-clause-sort-heur=''17''", "sp-learned-clauses-inc='1.188699950805823'", "sp-learned-size-factor='0.39323643297050515'", "sp-orig-clause-sort-heur=''14''", "sp-phase-dec-heur=''5''", "sp-rand-var-dec-freq=''0.001''", "sp-resolution=''2''", "sp-restart-inc='1.7375718247457028'", "sp-update-dec-queue=''1''", "sp-use-pure-literal-rule=''1''", "sp-var-activity-inc='0.7129503857559094'", "sp-var-dec-heur=''0''", "sp-variable-decay='1.6260752811564172'", "sp-max-res-lit-inc='0.7654137245139812'", "sp-max-res-runs='2'", "sp-rand-phase-dec-freq=''0.001''", "sp-rand-var-dec-scaling='0.8394232314002028'", "sp-res-cutoff-cls='8'", "sp-res-cutoff-lits='591'", "sp-res-order-heur=''8''", "sp-rand-phase-scaling='1.0877459945090762'"], "evaluations": 15371, "wallclock_time": 12319.660626649857, "total_cpu_time": null}
{"cpu_time": 17208.12600000014, "cost": 0.008320168640337279, "incumbent": ["sp-clause-activity-inc='0.6234372278665872'", "sp-clause-decay='1.252131961350469'", "sp-clause-del-heur=''1''", "sp-first-restart='87'", "sp-learned-clause-sort-heur=''17''", "sp-learned-clauses-inc='1.188699950805823'", "sp-learned-size-factor='0.39323643297050515'", "sp-orig-clause-sort-heur=''18''", "sp-phase-dec-heur=''5''", "sp-rand-var-dec-freq=''0.001''", "sp-resolution=''2''", "sp-restart-inc='1.7375718247457028'", "sp-update-dec-queue=''1''", "sp-use-pure-literal-rule=''1''", "sp-var-activity-inc='0.7129503857559094'", "sp-var-dec-heur=''0''", "sp-variable-decay='1.6260752811564172'", "sp-max-res-lit-inc='0.7654137245139812'", "sp-max-res-runs='2'", "sp-rand-phase-dec-freq=''0.001''", "sp-rand-var-dec-scaling='0.8394232314002028'", "sp-res-cutoff-cls='8'", "sp-res-cutoff-lits='591'", "sp-res-order-heur=''8''", "sp-rand-phase-scaling='1.0877459945090762'"], "evaluations": 15621, "wallclock_time": 12507.274579524994, "total_cpu_time": null}
{"cpu_time": 17757.440000000224, "cost": 0.008257676822306357, "incumbent": ["sp-clause-activity-inc='0.6234372278665872'", "sp-clause-decay='1.252131961350469'", "sp-clause-del-heur=''1''", "sp-first-restart='87'", "sp-learned-clause-sort-heur=''17''", "sp-learned-clauses-inc='1.188699950805823'", "sp-learned-size-factor='0.39323643297050515'", "sp-orig-clause-sort-heur=''18''", "sp-phase-dec-heur=''5''", "sp-rand-var-dec-freq=''0.001''", "sp-resolution=''2''", "sp-restart-inc='1.7375718247457028'", "sp-update-dec-queue=''1''", "sp-use-pure-literal-rule=''1''", "sp-var-activity-inc='0.7129503857559094'", "sp-var-dec-heur=''0''", "sp-variable-decay='1.6260752811564172'", "sp-max-res-lit-inc='0.6240969594491321'", "sp-max-res-runs='2'", "sp-rand-phase-dec-freq=''0.001''", "sp-rand-var-dec-scaling='0.8394232314002028'", "sp-res-cutoff-cls='8'", "sp-res-cutoff-lits='591'", "sp-res-order-heur=''8''", "sp-rand-phase-scaling='1.0877459945090762'"], "evaluations": 16133, "wallclock_time": 12889.659342765808, "total_cpu_time": null}
{"cpu_time": 18313.89000000026, "cost": 0.008100343802808696, "incumbent": ["sp-clause-activity-inc='0.6234372278665872'", "sp-clause-decay='1.252131961350469'", "sp-clause-del-heur=''1''", "sp-first-restart='87'", "sp-learned-clause-sort-heur=''17''", "sp-learned-clauses-inc='1.188699950805823'", "sp-learned-size-factor='0.39323643297050515'", "sp-orig-clause-sort-heur=''18''", "sp-phase-dec-heur=''5''", "sp-rand-var-dec-freq=''0.001''", "sp-resolution=''2''", "sp-restart-inc='1.7375718247457028'", "sp-update-dec-queue=''0''", "sp-use-pure-literal-rule=''1''", "sp-var-activity-inc='0.7129503857559094'", "sp-var-dec-heur=''0''", "sp-variable-decay='1.5127541315578596'", "sp-max-res-lit-inc='0.6240969594491321'", "sp-max-res-runs='2'", "sp-rand-phase-dec-freq=''0.001''", "sp-rand-var-dec-scaling='0.8394232314002028'", "sp-res-cutoff-cls='8'", "sp-res-cutoff-lits='591'", "sp-res-order-heur=''8''", "sp-rand-phase-scaling='1.0877459945090762'"], "evaluations": 16652, "wallclock_time": 13290.532144784927, "total_cpu_time": null}
{"cpu_time": 18590.110000000266, "cost": 0.007925390266299355, "incumbent": ["sp-clause-activity-inc='0.6234372278665872'", "sp-clause-decay='1.252131961350469'", "sp-clause-del-heur=''1''", "sp-first-restart='87'", "sp-learned-clause-sort-heur=''17''", "sp-learned-clauses-inc='1.188699950805823'", "sp-learned-size-factor='0.39323643297050515'", "sp-orig-clause-sort-heur=''9''", "sp-phase-dec-heur=''5''", "sp-rand-var-dec-freq=''0.001''", "sp-resolution=''2''", "sp-restart-inc='1.7375718247457028'", "sp-update-dec-queue=''0''", "sp-use-pure-literal-rule=''1''", "sp-var-activity-inc='0.7129503857559094'", "sp-var-dec-heur=''0''", "sp-variable-decay='1.5127541315578596'", "sp-max-res-lit-inc='0.6240969594491321'", "sp-max-res-runs='2'", "sp-rand-phase-dec-freq=''0.001''", "sp-rand-var-dec-scaling='0.8394232314002028'", "sp-res-cutoff-cls='8'", "sp-res-cutoff-lits='591'", "sp-res-order-heur=''8''", "sp-rand-phase-scaling='1.0877459945090762'"], "evaluations": 16915, "wallclock_time": 13490.624278306961, "total_cpu_time": null}
{"cpu_time": 18866.154000000282, "cost": 0.007795579173497658, "incumbent": ["sp-clause-activity-inc='0.6234372278665872'", "sp-clause-decay='1.252131961350469'", "sp-clause-del-heur=''1''", "sp-first-restart='87'", "sp-learned-clause-sort-heur=''17''", "sp-learned-clauses-inc='1.188699950805823'", "sp-learned-size-factor='0.39323643297050515'", "sp-orig-clause-sort-heur=''18''", "sp-phase-dec-heur=''5''", "sp-rand-var-dec-freq=''0.001''", "sp-resolution=''0''", "sp-restart-inc='1.7375718247457028'", "sp-update-dec-queue=''0''", "sp-use-pure-literal-rule=''1''", "sp-var-activity-inc='0.7129503857559094'", "sp-var-dec-heur=''0''", "sp-variable-decay='1.5127541315578596'", "sp-rand-phase-dec-freq=''0.001''", "sp-rand-var-dec-scaling='0.8394232314002028'", "sp-rand-phase-scaling='1.0877459945090762'"], "evaluations": 17179, "wallclock_time": 13690.039394378662, "total_cpu_time": null}
{"cpu_time": 20601.88000000025, "cost": 0.007529630971481803, "incumbent": ["sp-clause-activity-inc='0.6234372278665872'", "sp-clause-decay='1.252131961350469'", "sp-clause-del-heur=''1''", "sp-first-restart='87'", "sp-learned-clause-sort-heur=''17''", "sp-learned-clauses-inc='1.188699950805823'", "sp-learned-size-factor='0.39323643297050515'", "sp-orig-clause-sort-heur=''18''", "sp-phase-dec-heur=''5''", "sp-rand-var-dec-freq=''0''", "sp-resolution=''2''", "sp-restart-inc='1.7375718247457028'", "sp-update-dec-queue=''0''", "sp-use-pure-literal-rule=''1''", "sp-var-activity-inc='0.7129503857559094'", "sp-var-dec-heur=''0''", "sp-variable-decay='1.5127541315578596'", "sp-max-res-lit-inc='1.0'", "sp-max-res-runs='8'", "sp-rand-phase-dec-freq=''0.001''", "sp-res-cutoff-cls='8'", "sp-res-cutoff-lits='400'", "sp-res-order-heur=''0''", "sp-rand-phase-scaling='1.0877459945090762'"], "evaluations": 18807, "wallclock_time": 14939.833991527557, "total_cpu_time": null}
{"cpu_time": 21156.002000000266, "cost": 0.006687892963130626, "incumbent": ["sp-clause-activity-inc='0.6234372278665872'", "sp-clause-decay='1.252131961350469'", "sp-clause-del-heur=''1''", "sp-first-restart='87'", "sp-learned-clause-sort-heur=''17''", "sp-learned-clauses-inc='1.188699950805823'", "sp-learned-size-factor='0.39323643297050515'", "sp-orig-clause-sort-heur=''18''", "sp-phase-dec-heur=''6''", "sp-rand-var-dec-freq=''0''", "sp-resolution=''2''", "sp-restart-inc='1.7375718247457028'", "sp-update-dec-queue=''0''", "sp-use-pure-literal-rule=''1''", "sp-var-activity-inc='0.7129503857559094'", "sp-var-dec-heur=''0''", "sp-variable-decay='1.5127541315578596'", "sp-max-res-lit-inc='1.0'", "sp-max-res-runs='8'", "sp-rand-phase-dec-freq=''0.001''", "sp-res-cutoff-cls='8'", "sp-res-cutoff-lits='400'", "sp-res-order-heur=''0''", "sp-rand-phase-scaling='1.0877459945090762'"], "evaluations": 19354, "wallclock_time": 15334.912561416626, "total_cpu_time": null}
{"cpu_time": 22512.502000000357, "cost": 0.006436667292174895, "incumbent": ["sp-clause-activity-inc='0.6234372278665872'", "sp-clause-decay='1.252131961350469'", "sp-clause-del-heur=''1''", "sp-first-restart='87'", "sp-learned-clause-sort-heur=''17''", "sp-learned-clauses-inc='1.188699950805823'", "sp-learned-size-factor='0.702555448470094'", "sp-orig-clause-sort-heur=''18''", "sp-phase-dec-heur=''6''", "sp-rand-var-dec-freq=''0''", "sp-resolution=''2''", "sp-restart-inc='1.5531382174225044'", "sp-update-dec-queue=''0''", "sp-use-pure-literal-rule=''1''", "sp-var-activity-inc='0.7129503857559094'", "sp-var-dec-heur=''0''", "sp-variable-decay='1.5127541315578596'", "sp-max-res-lit-inc='1.0'", "sp-max-res-runs='9'", "sp-rand-phase-dec-freq=''0.001''", "sp-res-cutoff-cls='8'", "sp-res-cutoff-lits='400'", "sp-res-order-heur=''0''", "sp-rand-phase-scaling='1.0877459945090762'"], "evaluations": 20782, "wallclock_time": 16314.247048854828, "total_cpu_time": null}
