"CPU Time Used","Estimated Training Performance","Wallclock Time","Incumbent ID","Automatic Configurator (CPU) Time","Configuration..."
0.000000, 2147483648.000000, 0.001481, 1, 0.001481, adaptive=''1'', clausepen=''1'', performrandomwalk=''0'', singleclause=''1'', tabusearch=''0'', adaptivenoisescheme=''1'', adaptwalkprob=''0'', heuristic=''2'', promisinglist=''1'', ps='0.4', selectclause=''1'', smoothingscheme=''1'', adaptiveprom=''0'', decreasingvariable=''3'', performalternatenovelty=''1'', phi='5', theta='6', updateschemepromlist=''3'', wp='0.01', CONadaptpromwalkprob=''0''
1.980000, 1.980000, 2.453968, 1, 0.473968, adaptive=''1'', clausepen=''1'', performrandomwalk=''0'', singleclause=''1'', tabusearch=''0'', adaptivenoisescheme=''1'', adaptwalkprob=''0'', heuristic=''2'', promisinglist=''1'', ps='0.4', selectclause=''1'', smoothingscheme=''1'', adaptiveprom=''0'', decreasingvariable=''3'', performalternatenovelty=''1'', phi='5', theta='6', updateschemepromlist=''3'', wp='0.01', CONadaptpromwalkprob=''0''
164.784000, 0.004408, 255.229689, 5, 90.445689, adaptive=''1'', clausepen=''2'', performrandomwalk=''1'', singleclause=''0'', tabusearch=''1'', DLSscoringmeasure=''1'', DLStiebreaking=''2'', adaptivenoisescheme=''1'', randomwalk=''5'', tabu='18', rfp='0.11365582176210803'
323.056000, 0.002460, 503.561960, 10, 180.505960, adaptive=''1'', clausepen=''2'', performrandomwalk=''1'', singleclause=''0'', tabusearch=''1'', DLSscoringmeasure=''1'', DLStiebreaking=''2'', adaptivenoisescheme=''1'', randomwalk=''1'', tabu='18', rwp='0.01'
907.676000, 0.002093, 1493.480783, 21, 585.804783, adaptive=''1'', clausepen=''2'', performrandomwalk=''1'', singleclause=''0'', tabusearch=''1'', DLSscoringmeasure=''1'', DLStiebreaking=''2'', adaptivenoisescheme=''2'', randomwalk=''1'', tabu='16', rwp='0.01'
914.460000, 0.002035, 1537.499857, 23, 623.039857, adaptive=''1'', clausepen=''2'', performrandomwalk=''0'', singleclause=''0'', tabusearch=''1'', DLSscoringmeasure=''1'', DLStiebreaking=''2'', adaptivenoisescheme=''2'', tabu='12'
1080.900000, 0.001246, 1814.845150, 25, 733.945150, adaptive=''1'', clausepen=''2'', performrandomwalk=''0'', singleclause=''0'', tabusearch=''1'', DLSscoringmeasure=''1'', DLStiebreaking=''2'', adaptivenoisescheme=''2'', tabu='9'
1626.756000, 0.001225, 2730.022822, 31, 1103.266822, adaptive=''1'', clausepen=''1'', performrandomwalk=''1'', singleclause=''0'', tabusearch=''0'', DLSscoringmeasure=''3'', DLStiebreaking=''2'', adaptivenoisescheme=''2'', randomwalk=''4'', smoothingscheme=''1'', DLSalpha='1.189', DLSrho='0.5', DLSsapsthresh='-0.1', DLSwp='0.03', rfp='0.11365582176210803'
1645.044000, 0.000853, 2798.155148, 33, 1153.111148, adaptive=''0'', clausepen=''1'', performrandomwalk=''1'', singleclause=''0'', tabusearch=''0'', DLSscoringmeasure=''1'', DLStiebreaking=''4'', randomwalk=''5'', smoothingscheme=''1'', DLSalpha='1.079136831553153', DLSc='5.74115129600657e-06', DLSps='0.013025996044208421', DLSrho='0.6919370317973979', DLSs='0.001538801029897219', DLSsapsthresh='-0.17342577824346989', DLSwp='0.02069392416819353', rfp='0.11150454601789812'
2059.292000, 0.000730, 3513.291832, 40, 1453.999832, adaptive=''1'', clausepen=''1'', performrandomwalk=''0'', singleclause=''0'', tabusearch=''0'', DLSscoringmeasure=''3'', DLStiebreaking=''2'', adaptivenoisescheme=''1'', smoothingscheme=''1'', DLSalpha='1.0672931245869814', DLSrho='0.6886691939674375', DLSsapsthresh='-0.1', DLSwp='0.03'
