{"incumbent": ["adaptive=''1''", "clausepen=''1''", "performrandomwalk=''0''", "singleclause=''1''", "tabusearch=''0''", "adaptivenoisescheme=''1''", "adaptwalkprob=''0''", "heuristic=''2''", "promisinglist=''1''", "ps='0.4'", "selectclause=''1''", "smoothingscheme=''1''", "adaptiveprom=''0''", "decreasingvariable=''3''", "performalternatenovelty=''1''", "phi='5'", "theta='6'", "updateschemepromlist=''3''", "wp='0.01'", "CONadaptpromwalkprob=''0''"], "total_cpu_time": null, "wallclock_time": 0.0014805793762207031, "cost": 2147483648, "cpu_time": 0, "evaluations": 0}
{"incumbent": ["adaptive=''1''", "clausepen=''1''", "performrandomwalk=''0''", "singleclause=''1''", "tabusearch=''0''", "adaptivenoisescheme=''1''", "adaptwalkprob=''0''", "heuristic=''2''", "promisinglist=''1''", "ps='0.4'", "selectclause=''1''", "smoothingscheme=''1''", "adaptiveprom=''0''", "decreasingvariable=''3''", "performalternatenovelty=''1''", "phi='5'", "theta='6'", "updateschemepromlist=''3''", "wp='0.01'", "CONadaptpromwalkprob=''0''"], "total_cpu_time": null, "wallclock_time": 2.4539682865142822, "cost": 1.98, "cpu_time": 1.98, "evaluations": 1}
{"incumbent": ["adaptive=''1''", "clausepen=''2''", "performrandomwalk=''1''", "singleclause=''0''", "tabusearch=''1''", "DLSscoringmeasure=''1''", "DLStiebreaking=''2''", "adaptivenoisescheme=''1''", "randomwalk=''5''", "tabu='18'", "rfp='0.11365582176210803'"], "total_cpu_time": null, "wallclock_time": 255.22968912124634, "cost": 0.004408163265306124, "cpu_time": 164.78399999999993, "evaluations": 60}
{"incumbent": ["adaptive=''1''", "clausepen=''2''", "performrandomwalk=''1''", "singleclause=''0''", "tabusearch=''1''", "DLSscoringmeasure=''1''", "DLStiebreaking=''2''", "adaptivenoisescheme=''1''", "randomwalk=''1''", "tabu='18'", "rwp='0.01'"], "total_cpu_time": null, "wallclock_time": 503.5619602203369, "cost": 0.002459833795013851, "cpu_time": 323.0559999999997, "evaluations": 145}
{"incumbent": ["adaptive=''1''", "clausepen=''2''", "performrandomwalk=''1''", "singleclause=''0''", "tabusearch=''1''", "DLSscoringmeasure=''1''", "DLStiebreaking=''2''", "adaptivenoisescheme=''2''", "randomwalk=''1''", "tabu='16'", "rwp='0.01'"], "total_cpu_time": null, "wallclock_time": 1493.4807829856873, "cost": 0.0020933333333333346, "cpu_time": 907.6759999999992, "evaluations": 420}
{"incumbent": ["adaptive=''1''", "clausepen=''2''", "performrandomwalk=''0''", "singleclause=''0''", "tabusearch=''1''", "DLSscoringmeasure=''1''", "DLStiebreaking=''2''", "adaptivenoisescheme=''2''", "tabu='12'"], "total_cpu_time": null, "wallclock_time": 1537.4998574256897, "cost": 0.0020351562500000005, "cpu_time": 914.459999999998, "evaluations": 483}
{"incumbent": ["adaptive=''1''", "clausepen=''2''", "performrandomwalk=''0''", "singleclause=''0''", "tabusearch=''1''", "DLSscoringmeasure=''1''", "DLStiebreaking=''2''", "adaptivenoisescheme=''2''", "tabu='9'"], "total_cpu_time": null, "wallclock_time": 1814.845149755478, "cost": 0.0012456747404844298, "cpu_time": 1080.9000000000008, "evaluations": 550}
{"incumbent": ["adaptive=''1''", "clausepen=''1''", "performrandomwalk=''1''", "singleclause=''0''", "tabusearch=''0''", "DLSscoringmeasure=''3''", "DLStiebreaking=''2''", "adaptivenoisescheme=''2''", "randomwalk=''4''", "smoothingscheme=''1''", "DLSalpha='1.189'", "DLSrho='0.5'", "DLSsapsthresh='-0.1'", "DLSwp='0.03'", "rfp='0.11365582176210803'"], "total_cpu_time": null, "wallclock_time": 2730.022822380066, "cost": 0.0012250000000000006, "cpu_time": 1626.7560000000012, "evaluations": 775}
{"incumbent": ["adaptive=''0''", "clausepen=''1''", "performrandomwalk=''1''", "singleclause=''0''", "tabusearch=''0''", "DLSscoringmeasure=''1''", "DLStiebreaking=''4''", "randomwalk=''5''", "smoothingscheme=''1''", "DLSalpha='1.079136831553153'", "DLSc='5.74115129600657e-06'", "DLSps='0.013025996044208421'", "DLSrho='0.6919370317973979'", "DLSs='0.001538801029897219'", "DLSsapsthresh='-0.17342577824346989'", "DLSwp='0.02069392416819353'", "rfp='0.11150454601789812'"], "total_cpu_time": null, "wallclock_time": 2798.1551480293274, "cost": 0.0008526077097505669, "cpu_time": 1645.043999999998, "evaluations": 858}
{"incumbent": ["adaptive=''1''", "clausepen=''1''", "performrandomwalk=''0''", "singleclause=''0''", "tabusearch=''0''", "DLSscoringmeasure=''3''", "DLStiebreaking=''2''", "adaptivenoisescheme=''1''", "smoothingscheme=''1''", "DLSalpha='1.0672931245869814'", "DLSrho='0.6886691939674375'", "DLSsapsthresh='-0.1'", "DLSwp='0.03'"], "total_cpu_time": null, "wallclock_time": 3513.2918322086334, "cost": 0.00072969596001666, "cpu_time": 2059.2919999999976, "evaluations": 1180}
