{"total_cpu_time": null, "incumbent": ["adaptive=''1''", "clausepen=''1''", "performrandomwalk=''0''", "singleclause=''1''", "tabusearch=''0''", "adaptivenoisescheme=''1''", "adaptwalkprob=''0''", "heuristic=''2''", "promisinglist=''1''", "ps='0.4'", "selectclause=''1''", "smoothingscheme=''1''", "adaptiveprom=''0''", "decreasingvariable=''3''", "performalternatenovelty=''1''", "phi='5'", "theta='6'", "updateschemepromlist=''3''", "wp='0.01'", "CONadaptpromwalkprob=''0''"], "wallclock_time": 0.0014562606811523438, "cost": 2147483648, "evaluations": 0, "cpu_time": 0}
{"total_cpu_time": null, "incumbent": ["adaptive=''1''", "clausepen=''1''", "performrandomwalk=''0''", "singleclause=''1''", "tabusearch=''0''", "adaptivenoisescheme=''1''", "adaptwalkprob=''0''", "heuristic=''2''", "promisinglist=''1''", "ps='0.4'", "selectclause=''1''", "smoothingscheme=''1''", "adaptiveprom=''0''", "decreasingvariable=''3''", "performalternatenovelty=''1''", "phi='5'", "theta='6'", "updateschemepromlist=''3''", "wp='0.01'", "CONadaptpromwalkprob=''0''"], "wallclock_time": 2.4394991397857666, "cost": 1.98, "evaluations": 1, "cpu_time": 1.98}
{"total_cpu_time": null, "incumbent": ["adaptive=''1''", "clausepen=''2''", "performrandomwalk=''0''", "singleclause=''0''", "tabusearch=''0''", "DLSscoringmeasure=''1''", "DLStiebreaking=''4''", "adaptivenoisescheme=''2''"], "wallclock_time": 60.4145085811615, "cost": 0.004279999999999999, "evaluations": 65, "cpu_time": 92.03200000000002}
{"total_cpu_time": null, "incumbent": ["adaptive=''1''", "clausepen=''1''", "performrandomwalk=''1''", "singleclause=''0''", "tabusearch=''0''", "DLSscoringmeasure=''1''", "DLStiebreaking=''4''", "adaptivenoisescheme=''2''", "randomwalk=''1''", "smoothingscheme=''1''", "DLSalpha='1.189'", "DLSrho='0.5'", "DLSsapsthresh='-0.1'", "DLSwp='0.03'", "rwp='0.01'"], "wallclock_time": 102.46519088745117, "cost": 0.0030000000000000005, "evaluations": 130, "cpu_time": 146.45600000000027}
{"total_cpu_time": null, "incumbent": ["adaptive=''1''", "clausepen=''2''", "performrandomwalk=''0''", "singleclause=''0''", "tabusearch=''0''", "DLSscoringmeasure=''1''", "DLStiebreaking=''2''", "adaptivenoisescheme=''2''"], "wallclock_time": 132.72627234458923, "cost": 0.0029200000000000003, "evaluations": 195, "cpu_time": 183.9520000000001}
{"total_cpu_time": null, "incumbent": ["adaptive=''0''", "clausepen=''1''", "performrandomwalk=''1''", "singleclause=''0''", "tabusearch=''0''", "DLSscoringmeasure=''1''", "DLStiebreaking=''4''", "randomwalk=''1''", "smoothingscheme=''2''", "DLSc='0.010000000000000014'", "DLSmaxinc='10'", "DLSpflat='0.15'", "DLSs='0.010000000000000004'", "rwp='0.01'"], "wallclock_time": 327.8657281398773, "cost": 0.0028000000000000004, "evaluations": 390, "cpu_time": 474.5360000000014}
{"total_cpu_time": null, "incumbent": ["adaptive=''1''", "clausepen=''1''", "performrandomwalk=''1''", "singleclause=''0''", "tabusearch=''0''", "DLSscoringmeasure=''1''", "DLStiebreaking=''4''", "adaptivenoisescheme=''2''", "randomwalk=''1''", "smoothingscheme=''2''", "DLSmaxinc='14'", "DLSpflat='0.14456391892894926'", "rwp='0.01'"], "wallclock_time": 2156.1201684474945, "cost": 0.0028000000000000004, "evaluations": 2015, "cpu_time": 3477.7199999999675}
