{"cost": 2147483648, "total_cpu_time": null, "incumbent": ["adaptive=''1''", "clausepen=''1''", "performrandomwalk=''0''", "singleclause=''1''", "tabusearch=''0''", "adaptivenoisescheme=''1''", "adaptwalkprob=''0''", "heuristic=''2''", "promisinglist=''1''", "ps='0.4'", "selectclause=''1''", "smoothingscheme=''1''", "adaptiveprom=''0''", "decreasingvariable=''3''", "performalternatenovelty=''1''", "phi='5'", "theta='6'", "updateschemepromlist=''3''", "wp='0.01'", "CONadaptpromwalkprob=''0''"], "cpu_time": 0, "wallclock_time": 0.0014424324035644531, "evaluations": 0}
{"cost": 50, "total_cpu_time": null, "incumbent": ["adaptive=''1''", "clausepen=''1''", "performrandomwalk=''0''", "singleclause=''1''", "tabusearch=''0''", "adaptivenoisescheme=''1''", "adaptwalkprob=''0''", "heuristic=''2''", "promisinglist=''1''", "ps='0.4'", "selectclause=''1''", "smoothingscheme=''1''", "adaptiveprom=''0''", "decreasingvariable=''3''", "performalternatenovelty=''1''", "phi='5'", "theta='6'", "updateschemepromlist=''3''", "wp='0.01'", "CONadaptpromwalkprob=''0''"], "cpu_time": 5.0, "wallclock_time": 7.63439679145813, "evaluations": 1}
{"cost": 0.45454545454545453, "total_cpu_time": null, "incumbent": ["adaptive=''1''", "clausepen=''1''", "performrandomwalk=''0''", "singleclause=''0''", "tabusearch=''1''", "DLSscoringmeasure=''2''", "DLStiebreaking=''3''", "adaptivenoisescheme=''2''", "smoothingscheme=''2''", "tabu='17'", "DLSmaxinc='12'", "DLSpflat='0.17184162762407656'"], "cpu_time": 63.704, "wallclock_time": 105.44051909446716, "evaluations": 21}
{"cost": 0.01166666666666667, "total_cpu_time": null, "incumbent": ["adaptive=''0''", "clausepen=''2''", "performrandomwalk=''1''", "singleclause=''1''", "tabusearch=''1''", "CONadaptwalkprob=''0''", "c='0.0001536835017288713'", "heuristic=''9''", "promisinglist=''1''", "randomwalk=''4''", "s='0.0047718306838419565'", "tabu='8'", "adaptiveprom=''0''", "decreasingvariable=''11''", "rfp='0.1405149040294057'", "updateschemepromlist=''3''", "wpwalk='0.6956235666207716'", "CONadaptpromwalkprob=''0''", "promnovnoise='0.16543923587502485'", "CONpromwp='0.16748476544107493'"], "cpu_time": 65.384, "wallclock_time": 113.36067771911621, "evaluations": 33}
{"cost": 0.0030769230769230765, "total_cpu_time": null, "incumbent": ["adaptive=''0''", "clausepen=''1''", "performrandomwalk=''0''", "singleclause=''1''", "tabusearch=''0''", "CONadaptwalkprob=''0''", "c='0.0011592226045316792'", "heuristic=''9''", "promisinglist=''0''", "ps='0.6210158254424181'", "s='0.08854556080735838'", "selectclause=''7''", "smoothingscheme=''2''", "wpwalk='0.21535042492437106'"], "cpu_time": 65.90400000000008, "wallclock_time": 120.4681179523468, "evaluations": 46}
{"cost": 0.0022448979591836735, "total_cpu_time": null, "incumbent": ["adaptive=''1''", "clausepen=''2''", "performrandomwalk=''1''", "singleclause=''0''", "tabusearch=''0''", "DLSscoringmeasure=''3''", "DLStiebreaking=''3''", "adaptivenoisescheme=''1''", "randomwalk=''1''", "rwp='0.11006619688700722'"], "cpu_time": 66.34400000000005, "wallclock_time": 128.04270267486572, "evaluations": 60}
{"cost": 0.0019085872576177297, "total_cpu_time": null, "incumbent": ["adaptive=''1''", "clausepen=''1''", "performrandomwalk=''1''", "singleclause=''0''", "tabusearch=''0''", "DLSscoringmeasure=''1''", "DLStiebreaking=''4''", "adaptivenoisescheme=''2''", "randomwalk=''5''", "smoothingscheme=''1''", "DLSalpha='1.3210351181687354'", "DLSrho='0.6042454902007601'", "DLSsapsthresh='-0.19273548139667576'", "DLSwp='0.04629858001047629'", "rfp='0.10120101875863566'"], "cpu_time": 1915.508000000001, "wallclock_time": 3045.500921010971, "evaluations": 696}
