"CPU Time Used","Estimated Training Performance","Wallclock Time","Incumbent ID","Automatic Configurator (CPU) Time","Configuration..."
0.000000, 2147483648.000000, 0.001442, 1, 0.001442, adaptive=''1'', clausepen=''1'', performrandomwalk=''0'', singleclause=''1'', tabusearch=''0'', adaptivenoisescheme=''1'', adaptwalkprob=''0'', heuristic=''2'', promisinglist=''1'', ps='0.4', selectclause=''1'', smoothingscheme=''1'', adaptiveprom=''0'', decreasingvariable=''3'', performalternatenovelty=''1'', phi='5', theta='6', updateschemepromlist=''3'', wp='0.01', CONadaptpromwalkprob=''0''
5.000000, 50.000000, 7.634397, 1, 2.634397, adaptive=''1'', clausepen=''1'', performrandomwalk=''0'', singleclause=''1'', tabusearch=''0'', adaptivenoisescheme=''1'', adaptwalkprob=''0'', heuristic=''2'', promisinglist=''1'', ps='0.4', selectclause=''1'', smoothingscheme=''1'', adaptiveprom=''0'', decreasingvariable=''3'', performalternatenovelty=''1'', phi='5', theta='6', updateschemepromlist=''3'', wp='0.01', CONadaptpromwalkprob=''0''
63.704000, 0.454545, 105.440519, 2, 41.736519, adaptive=''1'', clausepen=''1'', performrandomwalk=''0'', singleclause=''0'', tabusearch=''1'', DLSscoringmeasure=''2'', DLStiebreaking=''3'', adaptivenoisescheme=''2'', smoothingscheme=''2'', tabu='17', DLSmaxinc='12', DLSpflat='0.17184162762407656'
65.384000, 0.011667, 113.360678, 3, 47.976678, adaptive=''0'', clausepen=''2'', performrandomwalk=''1'', singleclause=''1'', tabusearch=''1'', CONadaptwalkprob=''0'', c='0.0001536835017288713', heuristic=''9'', promisinglist=''1'', randomwalk=''4'', s='0.0047718306838419565', tabu='8', adaptiveprom=''0'', decreasingvariable=''11'', rfp='0.1405149040294057', updateschemepromlist=''3'', wpwalk='0.6956235666207716', CONadaptpromwalkprob=''0'', promnovnoise='0.16543923587502485', CONpromwp='0.16748476544107493'
65.904000, 0.003077, 120.468118, 4, 54.564118, adaptive=''0'', clausepen=''1'', performrandomwalk=''0'', singleclause=''1'', tabusearch=''0'', CONadaptwalkprob=''0'', c='0.0011592226045316792', heuristic=''9'', promisinglist=''0'', ps='0.6210158254424181', s='0.08854556080735838', selectclause=''7'', smoothingscheme=''2'', wpwalk='0.21535042492437106'
66.344000, 0.002245, 128.042703, 5, 61.698703, adaptive=''1'', clausepen=''2'', performrandomwalk=''1'', singleclause=''0'', tabusearch=''0'', DLSscoringmeasure=''3'', DLStiebreaking=''3'', adaptivenoisescheme=''1'', randomwalk=''1'', rwp='0.11006619688700722'
1915.508000, 0.001909, 3045.500921, 29, 1129.992921, adaptive=''1'', clausepen=''1'', performrandomwalk=''1'', singleclause=''0'', tabusearch=''0'', DLSscoringmeasure=''1'', DLStiebreaking=''4'', adaptivenoisescheme=''2'', randomwalk=''5'', smoothingscheme=''1'', DLSalpha='1.3210351181687354', DLSrho='0.6042454902007601', DLSsapsthresh='-0.19273548139667576', DLSwp='0.04629858001047629', rfp='0.10120101875863566'
