{"configs": {"1": {"promisinglist": "1", "adaptive": "1", "singleclause": "1", "tabusearch": "0", "updateschemepromlist": "3", "wp": 0.01, "theta": 6, "decreasingvariable": "3", "phi": 5, "selectclause": "1", "ps": 0.4, "performrandomwalk": "0", "adaptivenoisescheme": "1", "clausepen": "1", "adaptwalkprob": "0", "heuristic": "2", "performalternatenovelty": "1", "CONadaptpromwalkprob": "0", "smoothingscheme": "1", "adaptiveprom": "0"}}, "data": [[[1, "instances/sat/data/CBMC/CBMC_LIN_S4/cbmc_binsearch-sat-lin.c_a256_s4_satelite.cnf", 1797920144], [1.352, 1.352, {"__enum__": "StatusType.SUCCESS"}, {}]], [[1, "instances/sat/data/CBMC/CBMC_LIN_S4/cbmc_binsearch-sat-lin.c_a2_s4_satelite.cnf", 12345], [0.872, 0.872, {"__enum__": "StatusType.SUCCESS"}, {}]], [[1, "instances/sat/data/CBMC/CBMC_LIN_S4/cbmc_binsearch-sat-lin.c_a3_s4_satelite.cnf", 12345], [0.868, 0.868, {"__enum__": "StatusType.SUCCESS"}, {}]], [[1, "instances/sat/data/CBMC/CBMC_LIN_S4/cbmc_binsearch-sat-lin.c_a5_s4_satelite.cnf", 12345], [0.876, 0.876, {"__enum__": "StatusType.SUCCESS"}, {}]], [[1, "instances/sat/data/CBMC/CBMC_LIN_S4/cbmc_binsearch-sat-lin.c_a6_s4_satelite.cnf", 12345], [0.868, 0.868, {"__enum__": "StatusType.SUCCESS"}, {}]], [[1, "instances/sat/data/CBMC/CBMC_LIN_S4/cbmc_binsearch-sat-lin.c_a9_s4_satelite.cnf", 12345], [0.86, 0.86, {"__enum__": "StatusType.SUCCESS"}, {}]], [[1, "instances/sat/data/CBMC/CBMC_LIN_S4/cbmc_binsearch-sat-lin.c_a17_s4_satelite.cnf", 12345], [0.868, 0.868, {"__enum__": "StatusType.SUCCESS"}, {}]], [[1, "instances/sat/data/CBMC/CBMC_LIN_S4/cbmc_binsearch-sat-lin.c_a19_s4_satelite.cnf", 12345], [0.856, 0.856, {"__enum__": "StatusType.SUCCESS"}, {}]], [[1, "instances/sat/data/CBMC/CBMC_LIN_S4/cbmc_binsearch-sat-lin.c_a21_s4_satelite.cnf", 12345], [0.856, 0.856, {"__enum__": "StatusType.SUCCESS"}, {}]], [[1, "instances/sat/data/CBMC/CBMC_LIN_S4/cbmc_binsearch-sat-lin.c_a22_s4_satelite.cnf", 12345], [0.864, 0.864, {"__enum__": "StatusType.SUCCESS"}, {}]], [[1, "instances/sat/data/CBMC/CBMC_LIN_S4/cbmc_binsearch-sat-lin.c_a24_s4_satelite.cnf", 12345], [0.872, 0.872, {"__enum__": "StatusType.SUCCESS"}, {}]], [[1, "instances/sat/data/CBMC/CBMC_LIN_S4/cbmc_binsearch-sat-lin.c_a25_s4_satelite.cnf", 12345], [0.876, 0.876, {"__enum__": "StatusType.SUCCESS"}, {}]], [[1, "instances/sat/data/CBMC/CBMC_LIN_S4/cbmc_binsearch-sat-lin.c_a26_s4_satelite.cnf", 12345], [0.872, 0.872, {"__enum__": "StatusType.SUCCESS"}, {}]], [[1, "instances/sat/data/CBMC/CBMC_LIN_S4/cbmc_binsearch-sat-lin.c_a29_s4_satelite.cnf", 12345], [0.86, 0.86, {"__enum__": "StatusType.SUCCESS"}, {}]], [[1, "instances/sat/data/CBMC/CBMC_LIN_S4/cbmc_binsearch-sat-lin.c_a31_s4_satelite.cnf", 12345], [0.868, 0.868, {"__enum__": "StatusType.SUCCESS"}, {}]], [[1, "instances/sat/data/CBMC/CBMC_LIN_S4/cbmc_binsearch-sat-lin.c_a33_s4_satelite.cnf", 12345], [0.864, 0.864, {"__enum__": "StatusType.SUCCESS"}, {}]], [[1, "instances/sat/data/CBMC/CBMC_LIN_S4/cbmc_binsearch-sat-lin.c_a34_s4_satelite.cnf", 12345], [0.856, 0.856, {"__enum__": "StatusType.SUCCESS"}, {}]], [[1, "instances/sat/data/CBMC/CBMC_LIN_S4/cbmc_binsearch-sat-lin.c_a35_s4_satelite.cnf", 12345], [0.872, 0.872, {"__enum__": "StatusType.SUCCESS"}, {}]], [[1, "instances/sat/data/CBMC/CBMC_LIN_S4/cbmc_binsearch-sat-lin.c_a37_s4_satelite.cnf", 12345], [0.86, 0.86, {"__enum__": "StatusType.SUCCESS"}, {}]], [[1, "instances/sat/data/CBMC/CBMC_LIN_S4/cbmc_binsearch-sat-lin.c_a38_s4_satelite.cnf", 12345], [0.86, 0.86, {"__enum__": "StatusType.SUCCESS"}, {}]], [[1, "instances/sat/data/CBMC/CBMC_LIN_S4/cbmc_binsearch-sat-lin.c_a40_s4_satelite.cnf", 12345], [0.86, 0.86, {"__enum__": "StatusType.SUCCESS"}, {}]], [[1, "instances/sat/data/CBMC/CBMC_LIN_S4/cbmc_binsearch-sat-lin.c_a41_s4_satelite.cnf", 12345], [0.876, 0.876, {"__enum__": "StatusType.SUCCESS"}, {}]], [[1, "instances/sat/data/CBMC/CBMC_LIN_S4/cbmc_binsearch-sat-lin.c_a48_s4_satelite.cnf", 12345], [0.872, 0.872, {"__enum__": "StatusType.SUCCESS"}, {}]], [[1, "instances/sat/data/CBMC/CBMC_LIN_S4/cbmc_binsearch-sat-lin.c_a51_s4_satelite.cnf", 12345], [0.872, 0.872, {"__enum__": "StatusType.SUCCESS"}, {}]], [[1, "instances/sat/data/CBMC/CBMC_LIN_S4/cbmc_binsearch-sat-lin.c_a54_s4_satelite.cnf", 12345], [0.876, 0.876, {"__enum__": "StatusType.SUCCESS"}, {}]], [[1, "instances/sat/data/CBMC/CBMC_LIN_S4/cbmc_binsearch-sat-lin.c_a56_s4_satelite.cnf", 12345], [0.872, 0.872, {"__enum__": "StatusType.SUCCESS"}, {}]], [[1, "instances/sat/data/CBMC/CBMC_LIN_S4/cbmc_binsearch-sat-lin.c_a59_s4_satelite.cnf", 12345], [0.872, 0.872, {"__enum__": "StatusType.SUCCESS"}, {}]], [[1, "instances/sat/data/CBMC/CBMC_LIN_S4/cbmc_binsearch-sat-lin.c_a60_s4_satelite.cnf", 12345], [0.86, 0.86, {"__enum__": "StatusType.SUCCESS"}, {}]], [[1, "instances/sat/data/CBMC/CBMC_LIN_S4/cbmc_binsearch-sat-lin.c_a62_s4_satelite.cnf", 12345], [0.872, 0.872, {"__enum__": "StatusType.SUCCESS"}, {}]], [[1, "instances/sat/data/CBMC/CBMC_LIN_S4/cbmc_binsearch-sat-lin.c_a66_s4_satelite.cnf", 12345], [0.872, 0.872, {"__enum__": "StatusType.SUCCESS"}, {}]], [[1, "instances/sat/data/CBMC/CBMC_LIN_S4/cbmc_binsearch-sat-lin.c_a67_s4_satelite.cnf", 12345], [0.872, 0.872, {"__enum__": "StatusType.SUCCESS"}, {}]], [[1, "instances/sat/data/CBMC/CBMC_LIN_S4/cbmc_binsearch-sat-lin.c_a68_s4_satelite.cnf", 12345], [0.88, 0.88, {"__enum__": "StatusType.SUCCESS"}, {}]], [[1, "instances/sat/data/CBMC/CBMC_LIN_S4/cbmc_binsearch-sat-lin.c_a70_s4_satelite.cnf", 12345], [0.872, 0.872, {"__enum__": "StatusType.SUCCESS"}, {}]], [[1, "instances/sat/data/CBMC/CBMC_LIN_S4/cbmc_binsearch-sat-lin.c_a81_s4_satelite.cnf", 12345], [0.868, 0.868, {"__enum__": "StatusType.SUCCESS"}, {}]], [[1, "instances/sat/data/CBMC/CBMC_LIN_S4/cbmc_binsearch-sat-lin.c_a82_s4_satelite.cnf", 12345], [0.86, 0.86, {"__enum__": "StatusType.SUCCESS"}, {}]], [[1, "instances/sat/data/CBMC/CBMC_LIN_S4/cbmc_binsearch-sat-lin.c_a84_s4_satelite.cnf", 12345], [0.868, 0.868, {"__enum__": "StatusType.SUCCESS"}, {}]], [[1, "instances/sat/data/CBMC/CBMC_LIN_S4/cbmc_binsearch-sat-lin.c_a85_s4_satelite.cnf", 12345], [0.856, 0.856, {"__enum__": "StatusType.SUCCESS"}, {}]], [[1, "instances/sat/data/CBMC/CBMC_LIN_S4/cbmc_binsearch-sat-lin.c_a86_s4_satelite.cnf", 12345], [0.86, 0.86, {"__enum__": "StatusType.SUCCESS"}, {}]], [[1, "instances/sat/data/CBMC/CBMC_LIN_S4/cbmc_binsearch-sat-lin.c_a87_s4_satelite.cnf", 12345], [0.872, 0.872, {"__enum__": "StatusType.SUCCESS"}, {}]], [[1, "instances/sat/data/CBMC/CBMC_LIN_S4/cbmc_binsearch-sat-lin.c_a88_s4_satelite.cnf", 12345], [0.864, 0.864, {"__enum__": "StatusType.SUCCESS"}, {}]], [[1, "instances/sat/data/CBMC/CBMC_LIN_S4/cbmc_binsearch-sat-lin.c_a90_s4_satelite.cnf", 12345], [0.864, 0.864, {"__enum__": "StatusType.SUCCESS"}, {}]], [[1, "instances/sat/data/CBMC/CBMC_LIN_S4/cbmc_binsearch-sat-lin.c_a93_s4_satelite.cnf", 12345], [0.86, 0.86, {"__enum__": "StatusType.SUCCESS"}, {}]], [[1, "instances/sat/data/CBMC/CBMC_LIN_S4/cbmc_binsearch-sat-lin.c_a94_s4_satelite.cnf", 12345], [0.86, 0.86, {"__enum__": "StatusType.SUCCESS"}, {}]], [[1, "instances/sat/data/CBMC/CBMC_LIN_S4/cbmc_binsearch-sat-lin.c_a95_s4_satelite.cnf", 12345], [0.868, 0.868, {"__enum__": "StatusType.SUCCESS"}, {}]], [[1, "instances/sat/data/CBMC/CBMC_LIN_S4/cbmc_binsearch-sat-lin.c_a96_s4_satelite.cnf", 12345], [0.86, 0.86, {"__enum__": "StatusType.SUCCESS"}, {}]], [[1, "instances/sat/data/CBMC/CBMC_LIN_S4/cbmc_binsearch-sat-lin.c_a100_s4_satelite.cnf", 12345], [0.856, 0.856, {"__enum__": "StatusType.SUCCESS"}, {}]], [[1, "instances/sat/data/CBMC/CBMC_LIN_S4/cbmc_binsearch-sat-lin.c_a102_s4_satelite.cnf", 12345], [0.872, 0.872, {"__enum__": "StatusType.SUCCESS"}, {}]], [[1, "instances/sat/data/CBMC/CBMC_LIN_S4/cbmc_binsearch-sat-lin.c_a104_s4_satelite.cnf", 12345], [0.868, 0.868, {"__enum__": "StatusType.SUCCESS"}, {}]], [[1, "instances/sat/data/CBMC/CBMC_LIN_S4/cbmc_binsearch-sat-lin.c_a105_s4_satelite.cnf", 12345], [0.872, 0.872, {"__enum__": "StatusType.SUCCESS"}, {}]], [[1, "instances/sat/data/CBMC/CBMC_LIN_S4/cbmc_binsearch-sat-lin.c_a111_s4_satelite.cnf", 12345], [0.856, 0.856, {"__enum__": "StatusType.SUCCESS"}, {}]], [[1, "instances/sat/data/CBMC/CBMC_LIN_S4/cbmc_binsearch-sat-lin.c_a112_s4_satelite.cnf", 12345], [0.868, 0.868, {"__enum__": "StatusType.SUCCESS"}, {}]], [[1, "instances/sat/data/CBMC/CBMC_LIN_S4/cbmc_binsearch-sat-lin.c_a115_s4_satelite.cnf", 12345], [0.872, 0.872, {"__enum__": "StatusType.SUCCESS"}, {}]], [[1, "instances/sat/data/CBMC/CBMC_LIN_S4/cbmc_binsearch-sat-lin.c_a118_s4_satelite.cnf", 12345], [0.868, 0.868, {"__enum__": "StatusType.SUCCESS"}, {}]], [[1, "instances/sat/data/CBMC/CBMC_LIN_S4/cbmc_binsearch-sat-lin.c_a119_s4_satelite.cnf", 12345], [0.864, 0.864, {"__enum__": "StatusType.SUCCESS"}, {}]], [[1, "instances/sat/data/CBMC/CBMC_LIN_S4/cbmc_binsearch-sat-lin.c_a120_s4_satelite.cnf", 12345], [0.884, 0.884, {"__enum__": "StatusType.SUCCESS"}, {}]], [[1, "instances/sat/data/CBMC/CBMC_LIN_S4/cbmc_binsearch-sat-lin.c_a122_s4_satelite.cnf", 12345], [0.872, 0.872, {"__enum__": "StatusType.SUCCESS"}, {}]], [[1, "instances/sat/data/CBMC/CBMC_LIN_S4/cbmc_binsearch-sat-lin.c_a123_s4_satelite.cnf", 12345], [0.86, 0.86, {"__enum__": "StatusType.SUCCESS"}, {}]], [[1, "instances/sat/data/CBMC/CBMC_LIN_S4/cbmc_binsearch-sat-lin.c_a125_s4_satelite.cnf", 12345], [0.868, 0.868, {"__enum__": "StatusType.SUCCESS"}, {}]], [[1, "instances/sat/data/CBMC/CBMC_LIN_S4/cbmc_binsearch-sat-lin.c_a126_s4_satelite.cnf", 12345], [0.868, 0.868, {"__enum__": "StatusType.SUCCESS"}, {}]], [[1, "instances/sat/data/CBMC/CBMC_LIN_S4/cbmc_binsearch-sat-lin.c_a128_s4_satelite.cnf", 12345], [0.86, 0.86, {"__enum__": "StatusType.SUCCESS"}, {}]], [[1, "instances/sat/data/CBMC/CBMC_LIN_S4/cbmc_binsearch-sat-lin.c_a131_s4_satelite.cnf", 12345], [0.872, 0.872, {"__enum__": "StatusType.SUCCESS"}, {}]], [[1, "instances/sat/data/CBMC/CBMC_LIN_S4/cbmc_binsearch-sat-lin.c_a132_s4_satelite.cnf", 12345], [0.872, 0.872, {"__enum__": "StatusType.SUCCESS"}, {}]], [[1, "instances/sat/data/CBMC/CBMC_LIN_S4/cbmc_binsearch-sat-lin.c_a135_s4_satelite.cnf", 12345], [0.872, 0.872, {"__enum__": "StatusType.SUCCESS"}, {}]], [[1, "instances/sat/data/CBMC/CBMC_LIN_S4/cbmc_binsearch-sat-lin.c_a136_s4_satelite.cnf", 12345], [0.868, 0.868, {"__enum__": "StatusType.SUCCESS"}, {}]], [[1, "instances/sat/data/CBMC/CBMC_LIN_S4/cbmc_binsearch-sat-lin.c_a143_s4_satelite.cnf", 12345], [0.86, 0.86, {"__enum__": "StatusType.SUCCESS"}, {}]], [[1, "instances/sat/data/CBMC/CBMC_LIN_S4/cbmc_binsearch-sat-lin.c_a145_s4_satelite.cnf", 12345], [0.868, 0.868, {"__enum__": "StatusType.SUCCESS"}, {}]], [[1, "instances/sat/data/CBMC/CBMC_LIN_S4/cbmc_binsearch-sat-lin.c_a146_s4_satelite.cnf", 12345], [0.872, 0.872, {"__enum__": "StatusType.SUCCESS"}, {}]], [[1, "instances/sat/data/CBMC/CBMC_LIN_S4/cbmc_binsearch-sat-lin.c_a147_s4_satelite.cnf", 12345], [0.876, 0.876, {"__enum__": "StatusType.SUCCESS"}, {}]], [[1, "instances/sat/data/CBMC/CBMC_LIN_S4/cbmc_binsearch-sat-lin.c_a148_s4_satelite.cnf", 12345], [0.872, 0.872, {"__enum__": "StatusType.SUCCESS"}, {}]], [[1, "instances/sat/data/CBMC/CBMC_LIN_S4/cbmc_binsearch-sat-lin.c_a149_s4_satelite.cnf", 12345], [0.868, 0.868, {"__enum__": "StatusType.SUCCESS"}, {}]], [[1, "instances/sat/data/CBMC/CBMC_LIN_S4/cbmc_binsearch-sat-lin.c_a150_s4_satelite.cnf", 12345], [0.872, 0.872, {"__enum__": "StatusType.SUCCESS"}, {}]], [[1, "instances/sat/data/CBMC/CBMC_LIN_S4/cbmc_binsearch-sat-lin.c_a152_s4_satelite.cnf", 12345], [0.864, 0.864, {"__enum__": "StatusType.SUCCESS"}, {}]], [[1, "instances/sat/data/CBMC/CBMC_LIN_S4/cbmc_binsearch-sat-lin.c_a153_s4_satelite.cnf", 12345], [0.872, 0.872, {"__enum__": "StatusType.SUCCESS"}, {}]], [[1, "instances/sat/data/CBMC/CBMC_LIN_S4/cbmc_binsearch-sat-lin.c_a155_s4_satelite.cnf", 12345], [0.86, 0.86, {"__enum__": "StatusType.SUCCESS"}, {}]], [[1, "instances/sat/data/CBMC/CBMC_LIN_S4/cbmc_binsearch-sat-lin.c_a156_s4_satelite.cnf", 12345], [0.868, 0.868, {"__enum__": "StatusType.SUCCESS"}, {}]]]}