"CPU Time Used","Estimated Training Performance","Wallclock Time","Incumbent ID","Automatic Configurator (CPU) Time","Configuration..."
0.000000, 2147483648.000000, 0.000871, 1, 0.000871, sp-clause-activity-inc='1.0', sp-clause-decay='1.4', sp-clause-del-heur=''2'', sp-first-restart='100', sp-learned-clause-sort-heur=''0'', sp-learned-clauses-inc='1.3', sp-learned-size-factor='0.4', sp-orig-clause-sort-heur=''0'', sp-phase-dec-heur=''5'', sp-rand-var-dec-freq=''0.001'', sp-resolution=''1'', sp-restart-inc='1.5', sp-update-dec-queue=''1'', sp-use-pure-literal-rule=''1'', sp-var-activity-inc='1.0', sp-var-dec-heur=''0'', sp-variable-decay='1.4', sp-max-res-lit-inc='1.0', sp-max-res-runs='4', sp-rand-phase-dec-freq=''0.001'', sp-rand-var-dec-scaling='1.0', sp-res-cutoff-cls='8', sp-res-cutoff-lits='400', sp-res-order-heur=''0'', sp-rand-phase-scaling='1.0'
0.012000, 0.012000, 0.193211, 1, 0.181211, sp-clause-activity-inc='1.0', sp-clause-decay='1.4', sp-clause-del-heur=''2'', sp-first-restart='100', sp-learned-clause-sort-heur=''0'', sp-learned-clauses-inc='1.3', sp-learned-size-factor='0.4', sp-orig-clause-sort-heur=''0'', sp-phase-dec-heur=''5'', sp-rand-var-dec-freq=''0.001'', sp-resolution=''1'', sp-restart-inc='1.5', sp-update-dec-queue=''1'', sp-use-pure-literal-rule=''1'', sp-var-activity-inc='1.0', sp-var-dec-heur=''0'', sp-variable-decay='1.4', sp-max-res-lit-inc='1.0', sp-max-res-runs='4', sp-rand-phase-dec-freq=''0.001'', sp-rand-var-dec-scaling='1.0', sp-res-cutoff-cls='8', sp-res-cutoff-lits='400', sp-res-order-heur=''0'', sp-rand-phase-scaling='1.0'
247.204000, 0.063951, 496.205485, 9, 249.001485, sp-clause-activity-inc='1.223164437985171', sp-clause-decay='1.1104000716271318', sp-clause-del-heur=''1'', sp-first-restart='94', sp-learned-clause-sort-heur=''4'', sp-learned-clauses-inc='1.4033758666977794', sp-learned-size-factor='1.5035923249477354', sp-orig-clause-sort-heur=''1'', sp-phase-dec-heur=''5'', sp-rand-var-dec-freq=''0'', sp-resolution=''0'', sp-restart-inc='1.4715539722727127', sp-update-dec-queue=''0'', sp-use-pure-literal-rule=''0'', sp-var-activity-inc='1.1344071565097789', sp-var-dec-heur=''0'', sp-variable-decay='1.5561825181609994', sp-rand-phase-dec-freq=''0''
300.880000, 0.060280, 690.007680, 11, 389.127680, sp-clause-activity-inc='1.2060479452042416', sp-clause-decay='1.6220971703481362', sp-clause-del-heur=''0'', sp-first-restart='96', sp-learned-clause-sort-heur=''10'', sp-learned-clauses-inc='1.20472559243151', sp-learned-size-factor='0.7732862452352441', sp-orig-clause-sort-heur=''0'', sp-phase-dec-heur=''1'', sp-rand-var-dec-freq=''0.01'', sp-resolution=''1'', sp-restart-inc='1.3622276144972223', sp-update-dec-queue=''1'', sp-use-pure-literal-rule=''1'', sp-var-activity-inc='0.7970882955674397', sp-var-dec-heur=''0'', sp-variable-decay='1.3240938200711132', sp-max-res-lit-inc='0.5404440753780719', sp-max-res-runs='2', sp-rand-phase-dec-freq=''0.001'', sp-rand-var-dec-scaling='1.0403716802377236', sp-res-cutoff-cls='10', sp-res-cutoff-lits='1257', sp-res-order-heur=''9'', sp-rand-phase-scaling='0.7788153371009001'
320.080000, 0.043537, 790.718973, 12, 470.638973, sp-clause-activity-inc='0.8719685720592727', sp-clause-decay='1.5271713762484425', sp-clause-del-heur=''1'', sp-first-restart='82', sp-learned-clause-sort-heur=''2'', sp-learned-clauses-inc='1.20472559243151', sp-learned-size-factor='1.353918464015321', sp-orig-clause-sort-heur=''1'', sp-phase-dec-heur=''5'', sp-rand-var-dec-freq=''0'', sp-resolution=''1'', sp-restart-inc='1.3389858770026677', sp-update-dec-queue=''0'', sp-use-pure-literal-rule=''1'', sp-var-activity-inc='1.0460444236447017', sp-var-dec-heur=''0'', sp-variable-decay='1.3240938200711132', sp-max-res-lit-inc='0.5404440753780719', sp-max-res-runs='12', sp-rand-phase-dec-freq=''0.0001'', sp-res-cutoff-cls='10', sp-res-cutoff-lits='1257', sp-res-order-heur=''13'', sp-rand-phase-scaling='0.8923886580822966'
369.736000, 0.037369, 998.184054, 14, 628.448054, sp-clause-activity-inc='1.3943306328413414', sp-clause-decay='1.215664500607862', sp-clause-del-heur=''1'', sp-first-restart='100', sp-learned-clause-sort-heur=''1'', sp-learned-clauses-inc='1.3', sp-learned-size-factor='0.39999999999999997', sp-orig-clause-sort-heur=''12'', sp-phase-dec-heur=''6'', sp-rand-var-dec-freq=''0.01'', sp-resolution=''1'', sp-restart-inc='1.2800608172057735', sp-update-dec-queue=''1'', sp-use-pure-literal-rule=''1'', sp-var-activity-inc='1.0', sp-var-dec-heur=''0'', sp-variable-decay='1.7014598616241903', sp-max-res-lit-inc='1.0', sp-max-res-runs='26', sp-rand-phase-dec-freq=''0.005'', sp-rand-var-dec-scaling='0.711439817078859', sp-res-cutoff-cls='8', sp-res-cutoff-lits='1126', sp-res-order-heur=''0'', sp-rand-phase-scaling='0.6704321851688815'
387.512000, 0.030861, 1081.318504, 15, 693.806504, sp-clause-activity-inc='1.1579408946443763', sp-clause-decay='1.2876262134402998', sp-clause-del-heur=''1'', sp-first-restart='103', sp-learned-clause-sort-heur=''19'', sp-learned-clauses-inc='1.3229781775612126', sp-learned-size-factor='0.8636888626766256', sp-orig-clause-sort-heur=''1'', sp-phase-dec-heur=''1'', sp-rand-var-dec-freq=''0.01'', sp-resolution=''1'', sp-restart-inc='1.2196599095078713', sp-update-dec-queue=''0'', sp-use-pure-literal-rule=''0'', sp-var-activity-inc='0.764239767143669', sp-var-dec-heur=''6'', sp-variable-decay='1.7466094976288624', sp-clause-inversion=''1'', sp-max-res-lit-inc='1.0', sp-max-res-runs='8', sp-rand-phase-dec-freq=''0.005'', sp-rand-var-dec-scaling='1.0', sp-res-cutoff-cls='17', sp-res-cutoff-lits='400', sp-res-order-heur=''0'', sp-rand-phase-scaling='1.0'
433.024000, 0.029154, 1305.867387, 17, 872.843387, sp-clause-activity-inc='0.8856573421921405', sp-clause-decay='1.1269144549001304', sp-clause-del-heur=''2'', sp-first-restart='89', sp-learned-clause-sort-heur=''19'', sp-learned-clauses-inc='1.3', sp-learned-size-factor='1.5580382184121038', sp-orig-clause-sort-heur=''2'', sp-phase-dec-heur=''5'', sp-rand-var-dec-freq=''0.01'', sp-resolution=''1'', sp-restart-inc='1.5053996137230843', sp-update-dec-queue=''0'', sp-use-pure-literal-rule=''1'', sp-var-activity-inc='0.7517726494570589', sp-var-dec-heur=''5'', sp-variable-decay='1.2966647449007385', sp-clause-inversion=''1'', sp-max-res-lit-inc='1.0', sp-max-res-runs='7', sp-rand-phase-dec-freq=''0'', sp-rand-var-dec-scaling='1.0', sp-res-cutoff-cls='8', sp-res-cutoff-lits='1176', sp-res-order-heur=''0''
631.460000, 0.025823, 2036.864994, 22, 1405.404994, sp-clause-activity-inc='0.8280588146120492', sp-clause-decay='1.1357745290883285', sp-clause-del-heur=''1'', sp-first-restart='91', sp-learned-clause-sort-heur=''2'', sp-learned-clauses-inc='1.1628493673616203', sp-learned-size-factor='1.0815668854859735', sp-orig-clause-sort-heur=''12'', sp-phase-dec-heur=''1'', sp-rand-var-dec-freq=''0.01'', sp-resolution=''1'', sp-restart-inc='1.2666113776714365', sp-update-dec-queue=''0'', sp-use-pure-literal-rule=''1'', sp-var-activity-inc='0.759945608124591', sp-var-dec-heur=''5'', sp-variable-decay='1.3143674079859846', sp-max-res-lit-inc='2.3148896983034213', sp-max-res-runs='10', sp-rand-phase-dec-freq=''0.001'', sp-rand-var-dec-scaling='0.8925908164698564', sp-res-cutoff-cls='15', sp-res-cutoff-lits='400', sp-res-order-heur=''19'', sp-rand-phase-scaling='1.0'
1195.776000, 0.021391, 3989.152624, 34, 2793.376624, sp-clause-activity-inc='1.129845427302163', sp-clause-decay='1.0922249113980327', sp-clause-del-heur=''2'', sp-first-restart='91', sp-learned-clause-sort-heur=''3'', sp-learned-clauses-inc='1.2534354783749704', sp-learned-size-factor='1.4033566511015119', sp-orig-clause-sort-heur=''0'', sp-phase-dec-heur=''6'', sp-rand-var-dec-freq=''0.005'', sp-resolution=''0'', sp-restart-inc='1.5430659393880835', sp-update-dec-queue=''0'', sp-use-pure-literal-rule=''0'', sp-var-activity-inc='0.5357485247931066', sp-var-dec-heur=''6'', sp-variable-decay='1.2195578280599524', sp-rand-phase-dec-freq=''0.005'', sp-rand-var-dec-scaling='1.0158720582413854', sp-rand-phase-scaling='0.9029629946634541'
1510.274000, 0.017068, 4942.838942, 40, 3432.564942, sp-clause-activity-inc='1.2097707565479487', sp-clause-decay='1.0865412685644267', sp-clause-del-heur=''1'', sp-first-restart='80', sp-learned-clause-sort-heur=''0'', sp-learned-clauses-inc='1.1356397886460194', sp-learned-size-factor='0.33457246159919435', sp-orig-clause-sort-heur=''0'', sp-phase-dec-heur=''6'', sp-rand-var-dec-freq=''0'', sp-resolution=''1'', sp-restart-inc='1.574168969765127', sp-update-dec-queue=''0'', sp-use-pure-literal-rule=''0'', sp-var-activity-inc='0.543463687921318', sp-var-dec-heur=''6'', sp-variable-decay='1.6450901827504332', sp-max-res-lit-inc='1.6745170637357256', sp-max-res-runs='12', sp-rand-phase-dec-freq=''0.005'', sp-res-cutoff-cls='9', sp-res-cutoff-lits='320', sp-res-order-heur=''12'', sp-rand-phase-scaling='1.015411152277342'
2021.786000, 0.015640, 6437.180811, 49, 4415.394811, sp-clause-activity-inc='1.141862562016911', sp-clause-decay='1.1367971147697964', sp-clause-del-heur=''0'', sp-first-restart='90', sp-learned-clause-sort-heur=''3'', sp-learned-clauses-inc='1.308395519412204', sp-learned-size-factor='1.4230240815648507', sp-orig-clause-sort-heur=''14'', sp-phase-dec-heur=''1'', sp-rand-var-dec-freq=''0.005'', sp-resolution=''0'', sp-restart-inc='1.578141260153512', sp-update-dec-queue=''0'', sp-use-pure-literal-rule=''1'', sp-var-activity-inc='1.1935197924296332', sp-var-dec-heur=''0'', sp-variable-decay='1.6639758321554452', sp-rand-phase-dec-freq=''0.0001'', sp-rand-var-dec-scaling='0.9563294826236366', sp-rand-phase-scaling='0.8263899570863404'
2074.126000, 0.015036, 6585.086848, 50, 4510.960848, sp-clause-activity-inc='0.9701298729391835', sp-clause-decay='1.1104000716271318', sp-clause-del-heur=''1'', sp-first-restart='79', sp-learned-clause-sort-heur=''3'', sp-learned-clauses-inc='1.3016334288428633', sp-learned-size-factor='0.32783199273181707', sp-orig-clause-sort-heur=''8'', sp-phase-dec-heur=''1'', sp-rand-var-dec-freq=''0'', sp-resolution=''2'', sp-restart-inc='1.518618461075247', sp-update-dec-queue=''1'', sp-use-pure-literal-rule=''0'', sp-var-activity-inc='1.0601723265667973', sp-var-dec-heur=''0'', sp-variable-decay='1.657466133174803', sp-max-res-lit-inc='1.0', sp-max-res-runs='4', sp-rand-phase-dec-freq=''0'', sp-res-cutoff-cls='20', sp-res-cutoff-lits='264', sp-res-order-heur=''13''
2382.866000, 0.014755, 7419.483426, 55, 5036.617426, sp-clause-activity-inc='0.7935745921561215', sp-clause-decay='1.0746392883064373', sp-clause-del-heur=''2'', sp-first-restart='80', sp-learned-clause-sort-heur=''3'', sp-learned-clauses-inc='1.3025235308582177', sp-learned-size-factor='1.4054859165713536', sp-orig-clause-sort-heur=''4'', sp-phase-dec-heur=''1'', sp-rand-var-dec-freq=''0'', sp-resolution=''0'', sp-restart-inc='1.8378537975495655', sp-update-dec-queue=''1'', sp-use-pure-literal-rule=''1'', sp-var-activity-inc='0.9945299558805433', sp-var-dec-heur=''6'', sp-variable-decay='1.6573436320926789', sp-rand-phase-dec-freq=''0.05'', sp-rand-phase-scaling='1.015411152277342'
2721.994000, 0.014153, 8242.744485, 60, 5520.750485, sp-clause-activity-inc='0.9840605737981757', sp-clause-decay='1.0540785985246415', sp-clause-del-heur=''1'', sp-first-restart='78', sp-learned-clause-sort-heur=''3'', sp-learned-clauses-inc='1.3115498010941378', sp-learned-size-factor='0.3323921477644483', sp-orig-clause-sort-heur=''4'', sp-phase-dec-heur=''1'', sp-rand-var-dec-freq=''0'', sp-resolution=''0'', sp-restart-inc='1.8908585348768177', sp-update-dec-queue=''1'', sp-use-pure-literal-rule=''0'', sp-var-activity-inc='0.8475387959831244', sp-var-dec-heur=''6'', sp-variable-decay='1.6464040932657031', sp-rand-phase-dec-freq=''0''
2781.054000, 0.012053, 8395.832635, 61, 5614.778635, sp-clause-activity-inc='1.1193133863780416', sp-clause-decay='1.0540785985246415', sp-clause-del-heur=''1'', sp-first-restart='101', sp-learned-clause-sort-heur=''3'', sp-learned-clauses-inc='1.3157054788645304', sp-learned-size-factor='1.3418501781115584', sp-orig-clause-sort-heur=''8'', sp-phase-dec-heur=''1'', sp-rand-var-dec-freq=''0.005'', sp-resolution=''0'', sp-restart-inc='1.8413980009975472', sp-update-dec-queue=''1'', sp-use-pure-literal-rule=''1'', sp-var-activity-inc='1.0866490450538409', sp-var-dec-heur=''0'', sp-variable-decay='1.620249424454064', sp-rand-phase-dec-freq=''0.005'', sp-rand-var-dec-scaling='1.0810466225367352', sp-rand-phase-scaling='0.769894980887822'
2905.350000, 0.011664, 8704.697648, 63, 5799.347648, sp-clause-activity-inc='1.1249944819440223', sp-clause-decay='1.4340002832076695', sp-clause-del-heur=''1'', sp-first-restart='144', sp-learned-clause-sort-heur=''3'', sp-learned-clauses-inc='1.3123678949072333', sp-learned-size-factor='0.2197842708216961', sp-orig-clause-sort-heur=''8'', sp-phase-dec-heur=''1'', sp-rand-var-dec-freq=''0.0001'', sp-resolution=''2'', sp-restart-inc='1.8033352130454432', sp-update-dec-queue=''1'', sp-use-pure-literal-rule=''1'', sp-var-activity-inc='1.00314345727327', sp-var-dec-heur=''0'', sp-variable-decay='1.6464040932657031', sp-max-res-lit-inc='1.0', sp-max-res-runs='4', sp-rand-phase-dec-freq=''0.005'', sp-rand-var-dec-scaling='1.0850816768271958', sp-res-cutoff-cls='16', sp-res-cutoff-lits='316', sp-res-order-heur=''6'', sp-rand-phase-scaling='1.0179845996250538'
3111.734000, 0.011184, 9187.400125, 66, 6075.666125, sp-clause-activity-inc='0.878653209775705', sp-clause-decay='1.0554752021305924', sp-clause-del-heur=''2'', sp-first-restart='79', sp-learned-clause-sort-heur=''0'', sp-learned-clauses-inc='1.3046991469859646', sp-learned-size-factor='1.351937870351709', sp-orig-clause-sort-heur=''8'', sp-phase-dec-heur=''1'', sp-rand-var-dec-freq=''0'', sp-resolution=''2'', sp-restart-inc='1.578109086070435', sp-update-dec-queue=''1'', sp-use-pure-literal-rule=''1'', sp-var-activity-inc='1.0733621425443782', sp-var-dec-heur=''0'', sp-variable-decay='1.6375302003726169', sp-max-res-lit-inc='2.0323677443848083', sp-max-res-runs='28', sp-rand-phase-dec-freq=''0'', sp-res-cutoff-cls='9', sp-res-cutoff-lits='340', sp-res-order-heur=''13''
3248.558000, 0.010993, 9530.678652, 68, 6282.120652, sp-clause-activity-inc='1.139203873843293', sp-clause-decay='1.0509243138551587', sp-clause-del-heur=''1'', sp-first-restart='78', sp-learned-clause-sort-heur=''3'', sp-learned-clauses-inc='1.3203767553107297', sp-learned-size-factor='1.334921679847179', sp-orig-clause-sort-heur=''4'', sp-phase-dec-heur=''1'', sp-rand-var-dec-freq=''0.01'', sp-resolution=''0'', sp-restart-inc='1.838841555222237', sp-update-dec-queue=''0'', sp-use-pure-literal-rule=''1'', sp-var-activity-inc='1.1510055869607216', sp-var-dec-heur=''0'', sp-variable-decay='1.6464040932657031', sp-rand-phase-dec-freq=''0.001'', sp-rand-var-dec-scaling='1.0288502995574975', sp-rand-phase-scaling='0.9636785218509882'
3607.044000, 0.010727, 10403.716367, 73, 6796.672367, sp-clause-activity-inc='0.8509580488965593', sp-clause-decay='1.0766518089024129', sp-clause-del-heur=''2'', sp-first-restart='76', sp-learned-clause-sort-heur=''3'', sp-learned-clauses-inc='1.30826243936313', sp-learned-size-factor='1.3308385387346522', sp-orig-clause-sort-heur=''8'', sp-phase-dec-heur=''1'', sp-rand-var-dec-freq=''0.01'', sp-resolution=''0'', sp-restart-inc='1.840994121730014', sp-update-dec-queue=''1'', sp-use-pure-literal-rule=''1'', sp-var-activity-inc='1.0554646670967376', sp-var-dec-heur=''0'', sp-variable-decay='1.657466133174803', sp-rand-phase-dec-freq=''0'', sp-rand-var-dec-scaling='1.0729285753162345'
3675.620000, 0.009954, 10565.412325, 74, 6889.792325, sp-clause-activity-inc='1.1080194440907905', sp-clause-decay='1.0361691154359456', sp-clause-del-heur=''1'', sp-first-restart='89', sp-learned-clause-sort-heur=''3'', sp-learned-clauses-inc='1.2581204274037183', sp-learned-size-factor='1.2491595504295199', sp-orig-clause-sort-heur=''4'', sp-phase-dec-heur=''1'', sp-rand-var-dec-freq=''0'', sp-resolution=''0'', sp-restart-inc='1.838841555222237', sp-update-dec-queue=''1'', sp-use-pure-literal-rule=''1'', sp-var-activity-inc='0.9757584360101895', sp-var-dec-heur=''0'', sp-variable-decay='1.6765797526423953', sp-rand-phase-dec-freq=''0''
3817.436000, 0.009739, 10902.106166, 76, 7084.670166, sp-clause-activity-inc='0.940271028991752', sp-clause-decay='1.0372917200953764', sp-clause-del-heur=''1'', sp-first-restart='89', sp-learned-clause-sort-heur=''3'', sp-learned-clauses-inc='1.325443480155185', sp-learned-size-factor='0.5300076005677617', sp-orig-clause-sort-heur=''8'', sp-phase-dec-heur=''1'', sp-rand-var-dec-freq=''0'', sp-resolution=''0'', sp-restart-inc='1.8391383418128042', sp-update-dec-queue=''1'', sp-use-pure-literal-rule=''1'', sp-var-activity-inc='1.3474137091168354', sp-var-dec-heur=''0'', sp-variable-decay='1.6538095070471215', sp-rand-phase-dec-freq=''0.001'', sp-rand-phase-scaling='1.0'
4706.068000, 0.009619, 12839.817154, 86, 8133.749154, sp-clause-activity-inc='1.130793306666423', sp-clause-decay='1.047307470202574', sp-clause-del-heur=''0'', sp-first-restart='89', sp-learned-clause-sort-heur=''3'', sp-learned-clauses-inc='1.3209595405196037', sp-learned-size-factor='0.3813249493331138', sp-orig-clause-sort-heur=''4'', sp-phase-dec-heur=''1'', sp-rand-var-dec-freq=''0'', sp-resolution=''0'', sp-restart-inc='1.8087597272007552', sp-update-dec-queue=''1'', sp-use-pure-literal-rule=''1'', sp-var-activity-inc='0.5820668164024382', sp-var-dec-heur=''0'', sp-variable-decay='1.6151623933109085', sp-rand-phase-dec-freq=''0.001'', sp-rand-phase-scaling='1.0495443021689084'
5361.602000, 0.008541, 14346.437820, 93, 8984.835820, sp-clause-activity-inc='1.1273796790435773', sp-clause-decay='1.0981342591220775', sp-clause-del-heur=''1'', sp-first-restart='79', sp-learned-clause-sort-heur=''3'', sp-learned-clauses-inc='1.315800846730604', sp-learned-size-factor='0.3561801864570644', sp-orig-clause-sort-heur=''8'', sp-phase-dec-heur=''1'', sp-rand-var-dec-freq=''0.005'', sp-resolution=''0'', sp-restart-inc='1.8931239181661959', sp-update-dec-queue=''1'', sp-use-pure-literal-rule=''0'', sp-var-activity-inc='1.074106133334763', sp-var-dec-heur=''5'', sp-variable-decay='1.6686562312932047', sp-rand-phase-dec-freq=''0'', sp-rand-var-dec-scaling='1.0838442066393525'
5553.354000, 0.008458, 14762.116043, 95, 9208.762043, sp-clause-activity-inc='0.8824095047886704', sp-clause-decay='1.1767998492025762', sp-clause-del-heur=''1'', sp-first-restart='79', sp-learned-clause-sort-heur=''3'', sp-learned-clauses-inc='1.315800846730604', sp-learned-size-factor='0.3757493993676276', sp-orig-clause-sort-heur=''4'', sp-phase-dec-heur=''1'', sp-rand-var-dec-freq=''0.005'', sp-resolution=''0'', sp-restart-inc='1.8405593565551994', sp-update-dec-queue=''1'', sp-use-pure-literal-rule=''1'', sp-var-activity-inc='1.03198233051697', sp-var-dec-heur=''5'', sp-variable-decay='1.6682534690816708', sp-rand-phase-dec-freq=''0'', sp-rand-var-dec-scaling='1.0838442066393525'
5874.678000, 0.008207, 15474.106384, 98, 9599.428384, sp-clause-activity-inc='0.7378445213274858', sp-clause-decay='1.025665629417599', sp-clause-del-heur=''1'', sp-first-restart='78', sp-learned-clause-sort-heur=''3'', sp-learned-clauses-inc='1.325958368670668', sp-learned-size-factor='0.3897000357056033', sp-orig-clause-sort-heur=''8'', sp-phase-dec-heur=''1'', sp-rand-var-dec-freq=''0.005'', sp-resolution=''0'', sp-restart-inc='1.870393371965685', sp-update-dec-queue=''0'', sp-use-pure-literal-rule=''0'', sp-var-activity-inc='1.3396320308049738', sp-var-dec-heur=''6'', sp-variable-decay='1.660719092573261', sp-rand-phase-dec-freq=''0.001'', sp-rand-var-dec-scaling='1.0589731805074272', sp-rand-phase-scaling='0.8480802827658449'
6278.078000, 0.008124, 16344.052165, 102, 10065.974165, sp-clause-activity-inc='0.8138332408158575', sp-clause-decay='1.0230684805196273', sp-clause-del-heur=''1'', sp-first-restart='52', sp-learned-clause-sort-heur=''3'', sp-learned-clauses-inc='1.3346012714045636', sp-learned-size-factor='0.2036487896582677', sp-orig-clause-sort-heur=''8'', sp-phase-dec-heur=''1'', sp-rand-var-dec-freq=''0.005'', sp-resolution=''0'', sp-restart-inc='1.8393701922033596', sp-update-dec-queue=''0'', sp-use-pure-literal-rule=''1'', sp-var-activity-inc='0.893376237334286', sp-var-dec-heur=''6'', sp-variable-decay='1.6122644846129621', sp-rand-phase-dec-freq=''0.001'', sp-rand-var-dec-scaling='1.0245929288824696', sp-rand-phase-scaling='0.7101993557393687'
6480.374000, 0.007575, 16766.113732, 104, 10285.739732, sp-clause-activity-inc='1.1473431859929974', sp-clause-decay='1.0009492639304114', sp-clause-del-heur=''1'', sp-first-restart='79', sp-learned-clause-sort-heur=''3'', sp-learned-clauses-inc='1.3204475913865696', sp-learned-size-factor='0.4116361318710919', sp-orig-clause-sort-heur=''4'', sp-phase-dec-heur=''1'', sp-rand-var-dec-freq=''0'', sp-resolution=''0'', sp-restart-inc='1.8414070303961252', sp-update-dec-queue=''1'', sp-use-pure-literal-rule=''0'', sp-var-activity-inc='1.1231577908442296', sp-var-dec-heur=''6'', sp-variable-decay='1.645268252096536', sp-rand-phase-dec-freq=''0''
7034.050000, 0.007471, 17877.862490, 109, 10843.812490, sp-clause-activity-inc='1.1302018745746643', sp-clause-decay='1.0509243138551587', sp-clause-del-heur=''1'', sp-first-restart='88', sp-learned-clause-sort-heur=''3'', sp-learned-clauses-inc='1.3188846177611353', sp-learned-size-factor='1.3768184813416509', sp-orig-clause-sort-heur=''4'', sp-phase-dec-heur=''1'', sp-rand-var-dec-freq=''0.01'', sp-resolution=''0'', sp-restart-inc='1.8619979430470999', sp-update-dec-queue=''1'', sp-use-pure-literal-rule=''1'', sp-var-activity-inc='1.314987985236634', sp-var-dec-heur=''6'', sp-variable-decay='1.6682699161910144', sp-rand-phase-dec-freq=''0'', sp-rand-var-dec-scaling='0.9876851459074929'
