{"total_cpu_time": null, "wallclock_time": 0.0008711814880371094, "incumbent": ["sp-clause-activity-inc='1.0'", "sp-clause-decay='1.4'", "sp-clause-del-heur=''2''", "sp-first-restart='100'", "sp-learned-clause-sort-heur=''0''", "sp-learned-clauses-inc='1.3'", "sp-learned-size-factor='0.4'", "sp-orig-clause-sort-heur=''0''", "sp-phase-dec-heur=''5''", "sp-rand-var-dec-freq=''0.001''", "sp-resolution=''1''", "sp-restart-inc='1.5'", "sp-update-dec-queue=''1''", "sp-use-pure-literal-rule=''1''", "sp-var-activity-inc='1.0'", "sp-var-dec-heur=''0''", "sp-variable-decay='1.4'", "sp-max-res-lit-inc='1.0'", "sp-max-res-runs='4'", "sp-rand-phase-dec-freq=''0.001''", "sp-rand-var-dec-scaling='1.0'", "sp-res-cutoff-cls='8'", "sp-res-cutoff-lits='400'", "sp-res-order-heur=''0''", "sp-rand-phase-scaling='1.0'"], "evaluations": 0, "cost": 2147483648, "cpu_time": 0}
{"total_cpu_time": null, "wallclock_time": 0.19321060180664062, "incumbent": ["sp-clause-activity-inc='1.0'", "sp-clause-decay='1.4'", "sp-clause-del-heur=''2''", "sp-first-restart='100'", "sp-learned-clause-sort-heur=''0''", "sp-learned-clauses-inc='1.3'", "sp-learned-size-factor='0.4'", "sp-orig-clause-sort-heur=''0''", "sp-phase-dec-heur=''5''", "sp-rand-var-dec-freq=''0.001''", "sp-resolution=''1''", "sp-restart-inc='1.5'", "sp-update-dec-queue=''1''", "sp-use-pure-literal-rule=''1''", "sp-var-activity-inc='1.0'", "sp-var-dec-heur=''0''", "sp-variable-decay='1.4'", "sp-max-res-lit-inc='1.0'", "sp-max-res-runs='4'", "sp-rand-phase-dec-freq=''0.001''", "sp-rand-var-dec-scaling='1.0'", "sp-res-cutoff-cls='8'", "sp-res-cutoff-lits='400'", "sp-res-order-heur=''0''", "sp-rand-phase-scaling='1.0'"], "evaluations": 1, "cost": 0.012, "cpu_time": 0.012}
{"total_cpu_time": null, "wallclock_time": 496.2054853439331, "incumbent": ["sp-clause-activity-inc='1.223164437985171'", "sp-clause-decay='1.1104000716271318'", "sp-clause-del-heur=''1''", "sp-first-restart='94'", "sp-learned-clause-sort-heur=''4''", "sp-learned-clauses-inc='1.4033758666977794'", "sp-learned-size-factor='1.5035923249477354'", "sp-orig-clause-sort-heur=''1''", "sp-phase-dec-heur=''5''", "sp-rand-var-dec-freq=''0''", "sp-resolution=''0''", "sp-restart-inc='1.4715539722727127'", "sp-update-dec-queue=''0''", "sp-use-pure-literal-rule=''0''", "sp-var-activity-inc='1.1344071565097789'", "sp-var-dec-heur=''0''", "sp-variable-decay='1.5561825181609994'", "sp-rand-phase-dec-freq=''0''"], "evaluations": 126, "cost": 0.06395061728395061, "cpu_time": 247.2040000000001}
{"total_cpu_time": null, "wallclock_time": 690.0076801776886, "incumbent": ["sp-clause-activity-inc='1.2060479452042416'", "sp-clause-decay='1.6220971703481362'", "sp-clause-del-heur=''0''", "sp-first-restart='96'", "sp-learned-clause-sort-heur=''10''", "sp-learned-clauses-inc='1.20472559243151'", "sp-learned-size-factor='0.7732862452352441'", "sp-orig-clause-sort-heur=''0''", "sp-phase-dec-heur=''1''", "sp-rand-var-dec-freq=''0.01''", "sp-resolution=''1''", "sp-restart-inc='1.3622276144972223'", "sp-update-dec-queue=''1''", "sp-use-pure-literal-rule=''1''", "sp-var-activity-inc='0.7970882955674397'", "sp-var-dec-heur=''0''", "sp-variable-decay='1.3240938200711132'", "sp-max-res-lit-inc='0.5404440753780719'", "sp-max-res-runs='2'", "sp-rand-phase-dec-freq=''0.001''", "sp-rand-var-dec-scaling='1.0403716802377236'", "sp-res-cutoff-cls='10'", "sp-res-cutoff-lits='1257'", "sp-res-order-heur=''9''", "sp-rand-phase-scaling='0.7788153371009001'"], "evaluations": 165, "cost": 0.06028, "cpu_time": 300.88000000000017}
{"total_cpu_time": null, "wallclock_time": 790.7189729213715, "incumbent": ["sp-clause-activity-inc='0.8719685720592727'", "sp-clause-decay='1.5271713762484425'", "sp-clause-del-heur=''1''", "sp-first-restart='82'", "sp-learned-clause-sort-heur=''2''", "sp-learned-clauses-inc='1.20472559243151'", "sp-learned-size-factor='1.353918464015321'", "sp-orig-clause-sort-heur=''1''", "sp-phase-dec-heur=''5''", "sp-rand-var-dec-freq=''0''", "sp-resolution=''1''", "sp-restart-inc='1.3389858770026677'", "sp-update-dec-queue=''0''", "sp-use-pure-literal-rule=''1''", "sp-var-activity-inc='1.0460444236447017'", "sp-var-dec-heur=''0''", "sp-variable-decay='1.3240938200711132'", "sp-max-res-lit-inc='0.5404440753780719'", "sp-max-res-runs='12'", "sp-rand-phase-dec-freq=''0.0001''", "sp-res-cutoff-cls='10'", "sp-res-cutoff-lits='1257'", "sp-res-order-heur=''13''", "sp-rand-phase-scaling='0.8923886580822966'"], "evaluations": 186, "cost": 0.04353741496598639, "cpu_time": 320.08000000000015}
{"total_cpu_time": null, "wallclock_time": 998.1840536594391, "incumbent": ["sp-clause-activity-inc='1.3943306328413414'", "sp-clause-decay='1.215664500607862'", "sp-clause-del-heur=''1''", "sp-first-restart='100'", "sp-learned-clause-sort-heur=''1''", "sp-learned-clauses-inc='1.3'", "sp-learned-size-factor='0.39999999999999997'", "sp-orig-clause-sort-heur=''12''", "sp-phase-dec-heur=''6''", "sp-rand-var-dec-freq=''0.01''", "sp-resolution=''1''", "sp-restart-inc='1.2800608172057735'", "sp-update-dec-queue=''1''", "sp-use-pure-literal-rule=''1''", "sp-var-activity-inc='1.0'", "sp-var-dec-heur=''0''", "sp-variable-decay='1.7014598616241903'", "sp-max-res-lit-inc='1.0'", "sp-max-res-runs='26'", "sp-rand-phase-dec-freq=''0.005''", "sp-rand-var-dec-scaling='0.711439817078859'", "sp-res-cutoff-cls='8'", "sp-res-cutoff-lits='1126'", "sp-res-order-heur=''0''", "sp-rand-phase-scaling='0.6704321851688815'"], "evaluations": 231, "cost": 0.037368620037807186, "cpu_time": 369.7360000000002}
{"total_cpu_time": null, "wallclock_time": 1081.3185036182404, "incumbent": ["sp-clause-activity-inc='1.1579408946443763'", "sp-clause-decay='1.2876262134402998'", "sp-clause-del-heur=''1''", "sp-first-restart='103'", "sp-learned-clause-sort-heur=''19''", "sp-learned-clauses-inc='1.3229781775612126'", "sp-learned-size-factor='0.8636888626766256'", "sp-orig-clause-sort-heur=''1''", "sp-phase-dec-heur=''1''", "sp-rand-var-dec-freq=''0.01''", "sp-resolution=''1''", "sp-restart-inc='1.2196599095078713'", "sp-update-dec-queue=''0''", "sp-use-pure-literal-rule=''0''", "sp-var-activity-inc='0.764239767143669'", "sp-var-dec-heur=''6''", "sp-variable-decay='1.7466094976288624'", "sp-clause-inversion=''1''", "sp-max-res-lit-inc='1.0'", "sp-max-res-runs='8'", "sp-rand-phase-dec-freq=''0.005''", "sp-rand-var-dec-scaling='1.0'", "sp-res-cutoff-cls='17'", "sp-res-cutoff-lits='400'", "sp-res-order-heur=''0''", "sp-rand-phase-scaling='1.0'"], "evaluations": 255, "cost": 0.030861111111111113, "cpu_time": 387.51200000000034}
{"total_cpu_time": null, "wallclock_time": 1305.8673872947693, "incumbent": ["sp-clause-activity-inc='0.8856573421921405'", "sp-clause-decay='1.1269144549001304'", "sp-clause-del-heur=''2''", "sp-first-restart='89'", "sp-learned-clause-sort-heur=''19''", "sp-learned-clauses-inc='1.3'", "sp-learned-size-factor='1.5580382184121038'", "sp-orig-clause-sort-heur=''2''", "sp-phase-dec-heur=''5''", "sp-rand-var-dec-freq=''0.01''", "sp-resolution=''1''", "sp-restart-inc='1.5053996137230843'", "sp-update-dec-queue=''0''", "sp-use-pure-literal-rule=''1''", "sp-var-activity-inc='0.7517726494570589'", "sp-var-dec-heur=''5''", "sp-variable-decay='1.2966647449007385'", "sp-clause-inversion=''1''", "sp-max-res-lit-inc='1.0'", "sp-max-res-runs='7'", "sp-rand-phase-dec-freq=''0''", "sp-rand-var-dec-scaling='1.0'", "sp-res-cutoff-cls='8'", "sp-res-cutoff-lits='1176'", "sp-res-order-heur=''0''"], "evaluations": 306, "cost": 0.02915384615384616, "cpu_time": 433.0240000000003}
{"total_cpu_time": null, "wallclock_time": 2036.8649942874908, "incumbent": ["sp-clause-activity-inc='0.8280588146120492'", "sp-clause-decay='1.1357745290883285'", "sp-clause-del-heur=''1''", "sp-first-restart='91'", "sp-learned-clause-sort-heur=''2''", "sp-learned-clauses-inc='1.1628493673616203'", "sp-learned-size-factor='1.0815668854859735'", "sp-orig-clause-sort-heur=''12''", "sp-phase-dec-heur=''1''", "sp-rand-var-dec-freq=''0.01''", "sp-resolution=''1''", "sp-restart-inc='1.2666113776714365'", "sp-update-dec-queue=''0''", "sp-use-pure-literal-rule=''1''", "sp-var-activity-inc='0.759945608124591'", "sp-var-dec-heur=''5''", "sp-variable-decay='1.3143674079859846'", "sp-max-res-lit-inc='2.3148896983034213'", "sp-max-res-runs='10'", "sp-rand-phase-dec-freq=''0.001''", "sp-rand-var-dec-scaling='0.8925908164698564'", "sp-res-cutoff-cls='15'", "sp-res-cutoff-lits='400'", "sp-res-order-heur=''19''", "sp-rand-phase-scaling='1.0'"], "evaluations": 451, "cost": 0.02582310093652445, "cpu_time": 631.4599999999992}
{"total_cpu_time": null, "wallclock_time": 3989.1526238918304, "incumbent": ["sp-clause-activity-inc='1.129845427302163'", "sp-clause-decay='1.0922249113980327'", "sp-clause-del-heur=''2''", "sp-first-restart='91'", "sp-learned-clause-sort-heur=''3''", "sp-learned-clauses-inc='1.2534354783749704'", "sp-learned-size-factor='1.4033566511015119'", "sp-orig-clause-sort-heur=''0''", "sp-phase-dec-heur=''6''", "sp-rand-var-dec-freq=''0.005''", "sp-resolution=''0''", "sp-restart-inc='1.5430659393880835'", "sp-update-dec-queue=''0''", "sp-use-pure-literal-rule=''0''", "sp-var-activity-inc='0.5357485247931066'", "sp-var-dec-heur=''6''", "sp-variable-decay='1.2195578280599524'", "sp-rand-phase-dec-freq=''0.005''", "sp-rand-var-dec-scaling='1.0158720582413854'", "sp-rand-phase-scaling='0.9029629946634541'"], "evaluations": 901, "cost": 0.021391022174148188, "cpu_time": 1195.7759999999994}
{"total_cpu_time": null, "wallclock_time": 4942.838941812515, "incumbent": ["sp-clause-activity-inc='1.2097707565479487'", "sp-clause-decay='1.0865412685644267'", "sp-clause-del-heur=''1''", "sp-first-restart='80'", "sp-learned-clause-sort-heur=''0''", "sp-learned-clauses-inc='1.1356397886460194'", "sp-learned-size-factor='0.33457246159919435'", "sp-orig-clause-sort-heur=''0''", "sp-phase-dec-heur=''6''", "sp-rand-var-dec-freq=''0''", "sp-resolution=''1''", "sp-restart-inc='1.574168969765127'", "sp-update-dec-queue=''0''", "sp-use-pure-literal-rule=''0''", "sp-var-activity-inc='0.543463687921318'", "sp-var-dec-heur=''6''", "sp-variable-decay='1.6450901827504332'", "sp-max-res-lit-inc='1.6745170637357256'", "sp-max-res-runs='12'", "sp-rand-phase-dec-freq=''0.005''", "sp-res-cutoff-cls='9'", "sp-res-cutoff-lits='320'", "sp-res-order-heur=''12''", "sp-rand-phase-scaling='1.015411152277342'"], "evaluations": 1180, "cost": 0.01706788837984173, "cpu_time": 1510.273999999999}
{"total_cpu_time": null, "wallclock_time": 6437.180810928345, "incumbent": ["sp-clause-activity-inc='1.141862562016911'", "sp-clause-decay='1.1367971147697964'", "sp-clause-del-heur=''0''", "sp-first-restart='90'", "sp-learned-clause-sort-heur=''3''", "sp-learned-clauses-inc='1.308395519412204'", "sp-learned-size-factor='1.4230240815648507'", "sp-orig-clause-sort-heur=''14''", "sp-phase-dec-heur=''1''", "sp-rand-var-dec-freq=''0.005''", "sp-resolution=''0''", "sp-restart-inc='1.578141260153512'", "sp-update-dec-queue=''0''", "sp-use-pure-literal-rule=''1''", "sp-var-activity-inc='1.1935197924296332'", "sp-var-dec-heur=''0''", "sp-variable-decay='1.6639758321554452'", "sp-rand-phase-dec-freq=''0.0001''", "sp-rand-var-dec-scaling='0.9563294826236366'", "sp-rand-phase-scaling='0.8263899570863404'"], "evaluations": 1666, "cost": 0.015639714625445895, "cpu_time": 2021.7859999999948}
{"total_cpu_time": null, "wallclock_time": 6585.086847543716, "incumbent": ["sp-clause-activity-inc='0.9701298729391835'", "sp-clause-decay='1.1104000716271318'", "sp-clause-del-heur=''1''", "sp-first-restart='79'", "sp-learned-clause-sort-heur=''3''", "sp-learned-clauses-inc='1.3016334288428633'", "sp-learned-size-factor='0.32783199273181707'", "sp-orig-clause-sort-heur=''8''", "sp-phase-dec-heur=''1''", "sp-rand-var-dec-freq=''0''", "sp-resolution=''2''", "sp-restart-inc='1.518618461075247'", "sp-update-dec-queue=''1''", "sp-use-pure-literal-rule=''0''", "sp-var-activity-inc='1.0601723265667973'", "sp-var-dec-heur=''0''", "sp-variable-decay='1.657466133174803'", "sp-max-res-lit-inc='1.0'", "sp-max-res-runs='4'", "sp-rand-phase-dec-freq=''0''", "sp-res-cutoff-cls='20'", "sp-res-cutoff-lits='264'", "sp-res-order-heur=''13''"], "evaluations": 1725, "cost": 0.015035909221488074, "cpu_time": 2074.1259999999943}
{"total_cpu_time": null, "wallclock_time": 7419.483425617218, "incumbent": ["sp-clause-activity-inc='0.7935745921561215'", "sp-clause-decay='1.0746392883064373'", "sp-clause-del-heur=''2''", "sp-first-restart='80'", "sp-learned-clause-sort-heur=''3''", "sp-learned-clauses-inc='1.3025235308582177'", "sp-learned-size-factor='1.4054859165713536'", "sp-orig-clause-sort-heur=''4''", "sp-phase-dec-heur=''1''", "sp-rand-var-dec-freq=''0''", "sp-resolution=''0''", "sp-restart-inc='1.8378537975495655'", "sp-update-dec-queue=''1''", "sp-use-pure-literal-rule=''1''", "sp-var-activity-inc='0.9945299558805433'", "sp-var-dec-heur=''6''", "sp-variable-decay='1.6573436320926789'", "sp-rand-phase-dec-freq=''0.05''", "sp-rand-phase-scaling='1.015411152277342'"], "evaluations": 2035, "cost": 0.014754882812499997, "cpu_time": 2382.8659999999913}
{"total_cpu_time": null, "wallclock_time": 8242.74448466301, "incumbent": ["sp-clause-activity-inc='0.9840605737981757'", "sp-clause-decay='1.0540785985246415'", "sp-clause-del-heur=''1''", "sp-first-restart='78'", "sp-learned-clause-sort-heur=''3''", "sp-learned-clauses-inc='1.3115498010941378'", "sp-learned-size-factor='0.3323921477644483'", "sp-orig-clause-sort-heur=''4''", "sp-phase-dec-heur=''1''", "sp-rand-var-dec-freq=''0''", "sp-resolution=''0''", "sp-restart-inc='1.8908585348768177'", "sp-update-dec-queue=''1''", "sp-use-pure-literal-rule=''0''", "sp-var-activity-inc='0.8475387959831244'", "sp-var-dec-heur=''6''", "sp-variable-decay='1.6464040932657031'", "sp-rand-phase-dec-freq=''0''"], "evaluations": 2370, "cost": 0.014153329132535182, "cpu_time": 2721.993999999991}
{"total_cpu_time": null, "wallclock_time": 8395.83263540268, "incumbent": ["sp-clause-activity-inc='1.1193133863780416'", "sp-clause-decay='1.0540785985246415'", "sp-clause-del-heur=''1''", "sp-first-restart='101'", "sp-learned-clause-sort-heur=''3''", "sp-learned-clauses-inc='1.3157054788645304'", "sp-learned-size-factor='1.3418501781115584'", "sp-orig-clause-sort-heur=''8''", "sp-phase-dec-heur=''1''", "sp-rand-var-dec-freq=''0.005''", "sp-resolution=''0''", "sp-restart-inc='1.8413980009975472'", "sp-update-dec-queue=''1''", "sp-use-pure-literal-rule=''1''", "sp-var-activity-inc='1.0866490450538409'", "sp-var-dec-heur=''0''", "sp-variable-decay='1.620249424454064'", "sp-rand-phase-dec-freq=''0.005''", "sp-rand-var-dec-scaling='1.0810466225367352'", "sp-rand-phase-scaling='0.769894980887822'"], "evaluations": 2440, "cost": 0.012053061224489786, "cpu_time": 2781.0539999999914}
{"total_cpu_time": null, "wallclock_time": 8704.69764828682, "incumbent": ["sp-clause-activity-inc='1.1249944819440223'", "sp-clause-decay='1.4340002832076695'", "sp-clause-del-heur=''1''", "sp-first-restart='144'", "sp-learned-clause-sort-heur=''3''", "sp-learned-clauses-inc='1.3123678949072333'", "sp-learned-size-factor='0.2197842708216961'", "sp-orig-clause-sort-heur=''8''", "sp-phase-dec-heur=''1''", "sp-rand-var-dec-freq=''0.0001''", "sp-resolution=''2''", "sp-restart-inc='1.8033352130454432'", "sp-update-dec-queue=''1''", "sp-use-pure-literal-rule=''1''", "sp-var-activity-inc='1.00314345727327'", "sp-var-dec-heur=''0''", "sp-variable-decay='1.6464040932657031'", "sp-max-res-lit-inc='1.0'", "sp-max-res-runs='4'", "sp-rand-phase-dec-freq=''0.005''", "sp-rand-var-dec-scaling='1.0850816768271958'", "sp-res-cutoff-cls='16'", "sp-res-cutoff-lits='316'", "sp-res-order-heur=''6''", "sp-rand-phase-scaling='1.0179845996250538'"], "evaluations": 2583, "cost": 0.011664351851851855, "cpu_time": 2905.3499999999894}
{"total_cpu_time": null, "wallclock_time": 9187.400124549866, "incumbent": ["sp-clause-activity-inc='0.878653209775705'", "sp-clause-decay='1.0554752021305924'", "sp-clause-del-heur=''2''", "sp-first-restart='79'", "sp-learned-clause-sort-heur=''0''", "sp-learned-clauses-inc='1.3046991469859646'", "sp-learned-size-factor='1.351937870351709'", "sp-orig-clause-sort-heur=''8''", "sp-phase-dec-heur=''1''", "sp-rand-var-dec-freq=''0''", "sp-resolution=''2''", "sp-restart-inc='1.578109086070435'", "sp-update-dec-queue=''1''", "sp-use-pure-literal-rule=''1''", "sp-var-activity-inc='1.0733621425443782'", "sp-var-dec-heur=''0''", "sp-variable-decay='1.6375302003726169'", "sp-max-res-lit-inc='2.0323677443848083'", "sp-max-res-runs='28'", "sp-rand-phase-dec-freq=''0''", "sp-res-cutoff-cls='9'", "sp-res-cutoff-lits='340'", "sp-res-order-heur=''13''"], "evaluations": 2805, "cost": 0.011184355555555553, "cpu_time": 3111.7339999999867}
{"total_cpu_time": null, "wallclock_time": 9530.678651571274, "incumbent": ["sp-clause-activity-inc='1.139203873843293'", "sp-clause-decay='1.0509243138551587'", "sp-clause-del-heur=''1''", "sp-first-restart='78'", "sp-learned-clause-sort-heur=''3''", "sp-learned-clauses-inc='1.3203767553107297'", "sp-learned-size-factor='1.334921679847179'", "sp-orig-clause-sort-heur=''4''", "sp-phase-dec-heur=''1''", "sp-rand-var-dec-freq=''0.01''", "sp-resolution=''0''", "sp-restart-inc='1.838841555222237'", "sp-update-dec-queue=''0''", "sp-use-pure-literal-rule=''1''", "sp-var-activity-inc='1.1510055869607216'", "sp-var-dec-heur=''0''", "sp-variable-decay='1.6464040932657031'", "sp-rand-phase-dec-freq=''0.001''", "sp-rand-var-dec-scaling='1.0288502995574975'", "sp-rand-phase-scaling='0.9636785218509882'"], "evaluations": 2958, "cost": 0.010993422162253326, "cpu_time": 3248.557999999985}
{"total_cpu_time": null, "wallclock_time": 10403.71636724472, "incumbent": ["sp-clause-activity-inc='0.8509580488965593'", "sp-clause-decay='1.0766518089024129'", "sp-clause-del-heur=''2''", "sp-first-restart='76'", "sp-learned-clause-sort-heur=''3''", "sp-learned-clauses-inc='1.30826243936313'", "sp-learned-size-factor='1.3308385387346522'", "sp-orig-clause-sort-heur=''8''", "sp-phase-dec-heur=''1''", "sp-rand-var-dec-freq=''0.01''", "sp-resolution=''0''", "sp-restart-inc='1.840994121730014'", "sp-update-dec-queue=''1''", "sp-use-pure-literal-rule=''1''", "sp-var-activity-inc='1.0554646670967376'", "sp-var-dec-heur=''0''", "sp-variable-decay='1.657466133174803'", "sp-rand-phase-dec-freq=''0''", "sp-rand-var-dec-scaling='1.0729285753162345'"], "evaluations": 3358, "cost": 0.01072694824509221, "cpu_time": 3607.0439999999835}
{"total_cpu_time": null, "wallclock_time": 10565.412324666977, "incumbent": ["sp-clause-activity-inc='1.1080194440907905'", "sp-clause-decay='1.0361691154359456'", "sp-clause-del-heur=''1''", "sp-first-restart='89'", "sp-learned-clause-sort-heur=''3''", "sp-learned-clauses-inc='1.2581204274037183'", "sp-learned-size-factor='1.2491595504295199'", "sp-orig-clause-sort-heur=''4''", "sp-phase-dec-heur=''1''", "sp-rand-var-dec-freq=''0''", "sp-resolution=''0''", "sp-restart-inc='1.838841555222237'", "sp-update-dec-queue=''1''", "sp-use-pure-literal-rule=''1''", "sp-var-activity-inc='0.9757584360101895'", "sp-var-dec-heur=''0''", "sp-variable-decay='1.6765797526423953'", "sp-rand-phase-dec-freq=''0''"], "evaluations": 3441, "cost": 0.009954420089998547, "cpu_time": 3675.6199999999812}
{"total_cpu_time": null, "wallclock_time": 10902.106165885925, "incumbent": ["sp-clause-activity-inc='0.940271028991752'", "sp-clause-decay='1.0372917200953764'", "sp-clause-del-heur=''1''", "sp-first-restart='89'", "sp-learned-clause-sort-heur=''3''", "sp-learned-clauses-inc='1.325443480155185'", "sp-learned-size-factor='0.5300076005677617'", "sp-orig-clause-sort-heur=''8''", "sp-phase-dec-heur=''1''", "sp-rand-var-dec-freq=''0''", "sp-resolution=''0''", "sp-restart-inc='1.8391383418128042'", "sp-update-dec-queue=''1''", "sp-use-pure-literal-rule=''1''", "sp-var-activity-inc='1.3474137091168354'", "sp-var-dec-heur=''0''", "sp-variable-decay='1.6538095070471215'", "sp-rand-phase-dec-freq=''0.001''", "sp-rand-phase-scaling='1.0'"], "evaluations": 3610, "cost": 0.009738961937716258, "cpu_time": 3817.435999999979}
{"total_cpu_time": null, "wallclock_time": 12839.817153930664, "incumbent": ["sp-clause-activity-inc='1.130793306666423'", "sp-clause-decay='1.047307470202574'", "sp-clause-del-heur=''0''", "sp-first-restart='89'", "sp-learned-clause-sort-heur=''3''", "sp-learned-clauses-inc='1.3209595405196037'", "sp-learned-size-factor='0.3813249493331138'", "sp-orig-clause-sort-heur=''4''", "sp-phase-dec-heur=''1''", "sp-rand-var-dec-freq=''0''", "sp-resolution=''0''", "sp-restart-inc='1.8087597272007552'", "sp-update-dec-queue=''1''", "sp-use-pure-literal-rule=''1''", "sp-var-activity-inc='0.5820668164024382'", "sp-var-dec-heur=''0''", "sp-variable-decay='1.6151623933109085'", "sp-rand-phase-dec-freq=''0.001''", "sp-rand-phase-scaling='1.0495443021689084'"], "evaluations": 4515, "cost": 0.009619058171745154, "cpu_time": 4706.067999999975}
{"total_cpu_time": null, "wallclock_time": 14346.437819719315, "incumbent": ["sp-clause-activity-inc='1.1273796790435773'", "sp-clause-decay='1.0981342591220775'", "sp-clause-del-heur=''1''", "sp-first-restart='79'", "sp-learned-clause-sort-heur=''3''", "sp-learned-clauses-inc='1.315800846730604'", "sp-learned-size-factor='0.3561801864570644'", "sp-orig-clause-sort-heur=''8''", "sp-phase-dec-heur=''1''", "sp-rand-var-dec-freq=''0.005''", "sp-resolution=''0''", "sp-restart-inc='1.8931239181661959'", "sp-update-dec-queue=''1''", "sp-use-pure-literal-rule=''0''", "sp-var-activity-inc='1.074106133334763'", "sp-var-dec-heur=''5''", "sp-variable-decay='1.6686562312932047'", "sp-rand-phase-dec-freq=''0''", "sp-rand-var-dec-scaling='1.0838442066393525'"], "evaluations": 5208, "cost": 0.00854094579008074, "cpu_time": 5361.601999999981}
{"total_cpu_time": null, "wallclock_time": 14762.116042613983, "incumbent": ["sp-clause-activity-inc='0.8824095047886704'", "sp-clause-decay='1.1767998492025762'", "sp-clause-del-heur=''1''", "sp-first-restart='79'", "sp-learned-clause-sort-heur=''3''", "sp-learned-clauses-inc='1.315800846730604'", "sp-learned-size-factor='0.3757493993676276'", "sp-orig-clause-sort-heur=''4''", "sp-phase-dec-heur=''1''", "sp-rand-var-dec-freq=''0.005''", "sp-resolution=''0''", "sp-restart-inc='1.8405593565551994'", "sp-update-dec-queue=''1''", "sp-use-pure-literal-rule=''1''", "sp-var-activity-inc='1.03198233051697'", "sp-var-dec-heur=''5''", "sp-variable-decay='1.6682534690816708'", "sp-rand-phase-dec-freq=''0''", "sp-rand-var-dec-scaling='1.0838442066393525'"], "evaluations": 5415, "cost": 0.008458210059171597, "cpu_time": 5553.353999999978}
{"total_cpu_time": null, "wallclock_time": 15474.106384038925, "incumbent": ["sp-clause-activity-inc='0.7378445213274858'", "sp-clause-decay='1.025665629417599'", "sp-clause-del-heur=''1''", "sp-first-restart='78'", "sp-learned-clause-sort-heur=''3''", "sp-learned-clauses-inc='1.325958368670668'", "sp-learned-size-factor='0.3897000357056033'", "sp-orig-clause-sort-heur=''8''", "sp-phase-dec-heur=''1''", "sp-rand-var-dec-freq=''0.005''", "sp-resolution=''0''", "sp-restart-inc='1.870393371965685'", "sp-update-dec-queue=''0''", "sp-use-pure-literal-rule=''0''", "sp-var-activity-inc='1.3396320308049738'", "sp-var-dec-heur=''6''", "sp-variable-decay='1.660719092573261'", "sp-rand-phase-dec-freq=''0.001''", "sp-rand-var-dec-scaling='1.0589731805074272'", "sp-rand-phase-scaling='0.8480802827658449'"], "evaluations": 5733, "cost": 0.008206830290855097, "cpu_time": 5874.677999999981}
{"total_cpu_time": null, "wallclock_time": 16344.052164793015, "incumbent": ["sp-clause-activity-inc='0.8138332408158575'", "sp-clause-decay='1.0230684805196273'", "sp-clause-del-heur=''1''", "sp-first-restart='52'", "sp-learned-clause-sort-heur=''3''", "sp-learned-clauses-inc='1.3346012714045636'", "sp-learned-size-factor='0.2036487896582677'", "sp-orig-clause-sort-heur=''8''", "sp-phase-dec-heur=''1''", "sp-rand-var-dec-freq=''0.005''", "sp-resolution=''0''", "sp-restart-inc='1.8393701922033596'", "sp-update-dec-queue=''0''", "sp-use-pure-literal-rule=''1''", "sp-var-activity-inc='0.893376237334286'", "sp-var-dec-heur=''6''", "sp-variable-decay='1.6122644846129621'", "sp-rand-phase-dec-freq=''0.001''", "sp-rand-var-dec-scaling='1.0245929288824696'", "sp-rand-phase-scaling='0.7101993557393687'"], "evaluations": 6171, "cost": 0.008123691258826397, "cpu_time": 6278.077999999977}
{"total_cpu_time": null, "wallclock_time": 16766.113731622696, "incumbent": ["sp-clause-activity-inc='1.1473431859929974'", "sp-clause-decay='1.0009492639304114'", "sp-clause-del-heur=''1''", "sp-first-restart='79'", "sp-learned-clause-sort-heur=''3''", "sp-learned-clauses-inc='1.3204475913865696'", "sp-learned-size-factor='0.4116361318710919'", "sp-orig-clause-sort-heur=''4''", "sp-phase-dec-heur=''1''", "sp-rand-var-dec-freq=''0''", "sp-resolution=''0''", "sp-restart-inc='1.8414070303961252'", "sp-update-dec-queue=''1''", "sp-use-pure-literal-rule=''0''", "sp-var-activity-inc='1.1231577908442296'", "sp-var-dec-heur=''6''", "sp-variable-decay='1.645268252096536'", "sp-rand-phase-dec-freq=''0''"], "evaluations": 6396, "cost": 0.0075752212389380525, "cpu_time": 6480.373999999982}
{"total_cpu_time": null, "wallclock_time": 17877.862489700317, "incumbent": ["sp-clause-activity-inc='1.1302018745746643'", "sp-clause-decay='1.0509243138551587'", "sp-clause-del-heur=''1''", "sp-first-restart='88'", "sp-learned-clause-sort-heur=''3''", "sp-learned-clauses-inc='1.3188846177611353'", "sp-learned-size-factor='1.3768184813416509'", "sp-orig-clause-sort-heur=''4''", "sp-phase-dec-heur=''1''", "sp-rand-var-dec-freq=''0.01''", "sp-resolution=''0''", "sp-restart-inc='1.8619979430470999'", "sp-update-dec-queue=''1''", "sp-use-pure-literal-rule=''1''", "sp-var-activity-inc='1.314987985236634'", "sp-var-dec-heur=''6''", "sp-variable-decay='1.6682699161910144'", "sp-rand-phase-dec-freq=''0''", "sp-rand-var-dec-scaling='0.9876851459074929'"], "evaluations": 6976, "cost": 0.007471416259695488, "cpu_time": 7034.0499999999765}
