{"incumbent": ["adaptive=''1''", "clausepen=''1''", "performrandomwalk=''0''", "singleclause=''1''", "tabusearch=''0''", "adaptivenoisescheme=''1''", "adaptwalkprob=''0''", "heuristic=''2''", "promisinglist=''1''", "ps='0.4'", "selectclause=''1''", "smoothingscheme=''1''", "adaptiveprom=''0''", "decreasingvariable=''3''", "performalternatenovelty=''1''", "phi='5'", "theta='6'", "updateschemepromlist=''3''", "wp='0.01'", "CONadaptpromwalkprob=''0''"], "wallclock_time": 0.0014300346374511719, "total_cpu_time": null, "cpu_time": 0, "cost": 2147483648, "evaluations": 0}
{"incumbent": ["adaptive=''1''", "clausepen=''1''", "performrandomwalk=''0''", "singleclause=''1''", "tabusearch=''0''", "adaptivenoisescheme=''1''", "adaptwalkprob=''0''", "heuristic=''2''", "promisinglist=''1''", "ps='0.4'", "selectclause=''1''", "smoothingscheme=''1''", "adaptiveprom=''0''", "decreasingvariable=''3''", "performalternatenovelty=''1''", "phi='5'", "theta='6'", "updateschemepromlist=''3''", "wp='0.01'", "CONadaptpromwalkprob=''0''"], "wallclock_time": 0.5433425903320312, "total_cpu_time": null, "cpu_time": 0.032, "cost": 0.032, "evaluations": 1}
{"incumbent": ["adaptive=''1''", "clausepen=''1''", "performrandomwalk=''0''", "singleclause=''0''", "tabusearch=''0''", "DLSscoringmeasure=''1''", "DLStiebreaking=''4''", "adaptivenoisescheme=''1''", "smoothingscheme=''1''", "DLSalpha='1.2267849386380776'", "DLSrho='0.06478069588150237'", "DLSsapsthresh='-0.11898793829008447'", "DLSwp='0.006310128559314705'"], "wallclock_time": 74.21658992767334, "total_cpu_time": null, "cpu_time": 70.76400000000002, "cost": 0.004639999999999999, "evaluations": 65}
{"incumbent": ["adaptive=''1''", "clausepen=''1''", "performrandomwalk=''1''", "singleclause=''0''", "tabusearch=''1''", "DLSscoringmeasure=''1''", "DLStiebreaking=''2''", "adaptivenoisescheme=''2''", "randomwalk=''5''", "smoothingscheme=''1''", "tabu='19'", "DLSalpha='1.3573770588211695'", "DLSrho='0.8889720804349676'", "DLSsapsthresh='-0.19691913020583748'", "DLSwp='0.025406089813492582'", "rfp='0.07038508517890747'"], "wallclock_time": 347.0004553794861, "total_cpu_time": null, "cpu_time": 350.9440000000004, "cost": 0.0036399999999999996, "evaluations": 260}
{"incumbent": ["adaptive=''1''", "clausepen=''1''", "performrandomwalk=''0''", "singleclause=''0''", "tabusearch=''0''", "DLSscoringmeasure=''3''", "DLStiebreaking=''1''", "adaptivenoisescheme=''1''", "smoothingscheme=''1''", "DLSalpha='1.3084587293801673'", "DLSrho='0.903288817888175'", "DLSsapsthresh='-0.3787772237869609'", "DLSwp='0.006235442742816135'"], "wallclock_time": 419.91824650764465, "total_cpu_time": null, "cpu_time": 421.528, "cost": 0.0032000000000000006, "evaluations": 325}
{"incumbent": ["adaptive=''1''", "clausepen=''0''", "performrandomwalk=''1''", "singleclause=''1''", "tabusearch=''0''", "CONselectclause=''1''", "adaptivenoisescheme=''2''", "adaptwalkprob=''0''", "heuristic=''7''", "promisinglist=''0''", "randomwalk=''4''", "phi='6'", "rfp='0.1329218737301341'", "theta='3'"], "wallclock_time": 1673.4265732765198, "total_cpu_time": null, "cpu_time": 1722.8719999999946, "cost": 0.0028000000000000004, "evaluations": 1300}
