{"evaluations": 0, "cost": 2147483648, "wallclock_time": 0.0014736652374267578, "incumbent": ["adaptive=''1''", "clausepen=''1''", "performrandomwalk=''0''", "singleclause=''1''", "tabusearch=''0''", "adaptivenoisescheme=''1''", "adaptwalkprob=''0''", "heuristic=''2''", "promisinglist=''1''", "ps='0.4'", "selectclause=''1''", "smoothingscheme=''1''", "adaptiveprom=''0''", "decreasingvariable=''3''", "performalternatenovelty=''1''", "phi='5'", "theta='6'", "updateschemepromlist=''3''", "wp='0.01'", "CONadaptpromwalkprob=''0''"], "cpu_time": 0, "total_cpu_time": null}
{"evaluations": 1, "cost": 0.032, "wallclock_time": 0.6496667861938477, "incumbent": ["adaptive=''1''", "clausepen=''1''", "performrandomwalk=''0''", "singleclause=''1''", "tabusearch=''0''", "adaptivenoisescheme=''1''", "adaptwalkprob=''0''", "heuristic=''2''", "promisinglist=''1''", "ps='0.4'", "selectclause=''1''", "smoothingscheme=''1''", "adaptiveprom=''0''", "decreasingvariable=''3''", "performalternatenovelty=''1''", "phi='5'", "theta='6'", "updateschemepromlist=''3''", "wp='0.01'", "CONadaptpromwalkprob=''0''"], "cpu_time": 0.032, "total_cpu_time": null}
{"evaluations": 65, "cost": 0.004639999999999999, "wallclock_time": 51.265474796295166, "incumbent": ["adaptive=''1''", "clausepen=''1''", "performrandomwalk=''0''", "singleclause=''0''", "tabusearch=''0''", "DLSscoringmeasure=''1''", "DLStiebreaking=''4''", "adaptivenoisescheme=''1''", "smoothingscheme=''1''", "DLSalpha='1.2267849386380776'", "DLSrho='0.06478069588150237'", "DLSsapsthresh='-0.11898793829008447'", "DLSwp='0.006310128559314705'"], "cpu_time": 70.70400000000002, "total_cpu_time": null}
{"evaluations": 130, "cost": 0.0035600000000000007, "wallclock_time": 108.92238998413086, "incumbent": ["adaptive=''1''", "clausepen=''1''", "performrandomwalk=''0''", "singleclause=''0''", "tabusearch=''0''", "DLSscoringmeasure=''3''", "DLStiebreaking=''4''", "adaptivenoisescheme=''1''", "smoothingscheme=''1''", "DLSalpha='1.2267849386380776'", "DLSrho='0.06478069588150237'", "DLSsapsthresh='-0.11898793829008447'", "DLSwp='0.006310128559314705'"], "cpu_time": 150.59999999999994, "total_cpu_time": null}
{"evaluations": 195, "cost": 0.00288, "wallclock_time": 140.28867888450623, "incumbent": ["adaptive=''1''", "clausepen=''1''", "performrandomwalk=''0''", "singleclause=''0''", "tabusearch=''0''", "DLSscoringmeasure=''3''", "DLStiebreaking=''4''", "adaptivenoisescheme=''1''", "smoothingscheme=''1''", "DLSalpha='1.2267849386380776'", "DLSrho='0.06478069588150237'", "DLSsapsthresh='-0.11898793829008447'", "DLSwp='0.010350231201592126'"], "cpu_time": 171.49999999999977, "total_cpu_time": null}
{"evaluations": 3379, "cost": 0.0028000000000000004, "wallclock_time": 2824.5120091438293, "incumbent": ["adaptive=''0''", "clausepen=''1''", "performrandomwalk=''0''", "singleclause=''0''", "tabusearch=''0''", "DLSscoringmeasure=''1''", "DLStiebreaking=''4''", "smoothingscheme=''1''", "DLSalpha='1.2653585347932017'", "DLSc='0.00020681356385478356'", "DLSps='0.10065051131442247'", "DLSrho='0.7995128662122548'", "DLSs='0.010000000000000004'", "DLSsapsthresh='-0.1409768523916639'", "DLSwp='0.008188870676083223'"], "cpu_time": 3484.8759999999456, "total_cpu_time": null}
