{"cost": 2147483648, "incumbent": ["adaptive=''1''", "clausepen=''1''", "performrandomwalk=''0''", "singleclause=''1''", "tabusearch=''0''", "adaptivenoisescheme=''1''", "adaptwalkprob=''0''", "heuristic=''2''", "promisinglist=''1''", "ps='0.4'", "selectclause=''1''", "smoothingscheme=''1''", "adaptiveprom=''0''", "decreasingvariable=''3''", "performalternatenovelty=''1''", "phi='5'", "theta='6'", "updateschemepromlist=''3''", "wp='0.01'", "CONadaptpromwalkprob=''0''"], "cpu_time": 0, "wallclock_time": 0.00145721435546875, "evaluations": 0, "total_cpu_time": null}
{"cost": 2.008, "incumbent": ["adaptive=''1''", "clausepen=''1''", "performrandomwalk=''0''", "singleclause=''1''", "tabusearch=''0''", "adaptivenoisescheme=''1''", "adaptwalkprob=''0''", "heuristic=''2''", "promisinglist=''1''", "ps='0.4'", "selectclause=''1''", "smoothingscheme=''1''", "adaptiveprom=''0''", "decreasingvariable=''3''", "performalternatenovelty=''1''", "phi='5'", "theta='6'", "updateschemepromlist=''3''", "wp='0.01'", "CONadaptpromwalkprob=''0''"], "cpu_time": 2.008, "wallclock_time": 2.554095983505249, "evaluations": 1, "total_cpu_time": null}
{"cost": 0.00504, "incumbent": ["adaptive=''1''", "clausepen=''1''", "performrandomwalk=''1''", "singleclause=''1''", "tabusearch=''0''", "adaptivenoisescheme=''1''", "adaptwalkprob=''1''", "heuristic=''1''", "promisinglist=''1''", "ps='0.9921097018940638'", "randomwalk=''3''", "selectclause=''1''", "smoothingscheme=''2''", "adaptiveprom=''0''", "decreasingvariable=''7''", "performalternatenovelty=''1''", "phi='5'", "rdp='0.10835552886930397'", "theta='5'", "updateschemepromlist=''2''", "CONadaptpromwalkprob=''0''", "promnovnoise='0.6546602626982001'"], "cpu_time": 3.996, "wallclock_time": 8.254432916641235, "evaluations": 14, "total_cpu_time": null}
{"cost": 0.004363636363636363, "incumbent": ["adaptive=''0''", "clausepen=''0''", "performrandomwalk=''0''", "singleclause=''1''", "tabusearch=''1''", "CONadaptwalkprob=''0''", "CONselectclause=''1''", "c='0.005265354680537234'", "heuristic=''13''", "promisinglist=''1''", "s='0.0012907578995241151'", "tabu='11'", "CONdp='0.05170027845857175'", "adaptiveprom=''0''", "decreasingvariable=''4''", "novnoise='0.2826602405776956'", "performalternatenovelty=''1''", "updateschemepromlist=''2''", "CONadaptpromwalkprob=''0''", "tiebreaking='3'"], "cpu_time": 10.752, "wallclock_time": 15.802532196044922, "evaluations": 32, "total_cpu_time": null}
{"cost": 0.0016842105263157902, "incumbent": ["adaptive=''0''", "clausepen=''0''", "performrandomwalk=''0''", "singleclause=''1''", "tabusearch=''0''", "CONadaptwalkprob=''0''", "CONselectclause=''1''", "c='3.950208153063795e-06'", "heuristic=''10''", "promisinglist=''1''", "s='0.05530794897145855'", "adaptiveprom=''0''", "decreasingvariable=''5''", "novnoise='0.486841414260082'", "performalternatenovelty=''1''", "updateschemepromlist=''3''", "CONadaptpromwalkprob=''0''", "tiebreaking='2'"], "cpu_time": 291.35199999999907, "wallclock_time": 177.71520805358887, "evaluations": 315, "total_cpu_time": null}
{"cost": 0.0016000000000000007, "incumbent": ["adaptive=''1''", "clausepen=''2''", "performrandomwalk=''0''", "singleclause=''0''", "tabusearch=''0''", "DLSscoringmeasure=''1''", "DLStiebreaking=''1''", "adaptivenoisescheme=''2''"], "cpu_time": 302.9239999999987, "wallclock_time": 191.45409750938416, "evaluations": 366, "total_cpu_time": null}
{"cost": 0.001333333333333334, "incumbent": ["adaptive=''1''", "clausepen=''2''", "performrandomwalk=''1''", "singleclause=''0''", "tabusearch=''0''", "DLSscoringmeasure=''1''", "DLStiebreaking=''1''", "adaptivenoisescheme=''2''", "randomwalk=''4''", "rfp='0.09025005373140682'"], "cpu_time": 399.9719999999977, "wallclock_time": 264.1350405216217, "evaluations": 549, "total_cpu_time": null}
{"cost": 0.001148803329864725, "incumbent": ["adaptive=''1''", "clausepen=''2''", "performrandomwalk=''1''", "singleclause=''0''", "tabusearch=''0''", "DLSscoringmeasure=''3''", "DLStiebreaking=''4''", "adaptivenoisescheme=''2''", "randomwalk=''5''", "rfp='0.13573693397118342'"], "cpu_time": 955.0919999999965, "wallclock_time": 533.8354127407074, "evaluations": 954, "total_cpu_time": null}
{"cost": 0.0010117187500000005, "incumbent": ["adaptive=''1''", "clausepen=''2''", "performrandomwalk=''1''", "singleclause=''0''", "tabusearch=''0''", "DLSscoringmeasure=''1''", "DLStiebreaking=''2''", "adaptivenoisescheme=''2''", "randomwalk=''5''", "rfp='0.06294913836624459'"], "cpu_time": 980.9279999999976, "wallclock_time": 556.1688661575317, "evaluations": 1015, "total_cpu_time": null}
{"cost": 0.0009411764705882358, "incumbent": ["adaptive=''1''", "clausepen=''2''", "performrandomwalk=''0''", "singleclause=''0''", "tabusearch=''1''", "DLSscoringmeasure=''1''", "DLStiebreaking=''1''", "adaptivenoisescheme=''1''", "tabu='7'"], "cpu_time": 1054.2359999999935, "wallclock_time": 604.4691505432129, "evaluations": 1155, "total_cpu_time": null}
{"cost": 0.0007700831024930752, "incumbent": ["adaptive=''1''", "clausepen=''2''", "performrandomwalk=''0''", "singleclause=''0''", "tabusearch=''0''", "DLSscoringmeasure=''3''", "DLStiebreaking=''2''", "adaptivenoisescheme=''2''"], "cpu_time": 1270.3039999999896, "wallclock_time": 733.2287411689758, "evaluations": 1446, "total_cpu_time": null}
{"cost": 0.000702947845804989, "incumbent": ["adaptive=''1''", "clausepen=''2''", "performrandomwalk=''0''", "singleclause=''0''", "tabusearch=''0''", "DLSscoringmeasure=''1''", "DLStiebreaking=''2''", "adaptivenoisescheme=''1''"], "cpu_time": 1562.4519999999875, "wallclock_time": 888.2192947864532, "evaluations": 1790, "total_cpu_time": null}
{"cost": 0.0006992592592592595, "incumbent": ["adaptive=''1''", "clausepen=''2''", "performrandomwalk=''0''", "singleclause=''0''", "tabusearch=''0''", "DLSscoringmeasure=''1''", "DLStiebreaking=''3''", "adaptivenoisescheme=''2''"], "cpu_time": 1658.9639999999804, "wallclock_time": 976.6267256736755, "evaluations": 2109, "total_cpu_time": null}
{"cost": 0.0006360946745562133, "incumbent": ["adaptive=''1''", "clausepen=''2''", "performrandomwalk=''1''", "singleclause=''0''", "tabusearch=''0''", "DLSscoringmeasure=''3''", "DLStiebreaking=''2''", "adaptivenoisescheme=''2''", "randomwalk=''4''", "rfp='0.12327754653887883'"], "cpu_time": 2150.66799999998, "wallclock_time": 1265.7575025558472, "evaluations": 2704, "total_cpu_time": null}
{"cost": 0.0005630565929330656, "incumbent": ["adaptive=''1''", "clausepen=''2''", "performrandomwalk=''1''", "singleclause=''0''", "tabusearch=''0''", "DLSscoringmeasure=''1''", "DLStiebreaking=''1''", "adaptivenoisescheme=''1''", "randomwalk=''1''", "rwp='0.02118538705423589'"], "cpu_time": 2795.8660000000073, "wallclock_time": 1608.9658114910126, "evaluations": 3484, "total_cpu_time": null}
{"cost": 0.0005333333333333336, "incumbent": ["adaptive=''0''", "clausepen=''1''", "performrandomwalk=''1''", "singleclause=''0''", "tabusearch=''0''", "DLSscoringmeasure=''1''", "DLStiebreaking=''3''", "randomwalk=''3''", "smoothingscheme=''2''", "DLSmaxinc='15'", "DLSpflat='0.12960390973419073'", "rdp='0.08793223152853519'"], "cpu_time": 2823.4100000000194, "wallclock_time": 1648.4598906040192, "evaluations": 3666, "total_cpu_time": null}
{"cost": 0.0005079365079365081, "incumbent": ["adaptive=''0''", "clausepen=''2''", "performrandomwalk=''1''", "singleclause=''1''", "tabusearch=''1''", "CONadaptwalkprob=''0''", "c='0.0036762492722237214'", "heuristic=''5''", "promisinglist=''1''", "randomwalk=''5''", "s='0.028270948555974264'", "tabu='1'", "adaptiveprom=''0''", "decreasingvariable=''4''", "novnoise='0.384077270631381'", "rfp='0.06459373726043723'", "updateschemepromlist=''3''", "CONadaptpromwalkprob=''0''", "tiebreaking='2'"], "cpu_time": 3032.5820000000354, "wallclock_time": 1784.4006264209747, "evaluations": 4069, "total_cpu_time": null}
{"cost": 0.0004702040816326534, "incumbent": ["adaptive=''1''", "clausepen=''2''", "performrandomwalk=''1''", "singleclause=''0''", "tabusearch=''0''", "DLSscoringmeasure=''3''", "DLStiebreaking=''3''", "adaptivenoisescheme=''1''", "randomwalk=''3''", "rdp='0.12343523354730408'"], "cpu_time": 4730.886000000017, "wallclock_time": 2589.6888329982758, "evaluations": 5246, "total_cpu_time": null}
{"cost": 0.00046952908587257646, "incumbent": ["adaptive=''0''", "clausepen=''2''", "performrandomwalk=''0''", "singleclause=''1''", "tabusearch=''1''", "CONadaptwalkprob=''0''", "c='9.460700451740183e-05'", "heuristic=''7''", "promisinglist=''1''", "s='0.0027620890662355853'", "tabu='7'", "adaptiveprom=''1''", "decreasingvariable=''9''", "updateschemepromlist=''3''", "wpwalk='0.3892060028467539'", "adaptpromwalkprob=''0''", "promphi='5'", "promtheta='4'", "promwp='0.07975616071157768'"], "cpu_time": 5175.810000000036, "wallclock_time": 2889.849322080612, "evaluations": 6158, "total_cpu_time": null}
{"cost": 0.0004462500000000003, "incumbent": ["adaptive=''1''", "clausepen=''2''", "performrandomwalk=''0''", "singleclause=''0''", "tabusearch=''0''", "DLSscoringmeasure=''3''", "DLStiebreaking=''1''", "adaptivenoisescheme=''1''"], "cpu_time": 5595.938000000002, "wallclock_time": 3145.4586646556854, "evaluations": 6825, "total_cpu_time": null}
