"CPU Time Used","Estimated Training Performance","Wallclock Time","Incumbent ID","Automatic Configurator (CPU) Time","Configuration..."
0.000000, 2147483648.000000, 0.001457, 1, 0.001457, adaptive=''1'', clausepen=''1'', performrandomwalk=''0'', singleclause=''1'', tabusearch=''0'', adaptivenoisescheme=''1'', adaptwalkprob=''0'', heuristic=''2'', promisinglist=''1'', ps='0.4', selectclause=''1'', smoothingscheme=''1'', adaptiveprom=''0'', decreasingvariable=''3'', performalternatenovelty=''1'', phi='5', theta='6', updateschemepromlist=''3'', wp='0.01', CONadaptpromwalkprob=''0''
2.008000, 2.008000, 2.554096, 1, 0.546096, adaptive=''1'', clausepen=''1'', performrandomwalk=''0'', singleclause=''1'', tabusearch=''0'', adaptivenoisescheme=''1'', adaptwalkprob=''0'', heuristic=''2'', promisinglist=''1'', ps='0.4', selectclause=''1'', smoothingscheme=''1'', adaptiveprom=''0'', decreasingvariable=''3'', performalternatenovelty=''1'', phi='5', theta='6', updateschemepromlist=''3'', wp='0.01', CONadaptpromwalkprob=''0''
3.996000, 0.005040, 8.254433, 2, 4.258433, adaptive=''1'', clausepen=''1'', performrandomwalk=''1'', singleclause=''1'', tabusearch=''0'', adaptivenoisescheme=''1'', adaptwalkprob=''1'', heuristic=''1'', promisinglist=''1'', ps='0.9921097018940638', randomwalk=''3'', selectclause=''1'', smoothingscheme=''2'', adaptiveprom=''0'', decreasingvariable=''7'', performalternatenovelty=''1'', phi='5', rdp='0.10835552886930397', theta='5', updateschemepromlist=''2'', CONadaptpromwalkprob=''0'', promnovnoise='0.6546602626982001'
10.752000, 0.004364, 15.802532, 3, 5.050532, adaptive=''0'', clausepen=''0'', performrandomwalk=''0'', singleclause=''1'', tabusearch=''1'', CONadaptwalkprob=''0'', CONselectclause=''1'', c='0.005265354680537234', heuristic=''13'', promisinglist=''1'', s='0.0012907578995241151', tabu='11', CONdp='0.05170027845857175', adaptiveprom=''0'', decreasingvariable=''4'', novnoise='0.2826602405776956', performalternatenovelty=''1'', updateschemepromlist=''2'', CONadaptpromwalkprob=''0'', tiebreaking='3'
291.352000, 0.001684, 177.715208, 32, -113.636792, adaptive=''0'', clausepen=''0'', performrandomwalk=''0'', singleclause=''1'', tabusearch=''0'', CONadaptwalkprob=''0'', CONselectclause=''1'', c='3.950208153063795e-06', heuristic=''10'', promisinglist=''1'', s='0.05530794897145855', adaptiveprom=''0'', decreasingvariable=''5'', novnoise='0.486841414260082', performalternatenovelty=''1'', updateschemepromlist=''3'', CONadaptpromwalkprob=''0'', tiebreaking='2'
302.924000, 0.001600, 191.454098, 37, -111.469902, adaptive=''1'', clausepen=''2'', performrandomwalk=''0'', singleclause=''0'', tabusearch=''0'', DLSscoringmeasure=''1'', DLStiebreaking=''1'', adaptivenoisescheme=''2''
399.972000, 0.001333, 264.135041, 52, -135.836959, adaptive=''1'', clausepen=''2'', performrandomwalk=''1'', singleclause=''0'', tabusearch=''0'', DLSscoringmeasure=''1'', DLStiebreaking=''1'', adaptivenoisescheme=''2'', randomwalk=''4'', rfp='0.09025005373140682'
955.092000, 0.001149, 533.835413, 81, -421.256587, adaptive=''1'', clausepen=''2'', performrandomwalk=''1'', singleclause=''0'', tabusearch=''0'', DLSscoringmeasure=''3'', DLStiebreaking=''4'', adaptivenoisescheme=''2'', randomwalk=''5'', rfp='0.13573693397118342'
980.928000, 0.001012, 556.168866, 84, -424.759134, adaptive=''1'', clausepen=''2'', performrandomwalk=''1'', singleclause=''0'', tabusearch=''0'', DLSscoringmeasure=''1'', DLStiebreaking=''2'', adaptivenoisescheme=''2'', randomwalk=''5'', rfp='0.06294913836624459'
1054.236000, 0.000941, 604.469151, 92, -449.766849, adaptive=''1'', clausepen=''2'', performrandomwalk=''0'', singleclause=''0'', tabusearch=''1'', DLSscoringmeasure=''1'', DLStiebreaking=''1'', adaptivenoisescheme=''1'', tabu='7'
1270.304000, 0.000770, 733.228741, 109, -537.075259, adaptive=''1'', clausepen=''2'', performrandomwalk=''0'', singleclause=''0'', tabusearch=''0'', DLSscoringmeasure=''3'', DLStiebreaking=''2'', adaptivenoisescheme=''2''
1562.452000, 0.000703, 888.219295, 124, -674.232705, adaptive=''1'', clausepen=''2'', performrandomwalk=''0'', singleclause=''0'', tabusearch=''0'', DLSscoringmeasure=''1'', DLStiebreaking=''2'', adaptivenoisescheme=''1''
1658.964000, 0.000699, 976.626726, 136, -682.337274, adaptive=''1'', clausepen=''2'', performrandomwalk=''0'', singleclause=''0'', tabusearch=''0'', DLSscoringmeasure=''1'', DLStiebreaking=''3'', adaptivenoisescheme=''2''
2150.668000, 0.000636, 1265.757503, 163, -884.910497, adaptive=''1'', clausepen=''2'', performrandomwalk=''1'', singleclause=''0'', tabusearch=''0'', DLSscoringmeasure=''3'', DLStiebreaking=''2'', adaptivenoisescheme=''2'', randomwalk=''4'', rfp='0.12327754653887883'
2795.866000, 0.000563, 1608.965811, 191, -1186.900189, adaptive=''1'', clausepen=''2'', performrandomwalk=''1'', singleclause=''0'', tabusearch=''0'', DLSscoringmeasure=''1'', DLStiebreaking=''1'', adaptivenoisescheme=''1'', randomwalk=''1'', rwp='0.02118538705423589'
2823.410000, 0.000533, 1648.459891, 195, -1174.950109, adaptive=''0'', clausepen=''1'', performrandomwalk=''1'', singleclause=''0'', tabusearch=''0'', DLSscoringmeasure=''1'', DLStiebreaking=''3'', randomwalk=''3'', smoothingscheme=''2'', DLSmaxinc='15', DLSpflat='0.12960390973419073', rdp='0.08793223152853519'
3032.582000, 0.000508, 1784.400626, 207, -1248.181374, adaptive=''0'', clausepen=''2'', performrandomwalk=''1'', singleclause=''1'', tabusearch=''1'', CONadaptwalkprob=''0'', c='0.0036762492722237214', heuristic=''5'', promisinglist=''1'', randomwalk=''5'', s='0.028270948555974264', tabu='1', adaptiveprom=''0'', decreasingvariable=''4'', novnoise='0.384077270631381', rfp='0.06459373726043723', updateschemepromlist=''3'', CONadaptpromwalkprob=''0'', tiebreaking='2'
4730.886000, 0.000470, 2589.688833, 235, -2141.197167, adaptive=''1'', clausepen=''2'', performrandomwalk=''1'', singleclause=''0'', tabusearch=''0'', DLSscoringmeasure=''3'', DLStiebreaking=''3'', adaptivenoisescheme=''1'', randomwalk=''3'', rdp='0.12343523354730408'
5175.810000, 0.000470, 2889.849322, 259, -2285.960678, adaptive=''0'', clausepen=''2'', performrandomwalk=''0'', singleclause=''1'', tabusearch=''1'', CONadaptwalkprob=''0'', c='9.460700451740183e-05', heuristic=''7'', promisinglist=''1'', s='0.0027620890662355853', tabu='7', adaptiveprom=''1'', decreasingvariable=''9'', updateschemepromlist=''3'', wpwalk='0.3892060028467539', adaptpromwalkprob=''0'', promphi='5', promtheta='4', promwp='0.07975616071157768'
5595.938000, 0.000446, 3145.458665, 275, -2450.479335, adaptive=''1'', clausepen=''2'', performrandomwalk=''0'', singleclause=''0'', tabusearch=''0'', DLSscoringmeasure=''3'', DLStiebreaking=''1'', adaptivenoisescheme=''1''
