{"cost": 2147483648, "incumbent": ["adaptive=''1''", "clausepen=''1''", "performrandomwalk=''0''", "singleclause=''1''", "tabusearch=''0''", "adaptivenoisescheme=''1''", "adaptwalkprob=''0''", "heuristic=''2''", "promisinglist=''1''", "ps='0.4'", "selectclause=''1''", "smoothingscheme=''1''", "adaptiveprom=''0''", "decreasingvariable=''3''", "performalternatenovelty=''1''", "phi='5'", "theta='6'", "updateschemepromlist=''3''", "wp='0.01'", "CONadaptpromwalkprob=''0''"], "evaluations": 0, "total_cpu_time": null, "cpu_time": 0, "wallclock_time": 0.0014622211456298828}
{"cost": 50, "incumbent": ["adaptive=''1''", "clausepen=''1''", "performrandomwalk=''0''", "singleclause=''1''", "tabusearch=''0''", "adaptivenoisescheme=''1''", "adaptwalkprob=''0''", "heuristic=''2''", "promisinglist=''1''", "ps='0.4'", "selectclause=''1''", "smoothingscheme=''1''", "adaptiveprom=''0''", "decreasingvariable=''3''", "performalternatenovelty=''1''", "phi='5'", "theta='6'", "updateschemepromlist=''3''", "wp='0.01'", "CONadaptpromwalkprob=''0''"], "evaluations": 1, "total_cpu_time": null, "cpu_time": 5.0, "wallclock_time": 7.637049436569214}
{"cost": 0.003599999999999999, "incumbent": ["adaptive=''0''", "clausepen=''0''", "performrandomwalk=''0''", "singleclause=''1''", "tabusearch=''0''", "CONadaptwalkprob=''0''", "CONselectclause=''1''", "c='0.0011870168597208689'", "heuristic=''13''", "promisinglist=''1''", "s='0.001375893581866807'", "CONdp='0.19821387337153568'", "adaptiveprom=''0''", "decreasingvariable=''9''", "novnoise='0.14861100208422362'", "performalternatenovelty=''0''", "updateschemepromlist=''3''", "CONadaptpromwalkprob=''0''", "promnovnoise='0.6497147606237637'", "CONpromwp='0.12471696852503102'"], "evaluations": 65, "total_cpu_time": null, "cpu_time": 118.38400000000006, "wallclock_time": 116.73490405082703}
{"cost": 0.0032000000000000006, "incumbent": ["adaptive=''1''", "clausepen=''2''", "performrandomwalk=''0''", "singleclause=''0''", "tabusearch=''0''", "DLSscoringmeasure=''1''", "DLStiebreaking=''1''", "adaptivenoisescheme=''2''"], "evaluations": 325, "total_cpu_time": null, "cpu_time": 712.2679999999988, "wallclock_time": 650.2309904098511}
{"cost": 0.0029600000000000004, "incumbent": ["adaptive=''1''", "clausepen=''2''", "performrandomwalk=''0''", "singleclause=''0''", "tabusearch=''0''", "DLSscoringmeasure=''1''", "DLStiebreaking=''2''", "adaptivenoisescheme=''2''"], "evaluations": 1040, "total_cpu_time": null, "cpu_time": 1377.3519999999924, "wallclock_time": 1381.1383142471313}
{"cost": 0.00284, "incumbent": ["adaptive=''0''", "clausepen=''1''", "performrandomwalk=''1''", "singleclause=''0''", "tabusearch=''0''", "DLSscoringmeasure=''1''", "DLStiebreaking=''3''", "randomwalk=''1''", "smoothingscheme=''1''", "DLSalpha='1.257982137157736'", "DLSps='0.011120911019553393'", "DLSrho='0.7362389103691495'", "DLSsapsthresh='-0.1711525730329081'", "DLSwp='0.037852810777251285'", "rwp='0.11459742242573612'"], "evaluations": 1105, "total_cpu_time": null, "cpu_time": 1468.9839999999922, "wallclock_time": 1463.274377822876}
{"cost": 0.0028000000000000004, "incumbent": ["adaptive=''1''", "clausepen=''2''", "performrandomwalk=''1''", "singleclause=''0''", "tabusearch=''0''", "DLSscoringmeasure=''1''", "DLStiebreaking=''1''", "adaptivenoisescheme=''2''", "randomwalk=''1''", "rwp='0.07471578863280277'"], "evaluations": 1300, "total_cpu_time": null, "cpu_time": 1826.607999999993, "wallclock_time": 1800.0080018043518}
