{"cost": 2147483648, "total_cpu_time": null, "cpu_time": 0, "incumbent": ["adaptive=''1''", "clausepen=''1''", "performrandomwalk=''0''", "singleclause=''1''", "tabusearch=''0''", "adaptivenoisescheme=''1''", "adaptwalkprob=''0''", "heuristic=''2''", "promisinglist=''1''", "ps='0.4'", "selectclause=''1''", "smoothingscheme=''1''", "adaptiveprom=''0''", "decreasingvariable=''3''", "performalternatenovelty=''1''", "phi='5'", "theta='6'", "updateschemepromlist=''3''", "wp='0.01'", "CONadaptpromwalkprob=''0''"], "evaluations": 0, "wallclock_time": 0.00154876708984375}
{"cost": 2.004, "total_cpu_time": null, "cpu_time": 2.004, "incumbent": ["adaptive=''1''", "clausepen=''1''", "performrandomwalk=''0''", "singleclause=''1''", "tabusearch=''0''", "adaptivenoisescheme=''1''", "adaptwalkprob=''0''", "heuristic=''2''", "promisinglist=''1''", "ps='0.4'", "selectclause=''1''", "smoothingscheme=''1''", "adaptiveprom=''0''", "decreasingvariable=''3''", "performalternatenovelty=''1''", "phi='5'", "theta='6'", "updateschemepromlist=''3''", "wp='0.01'", "CONadaptpromwalkprob=''0''"], "evaluations": 1, "wallclock_time": 2.5894761085510254}
{"cost": 0.004279999999999999, "total_cpu_time": null, "cpu_time": 92.28399999999995, "incumbent": ["adaptive=''1''", "clausepen=''2''", "performrandomwalk=''0''", "singleclause=''0''", "tabusearch=''0''", "DLSscoringmeasure=''1''", "DLStiebreaking=''4''", "adaptivenoisescheme=''2''"], "evaluations": 65, "wallclock_time": 63.75898051261902}
{"cost": 0.0032000000000000006, "total_cpu_time": null, "cpu_time": 422.80800000000005, "incumbent": ["adaptive=''1''", "clausepen=''2''", "performrandomwalk=''0''", "singleclause=''1''", "tabusearch=''1''", "adaptivenoisescheme=''1''", "adaptwalkprob=''0''", "heuristic=''4''", "promisinglist=''1''", "tabu='18'", "adaptiveprom=''0''", "decreasingvariable=''9''", "dp='0.18736739760210397'", "performalternatenovelty=''1''", "phi='9'", "theta='5'", "updateschemepromlist=''1''", "CONadaptpromwalkprob=''0''", "promnovnoise='0.2580708623567549'", "CONpromwp='0.06820210031866168'"], "evaluations": 260, "wallclock_time": 261.9535503387451}
{"cost": 0.0031600000000000005, "total_cpu_time": null, "cpu_time": 1604.2439999999963, "incumbent": ["adaptive=''1''", "clausepen=''2''", "performrandomwalk=''1''", "singleclause=''0''", "tabusearch=''0''", "DLSscoringmeasure=''3''", "DLStiebreaking=''2''", "adaptivenoisescheme=''2''", "randomwalk=''4''", "rfp='0.05414241712173977'"], "evaluations": 910, "wallclock_time": 974.7580332756042}
{"cost": 0.0029600000000000004, "total_cpu_time": null, "cpu_time": 2018.6639999999932, "incumbent": ["adaptive=''1''", "clausepen=''2''", "performrandomwalk=''0''", "singleclause=''0''", "tabusearch=''0''", "DLSscoringmeasure=''1''", "DLStiebreaking=''2''", "adaptivenoisescheme=''1''"], "evaluations": 1235, "wallclock_time": 1260.2235715389252}
