"CPU Time Used","Estimated Training Performance","Wallclock Time","Incumbent ID","Automatic Configurator (CPU) Time","Configuration..."
0.000000, 2147483648.000000, 0.001453, 1, 0.001453, adaptive=''1'', clausepen=''1'', performrandomwalk=''0'', singleclause=''1'', tabusearch=''0'', adaptivenoisescheme=''1'', adaptwalkprob=''0'', heuristic=''2'', promisinglist=''1'', ps='0.4', selectclause=''1'', smoothingscheme=''1'', adaptiveprom=''0'', decreasingvariable=''3'', performalternatenovelty=''1'', phi='5', theta='6', updateschemepromlist=''3'', wp='0.01', CONadaptpromwalkprob=''0''
1.368000, 1.368000, 1.837552, 1, 0.469552, adaptive=''1'', clausepen=''1'', performrandomwalk=''0'', singleclause=''1'', tabusearch=''0'', adaptivenoisescheme=''1'', adaptwalkprob=''0'', heuristic=''2'', promisinglist=''1'', ps='0.4', selectclause=''1'', smoothingscheme=''1'', adaptiveprom=''0'', decreasingvariable=''3'', performalternatenovelty=''1'', phi='5', theta='6', updateschemepromlist=''3'', wp='0.01', CONadaptpromwalkprob=''0''
124.216000, 0.003385, 198.817101, 4, 74.601101, adaptive=''0'', clausepen=''1'', performrandomwalk=''0'', singleclause=''0'', tabusearch=''0'', DLSscoringmeasure=''3'', DLStiebreaking=''2'', smoothingscheme=''2'', DLSmaxinc='7', DLSpflat='0.19981178359721136'
446.972000, 0.003368, 710.337669, 10, 263.365669, adaptive=''0'', clausepen=''2'', performrandomwalk=''0'', singleclause=''1'', tabusearch=''1'', CONadaptwalkprob=''0'', c='0.0006050379777742405', heuristic=''12'', promisinglist=''1'', s='0.006650097123825845', tabu='14', CONdp='0.1918335107366279', adaptiveprom=''1'', decreasingvariable=''4'', novnoise='0.5871643410578302', performalternatenovelty=''1'', updateschemepromlist=''1'', adaptpromwalkprob=''1'', tiebreaking='1'
762.800000, 0.001565, 1206.515565, 14, 443.715565, adaptive=''1'', clausepen=''2'', performrandomwalk=''0'', singleclause=''0'', tabusearch=''1'', DLSscoringmeasure=''3'', DLStiebreaking=''4'', adaptivenoisescheme=''1'', tabu='5'
