{"wallclock_time": 0.0014526844024658203, "incumbent": ["adaptive=''1''", "clausepen=''1''", "performrandomwalk=''0''", "singleclause=''1''", "tabusearch=''0''", "adaptivenoisescheme=''1''", "adaptwalkprob=''0''", "heuristic=''2''", "promisinglist=''1''", "ps='0.4'", "selectclause=''1''", "smoothingscheme=''1''", "adaptiveprom=''0''", "decreasingvariable=''3''", "performalternatenovelty=''1''", "phi='5'", "theta='6'", "updateschemepromlist=''3''", "wp='0.01'", "CONadaptpromwalkprob=''0''"], "evaluations": 0, "cost": 2147483648, "cpu_time": 0, "total_cpu_time": null}
{"wallclock_time": 1.8375523090362549, "incumbent": ["adaptive=''1''", "clausepen=''1''", "performrandomwalk=''0''", "singleclause=''1''", "tabusearch=''0''", "adaptivenoisescheme=''1''", "adaptwalkprob=''0''", "heuristic=''2''", "promisinglist=''1''", "ps='0.4'", "selectclause=''1''", "smoothingscheme=''1''", "adaptiveprom=''0''", "decreasingvariable=''3''", "performalternatenovelty=''1''", "phi='5'", "theta='6'", "updateschemepromlist=''3''", "wp='0.01'", "CONadaptpromwalkprob=''0''"], "evaluations": 1, "cost": 1.368, "cpu_time": 1.368, "total_cpu_time": null}
{"wallclock_time": 198.8171010017395, "incumbent": ["adaptive=''0''", "clausepen=''1''", "performrandomwalk=''0''", "singleclause=''0''", "tabusearch=''0''", "DLSscoringmeasure=''3''", "DLStiebreaking=''2''", "smoothingscheme=''2''", "DLSmaxinc='7'", "DLSpflat='0.19981178359721136'"], "evaluations": 46, "cost": 0.0033846153846153844, "cpu_time": 124.21599999999997, "total_cpu_time": null}
{"wallclock_time": 710.3376686573029, "incumbent": ["adaptive=''0''", "clausepen=''2''", "performrandomwalk=''0''", "singleclause=''1''", "tabusearch=''1''", "CONadaptwalkprob=''0''", "c='0.0006050379777742405'", "heuristic=''12''", "promisinglist=''1''", "s='0.006650097123825845'", "tabu='14'", "CONdp='0.1918335107366279'", "adaptiveprom=''1''", "decreasingvariable=''4''", "novnoise='0.5871643410578302'", "performalternatenovelty=''1''", "updateschemepromlist=''1''", "adaptpromwalkprob=''1''", "tiebreaking='1'"], "evaluations": 145, "cost": 0.0033684210526315804, "cpu_time": 446.97200000000043, "total_cpu_time": null}
{"wallclock_time": 1206.5155651569366, "incumbent": ["adaptive=''1''", "clausepen=''2''", "performrandomwalk=''0''", "singleclause=''0''", "tabusearch=''1''", "DLSscoringmeasure=''3''", "DLStiebreaking=''4''", "adaptivenoisescheme=''1''", "tabu='5'"], "evaluations": 231, "cost": 0.0015652173913043477, "cpu_time": 762.7999999999992, "total_cpu_time": null}
