"CPU Time Used","Estimated Training Performance","Wallclock Time","Incumbent ID","Automatic Configurator (CPU) Time","Configuration..."
0.000000, 2147483648.000000, 0.000895, 1, 0.000895, sp-clause-activity-inc='1.0', sp-clause-decay='1.4', sp-clause-del-heur=''2'', sp-first-restart='100', sp-learned-clause-sort-heur=''0'', sp-learned-clauses-inc='1.3', sp-learned-size-factor='0.4', sp-orig-clause-sort-heur=''0'', sp-phase-dec-heur=''5'', sp-rand-var-dec-freq=''0.001'', sp-resolution=''1'', sp-restart-inc='1.5', sp-update-dec-queue=''1'', sp-use-pure-literal-rule=''1'', sp-var-activity-inc='1.0', sp-var-dec-heur=''0'', sp-variable-decay='1.4', sp-max-res-lit-inc='1.0', sp-max-res-runs='4', sp-rand-phase-dec-freq=''0.001'', sp-rand-var-dec-scaling='1.0', sp-res-cutoff-cls='8', sp-res-cutoff-lits='400', sp-res-order-heur=''0'', sp-rand-phase-scaling='1.0'
0.064000, 0.064000, 0.206040, 1, 0.142040, sp-clause-activity-inc='1.0', sp-clause-decay='1.4', sp-clause-del-heur=''2'', sp-first-restart='100', sp-learned-clause-sort-heur=''0'', sp-learned-clauses-inc='1.3', sp-learned-size-factor='0.4', sp-orig-clause-sort-heur=''0'', sp-phase-dec-heur=''5'', sp-rand-var-dec-freq=''0.001'', sp-resolution=''1'', sp-restart-inc='1.5', sp-update-dec-queue=''1'', sp-use-pure-literal-rule=''1'', sp-var-activity-inc='1.0', sp-var-dec-heur=''0'', sp-variable-decay='1.4', sp-max-res-lit-inc='1.0', sp-max-res-runs='4', sp-rand-phase-dec-freq=''0.001'', sp-rand-var-dec-scaling='1.0', sp-res-cutoff-cls='8', sp-res-cutoff-lits='400', sp-res-order-heur=''0'', sp-rand-phase-scaling='1.0'
102.052000, 0.115280, 91.919009, 5, -10.132991, sp-clause-activity-inc='0.810774540875304', sp-clause-decay='1.37248652390427', sp-clause-del-heur=''0'', sp-first-restart='1264', sp-learned-clause-sort-heur=''7'', sp-learned-clauses-inc='1.1981352019753795', sp-learned-size-factor='1.0330041993068666', sp-orig-clause-sort-heur=''4'', sp-phase-dec-heur=''2'', sp-rand-var-dec-freq=''0.005'', sp-resolution=''0'', sp-restart-inc='1.636623266636022', sp-update-dec-queue=''1'', sp-use-pure-literal-rule=''1'', sp-var-activity-inc='0.510153835828418', sp-var-dec-heur=''5'', sp-variable-decay='1.9352754623407449', sp-rand-var-dec-scaling='0.9305510588689139'
202.564000, 0.086640, 228.702269, 19, 26.138269, sp-clause-activity-inc='0.6381945863870216', sp-clause-decay='1.324448461836574', sp-clause-del-heur=''2'', sp-first-restart='1965', sp-learned-clause-sort-heur=''16'', sp-learned-clauses-inc='1.239696137361424', sp-learned-size-factor='0.177366635525355', sp-orig-clause-sort-heur=''4'', sp-phase-dec-heur=''4'', sp-rand-var-dec-freq=''0.001'', sp-resolution=''0'', sp-restart-inc='1.5216847326759058', sp-update-dec-queue=''1'', sp-use-pure-literal-rule=''1'', sp-var-activity-inc='1.4053011531881432', sp-var-dec-heur=''4'', sp-variable-decay='1.067360911658763', sp-rand-phase-dec-freq=''0'', sp-rand-var-dec-scaling='0.7775492468075824'
267.636000, 0.072640, 373.091424, 24, 105.455424, sp-clause-activity-inc='0.6381945863870216', sp-clause-decay='1.2460131876899048', sp-clause-del-heur=''2'', sp-first-restart='1208', sp-learned-clause-sort-heur=''14'', sp-learned-clauses-inc='1.239696137361424', sp-learned-size-factor='0.9733023425680636', sp-orig-clause-sort-heur=''16'', sp-phase-dec-heur=''5'', sp-rand-var-dec-freq=''0.01'', sp-resolution=''1'', sp-restart-inc='1.6028626719549464', sp-update-dec-queue=''1'', sp-use-pure-literal-rule=''1'', sp-var-activity-inc='1.4053011531881432', sp-var-dec-heur=''6'', sp-variable-decay='1.067360911658763', sp-max-res-lit-inc='3.313388848849713', sp-max-res-runs='14', sp-rand-phase-dec-freq=''0'', sp-rand-var-dec-scaling='0.7775492468075824', sp-res-cutoff-cls='6', sp-res-cutoff-lits='137', sp-res-order-heur=''1''
