{"total_cpu_time": null, "incumbent": ["sp-clause-activity-inc='1.0'", "sp-clause-decay='1.4'", "sp-clause-del-heur=''2''", "sp-first-restart='100'", "sp-learned-clause-sort-heur=''0''", "sp-learned-clauses-inc='1.3'", "sp-learned-size-factor='0.4'", "sp-orig-clause-sort-heur=''0''", "sp-phase-dec-heur=''5''", "sp-rand-var-dec-freq=''0.001''", "sp-resolution=''1''", "sp-restart-inc='1.5'", "sp-update-dec-queue=''1''", "sp-use-pure-literal-rule=''1''", "sp-var-activity-inc='1.0'", "sp-var-dec-heur=''0''", "sp-variable-decay='1.4'", "sp-max-res-lit-inc='1.0'", "sp-max-res-runs='4'", "sp-rand-phase-dec-freq=''0.001''", "sp-rand-var-dec-scaling='1.0'", "sp-res-cutoff-cls='8'", "sp-res-cutoff-lits='400'", "sp-res-order-heur=''0''", "sp-rand-phase-scaling='1.0'"], "wallclock_time": 0.0008950233459472656, "evaluations": 0, "cpu_time": 0, "cost": 2147483648}
{"total_cpu_time": null, "incumbent": ["sp-clause-activity-inc='1.0'", "sp-clause-decay='1.4'", "sp-clause-del-heur=''2''", "sp-first-restart='100'", "sp-learned-clause-sort-heur=''0''", "sp-learned-clauses-inc='1.3'", "sp-learned-size-factor='0.4'", "sp-orig-clause-sort-heur=''0''", "sp-phase-dec-heur=''5''", "sp-rand-var-dec-freq=''0.001''", "sp-resolution=''1''", "sp-restart-inc='1.5'", "sp-update-dec-queue=''1''", "sp-use-pure-literal-rule=''1''", "sp-var-activity-inc='1.0'", "sp-var-dec-heur=''0''", "sp-variable-decay='1.4'", "sp-max-res-lit-inc='1.0'", "sp-max-res-runs='4'", "sp-rand-phase-dec-freq=''0.001''", "sp-rand-var-dec-scaling='1.0'", "sp-res-cutoff-cls='8'", "sp-res-cutoff-lits='400'", "sp-res-order-heur=''0''", "sp-rand-phase-scaling='1.0'"], "wallclock_time": 0.2060399055480957, "evaluations": 1, "cpu_time": 0.064, "cost": 0.064}
{"total_cpu_time": null, "incumbent": ["sp-clause-activity-inc='0.810774540875304'", "sp-clause-decay='1.37248652390427'", "sp-clause-del-heur=''0''", "sp-first-restart='1264'", "sp-learned-clause-sort-heur=''7''", "sp-learned-clauses-inc='1.1981352019753795'", "sp-learned-size-factor='1.0330041993068666'", "sp-orig-clause-sort-heur=''4''", "sp-phase-dec-heur=''2''", "sp-rand-var-dec-freq=''0.005''", "sp-resolution=''0''", "sp-restart-inc='1.636623266636022'", "sp-update-dec-queue=''1''", "sp-use-pure-literal-rule=''1''", "sp-var-activity-inc='0.510153835828418'", "sp-var-dec-heur=''5''", "sp-variable-decay='1.9352754623407449'", "sp-rand-var-dec-scaling='0.9305510588689139'"], "wallclock_time": 91.9190092086792, "evaluations": 65, "cpu_time": 102.05200000000002, "cost": 0.11527999999999998}
{"total_cpu_time": null, "incumbent": ["sp-clause-activity-inc='0.6381945863870216'", "sp-clause-decay='1.324448461836574'", "sp-clause-del-heur=''2''", "sp-first-restart='1965'", "sp-learned-clause-sort-heur=''16''", "sp-learned-clauses-inc='1.239696137361424'", "sp-learned-size-factor='0.177366635525355'", "sp-orig-clause-sort-heur=''4''", "sp-phase-dec-heur=''4''", "sp-rand-var-dec-freq=''0.001''", "sp-resolution=''0''", "sp-restart-inc='1.5216847326759058'", "sp-update-dec-queue=''1''", "sp-use-pure-literal-rule=''1''", "sp-var-activity-inc='1.4053011531881432'", "sp-var-dec-heur=''4''", "sp-variable-decay='1.067360911658763'", "sp-rand-phase-dec-freq=''0''", "sp-rand-var-dec-scaling='0.7775492468075824'"], "wallclock_time": 228.70226860046387, "evaluations": 130, "cpu_time": 202.56400000000005, "cost": 0.08664000000000002}
{"total_cpu_time": null, "incumbent": ["sp-clause-activity-inc='0.6381945863870216'", "sp-clause-decay='1.2460131876899048'", "sp-clause-del-heur=''2''", "sp-first-restart='1208'", "sp-learned-clause-sort-heur=''14''", "sp-learned-clauses-inc='1.239696137361424'", "sp-learned-size-factor='0.9733023425680636'", "sp-orig-clause-sort-heur=''16''", "sp-phase-dec-heur=''5''", "sp-rand-var-dec-freq=''0.01''", "sp-resolution=''1''", "sp-restart-inc='1.6028626719549464'", "sp-update-dec-queue=''1''", "sp-use-pure-literal-rule=''1''", "sp-var-activity-inc='1.4053011531881432'", "sp-var-dec-heur=''6''", "sp-variable-decay='1.067360911658763'", "sp-max-res-lit-inc='3.313388848849713'", "sp-max-res-runs='14'", "sp-rand-phase-dec-freq=''0''", "sp-rand-var-dec-scaling='0.7775492468075824'", "sp-res-cutoff-cls='6'", "sp-res-cutoff-lits='137'", "sp-res-order-heur=''1''"], "wallclock_time": 373.0914235115051, "evaluations": 195, "cpu_time": 267.6360000000001, "cost": 0.07264000000000001}
