"CPU Time Used","Estimated Training Performance","Wallclock Time","Incumbent ID","Automatic Configurator (CPU) Time","Configuration..."
0.000000, 2147483648.000000, 0.000873, 1, 0.000873, sp-clause-activity-inc='1.0', sp-clause-decay='1.4', sp-clause-del-heur=''2'', sp-first-restart='100', sp-learned-clause-sort-heur=''0'', sp-learned-clauses-inc='1.3', sp-learned-size-factor='0.4', sp-orig-clause-sort-heur=''0'', sp-phase-dec-heur=''5'', sp-rand-var-dec-freq=''0.001'', sp-resolution=''1'', sp-restart-inc='1.5', sp-update-dec-queue=''1'', sp-use-pure-literal-rule=''1'', sp-var-activity-inc='1.0', sp-var-dec-heur=''0'', sp-variable-decay='1.4', sp-max-res-lit-inc='1.0', sp-max-res-runs='4', sp-rand-phase-dec-freq=''0.001'', sp-rand-var-dec-scaling='1.0', sp-res-cutoff-cls='8', sp-res-cutoff-lits='400', sp-res-order-heur=''0'', sp-rand-phase-scaling='1.0'
0.056000, 0.056000, 0.235892, 1, 0.179892, sp-clause-activity-inc='1.0', sp-clause-decay='1.4', sp-clause-del-heur=''2'', sp-first-restart='100', sp-learned-clause-sort-heur=''0'', sp-learned-clauses-inc='1.3', sp-learned-size-factor='0.4', sp-orig-clause-sort-heur=''0'', sp-phase-dec-heur=''5'', sp-rand-var-dec-freq=''0.001'', sp-resolution=''1'', sp-restart-inc='1.5', sp-update-dec-queue=''1'', sp-use-pure-literal-rule=''1'', sp-var-activity-inc='1.0', sp-var-dec-heur=''0'', sp-variable-decay='1.4', sp-max-res-lit-inc='1.0', sp-max-res-runs='4', sp-rand-phase-dec-freq=''0.001'', sp-rand-var-dec-scaling='1.0', sp-res-cutoff-cls='8', sp-res-cutoff-lits='400', sp-res-order-heur=''0'', sp-rand-phase-scaling='1.0'
18.588000, 0.071140, 26.929941, 2, 8.341941, sp-clause-activity-inc='0.8267033074654306', sp-clause-decay='1.4559573702055792', sp-clause-del-heur=''1'', sp-first-restart='272', sp-learned-clause-sort-heur=''1'', sp-learned-clauses-inc='1.3344641561513138', sp-learned-size-factor='0.3038050309541085', sp-orig-clause-sort-heur=''9'', sp-phase-dec-heur=''1'', sp-rand-var-dec-freq=''0.001'', sp-resolution=''0'', sp-restart-inc='1.4616532035361176', sp-update-dec-queue=''1'', sp-use-pure-literal-rule=''0'', sp-var-activity-inc='0.6631736335278987', sp-var-dec-heur=''6'', sp-variable-decay='1.9239274014706191', sp-rand-phase-dec-freq=''0'', sp-rand-var-dec-scaling='0.9315980956435774'
292.276000, 0.056136, 424.156880, 9, 131.880880, sp-clause-activity-inc='0.8385239311520991', sp-clause-decay='1.9973322891131469', sp-clause-del-heur=''1'', sp-first-restart='1813', sp-learned-clause-sort-heur=''7'', sp-learned-clauses-inc='1.2051398322849274', sp-learned-size-factor='0.41296524327076156', sp-orig-clause-sort-heur=''17'', sp-phase-dec-heur=''4'', sp-rand-var-dec-freq=''0'', sp-resolution=''1'', sp-restart-inc='1.7810188790931245', sp-update-dec-queue=''0'', sp-use-pure-literal-rule=''1'', sp-var-activity-inc='1.3343193065695313', sp-var-dec-heur=''6'', sp-variable-decay='1.2560902705675991', sp-max-res-lit-inc='3.2177162906604675', sp-max-res-runs='7', sp-rand-phase-dec-freq=''0.001'', sp-res-cutoff-cls='6', sp-res-cutoff-lits='158', sp-res-order-heur=''8'', sp-rand-phase-scaling='0.594138395076346'
310.964000, 0.051767, 454.824932, 3, 143.860932, sp-clause-activity-inc='1.0546315107710504', sp-clause-decay='1.1233494748919837', sp-clause-del-heur=''1'', sp-first-restart='723', sp-learned-clause-sort-heur=''11'', sp-learned-clauses-inc='1.2629044369598252', sp-learned-size-factor='0.14585779699413426', sp-orig-clause-sort-heur=''10'', sp-phase-dec-heur=''4'', sp-rand-var-dec-freq=''0.001'', sp-resolution=''2'', sp-restart-inc='1.7100867527985868', sp-update-dec-queue=''0'', sp-use-pure-literal-rule=''1'', sp-var-activity-inc='1.4354655297733225', sp-var-dec-heur=''16'', sp-variable-decay='1.0724249151121878', sp-max-res-lit-inc='1.08206728635883', sp-max-res-runs='9', sp-rand-phase-dec-freq=''0.005'', sp-rand-var-dec-scaling='0.4051707691965788', sp-res-cutoff-cls='3', sp-res-cutoff-lits='928', sp-res-order-heur=''12'', sp-rand-phase-scaling='0.4656217592584265'
521.990000, 0.034518, 758.971218, 13, 236.981218, sp-clause-activity-inc='0.9179774026378795', sp-clause-decay='1.6623040611155986', sp-clause-del-heur=''2'', sp-first-restart='909', sp-learned-clause-sort-heur=''7'', sp-learned-clauses-inc='1.4620661540071125', sp-learned-size-factor='0.19398728594689407', sp-orig-clause-sort-heur=''12'', sp-phase-dec-heur=''1'', sp-rand-var-dec-freq=''0.005'', sp-resolution=''2'', sp-restart-inc='1.445817492094561', sp-update-dec-queue=''1'', sp-use-pure-literal-rule=''1'', sp-var-activity-inc='1.3239927273971048', sp-var-dec-heur=''0'', sp-variable-decay='1.3099482621509024', sp-max-res-lit-inc='0.4447671935934317', sp-max-res-runs='17', sp-rand-phase-dec-freq=''0.001'', sp-rand-var-dec-scaling='0.33867920159613324', sp-res-cutoff-cls='7', sp-res-cutoff-lits='117', sp-res-order-heur=''12'', sp-rand-phase-scaling='0.5484453435991803'
641.798000, 0.030988, 933.150707, 16, 291.352707, sp-clause-activity-inc='1.2421382981533293', sp-clause-decay='1.0562175528013147', sp-clause-del-heur=''2'', sp-first-restart='72', sp-learned-clause-sort-heur=''0'', sp-learned-clauses-inc='1.1539524394730243', sp-learned-size-factor='0.14622904290743233', sp-orig-clause-sort-heur=''7'', sp-phase-dec-heur=''1'', sp-rand-var-dec-freq=''0.05'', sp-resolution=''2'', sp-restart-inc='1.5792281158998125', sp-update-dec-queue=''1'', sp-use-pure-literal-rule=''1'', sp-var-activity-inc='0.6373461979148838', sp-var-dec-heur=''2'', sp-variable-decay='1.0756685034702151', sp-max-res-lit-inc='2.3473474236742273', sp-max-res-runs='1', sp-rand-phase-dec-freq=''0.001'', sp-rand-var-dec-scaling='0.7392869406717963', sp-res-cutoff-cls='4', sp-res-cutoff-lits='904', sp-res-order-heur=''17'', sp-rand-phase-scaling='0.8817256601121493'
1125.434000, 0.026254, 1640.771449, 22, 515.337449, sp-clause-activity-inc='0.6306141078425289', sp-clause-decay='1.460580988431573', sp-clause-del-heur=''1'', sp-first-restart='459', sp-learned-clause-sort-heur=''6'', sp-learned-clauses-inc='1.2872181864677668', sp-learned-size-factor='0.13732209527208752', sp-orig-clause-sort-heur=''1'', sp-phase-dec-heur=''0'', sp-rand-var-dec-freq=''0.005'', sp-resolution=''0'', sp-restart-inc='1.8427851116854546', sp-update-dec-queue=''0'', sp-use-pure-literal-rule=''0'', sp-var-activity-inc='0.8580996056937374', sp-var-dec-heur=''6'', sp-variable-decay='1.1063648075738473', sp-rand-phase-dec-freq=''0.05'', sp-rand-var-dec-scaling='0.7704106243212886', sp-rand-phase-scaling='0.4676073914408169'
2039.006000, 0.024274, 2975.296128, 32, 936.290128, sp-clause-activity-inc='0.8682357403671139', sp-clause-decay='1.1637172518055285', sp-clause-del-heur=''2'', sp-first-restart='3200', sp-learned-clause-sort-heur=''5'', sp-learned-clauses-inc='1.4151194272806211', sp-learned-size-factor='0.5148212431286703', sp-orig-clause-sort-heur=''16'', sp-phase-dec-heur=''3'', sp-rand-var-dec-freq=''0.05'', sp-resolution=''1'', sp-restart-inc='1.786504506284039', sp-update-dec-queue=''0'', sp-use-pure-literal-rule=''0'', sp-var-activity-inc='0.9477132139478793', sp-var-dec-heur=''3'', sp-variable-decay='1.6150056021229284', sp-max-res-lit-inc='1.4736612770857496', sp-max-res-runs='8', sp-rand-phase-dec-freq=''0.001'', sp-rand-var-dec-scaling='0.9745944710284542', sp-res-cutoff-cls='8', sp-res-cutoff-lits='222', sp-res-order-heur=''10'', sp-rand-phase-scaling='0.9582770197628294'
2764.070000, 0.023816, 4017.747271, 30, 1253.677271, sp-clause-activity-inc='1.3235786071185949', sp-clause-decay='1.7612135382394376', sp-clause-del-heur=''2'', sp-first-restart='1437', sp-learned-clause-sort-heur=''6'', sp-learned-clauses-inc='1.1589329408955495', sp-learned-size-factor='0.87118015779179', sp-orig-clause-sort-heur=''12'', sp-phase-dec-heur=''0'', sp-rand-var-dec-freq=''0.05'', sp-resolution=''2'', sp-restart-inc='1.7293982263176506', sp-update-dec-queue=''0'', sp-use-pure-literal-rule=''1'', sp-var-activity-inc='1.0081680293194952', sp-var-dec-heur=''17'', sp-variable-decay='1.4307666558671654', sp-max-res-lit-inc='1.0032036180400232', sp-max-res-runs='7', sp-rand-phase-dec-freq=''0.0001'', sp-rand-var-dec-scaling='0.5857623549644254', sp-res-cutoff-cls='9', sp-res-cutoff-lits='676', sp-res-order-heur=''19'', sp-rand-phase-scaling='0.4946989582184709'
2926.990000, 0.016664, 4263.398444, 34, 1336.408444, sp-clause-activity-inc='1.0031384162608616', sp-clause-decay='1.8739663170365262', sp-clause-del-heur=''2'', sp-first-restart='340', sp-learned-clause-sort-heur=''19'', sp-learned-clauses-inc='1.1874258625018772', sp-learned-size-factor='0.18188271705094114', sp-orig-clause-sort-heur=''13'', sp-phase-dec-heur=''2'', sp-rand-var-dec-freq=''0.0001'', sp-resolution=''1'', sp-restart-inc='1.3361110497427537', sp-update-dec-queue=''1'', sp-use-pure-literal-rule=''1'', sp-var-activity-inc='1.3102802413924495', sp-var-dec-heur=''16'', sp-variable-decay='1.3673884425633769', sp-clause-inversion=''1'', sp-max-res-lit-inc='1.9660965042940464', sp-max-res-runs='24', sp-rand-var-dec-scaling='1.0743606179882914', sp-res-cutoff-cls='11', sp-res-cutoff-lits='253', sp-res-order-heur=''9''
3726.326000, 0.015793, 5408.216969, 42, 1681.890969, sp-clause-activity-inc='1.0916357829959473', sp-clause-decay='1.0248015815640348', sp-clause-del-heur=''1'', sp-first-restart='678', sp-learned-clause-sort-heur=''17'', sp-learned-clauses-inc='1.1433842421131806', sp-learned-size-factor='0.6042344996542652', sp-orig-clause-sort-heur=''3'', sp-phase-dec-heur=''5'', sp-rand-var-dec-freq=''0.001'', sp-resolution=''0'', sp-restart-inc='1.2130383992292124', sp-update-dec-queue=''0'', sp-use-pure-literal-rule=''0'', sp-var-activity-inc='0.9580266899823944', sp-var-dec-heur=''16'', sp-variable-decay='1.3351896620227783', sp-rand-phase-dec-freq=''0.05'', sp-rand-var-dec-scaling='0.905633610681805', sp-rand-phase-scaling='0.49722503612825386'
4875.374000, 0.014189, 7080.410775, 45, 2205.036775, sp-clause-activity-inc='0.7664348053874713', sp-clause-decay='1.2906913529858446', sp-clause-del-heur=''0'', sp-first-restart='267', sp-learned-clause-sort-heur=''1'', sp-learned-clauses-inc='1.4367170996922307', sp-learned-size-factor='0.1306779383087519', sp-orig-clause-sort-heur=''4'', sp-phase-dec-heur=''5'', sp-rand-var-dec-freq=''0.0001'', sp-resolution=''0'', sp-restart-inc='1.352266310166376', sp-update-dec-queue=''0'', sp-use-pure-literal-rule=''1'', sp-var-activity-inc='1.0762398779453768', sp-var-dec-heur=''0'', sp-variable-decay='1.3865995379063911', sp-rand-phase-dec-freq=''0.05'', sp-rand-var-dec-scaling='0.7268710341875575', sp-rand-phase-scaling='0.9261230478912099'
5102.670000, 0.013858, 7406.807831, 22, 2304.137831, sp-clause-activity-inc='0.6306141078425289', sp-clause-decay='1.460580988431573', sp-clause-del-heur=''1'', sp-first-restart='459', sp-learned-clause-sort-heur=''6'', sp-learned-clauses-inc='1.2872181864677668', sp-learned-size-factor='0.13732209527208752', sp-orig-clause-sort-heur=''1'', sp-phase-dec-heur=''0'', sp-rand-var-dec-freq=''0.005'', sp-resolution=''0'', sp-restart-inc='1.8427851116854546', sp-update-dec-queue=''0'', sp-use-pure-literal-rule=''0'', sp-var-activity-inc='0.8580996056937374', sp-var-dec-heur=''6'', sp-variable-decay='1.1063648075738473', sp-rand-phase-dec-freq=''0.05'', sp-rand-var-dec-scaling='0.7704106243212886', sp-rand-phase-scaling='0.4676073914408169'
6995.996000, 0.009486, 10158.163541, 48, 3162.167541, sp-clause-activity-inc='0.8553962237119632', sp-clause-decay='1.8700428588485174', sp-clause-del-heur=''2'', sp-first-restart='114', sp-learned-clause-sort-heur=''5'', sp-learned-clauses-inc='1.4818928694092548', sp-learned-size-factor='1.5106246963922314', sp-orig-clause-sort-heur=''1'', sp-phase-dec-heur=''1'', sp-rand-var-dec-freq=''0.0001'', sp-resolution=''0'', sp-restart-inc='1.836896431716419', sp-update-dec-queue=''1'', sp-use-pure-literal-rule=''1'', sp-var-activity-inc='1.3049406794606522', sp-var-dec-heur=''0'', sp-variable-decay='1.6206605753332577', sp-rand-phase-dec-freq=''0.05'', sp-rand-var-dec-scaling='0.789170480305827', sp-rand-phase-scaling='0.38830651067621885'
12158.818000, 0.009233, 17613.261435, 69, 5454.443435, sp-clause-activity-inc='0.6218008909079876', sp-clause-decay='1.2627745858863628', sp-clause-del-heur=''2'', sp-first-restart='632', sp-learned-clause-sort-heur=''13'', sp-learned-clauses-inc='1.2149747202094996', sp-learned-size-factor='0.2445001899259052', sp-orig-clause-sort-heur=''2'', sp-phase-dec-heur=''1'', sp-rand-var-dec-freq=''0.05'', sp-resolution=''2'', sp-restart-inc='1.360146517702261', sp-update-dec-queue=''0'', sp-use-pure-literal-rule=''1'', sp-var-activity-inc='1.130531565078087', sp-var-dec-heur=''4'', sp-variable-decay='1.788982034601055', sp-max-res-lit-inc='2.3396450731823233', sp-max-res-runs='1', sp-rand-phase-dec-freq=''0.05'', sp-rand-var-dec-scaling='0.42020444926765155', sp-res-cutoff-cls='10', sp-res-cutoff-lits='125', sp-res-order-heur=''12'', sp-rand-phase-scaling='1.0446251920045164'
