{"configs": {"1": {"promisinglist": "1", "ps": 0.4, "updateschemepromlist": "3", "phi": 5, "wp": 0.01, "adaptiveprom": "0", "adaptivenoisescheme": "1", "theta": 6, "smoothingscheme": "1", "heuristic": "2", "adaptive": "1", "selectclause": "1", "decreasingvariable": "3", "clausepen": "1", "tabusearch": "0", "performalternatenovelty": "1", "adaptwalkprob": "0", "CONadaptpromwalkprob": "0", "singleclause": "1", "performrandomwalk": "0"}, "2": {"clausepen": "2", "adaptive": "1", "adaptivenoisescheme": "2", "DLStiebreaking": "3", "tabu": 19, "tabusearch": "1", "singleclause": "0", "performrandomwalk": "0", "DLSscoringmeasure": "2"}, "3": {"DLSrho": 0.8072720602709728, "DLStiebreaking": "1", "adaptivenoisescheme": "1", "tabu": 11, "smoothingscheme": "1", "DLSalpha": 1.0769042556349127, "adaptive": "1", "clausepen": "1", "DLSwp": 0.030272986935594586, "tabusearch": "1", "DLSsapsthresh": -0.3280435516295861, "singleclause": "0", "performrandomwalk": "0", "DLSscoringmeasure": "2"}, "4": {"clausepen": "2", "adaptive": "1", "adaptivenoisescheme": "2", "DLStiebreaking": "4", "tabusearch": "0", "singleclause": "0", "performrandomwalk": "0", "DLSscoringmeasure": "1"}, "5": {"promisinglist": "0", "ps": 0.857374466442646, "adaptivenoisescheme": "2", "smoothingscheme": "1", "heuristic": "8", "adaptive": "1", "selectclause": "1", "clausepen": "1", "adaptwalkprob": "0", "tabusearch": "0", "singleclause": "1", "performrandomwalk": "0"}, "6": {"promisinglist": "1", "updateschemepromlist": "3", "phi": 8, "CONselectclause": "1", "adaptivenoisescheme": "2", "tabu": 5, "heuristic": "1", "adaptive": "1", "theta": 10, "decreasingvariable": "1", "clausepen": "0", "tabusearch": "1", "adaptpromwalkprob": "1", "performalternatenovelty": "0", "tiebreaking": 3, "adaptwalkprob": "0", "singleclause": "1", "performrandomwalk": "0", "adaptiveprom": "1"}, "7": {"clausepen": "0", "adaptive": "0", "DLStiebreaking": "3", "tabusearch": "0", "rwp": 0.023837911263729673, "singleclause": "0", "performrandomwalk": "1", "randomwalk": "1", "DLSscoringmeasure": "3"}, "8": {"clausepen": "2", "rfp": 0.09182462323082227, "DLStiebreaking": "1", "tabu": 14, "tabusearch": "1", "adaptive": "0", "singleclause": "0", "performrandomwalk": "1", "randomwalk": "5", "DLSscoringmeasure": "1"}, "9": {"clausepen": "0", "adaptive": "1", "adaptivenoisescheme": "2", "DLStiebreaking": "4", "tabusearch": "0", "rwp": 0.08197491002432584, "singleclause": "0", "performrandomwalk": "1", "randomwalk": "1", "DLSscoringmeasure": "1"}, "10": {"promisinglist": "0", "rfp": 0.10995511826424822, "CONselectclause": "1", "s": 0.08060738743945678, "heuristic": "5", "adaptive": "0", "randomwalk": "5", "c": 0.038129848828780614, "clausepen": "0", "CONadaptwalkprob": "0", "tabusearch": "0", "singleclause": "1", "performrandomwalk": "1", "novnoise": 0.34334995083974285}, "11": {"clausepen": "2", "adaptive": "1", "adaptivenoisescheme": "2", "DLStiebreaking": "1", "tabu": 15, "tabusearch": "1", "singleclause": "0", "performrandomwalk": "0", "DLSscoringmeasure": "2"}, "12": {"clausepen": "2", "adaptive": "0", "DLSc": 0.010000000000000014, "DLStiebreaking": "4", "tabusearch": "0", "DLSs": 0.010000000000000004, "singleclause": "0", "performrandomwalk": "0", "DLSscoringmeasure": "1"}, "13": {"clausepen": "2", "adaptive": "1", "adaptivenoisescheme": "2", "DLStiebreaking": "4", "tabu": 1, "tabusearch": "1", "singleclause": "0", "performrandomwalk": "0", "DLSscoringmeasure": "1"}, "14": {"promisinglist": "1", "updateschemepromlist": "3", "phi": 5, "wp": 0.01, "adaptivenoisescheme": "2", "adaptiveprom": "0", "theta": 6, "CONadaptpromwalkprob": "0", "heuristic": "2", "adaptive": "1", "decreasingvariable": "3", "clausepen": "2", "adaptwalkprob": "0", "performalternatenovelty": "1", "tabusearch": "0", "singleclause": "1", "performrandomwalk": "0"}, "15": {"clausepen": "2", "adaptive": "1", "adaptivenoisescheme": "2", "DLStiebreaking": "4", "tabusearch": "0", "singleclause": "0", "performrandomwalk": "0", "DLSscoringmeasure": "3"}, "16": {"clausepen": "2", "adaptive": "1", "adaptivenoisescheme": "1", "DLStiebreaking": "4", "tabusearch": "0", "singleclause": "0", "performrandomwalk": "0", "DLSscoringmeasure": "1"}, "17": {"clausepen": "2", "adaptive": "1", "adaptivenoisescheme": "2", "DLStiebreaking": "3", "tabusearch": "0", "singleclause": "0", "performrandomwalk": "0", "DLSscoringmeasure": "1"}, "18": {"clausepen": "0", "adaptive": "1", "adaptivenoisescheme": "2", "DLStiebreaking": "4", "tabusearch": "0", "singleclause": "0", "performrandomwalk": "0", "DLSscoringmeasure": "1"}, "19": {"DLSrho": 0.5, "DLStiebreaking": "4", "adaptivenoisescheme": "2", "smoothingscheme": "1", "DLSalpha": 1.189, "adaptive": "1", "clausepen": "1", "DLSwp": 0.03, "tabusearch": "0", "DLSsapsthresh": -0.1, "singleclause": "0", "performrandomwalk": "0", "DLSscoringmeasure": "1"}, "20": {"clausepen": "2", "adaptive": "1", "adaptivenoisescheme": "2", "DLStiebreaking": "4", "tabusearch": "0", "singleclause": "0", "performrandomwalk": "0", "DLSscoringmeasure": "2"}, "21": {"clausepen": "2", "singleclause": "0", "DLStiebreaking": "3", "tabusearch": "0", "adaptive": "0", "performrandomwalk": "0", "DLSscoringmeasure": "1"}, "22": {"clausepen": "2", "adaptive": "1", "adaptivenoisescheme": "2", "DLStiebreaking": "3", "tabusearch": "0", "rwp": 0.01, "singleclause": "0", "performrandomwalk": "1", "randomwalk": "1", "DLSscoringmeasure": "1"}, "23": {"clausepen": "2", "adaptive": "1", "adaptivenoisescheme": "2", "DLStiebreaking": "3", "tabu": 1, "tabusearch": "1", "singleclause": "0", "performrandomwalk": "0", "DLSscoringmeasure": "1"}, "24": {"clausepen": "2", "adaptive": "1", "adaptivenoisescheme": "2", "DLStiebreaking": "1", "tabusearch": "0", "singleclause": "0", "performrandomwalk": "0", "DLSscoringmeasure": "1"}, "25": {"clausepen": "0", "adaptive": "1", "adaptivenoisescheme": "2", "DLStiebreaking": "3", "tabusearch": "0", "singleclause": "0", "performrandomwalk": "0", "DLSscoringmeasure": "1"}, "26": {"DLSrho": 0.5, "DLStiebreaking": "3", "adaptivenoisescheme": "2", "smoothingscheme": "1", "DLSalpha": 1.189, "adaptive": "1", "clausepen": "1", "DLSwp": 0.03, "tabusearch": "0", "DLSsapsthresh": -0.1, "singleclause": "0", "performrandomwalk": "0", "DLSscoringmeasure": "1"}, "27": {"clausepen": "2", "adaptive": "1", "adaptivenoisescheme": "1", "DLStiebreaking": "3", "tabusearch": "0", "singleclause": "0", "performrandomwalk": "0", "DLSscoringmeasure": "1"}, "28": {"clausepen": "2", "adaptive": "1", "adaptivenoisescheme": "2", "DLStiebreaking": "2", "tabusearch": "0", "singleclause": "0", "performrandomwalk": "0", "DLSscoringmeasure": "1"}, "29": {"clausepen": "2", "adaptive": "1", "adaptivenoisescheme": "2", "DLStiebreaking": "3", "tabusearch": "0", "singleclause": "0", "performrandomwalk": "0", "DLSscoringmeasure": "3"}, "30": {"clausepen": "2", "adaptive": "1", "adaptivenoisescheme": "2", "DLStiebreaking": "3", "tabusearch": "0", "singleclause": "0", "performrandomwalk": "0", "DLSscoringmeasure": "2"}}, "data": [[[1, "instances/sat/data/CBMC/CBMC_LIN_S4/cbmc_binsearch-sat-lin.c_a186_s4_satelite.cnf", 468304328], [1.976, 1.976, {"__enum__": "StatusType.SUCCESS"}, {}]], [[2, "instances/sat/data/CBMC/CBMC_LIN_S4/cbmc_binsearch-sat-lin.c_a2_s4_satelite.cnf", 12345], [5.0, 5.0, {"__enum__": "StatusType.TIMEOUT"}, {}]], [[3, "instances/sat/data/CBMC/CBMC_LIN_S4/cbmc_binsearch-sat-lin.c_a2_s4_satelite.cnf", 12345], [5.0, 5.0, {"__enum__": "StatusType.TIMEOUT"}, {}]], [[4, "instances/sat/data/CBMC/CBMC_LIN_S4/cbmc_binsearch-sat-lin.c_a2_s4_satelite.cnf", 12345], [0.044, 0.044, {"__enum__": "StatusType.SUCCESS"}, {}]], [[5, "instances/sat/data/CBMC/CBMC_LIN_S4/cbmc_binsearch-sat-lin.c_a2_s4_satelite.cnf", 12345], [0.232, 0.232, {"__enum__": "StatusType.SUCCESS"}, {}]], [[6, "instances/sat/data/CBMC/CBMC_LIN_S4/cbmc_binsearch-sat-lin.c_a2_s4_satelite.cnf", 12345], [0.496, 0.496, {"__enum__": "StatusType.SUCCESS"}, {}]], [[7, "instances/sat/data/CBMC/CBMC_LIN_S4/cbmc_binsearch-sat-lin.c_a2_s4_satelite.cnf", 12345], [5.0, 5.0, {"__enum__": "StatusType.TIMEOUT"}, {}]], [[8, "instances/sat/data/CBMC/CBMC_LIN_S4/cbmc_binsearch-sat-lin.c_a2_s4_satelite.cnf", 12345], [0.156, 0.156, {"__enum__": "StatusType.SUCCESS"}, {}]], [[9, "instances/sat/data/CBMC/CBMC_LIN_S4/cbmc_binsearch-sat-lin.c_a2_s4_satelite.cnf", 12345], [5.0, 5.0, {"__enum__": "StatusType.TIMEOUT"}, {}]], [[10, "instances/sat/data/CBMC/CBMC_LIN_S4/cbmc_binsearch-sat-lin.c_a2_s4_satelite.cnf", 12345], [0.588, 0.588, {"__enum__": "StatusType.SUCCESS"}, {}]], [[11, "instances/sat/data/CBMC/CBMC_LIN_S4/cbmc_binsearch-sat-lin.c_a2_s4_satelite.cnf", 12345], [5.0, 5.0, {"__enum__": "StatusType.TIMEOUT"}, {}]], [[1, "instances/sat/data/CBMC/CBMC_LIN_S4/cbmc_binsearch-sat-lin.c_a2_s4_satelite.cnf", 12345], [0.86, 0.86, {"__enum__": "StatusType.SUCCESS"}, {}]], [[3, "instances/sat/data/CBMC/CBMC_LIN_S4/cbmc_binsearch-sat-lin.c_a3_s4_satelite.cnf", 12345], [5.0, 5.0, {"__enum__": "StatusType.TIMEOUT"}, {}]], [[4, "instances/sat/data/CBMC/CBMC_LIN_S4/cbmc_binsearch-sat-lin.c_a3_s4_satelite.cnf", 12345], [0.044, 0.044, {"__enum__": "StatusType.SUCCESS"}, {}]], [[5, "instances/sat/data/CBMC/CBMC_LIN_S4/cbmc_binsearch-sat-lin.c_a3_s4_satelite.cnf", 12345], [0.236, 0.236, {"__enum__": "StatusType.SUCCESS"}, {}]], [[6, "instances/sat/data/CBMC/CBMC_LIN_S4/cbmc_binsearch-sat-lin.c_a3_s4_satelite.cnf", 12345], [0.504, 0.504, {"__enum__": "StatusType.SUCCESS"}, {}]], [[7, "instances/sat/data/CBMC/CBMC_LIN_S4/cbmc_binsearch-sat-lin.c_a3_s4_satelite.cnf", 12345], [5.0, 5.0, {"__enum__": "StatusType.TIMEOUT"}, {}]], [[8, "instances/sat/data/CBMC/CBMC_LIN_S4/cbmc_binsearch-sat-lin.c_a3_s4_satelite.cnf", 12345], [0.156, 0.156, {"__enum__": "StatusType.SUCCESS"}, {}]], [[9, "instances/sat/data/CBMC/CBMC_LIN_S4/cbmc_binsearch-sat-lin.c_a3_s4_satelite.cnf", 12345], [5.0, 5.0, {"__enum__": "StatusType.TIMEOUT"}, {}]], [[10, "instances/sat/data/CBMC/CBMC_LIN_S4/cbmc_binsearch-sat-lin.c_a3_s4_satelite.cnf", 12345], [0.592, 0.592, {"__enum__": "StatusType.SUCCESS"}, {}]], [[11, "instances/sat/data/CBMC/CBMC_LIN_S4/cbmc_binsearch-sat-lin.c_a3_s4_satelite.cnf", 12345], [5.0, 5.0, {"__enum__": "StatusType.TIMEOUT"}, {}]], [[1, "instances/sat/data/CBMC/CBMC_LIN_S4/cbmc_binsearch-sat-lin.c_a3_s4_satelite.cnf", 12345], [0.86, 0.86, {"__enum__": "StatusType.SUCCESS"}, {}]], [[4, "instances/sat/data/CBMC/CBMC_LIN_S4/cbmc_binsearch-sat-lin.c_a5_s4_satelite.cnf", 12345], [0.044, 0.044, {"__enum__": "StatusType.SUCCESS"}, {}]], [[5, "instances/sat/data/CBMC/CBMC_LIN_S4/cbmc_binsearch-sat-lin.c_a5_s4_satelite.cnf", 12345], [0.236, 0.236, {"__enum__": "StatusType.SUCCESS"}, {}]], [[6, "instances/sat/data/CBMC/CBMC_LIN_S4/cbmc_binsearch-sat-lin.c_a5_s4_satelite.cnf", 12345], [0.512, 0.512, {"__enum__": "StatusType.SUCCESS"}, {}]], [[7, "instances/sat/data/CBMC/CBMC_LIN_S4/cbmc_binsearch-sat-lin.c_a5_s4_satelite.cnf", 12345], [5.0, 5.0, {"__enum__": "StatusType.TIMEOUT"}, {}]], [[8, "instances/sat/data/CBMC/CBMC_LIN_S4/cbmc_binsearch-sat-lin.c_a5_s4_satelite.cnf", 12345], [0.156, 0.156, {"__enum__": "StatusType.SUCCESS"}, {}]], [[9, "instances/sat/data/CBMC/CBMC_LIN_S4/cbmc_binsearch-sat-lin.c_a5_s4_satelite.cnf", 12345], [5.0, 5.0, {"__enum__": "StatusType.TIMEOUT"}, {}]], [[10, "instances/sat/data/CBMC/CBMC_LIN_S4/cbmc_binsearch-sat-lin.c_a5_s4_satelite.cnf", 12345], [0.592, 0.592, {"__enum__": "StatusType.SUCCESS"}, {}]], [[11, "instances/sat/data/CBMC/CBMC_LIN_S4/cbmc_binsearch-sat-lin.c_a5_s4_satelite.cnf", 12345], [5.0, 5.0, {"__enum__": "StatusType.TIMEOUT"}, {}]], [[1, "instances/sat/data/CBMC/CBMC_LIN_S4/cbmc_binsearch-sat-lin.c_a5_s4_satelite.cnf", 12345], [0.856, 0.856, {"__enum__": "StatusType.SUCCESS"}, {}]], [[4, "instances/sat/data/CBMC/CBMC_LIN_S4/cbmc_binsearch-sat-lin.c_a6_s4_satelite.cnf", 12345], [0.044, 0.044, {"__enum__": "StatusType.SUCCESS"}, {}]], [[5, "instances/sat/data/CBMC/CBMC_LIN_S4/cbmc_binsearch-sat-lin.c_a6_s4_satelite.cnf", 12345], [0.236, 0.236, {"__enum__": "StatusType.SUCCESS"}, {}]], [[6, "instances/sat/data/CBMC/CBMC_LIN_S4/cbmc_binsearch-sat-lin.c_a6_s4_satelite.cnf", 12345], [0.5, 0.5, {"__enum__": "StatusType.SUCCESS"}, {}]], [[8, "instances/sat/data/CBMC/CBMC_LIN_S4/cbmc_binsearch-sat-lin.c_a6_s4_satelite.cnf", 12345], [0.156, 0.156, {"__enum__": "StatusType.SUCCESS"}, {}]], [[9, "instances/sat/data/CBMC/CBMC_LIN_S4/cbmc_binsearch-sat-lin.c_a6_s4_satelite.cnf", 12345], [5.0, 5.0, {"__enum__": "StatusType.TIMEOUT"}, {}]], [[10, "instances/sat/data/CBMC/CBMC_LIN_S4/cbmc_binsearch-sat-lin.c_a6_s4_satelite.cnf", 12345], [0.584, 0.584, {"__enum__": "StatusType.SUCCESS"}, {}]], [[11, "instances/sat/data/CBMC/CBMC_LIN_S4/cbmc_binsearch-sat-lin.c_a6_s4_satelite.cnf", 12345], [5.0, 5.0, {"__enum__": "StatusType.TIMEOUT"}, {}]], [[1, "instances/sat/data/CBMC/CBMC_LIN_S4/cbmc_binsearch-sat-lin.c_a6_s4_satelite.cnf", 12345], [0.868, 0.868, {"__enum__": "StatusType.SUCCESS"}, {}]], [[4, "instances/sat/data/CBMC/CBMC_LIN_S4/cbmc_binsearch-sat-lin.c_a9_s4_satelite.cnf", 12345], [0.032, 0.032, {"__enum__": "StatusType.SUCCESS"}, {}]], [[5, "instances/sat/data/CBMC/CBMC_LIN_S4/cbmc_binsearch-sat-lin.c_a9_s4_satelite.cnf", 12345], [0.232, 0.232, {"__enum__": "StatusType.SUCCESS"}, {}]], [[6, "instances/sat/data/CBMC/CBMC_LIN_S4/cbmc_binsearch-sat-lin.c_a9_s4_satelite.cnf", 12345], [0.036, 0.036, {"__enum__": "StatusType.SUCCESS"}, {}]], [[8, "instances/sat/data/CBMC/CBMC_LIN_S4/cbmc_binsearch-sat-lin.c_a9_s4_satelite.cnf", 12345], [0.188, 0.188, {"__enum__": "StatusType.SUCCESS"}, {}]], [[10, "instances/sat/data/CBMC/CBMC_LIN_S4/cbmc_binsearch-sat-lin.c_a9_s4_satelite.cnf", 12345], [0.588, 0.588, {"__enum__": "StatusType.SUCCESS"}, {}]], [[11, "instances/sat/data/CBMC/CBMC_LIN_S4/cbmc_binsearch-sat-lin.c_a9_s4_satelite.cnf", 12345], [5.0, 5.0, {"__enum__": "StatusType.TIMEOUT"}, {}]], [[1, "instances/sat/data/CBMC/CBMC_LIN_S4/cbmc_binsearch-sat-lin.c_a9_s4_satelite.cnf", 12345], [0.864, 0.864, {"__enum__": "StatusType.SUCCESS"}, {}]], [[4, "instances/sat/data/CBMC/CBMC_LIN_S4/cbmc_binsearch-sat-lin.c_a17_s4_satelite.cnf", 12345], [0.044, 0.044, {"__enum__": "StatusType.SUCCESS"}, {}]], [[5, "instances/sat/data/CBMC/CBMC_LIN_S4/cbmc_binsearch-sat-lin.c_a17_s4_satelite.cnf", 12345], [0.236, 0.236, {"__enum__": "StatusType.SUCCESS"}, {}]], [[6, "instances/sat/data/CBMC/CBMC_LIN_S4/cbmc_binsearch-sat-lin.c_a17_s4_satelite.cnf", 12345], [0.5, 0.5, {"__enum__": "StatusType.SUCCESS"}, {}]], [[8, "instances/sat/data/CBMC/CBMC_LIN_S4/cbmc_binsearch-sat-lin.c_a17_s4_satelite.cnf", 12345], [0.156, 0.156, {"__enum__": "StatusType.SUCCESS"}, {}]], [[10, "instances/sat/data/CBMC/CBMC_LIN_S4/cbmc_binsearch-sat-lin.c_a17_s4_satelite.cnf", 12345], [0.588, 0.588, {"__enum__": "StatusType.SUCCESS"}, {}]], [[1, "instances/sat/data/CBMC/CBMC_LIN_S4/cbmc_binsearch-sat-lin.c_a17_s4_satelite.cnf", 12345], [0.872, 0.872, {"__enum__": "StatusType.SUCCESS"}, {}]], [[4, "instances/sat/data/CBMC/CBMC_LIN_S4/cbmc_binsearch-sat-lin.c_a19_s4_satelite.cnf", 12345], [0.044, 0.044, {"__enum__": "StatusType.SUCCESS"}, {}]], [[5, "instances/sat/data/CBMC/CBMC_LIN_S4/cbmc_binsearch-sat-lin.c_a19_s4_satelite.cnf", 12345], [0.232, 0.232, {"__enum__": "StatusType.SUCCESS"}, {}]], [[6, "instances/sat/data/CBMC/CBMC_LIN_S4/cbmc_binsearch-sat-lin.c_a19_s4_satelite.cnf", 12345], [0.5, 0.5, {"__enum__": "StatusType.SUCCESS"}, {}]], [[8, "instances/sat/data/CBMC/CBMC_LIN_S4/cbmc_binsearch-sat-lin.c_a19_s4_satelite.cnf", 12345], [0.156, 0.156, {"__enum__": "StatusType.SUCCESS"}, {}]], [[10, "instances/sat/data/CBMC/CBMC_LIN_S4/cbmc_binsearch-sat-lin.c_a19_s4_satelite.cnf", 12345], [0.588, 0.588, {"__enum__": "StatusType.SUCCESS"}, {}]], [[4, "instances/sat/data/CBMC/CBMC_LIN_S4/cbmc_binsearch-sat-lin.c_a21_s4_satelite.cnf", 12345], [0.044, 0.044, {"__enum__": "StatusType.SUCCESS"}, {}]], [[5, "instances/sat/data/CBMC/CBMC_LIN_S4/cbmc_binsearch-sat-lin.c_a21_s4_satelite.cnf", 12345], [0.232, 0.232, {"__enum__": "StatusType.SUCCESS"}, {}]], [[6, "instances/sat/data/CBMC/CBMC_LIN_S4/cbmc_binsearch-sat-lin.c_a21_s4_satelite.cnf", 12345], [0.496, 0.496, {"__enum__": "StatusType.SUCCESS"}, {}]], [[8, "instances/sat/data/CBMC/CBMC_LIN_S4/cbmc_binsearch-sat-lin.c_a21_s4_satelite.cnf", 12345], [0.156, 0.156, {"__enum__": "StatusType.SUCCESS"}, {}]], [[4, "instances/sat/data/CBMC/CBMC_LIN_S4/cbmc_binsearch-sat-lin.c_a22_s4_satelite.cnf", 12345], [0.044, 0.044, {"__enum__": "StatusType.SUCCESS"}, {}]], [[5, "instances/sat/data/CBMC/CBMC_LIN_S4/cbmc_binsearch-sat-lin.c_a22_s4_satelite.cnf", 12345], [0.236, 0.236, {"__enum__": "StatusType.SUCCESS"}, {}]], [[8, "instances/sat/data/CBMC/CBMC_LIN_S4/cbmc_binsearch-sat-lin.c_a22_s4_satelite.cnf", 12345], [0.156, 0.156, {"__enum__": "StatusType.SUCCESS"}, {}]], [[4, "instances/sat/data/CBMC/CBMC_LIN_S4/cbmc_binsearch-sat-lin.c_a24_s4_satelite.cnf", 12345], [0.044, 0.044, {"__enum__": "StatusType.SUCCESS"}, {}]], [[8, "instances/sat/data/CBMC/CBMC_LIN_S4/cbmc_binsearch-sat-lin.c_a24_s4_satelite.cnf", 12345], [0.156, 0.156, {"__enum__": "StatusType.SUCCESS"}, {}]], [[12, "instances/sat/data/CBMC/CBMC_LIN_S4/cbmc_binsearch-sat-lin.c_a2_s4_satelite.cnf", 12345], [5.0, 5.0, {"__enum__": "StatusType.TIMEOUT"}, {}]], [[13, "instances/sat/data/CBMC/CBMC_LIN_S4/cbmc_binsearch-sat-lin.c_a2_s4_satelite.cnf", 12345], [0.032, 0.032, {"__enum__": "StatusType.SUCCESS"}, {}]], [[14, "instances/sat/data/CBMC/CBMC_LIN_S4/cbmc_binsearch-sat-lin.c_a2_s4_satelite.cnf", 12345], [5.0, 5.0, {"__enum__": "StatusType.TIMEOUT"}, {}]], [[15, "instances/sat/data/CBMC/CBMC_LIN_S4/cbmc_binsearch-sat-lin.c_a2_s4_satelite.cnf", 12345], [0.036, 0.036, {"__enum__": "StatusType.SUCCESS"}, {}]], [[16, "instances/sat/data/CBMC/CBMC_LIN_S4/cbmc_binsearch-sat-lin.c_a2_s4_satelite.cnf", 12345], [0.044, 0.044, {"__enum__": "StatusType.SUCCESS"}, {}]], [[17, "instances/sat/data/CBMC/CBMC_LIN_S4/cbmc_binsearch-sat-lin.c_a2_s4_satelite.cnf", 12345], [0.032, 0.032, {"__enum__": "StatusType.SUCCESS"}, {}]], [[18, "instances/sat/data/CBMC/CBMC_LIN_S4/cbmc_binsearch-sat-lin.c_a2_s4_satelite.cnf", 12345], [5.0, 5.0, {"__enum__": "StatusType.TIMEOUT"}, {}]], [[19, "instances/sat/data/CBMC/CBMC_LIN_S4/cbmc_binsearch-sat-lin.c_a2_s4_satelite.cnf", 12345], [0.052, 0.052, {"__enum__": "StatusType.SUCCESS"}, {}]], [[20, "instances/sat/data/CBMC/CBMC_LIN_S4/cbmc_binsearch-sat-lin.c_a2_s4_satelite.cnf", 12345], [5.0, 5.0, {"__enum__": "StatusType.TIMEOUT"}, {}]], [[13, "instances/sat/data/CBMC/CBMC_LIN_S4/cbmc_binsearch-sat-lin.c_a3_s4_satelite.cnf", 12345], [0.032, 0.032, {"__enum__": "StatusType.SUCCESS"}, {}]], [[14, "instances/sat/data/CBMC/CBMC_LIN_S4/cbmc_binsearch-sat-lin.c_a3_s4_satelite.cnf", 12345], [5.0, 5.0, {"__enum__": "StatusType.TIMEOUT"}, {}]], [[15, "instances/sat/data/CBMC/CBMC_LIN_S4/cbmc_binsearch-sat-lin.c_a3_s4_satelite.cnf", 12345], [0.036, 0.036, {"__enum__": "StatusType.SUCCESS"}, {}]], [[16, "instances/sat/data/CBMC/CBMC_LIN_S4/cbmc_binsearch-sat-lin.c_a3_s4_satelite.cnf", 12345], [0.044, 0.044, {"__enum__": "StatusType.SUCCESS"}, {}]], [[17, "instances/sat/data/CBMC/CBMC_LIN_S4/cbmc_binsearch-sat-lin.c_a3_s4_satelite.cnf", 12345], [0.032, 0.032, {"__enum__": "StatusType.SUCCESS"}, {}]], [[18, "instances/sat/data/CBMC/CBMC_LIN_S4/cbmc_binsearch-sat-lin.c_a3_s4_satelite.cnf", 12345], [5.0, 5.0, {"__enum__": "StatusType.TIMEOUT"}, {}]], [[19, "instances/sat/data/CBMC/CBMC_LIN_S4/cbmc_binsearch-sat-lin.c_a3_s4_satelite.cnf", 12345], [0.052, 0.052, {"__enum__": "StatusType.SUCCESS"}, {}]], [[20, "instances/sat/data/CBMC/CBMC_LIN_S4/cbmc_binsearch-sat-lin.c_a3_s4_satelite.cnf", 12345], [5.0, 5.0, {"__enum__": "StatusType.TIMEOUT"}, {}]], [[13, "instances/sat/data/CBMC/CBMC_LIN_S4/cbmc_binsearch-sat-lin.c_a5_s4_satelite.cnf", 12345], [0.032, 0.032, {"__enum__": "StatusType.SUCCESS"}, {}]], [[15, "instances/sat/data/CBMC/CBMC_LIN_S4/cbmc_binsearch-sat-lin.c_a5_s4_satelite.cnf", 12345], [0.036, 0.036, {"__enum__": "StatusType.SUCCESS"}, {}]], [[16, "instances/sat/data/CBMC/CBMC_LIN_S4/cbmc_binsearch-sat-lin.c_a5_s4_satelite.cnf", 12345], [0.044, 0.044, {"__enum__": "StatusType.SUCCESS"}, {}]], [[17, "instances/sat/data/CBMC/CBMC_LIN_S4/cbmc_binsearch-sat-lin.c_a5_s4_satelite.cnf", 12345], [0.032, 0.032, {"__enum__": "StatusType.SUCCESS"}, {}]], [[18, "instances/sat/data/CBMC/CBMC_LIN_S4/cbmc_binsearch-sat-lin.c_a5_s4_satelite.cnf", 12345], [5.0, 5.0, {"__enum__": "StatusType.TIMEOUT"}, {}]], [[19, "instances/sat/data/CBMC/CBMC_LIN_S4/cbmc_binsearch-sat-lin.c_a5_s4_satelite.cnf", 12345], [0.052, 0.052, {"__enum__": "StatusType.SUCCESS"}, {}]], [[20, "instances/sat/data/CBMC/CBMC_LIN_S4/cbmc_binsearch-sat-lin.c_a5_s4_satelite.cnf", 12345], [5.0, 5.0, {"__enum__": "StatusType.TIMEOUT"}, {}]], [[13, "instances/sat/data/CBMC/CBMC_LIN_S4/cbmc_binsearch-sat-lin.c_a6_s4_satelite.cnf", 12345], [0.032, 0.032, {"__enum__": "StatusType.SUCCESS"}, {}]], [[15, "instances/sat/data/CBMC/CBMC_LIN_S4/cbmc_binsearch-sat-lin.c_a6_s4_satelite.cnf", 12345], [0.036, 0.036, {"__enum__": "StatusType.SUCCESS"}, {}]], [[16, "instances/sat/data/CBMC/CBMC_LIN_S4/cbmc_binsearch-sat-lin.c_a6_s4_satelite.cnf", 12345], [0.044, 0.044, {"__enum__": "StatusType.SUCCESS"}, {}]], [[17, "instances/sat/data/CBMC/CBMC_LIN_S4/cbmc_binsearch-sat-lin.c_a6_s4_satelite.cnf", 12345], [0.032, 0.032, {"__enum__": "StatusType.SUCCESS"}, {}]], [[19, "instances/sat/data/CBMC/CBMC_LIN_S4/cbmc_binsearch-sat-lin.c_a6_s4_satelite.cnf", 12345], [0.052, 0.052, {"__enum__": "StatusType.SUCCESS"}, {}]], [[20, "instances/sat/data/CBMC/CBMC_LIN_S4/cbmc_binsearch-sat-lin.c_a6_s4_satelite.cnf", 12345], [5.0, 5.0, {"__enum__": "StatusType.TIMEOUT"}, {}]], [[13, "instances/sat/data/CBMC/CBMC_LIN_S4/cbmc_binsearch-sat-lin.c_a9_s4_satelite.cnf", 12345], [0.032, 0.032, {"__enum__": "StatusType.SUCCESS"}, {}]], [[15, "instances/sat/data/CBMC/CBMC_LIN_S4/cbmc_binsearch-sat-lin.c_a9_s4_satelite.cnf", 12345], [0.028, 0.028, {"__enum__": "StatusType.SUCCESS"}, {}]], [[16, "instances/sat/data/CBMC/CBMC_LIN_S4/cbmc_binsearch-sat-lin.c_a9_s4_satelite.cnf", 12345], [0.032, 0.032, {"__enum__": "StatusType.SUCCESS"}, {}]], [[17, "instances/sat/data/CBMC/CBMC_LIN_S4/cbmc_binsearch-sat-lin.c_a9_s4_satelite.cnf", 12345], [0.028, 0.028, {"__enum__": "StatusType.SUCCESS"}, {}]], [[19, "instances/sat/data/CBMC/CBMC_LIN_S4/cbmc_binsearch-sat-lin.c_a9_s4_satelite.cnf", 12345], [0.04, 0.04, {"__enum__": "StatusType.SUCCESS"}, {}]], [[13, "instances/sat/data/CBMC/CBMC_LIN_S4/cbmc_binsearch-sat-lin.c_a17_s4_satelite.cnf", 12345], [0.032, 0.032, {"__enum__": "StatusType.SUCCESS"}, {}]], [[15, "instances/sat/data/CBMC/CBMC_LIN_S4/cbmc_binsearch-sat-lin.c_a17_s4_satelite.cnf", 12345], [0.036, 0.036, {"__enum__": "StatusType.SUCCESS"}, {}]], [[16, "instances/sat/data/CBMC/CBMC_LIN_S4/cbmc_binsearch-sat-lin.c_a17_s4_satelite.cnf", 12345], [0.044, 0.044, {"__enum__": "StatusType.SUCCESS"}, {}]], [[17, "instances/sat/data/CBMC/CBMC_LIN_S4/cbmc_binsearch-sat-lin.c_a17_s4_satelite.cnf", 12345], [0.032, 0.032, {"__enum__": "StatusType.SUCCESS"}, {}]], [[13, "instances/sat/data/CBMC/CBMC_LIN_S4/cbmc_binsearch-sat-lin.c_a19_s4_satelite.cnf", 12345], [0.032, 0.032, {"__enum__": "StatusType.SUCCESS"}, {}]], [[15, "instances/sat/data/CBMC/CBMC_LIN_S4/cbmc_binsearch-sat-lin.c_a19_s4_satelite.cnf", 12345], [0.036, 0.036, {"__enum__": "StatusType.SUCCESS"}, {}]], [[16, "instances/sat/data/CBMC/CBMC_LIN_S4/cbmc_binsearch-sat-lin.c_a19_s4_satelite.cnf", 12345], [0.044, 0.044, {"__enum__": "StatusType.SUCCESS"}, {}]], [[17, "instances/sat/data/CBMC/CBMC_LIN_S4/cbmc_binsearch-sat-lin.c_a19_s4_satelite.cnf", 12345], [0.032, 0.032, {"__enum__": "StatusType.SUCCESS"}, {}]], [[13, "instances/sat/data/CBMC/CBMC_LIN_S4/cbmc_binsearch-sat-lin.c_a21_s4_satelite.cnf", 12345], [0.032, 0.032, {"__enum__": "StatusType.SUCCESS"}, {}]], [[15, "instances/sat/data/CBMC/CBMC_LIN_S4/cbmc_binsearch-sat-lin.c_a21_s4_satelite.cnf", 12345], [0.036, 0.036, {"__enum__": "StatusType.SUCCESS"}, {}]], [[17, "instances/sat/data/CBMC/CBMC_LIN_S4/cbmc_binsearch-sat-lin.c_a21_s4_satelite.cnf", 12345], [0.032, 0.032, {"__enum__": "StatusType.SUCCESS"}, {}]], [[13, "instances/sat/data/CBMC/CBMC_LIN_S4/cbmc_binsearch-sat-lin.c_a22_s4_satelite.cnf", 12345], [0.032, 0.032, {"__enum__": "StatusType.SUCCESS"}, {}]], [[15, "instances/sat/data/CBMC/CBMC_LIN_S4/cbmc_binsearch-sat-lin.c_a22_s4_satelite.cnf", 12345], [0.036, 0.036, {"__enum__": "StatusType.SUCCESS"}, {}]], [[17, "instances/sat/data/CBMC/CBMC_LIN_S4/cbmc_binsearch-sat-lin.c_a22_s4_satelite.cnf", 12345], [0.032, 0.032, {"__enum__": "StatusType.SUCCESS"}, {}]], [[13, "instances/sat/data/CBMC/CBMC_LIN_S4/cbmc_binsearch-sat-lin.c_a24_s4_satelite.cnf", 12345], [0.032, 0.032, {"__enum__": "StatusType.SUCCESS"}, {}]], [[17, "instances/sat/data/CBMC/CBMC_LIN_S4/cbmc_binsearch-sat-lin.c_a24_s4_satelite.cnf", 12345], [0.032, 0.032, {"__enum__": "StatusType.SUCCESS"}, {}]], [[21, "instances/sat/data/CBMC/CBMC_LIN_S4/cbmc_binsearch-sat-lin.c_a2_s4_satelite.cnf", 12345], [5.0, 5.0, {"__enum__": "StatusType.TIMEOUT"}, {}]], [[22, "instances/sat/data/CBMC/CBMC_LIN_S4/cbmc_binsearch-sat-lin.c_a2_s4_satelite.cnf", 12345], [0.04, 0.04, {"__enum__": "StatusType.SUCCESS"}, {}]], [[23, "instances/sat/data/CBMC/CBMC_LIN_S4/cbmc_binsearch-sat-lin.c_a2_s4_satelite.cnf", 12345], [0.032, 0.032, {"__enum__": "StatusType.SUCCESS"}, {}]], [[24, "instances/sat/data/CBMC/CBMC_LIN_S4/cbmc_binsearch-sat-lin.c_a2_s4_satelite.cnf", 12345], [0.032, 0.032, {"__enum__": "StatusType.SUCCESS"}, {}]], [[25, "instances/sat/data/CBMC/CBMC_LIN_S4/cbmc_binsearch-sat-lin.c_a2_s4_satelite.cnf", 12345], [5.0, 5.0, {"__enum__": "StatusType.TIMEOUT"}, {}]], [[26, "instances/sat/data/CBMC/CBMC_LIN_S4/cbmc_binsearch-sat-lin.c_a2_s4_satelite.cnf", 12345], [0.04, 0.04, {"__enum__": "StatusType.SUCCESS"}, {}]], [[27, "instances/sat/data/CBMC/CBMC_LIN_S4/cbmc_binsearch-sat-lin.c_a2_s4_satelite.cnf", 12345], [0.032, 0.032, {"__enum__": "StatusType.SUCCESS"}, {}]], [[22, "instances/sat/data/CBMC/CBMC_LIN_S4/cbmc_binsearch-sat-lin.c_a3_s4_satelite.cnf", 12345], [0.04, 0.04, {"__enum__": "StatusType.SUCCESS"}, {}]], [[23, "instances/sat/data/CBMC/CBMC_LIN_S4/cbmc_binsearch-sat-lin.c_a3_s4_satelite.cnf", 12345], [0.032, 0.032, {"__enum__": "StatusType.SUCCESS"}, {}]], [[24, "instances/sat/data/CBMC/CBMC_LIN_S4/cbmc_binsearch-sat-lin.c_a3_s4_satelite.cnf", 12345], [0.032, 0.032, {"__enum__": "StatusType.SUCCESS"}, {}]], [[25, "instances/sat/data/CBMC/CBMC_LIN_S4/cbmc_binsearch-sat-lin.c_a3_s4_satelite.cnf", 12345], [5.0, 5.0, {"__enum__": "StatusType.TIMEOUT"}, {}]], [[26, "instances/sat/data/CBMC/CBMC_LIN_S4/cbmc_binsearch-sat-lin.c_a3_s4_satelite.cnf", 12345], [0.04, 0.04, {"__enum__": "StatusType.SUCCESS"}, {}]], [[27, "instances/sat/data/CBMC/CBMC_LIN_S4/cbmc_binsearch-sat-lin.c_a3_s4_satelite.cnf", 12345], [0.032, 0.032, {"__enum__": "StatusType.SUCCESS"}, {}]], [[22, "instances/sat/data/CBMC/CBMC_LIN_S4/cbmc_binsearch-sat-lin.c_a5_s4_satelite.cnf", 12345], [0.04, 0.04, {"__enum__": "StatusType.SUCCESS"}, {}]], [[23, "instances/sat/data/CBMC/CBMC_LIN_S4/cbmc_binsearch-sat-lin.c_a5_s4_satelite.cnf", 12345], [0.032, 0.032, {"__enum__": "StatusType.SUCCESS"}, {}]], [[24, "instances/sat/data/CBMC/CBMC_LIN_S4/cbmc_binsearch-sat-lin.c_a5_s4_satelite.cnf", 12345], [0.032, 0.032, {"__enum__": "StatusType.SUCCESS"}, {}]], [[14, "instances/sat/data/CBMC/CBMC_LIN_S4/cbmc_binsearch-sat-lin.c_a5_s4_satelite.cnf", 12345], [5.0, 5.0, {"__enum__": "StatusType.TIMEOUT"}, {}]], [[26, "instances/sat/data/CBMC/CBMC_LIN_S4/cbmc_binsearch-sat-lin.c_a5_s4_satelite.cnf", 12345], [0.04, 0.04, {"__enum__": "StatusType.SUCCESS"}, {}]], [[27, "instances/sat/data/CBMC/CBMC_LIN_S4/cbmc_binsearch-sat-lin.c_a5_s4_satelite.cnf", 12345], [0.032, 0.032, {"__enum__": "StatusType.SUCCESS"}, {}]], [[22, "instances/sat/data/CBMC/CBMC_LIN_S4/cbmc_binsearch-sat-lin.c_a6_s4_satelite.cnf", 12345], [0.04, 0.04, {"__enum__": "StatusType.SUCCESS"}, {}]], [[23, "instances/sat/data/CBMC/CBMC_LIN_S4/cbmc_binsearch-sat-lin.c_a6_s4_satelite.cnf", 12345], [0.032, 0.032, {"__enum__": "StatusType.SUCCESS"}, {}]], [[24, "instances/sat/data/CBMC/CBMC_LIN_S4/cbmc_binsearch-sat-lin.c_a6_s4_satelite.cnf", 12345], [0.032, 0.032, {"__enum__": "StatusType.SUCCESS"}, {}]], [[26, "instances/sat/data/CBMC/CBMC_LIN_S4/cbmc_binsearch-sat-lin.c_a6_s4_satelite.cnf", 12345], [0.04, 0.04, {"__enum__": "StatusType.SUCCESS"}, {}]], [[27, "instances/sat/data/CBMC/CBMC_LIN_S4/cbmc_binsearch-sat-lin.c_a6_s4_satelite.cnf", 12345], [0.032, 0.032, {"__enum__": "StatusType.SUCCESS"}, {}]], [[22, "instances/sat/data/CBMC/CBMC_LIN_S4/cbmc_binsearch-sat-lin.c_a9_s4_satelite.cnf", 12345], [0.032, 0.032, {"__enum__": "StatusType.SUCCESS"}, {}]], [[23, "instances/sat/data/CBMC/CBMC_LIN_S4/cbmc_binsearch-sat-lin.c_a9_s4_satelite.cnf", 12345], [0.028, 0.028, {"__enum__": "StatusType.SUCCESS"}, {}]], [[24, "instances/sat/data/CBMC/CBMC_LIN_S4/cbmc_binsearch-sat-lin.c_a9_s4_satelite.cnf", 12345], [0.032, 0.032, {"__enum__": "StatusType.SUCCESS"}, {}]], [[26, "instances/sat/data/CBMC/CBMC_LIN_S4/cbmc_binsearch-sat-lin.c_a9_s4_satelite.cnf", 12345], [0.032, 0.032, {"__enum__": "StatusType.SUCCESS"}, {}]], [[27, "instances/sat/data/CBMC/CBMC_LIN_S4/cbmc_binsearch-sat-lin.c_a9_s4_satelite.cnf", 12345], [0.028, 0.028, {"__enum__": "StatusType.SUCCESS"}, {}]], [[23, "instances/sat/data/CBMC/CBMC_LIN_S4/cbmc_binsearch-sat-lin.c_a17_s4_satelite.cnf", 12345], [0.032, 0.032, {"__enum__": "StatusType.SUCCESS"}, {}]], [[24, "instances/sat/data/CBMC/CBMC_LIN_S4/cbmc_binsearch-sat-lin.c_a17_s4_satelite.cnf", 12345], [0.032, 0.032, {"__enum__": "StatusType.SUCCESS"}, {}]], [[26, "instances/sat/data/CBMC/CBMC_LIN_S4/cbmc_binsearch-sat-lin.c_a17_s4_satelite.cnf", 12345], [0.044, 0.044, {"__enum__": "StatusType.SUCCESS"}, {}]], [[27, "instances/sat/data/CBMC/CBMC_LIN_S4/cbmc_binsearch-sat-lin.c_a17_s4_satelite.cnf", 12345], [0.032, 0.032, {"__enum__": "StatusType.SUCCESS"}, {}]], [[23, "instances/sat/data/CBMC/CBMC_LIN_S4/cbmc_binsearch-sat-lin.c_a19_s4_satelite.cnf", 12345], [0.032, 0.032, {"__enum__": "StatusType.SUCCESS"}, {}]], [[24, "instances/sat/data/CBMC/CBMC_LIN_S4/cbmc_binsearch-sat-lin.c_a19_s4_satelite.cnf", 12345], [0.032, 0.032, {"__enum__": "StatusType.SUCCESS"}, {}]], [[27, "instances/sat/data/CBMC/CBMC_LIN_S4/cbmc_binsearch-sat-lin.c_a19_s4_satelite.cnf", 12345], [0.032, 0.032, {"__enum__": "StatusType.SUCCESS"}, {}]], [[23, "instances/sat/data/CBMC/CBMC_LIN_S4/cbmc_binsearch-sat-lin.c_a21_s4_satelite.cnf", 12345], [0.032, 0.032, {"__enum__": "StatusType.SUCCESS"}, {}]], [[24, "instances/sat/data/CBMC/CBMC_LIN_S4/cbmc_binsearch-sat-lin.c_a21_s4_satelite.cnf", 12345], [0.032, 0.032, {"__enum__": "StatusType.SUCCESS"}, {}]], [[27, "instances/sat/data/CBMC/CBMC_LIN_S4/cbmc_binsearch-sat-lin.c_a21_s4_satelite.cnf", 12345], [0.032, 0.032, {"__enum__": "StatusType.SUCCESS"}, {}]], [[24, "instances/sat/data/CBMC/CBMC_LIN_S4/cbmc_binsearch-sat-lin.c_a22_s4_satelite.cnf", 12345], [0.032, 0.032, {"__enum__": "StatusType.SUCCESS"}, {}]], [[27, "instances/sat/data/CBMC/CBMC_LIN_S4/cbmc_binsearch-sat-lin.c_a22_s4_satelite.cnf", 12345], [0.032, 0.032, {"__enum__": "StatusType.SUCCESS"}, {}]], [[27, "instances/sat/data/CBMC/CBMC_LIN_S4/cbmc_binsearch-sat-lin.c_a24_s4_satelite.cnf", 12345], [0.032, 0.032, {"__enum__": "StatusType.SUCCESS"}, {}]], [[28, "instances/sat/data/CBMC/CBMC_LIN_S4/cbmc_binsearch-sat-lin.c_a2_s4_satelite.cnf", 12345], [0.028, 0.028, {"__enum__": "StatusType.SUCCESS"}, {}]], [[28, "instances/sat/data/CBMC/CBMC_LIN_S4/cbmc_binsearch-sat-lin.c_a3_s4_satelite.cnf", 12345], [0.028, 0.028, {"__enum__": "StatusType.SUCCESS"}, {}]], [[21, "instances/sat/data/CBMC/CBMC_LIN_S4/cbmc_binsearch-sat-lin.c_a3_s4_satelite.cnf", 12345], [5.0, 5.0, {"__enum__": "StatusType.TIMEOUT"}, {}]], [[28, "instances/sat/data/CBMC/CBMC_LIN_S4/cbmc_binsearch-sat-lin.c_a5_s4_satelite.cnf", 12345], [0.028, 0.028, {"__enum__": "StatusType.SUCCESS"}, {}]], [[21, "instances/sat/data/CBMC/CBMC_LIN_S4/cbmc_binsearch-sat-lin.c_a5_s4_satelite.cnf", 12345], [5.0, 5.0, {"__enum__": "StatusType.TIMEOUT"}, {}]], [[28, "instances/sat/data/CBMC/CBMC_LIN_S4/cbmc_binsearch-sat-lin.c_a6_s4_satelite.cnf", 12345], [0.028, 0.028, {"__enum__": "StatusType.SUCCESS"}, {}]], [[28, "instances/sat/data/CBMC/CBMC_LIN_S4/cbmc_binsearch-sat-lin.c_a9_s4_satelite.cnf", 12345], [0.04, 0.04, {"__enum__": "StatusType.SUCCESS"}, {}]], [[22, "instances/sat/data/CBMC/CBMC_LIN_S4/cbmc_binsearch-sat-lin.c_a17_s4_satelite.cnf", 12345], [0.04, 0.04, {"__enum__": "StatusType.SUCCESS"}, {}]], [[23, "instances/sat/data/CBMC/CBMC_LIN_S4/cbmc_binsearch-sat-lin.c_a22_s4_satelite.cnf", 12345], [0.032, 0.032, {"__enum__": "StatusType.SUCCESS"}, {}]], [[24, "instances/sat/data/CBMC/CBMC_LIN_S4/cbmc_binsearch-sat-lin.c_a24_s4_satelite.cnf", 12345], [0.032, 0.032, {"__enum__": "StatusType.SUCCESS"}, {}]], [[29, "instances/sat/data/CBMC/CBMC_LIN_S4/cbmc_binsearch-sat-lin.c_a2_s4_satelite.cnf", 12345], [0.04, 0.04, {"__enum__": "StatusType.SUCCESS"}, {}]], [[30, "instances/sat/data/CBMC/CBMC_LIN_S4/cbmc_binsearch-sat-lin.c_a2_s4_satelite.cnf", 12345], [5.0, 5.0, {"__enum__": "StatusType.TIMEOUT"}, {}]], [[29, "instances/sat/data/CBMC/CBMC_LIN_S4/cbmc_binsearch-sat-lin.c_a3_s4_satelite.cnf", 12345], [0.04, 0.04, {"__enum__": "StatusType.SUCCESS"}, {}]], [[30, "instances/sat/data/CBMC/CBMC_LIN_S4/cbmc_binsearch-sat-lin.c_a3_s4_satelite.cnf", 12345], [5.0, 5.0, {"__enum__": "StatusType.TIMEOUT"}, {}]], [[29, "instances/sat/data/CBMC/CBMC_LIN_S4/cbmc_binsearch-sat-lin.c_a5_s4_satelite.cnf", 12345], [0.04, 0.04, {"__enum__": "StatusType.SUCCESS"}, {}]], [[25, "instances/sat/data/CBMC/CBMC_LIN_S4/cbmc_binsearch-sat-lin.c_a5_s4_satelite.cnf", 12345], [5.0, 5.0, {"__enum__": "StatusType.TIMEOUT"}, {}]], [[29, "instances/sat/data/CBMC/CBMC_LIN_S4/cbmc_binsearch-sat-lin.c_a6_s4_satelite.cnf", 12345], [0.04, 0.04, {"__enum__": "StatusType.SUCCESS"}, {}]], [[14, "instances/sat/data/CBMC/CBMC_LIN_S4/cbmc_binsearch-sat-lin.c_a6_s4_satelite.cnf", 12345], [5.0, 5.0, {"__enum__": "StatusType.TIMEOUT"}, {}]], [[29, "instances/sat/data/CBMC/CBMC_LIN_S4/cbmc_binsearch-sat-lin.c_a9_s4_satelite.cnf", 12345], [0.028, 0.028, {"__enum__": "StatusType.SUCCESS"}, {}]], [[29, "instances/sat/data/CBMC/CBMC_LIN_S4/cbmc_binsearch-sat-lin.c_a17_s4_satelite.cnf", 12345], [0.04, 0.04, {"__enum__": "StatusType.SUCCESS"}, {}]], [[29, "instances/sat/data/CBMC/CBMC_LIN_S4/cbmc_binsearch-sat-lin.c_a19_s4_satelite.cnf", 12345], [0.04, 0.04, {"__enum__": "StatusType.SUCCESS"}, {}]], [[26, "instances/sat/data/CBMC/CBMC_LIN_S4/cbmc_binsearch-sat-lin.c_a19_s4_satelite.cnf", 12345], [0.04, 0.04, {"__enum__": "StatusType.SUCCESS"}, {}]], [[26, "instances/sat/data/CBMC/CBMC_LIN_S4/cbmc_binsearch-sat-lin.c_a21_s4_satelite.cnf", 12345], [0.04, 0.04, {"__enum__": "StatusType.SUCCESS"}, {}]], [[30, "instances/sat/data/CBMC/CBMC_LIN_S4/cbmc_binsearch-sat-lin.c_a5_s4_satelite.cnf", 12345], [5.0, 5.0, {"__enum__": "StatusType.TIMEOUT"}, {}]], [[30, "instances/sat/data/CBMC/CBMC_LIN_S4/cbmc_binsearch-sat-lin.c_a6_s4_satelite.cnf", 12345], [5.0, 5.0, {"__enum__": "StatusType.TIMEOUT"}, {}]], [[22, "instances/sat/data/CBMC/CBMC_LIN_S4/cbmc_binsearch-sat-lin.c_a19_s4_satelite.cnf", 12345], [0.04, 0.04, {"__enum__": "StatusType.SUCCESS"}, {}]], [[23, "instances/sat/data/CBMC/CBMC_LIN_S4/cbmc_binsearch-sat-lin.c_a24_s4_satelite.cnf", 12345], [0.032, 0.032, {"__enum__": "StatusType.SUCCESS"}, {}]], [[25, "instances/sat/data/CBMC/CBMC_LIN_S4/cbmc_binsearch-sat-lin.c_a6_s4_satelite.cnf", 12345], [5.0, 5.0, {"__enum__": "StatusType.TIMEOUT"}, {}]], [[22, "instances/sat/data/CBMC/CBMC_LIN_S4/cbmc_binsearch-sat-lin.c_a21_s4_satelite.cnf", 12345], [0.04, 0.04, {"__enum__": "StatusType.SUCCESS"}, {}]], [[21, "instances/sat/data/CBMC/CBMC_LIN_S4/cbmc_binsearch-sat-lin.c_a6_s4_satelite.cnf", 12345], [5.0, 5.0, {"__enum__": "StatusType.TIMEOUT"}, {}]]]}