{"cost": 2147483648, "cpu_time": 0, "wallclock_time": 0.0014405250549316406, "incumbent": ["adaptive=''1''", "clausepen=''1''", "performrandomwalk=''0''", "singleclause=''1''", "tabusearch=''0''", "adaptivenoisescheme=''1''", "adaptwalkprob=''0''", "heuristic=''2''", "promisinglist=''1''", "ps='0.4'", "selectclause=''1''", "smoothingscheme=''1''", "adaptiveprom=''0''", "decreasingvariable=''3''", "performalternatenovelty=''1''", "phi='5'", "theta='6'", "updateschemepromlist=''3''", "wp='0.01'", "CONadaptpromwalkprob=''0''"], "total_cpu_time": null, "evaluations": 0}
{"cost": 1.976, "cpu_time": 1.976, "wallclock_time": 2.4480865001678467, "incumbent": ["adaptive=''1''", "clausepen=''1''", "performrandomwalk=''0''", "singleclause=''1''", "tabusearch=''0''", "adaptivenoisescheme=''1''", "adaptwalkprob=''0''", "heuristic=''2''", "promisinglist=''1''", "ps='0.4'", "selectclause=''1''", "smoothingscheme=''1''", "adaptiveprom=''0''", "decreasingvariable=''3''", "performalternatenovelty=''1''", "phi='5'", "theta='6'", "updateschemepromlist=''3''", "wp='0.01'", "CONadaptpromwalkprob=''0''"], "total_cpu_time": null, "evaluations": 1}
{"cost": 0.004279999999999999, "cpu_time": 91.972, "wallclock_time": 159.56771421432495, "incumbent": ["adaptive=''1''", "clausepen=''2''", "performrandomwalk=''0''", "singleclause=''0''", "tabusearch=''0''", "DLSscoringmeasure=''1''", "DLStiebreaking=''4''", "adaptivenoisescheme=''2''"], "total_cpu_time": null, "evaluations": 65}
{"cost": 0.0031600000000000005, "cpu_time": 144.0600000000002, "wallclock_time": 266.2889654636383, "incumbent": ["adaptive=''1''", "clausepen=''2''", "performrandomwalk=''0''", "singleclause=''0''", "tabusearch=''0''", "DLSscoringmeasure=''1''", "DLStiebreaking=''3''", "adaptivenoisescheme=''2''"], "total_cpu_time": null, "evaluations": 130}
