{"cpu_time": 0, "incumbent": ["sp-clause-activity-inc='1.0'", "sp-clause-decay='1.4'", "sp-clause-del-heur=''2''", "sp-first-restart='100'", "sp-learned-clause-sort-heur=''0''", "sp-learned-clauses-inc='1.3'", "sp-learned-size-factor='0.4'", "sp-orig-clause-sort-heur=''0''", "sp-phase-dec-heur=''5''", "sp-rand-var-dec-freq=''0.001''", "sp-resolution=''1''", "sp-restart-inc='1.5'", "sp-update-dec-queue=''1''", "sp-use-pure-literal-rule=''1''", "sp-var-activity-inc='1.0'", "sp-var-dec-heur=''0''", "sp-variable-decay='1.4'", "sp-max-res-lit-inc='1.0'", "sp-max-res-runs='4'", "sp-rand-phase-dec-freq=''0.001''", "sp-rand-var-dec-scaling='1.0'", "sp-res-cutoff-cls='8'", "sp-res-cutoff-lits='400'", "sp-res-order-heur=''0''", "sp-rand-phase-scaling='1.0'"], "wallclock_time": 0.0009109973907470703, "evaluations": 0, "total_cpu_time": null, "cost": 2147483648}
{"cpu_time": 5.0, "incumbent": ["sp-clause-activity-inc='1.0'", "sp-clause-decay='1.4'", "sp-clause-del-heur=''2''", "sp-first-restart='100'", "sp-learned-clause-sort-heur=''0''", "sp-learned-clauses-inc='1.3'", "sp-learned-size-factor='0.4'", "sp-orig-clause-sort-heur=''0''", "sp-phase-dec-heur=''5''", "sp-rand-var-dec-freq=''0.001''", "sp-resolution=''1''", "sp-restart-inc='1.5'", "sp-update-dec-queue=''1''", "sp-use-pure-literal-rule=''1''", "sp-var-activity-inc='1.0'", "sp-var-dec-heur=''0''", "sp-variable-decay='1.4'", "sp-max-res-lit-inc='1.0'", "sp-max-res-runs='4'", "sp-rand-phase-dec-freq=''0.001''", "sp-rand-var-dec-scaling='1.0'", "sp-res-cutoff-cls='8'", "sp-res-cutoff-lits='400'", "sp-res-order-heur=''0''", "sp-rand-phase-scaling='1.0'"], "wallclock_time": 7.31373405456543, "evaluations": 1, "total_cpu_time": null, "cost": 50}
{"cpu_time": 259.2320000000001, "incumbent": ["sp-clause-activity-inc='1.202644992444359'", "sp-clause-decay='1.8755065006282456'", "sp-clause-del-heur=''0''", "sp-first-restart='646'", "sp-learned-clause-sort-heur=''3''", "sp-learned-clauses-inc='1.164166749828008'", "sp-learned-size-factor='0.2081544119973444'", "sp-orig-clause-sort-heur=''18''", "sp-phase-dec-heur=''6''", "sp-rand-var-dec-freq=''0''", "sp-resolution=''0''", "sp-restart-inc='1.4157220987366073'", "sp-update-dec-queue=''1''", "sp-use-pure-literal-rule=''1''", "sp-var-activity-inc='1.4282602043473136'", "sp-var-dec-heur=''6''", "sp-variable-decay='1.9107209453505598'", "sp-rand-phase-dec-freq=''0.005''", "sp-rand-phase-scaling='0.4688017428241843'"], "wallclock_time": 266.88179302215576, "evaluations": 130, "total_cpu_time": null, "cost": 0.13232000000000002}
{"cpu_time": 340.0760000000002, "incumbent": ["sp-clause-activity-inc='1.3889254049717006'", "sp-clause-decay='1.5567022601694522'", "sp-clause-del-heur=''2''", "sp-first-restart='2480'", "sp-learned-clause-sort-heur=''10''", "sp-learned-clauses-inc='1.112278927150525'", "sp-learned-size-factor='0.9301295180145756'", "sp-orig-clause-sort-heur=''1''", "sp-phase-dec-heur=''6''", "sp-rand-var-dec-freq=''0.01''", "sp-resolution=''2''", "sp-restart-inc='1.3951267167499914'", "sp-update-dec-queue=''0''", "sp-use-pure-literal-rule=''0''", "sp-var-activity-inc='1.121878901392741'", "sp-var-dec-heur=''6''", "sp-variable-decay='1.7249069326847613'", "sp-max-res-lit-inc='1.7903230211148569'", "sp-max-res-runs='1'", "sp-rand-phase-dec-freq=''0''", "sp-rand-var-dec-scaling='1.0'", "sp-res-cutoff-cls='4'", "sp-res-cutoff-lits='889'", "sp-res-order-heur=''5''"], "wallclock_time": 394.781507730484, "evaluations": 195, "total_cpu_time": null, "cost": 0.09075999999999998}
{"cpu_time": 643.5719999999998, "incumbent": ["sp-clause-activity-inc='0.9989033113116094'", "sp-clause-decay='1.016985530756223'", "sp-clause-del-heur=''0''", "sp-first-restart='2647'", "sp-learned-clause-sort-heur=''11''", "sp-learned-clauses-inc='1.3939175077007593'", "sp-learned-size-factor='1.2390174433961374'", "sp-orig-clause-sort-heur=''5''", "sp-phase-dec-heur=''5''", "sp-rand-var-dec-freq=''0.005''", "sp-resolution=''1''", "sp-restart-inc='1.765207668915375'", "sp-update-dec-queue=''0''", "sp-use-pure-literal-rule=''1''", "sp-var-activity-inc='1.141193665610588'", "sp-var-dec-heur=''0''", "sp-variable-decay='1.0340421320956485'", "sp-max-res-lit-inc='1.563614682297616'", "sp-max-res-runs='4'", "sp-rand-phase-dec-freq=''0.0001''", "sp-rand-var-dec-scaling='0.9339172733746453'", "sp-res-cutoff-cls='3'", "sp-res-cutoff-lits='400'", "sp-res-order-heur=''0''", "sp-rand-phase-scaling='0.7462771183162784'"], "wallclock_time": 991.7209234237671, "evaluations": 455, "total_cpu_time": null, "cost": 0.07168}
