{"cost": 2147483648, "wallclock_time": 0.001466512680053711, "incumbent": ["adaptive=''1''", "clausepen=''1''", "performrandomwalk=''0''", "singleclause=''1''", "tabusearch=''0''", "adaptivenoisescheme=''1''", "adaptwalkprob=''0''", "heuristic=''2''", "promisinglist=''1''", "ps='0.4'", "selectclause=''1''", "smoothingscheme=''1''", "adaptiveprom=''0''", "decreasingvariable=''3''", "performalternatenovelty=''1''", "phi='5'", "theta='6'", "updateschemepromlist=''3''", "wp='0.01'", "CONadaptpromwalkprob=''0''"], "total_cpu_time": null, "cpu_time": 0, "evaluations": 0}
{"cost": 50, "wallclock_time": 7.639246940612793, "incumbent": ["adaptive=''1''", "clausepen=''1''", "performrandomwalk=''0''", "singleclause=''1''", "tabusearch=''0''", "adaptivenoisescheme=''1''", "adaptwalkprob=''0''", "heuristic=''2''", "promisinglist=''1''", "ps='0.4'", "selectclause=''1''", "smoothingscheme=''1''", "adaptiveprom=''0''", "decreasingvariable=''3''", "performalternatenovelty=''1''", "phi='5'", "theta='6'", "updateschemepromlist=''3''", "wp='0.01'", "CONadaptpromwalkprob=''0''"], "total_cpu_time": null, "cpu_time": 5.0, "evaluations": 1}
{"cost": 0.00464, "wallclock_time": 13.34121322631836, "incumbent": ["adaptive=''1''", "clausepen=''2''", "performrandomwalk=''1''", "singleclause=''0''", "tabusearch=''0''", "DLSscoringmeasure=''3''", "DLStiebreaking=''2''", "adaptivenoisescheme=''2''", "randomwalk=''3''", "rdp='0.08575794873259769'"], "total_cpu_time": null, "cpu_time": 7.652000000000001, "evaluations": 16}
{"cost": 0.0035200000000000014, "wallclock_time": 113.27665376663208, "incumbent": ["adaptive=''0''", "clausepen=''0''", "performrandomwalk=''1''", "singleclause=''1''", "tabusearch=''1''", "CONadaptwalkprob=''0''", "CONselectclause=''1''", "c='0.09374968141968418'", "heuristic=''11''", "promisinglist=''1''", "randomwalk=''4''", "s='0.004448393920313846'", "tabu='6'", "CONwp='0.11771703566227917'", "adaptiveprom=''1''", "decreasingvariable=''5''", "novnoise='0.41938092749248657'", "performalternatenovelty=''0''", "rfp='0.08504306585417602'", "updateschemepromlist=''2''", "adaptpromwalkprob=''1''", "tiebreaking='1'"], "total_cpu_time": null, "cpu_time": 207.16800000000012, "evaluations": 167}
{"cost": 0.0019012345679012355, "wallclock_time": 154.28365802764893, "incumbent": ["adaptive=''1''", "clausepen=''2''", "performrandomwalk=''1''", "singleclause=''0''", "tabusearch=''0''", "DLSscoringmeasure=''1''", "DLStiebreaking=''4''", "adaptivenoisescheme=''2''", "randomwalk=''3''", "rdp='0.09488705279239261'"], "total_cpu_time": null, "cpu_time": 261.09200000000004, "evaluations": 247}
{"cost": 0.0017142857142857142, "wallclock_time": 225.58971166610718, "incumbent": ["adaptive=''0''", "clausepen=''1''", "performrandomwalk=''1''", "singleclause=''0''", "tabusearch=''1''", "DLSscoringmeasure=''1''", "DLStiebreaking=''3''", "randomwalk=''5''", "smoothingscheme=''1''", "tabu='2'", "DLSalpha='1.3850422900562296'", "DLSps='0.03535619086203432'", "DLSrho='0.004531716321750756'", "DLSsapsthresh='-0.3748787425876985'", "DLSwp='0.04802602406906084'", "rfp='0.08463889622610718'"], "total_cpu_time": null, "cpu_time": 384.104, "evaluations": 379}
{"cost": 0.0014132231404958685, "wallclock_time": 240.55501103401184, "incumbent": ["adaptive=''0''", "clausepen=''1''", "performrandomwalk=''0''", "singleclause=''0''", "tabusearch=''1''", "DLSscoringmeasure=''3''", "DLStiebreaking=''3''", "smoothingscheme=''1''", "tabu='9'", "DLSalpha='1.252641501662454'", "DLSps='0.036876358665641006'", "DLSrho='0.984171491626427'", "DLSsapsthresh='-0.21650143439829903'", "DLSwp='0.02646161717234565'"], "total_cpu_time": null, "cpu_time": 394.52399999999926, "evaluations": 438}
{"cost": 0.0013913043478260875, "wallclock_time": 256.3850066661835, "incumbent": ["adaptive=''1''", "clausepen=''0''", "performrandomwalk=''0''", "singleclause=''1''", "tabusearch=''1''", "CONselectclause=''1''", "adaptivenoisescheme=''2''", "adaptwalkprob=''0''", "heuristic=''6''", "promisinglist=''1''", "tabu='8'", "adaptiveprom=''0''", "decreasingvariable=''7''", "phi='9'", "theta='3'", "updateschemepromlist=''1''", "wp='0.1174848075450047'", "CONadaptpromwalkprob=''0''", "promnovnoise='0.31037316762025435'"], "total_cpu_time": null, "cpu_time": 401.45199999999943, "evaluations": 523}
{"cost": 0.0012189349112426036, "wallclock_time": 312.56260681152344, "incumbent": ["adaptive=''1''", "clausepen=''1''", "performrandomwalk=''1''", "singleclause=''0''", "tabusearch=''0''", "DLSscoringmeasure=''3''", "DLStiebreaking=''1''", "adaptivenoisescheme=''2''", "randomwalk=''1''", "smoothingscheme=''1''", "DLSalpha='1.2635440724256142'", "DLSrho='0.5659933707887698'", "DLSsapsthresh='-0.3832531757042812'", "DLSwp='0.05074293650228643'", "rwp='0.13877570585988439'"], "total_cpu_time": null, "cpu_time": 465.7999999999994, "evaluations": 672}
{"cost": 0.0009466764061358659, "wallclock_time": 600.0911731719971, "incumbent": ["adaptive=''1''", "clausepen=''2''", "performrandomwalk=''0''", "singleclause=''0''", "tabusearch=''0''", "DLSscoringmeasure=''3''", "DLStiebreaking=''4''", "adaptivenoisescheme=''2''"], "total_cpu_time": null, "cpu_time": 940.8559999999949, "evaluations": 1321}
{"cost": 0.0009000000000000003, "wallclock_time": 753.833920955658, "incumbent": ["adaptive=''1''", "clausepen=''1''", "performrandomwalk=''1''", "singleclause=''0''", "tabusearch=''0''", "DLSscoringmeasure=''3''", "DLStiebreaking=''2''", "adaptivenoisescheme=''1''", "randomwalk=''5''", "smoothingscheme=''2''", "DLSmaxinc='14'", "DLSpflat='0.12614116228055017'", "rfp='0.03474761221273555'"], "total_cpu_time": null, "cpu_time": 1274.6639999999975, "evaluations": 1538}
{"cost": 0.0007619047619047623, "wallclock_time": 811.3935222625732, "incumbent": ["adaptive=''1''", "clausepen=''2''", "performrandomwalk=''1''", "singleclause=''0''", "tabusearch=''0''", "DLSscoringmeasure=''3''", "DLStiebreaking=''3''", "adaptivenoisescheme=''1''", "randomwalk=''5''", "rfp='0.1440101722478567'"], "total_cpu_time": null, "cpu_time": 1372.0039999999924, "evaluations": 1701}
{"cost": 0.0006243752402921954, "wallclock_time": 1475.7700445652008, "incumbent": ["adaptive=''1''", "clausepen=''1''", "performrandomwalk=''1''", "singleclause=''1''", "tabusearch=''0''", "adaptivenoisescheme=''1''", "adaptwalkprob=''1''", "heuristic=''9''", "promisinglist=''0''", "ps='0.6526715654134221'", "randomwalk=''3''", "selectclause=''1''", "smoothingscheme=''2''", "phi='5'", "rdp='0.05735504771989899'", "theta='7'"], "total_cpu_time": null, "cpu_time": 2790.1319999999782, "evaluations": 2647}
{"cost": 0.0005879292403746101, "wallclock_time": 2424.5179328918457, "incumbent": ["adaptive=''1''", "clausepen=''1''", "performrandomwalk=''1''", "singleclause=''0''", "tabusearch=''1''", "DLSscoringmeasure=''3''", "DLStiebreaking=''1''", "adaptivenoisescheme=''2''", "randomwalk=''5''", "smoothingscheme=''2''", "tabu='6'", "DLSmaxinc='17'", "DLSpflat='0.11652345073291177'", "rfp='0.13339369331272466'"], "total_cpu_time": null, "cpu_time": 4724.380000000056, "evaluations": 4244}
