"CPU Time Used","Estimated Training Performance","Wallclock Time","Incumbent ID","Automatic Configurator (CPU) Time","Configuration..."
0.000000, 2147483648.000000, 0.001467, 1, 0.001467, adaptive=''1'', clausepen=''1'', performrandomwalk=''0'', singleclause=''1'', tabusearch=''0'', adaptivenoisescheme=''1'', adaptwalkprob=''0'', heuristic=''2'', promisinglist=''1'', ps='0.4', selectclause=''1'', smoothingscheme=''1'', adaptiveprom=''0'', decreasingvariable=''3'', performalternatenovelty=''1'', phi='5', theta='6', updateschemepromlist=''3'', wp='0.01', CONadaptpromwalkprob=''0''
5.000000, 50.000000, 7.639247, 1, 2.639247, adaptive=''1'', clausepen=''1'', performrandomwalk=''0'', singleclause=''1'', tabusearch=''0'', adaptivenoisescheme=''1'', adaptwalkprob=''0'', heuristic=''2'', promisinglist=''1'', ps='0.4', selectclause=''1'', smoothingscheme=''1'', adaptiveprom=''0'', decreasingvariable=''3'', performalternatenovelty=''1'', phi='5', theta='6', updateschemepromlist=''3'', wp='0.01', CONadaptpromwalkprob=''0''
7.652000, 0.004640, 13.341213, 2, 5.689213, adaptive=''1'', clausepen=''2'', performrandomwalk=''1'', singleclause=''0'', tabusearch=''0'', DLSscoringmeasure=''3'', DLStiebreaking=''2'', adaptivenoisescheme=''2'', randomwalk=''3'', rdp='0.08575794873259769'
207.168000, 0.003520, 113.276654, 19, -93.891346, adaptive=''0'', clausepen=''0'', performrandomwalk=''1'', singleclause=''1'', tabusearch=''1'', CONadaptwalkprob=''0'', CONselectclause=''1'', c='0.09374968141968418', heuristic=''11'', promisinglist=''1'', randomwalk=''4'', s='0.004448393920313846', tabu='6', CONwp='0.11771703566227917', adaptiveprom=''1'', decreasingvariable=''5'', novnoise='0.41938092749248657', performalternatenovelty=''0'', rfp='0.08504306585417602', updateschemepromlist=''2'', adaptpromwalkprob=''1'', tiebreaking='1'
261.092000, 0.001901, 154.283658, 31, -106.808342, adaptive=''1'', clausepen=''2'', performrandomwalk=''1'', singleclause=''0'', tabusearch=''0'', DLSscoringmeasure=''1'', DLStiebreaking=''4'', adaptivenoisescheme=''2'', randomwalk=''3'', rdp='0.09488705279239261'
384.104000, 0.001714, 225.589712, 44, -158.514288, adaptive=''0'', clausepen=''1'', performrandomwalk=''1'', singleclause=''0'', tabusearch=''1'', DLSscoringmeasure=''1'', DLStiebreaking=''3'', randomwalk=''5'', smoothingscheme=''1'', tabu='2', DLSalpha='1.3850422900562296', DLSps='0.03535619086203432', DLSrho='0.004531716321750756', DLSsapsthresh='-0.3748787425876985', DLSwp='0.04802602406906084', rfp='0.08463889622610718'
394.524000, 0.001413, 240.555011, 47, -153.968989, adaptive=''0'', clausepen=''1'', performrandomwalk=''0'', singleclause=''0'', tabusearch=''1'', DLSscoringmeasure=''3'', DLStiebreaking=''3'', smoothingscheme=''1'', tabu='9', DLSalpha='1.252641501662454', DLSps='0.036876358665641006', DLSrho='0.984171491626427', DLSsapsthresh='-0.21650143439829903', DLSwp='0.02646161717234565'
401.452000, 0.001391, 256.385007, 54, -145.066993, adaptive=''1'', clausepen=''0'', performrandomwalk=''0'', singleclause=''1'', tabusearch=''1'', CONselectclause=''1'', adaptivenoisescheme=''2'', adaptwalkprob=''0'', heuristic=''6'', promisinglist=''1'', tabu='8', adaptiveprom=''0'', decreasingvariable=''7'', phi='9', theta='3', updateschemepromlist=''1'', wp='0.1174848075450047', CONadaptpromwalkprob=''0'', promnovnoise='0.31037316762025435'
465.800000, 0.001219, 312.562607, 65, -153.237393, adaptive=''1'', clausepen=''1'', performrandomwalk=''1'', singleclause=''0'', tabusearch=''0'', DLSscoringmeasure=''3'', DLStiebreaking=''1'', adaptivenoisescheme=''2'', randomwalk=''1'', smoothingscheme=''1'', DLSalpha='1.2635440724256142', DLSrho='0.5659933707887698', DLSsapsthresh='-0.3832531757042812', DLSwp='0.05074293650228643', rwp='0.13877570585988439'
940.856000, 0.000947, 600.091173, 107, -340.764827, adaptive=''1'', clausepen=''2'', performrandomwalk=''0'', singleclause=''0'', tabusearch=''0'', DLSscoringmeasure=''3'', DLStiebreaking=''4'', adaptivenoisescheme=''2''
1274.664000, 0.000900, 753.833921, 119, -520.830079, adaptive=''1'', clausepen=''1'', performrandomwalk=''1'', singleclause=''0'', tabusearch=''0'', DLSscoringmeasure=''3'', DLStiebreaking=''2'', adaptivenoisescheme=''1'', randomwalk=''5'', smoothingscheme=''2'', DLSmaxinc='14', DLSpflat='0.12614116228055017', rfp='0.03474761221273555'
1372.004000, 0.000762, 811.393522, 127, -560.610478, adaptive=''1'', clausepen=''2'', performrandomwalk=''1'', singleclause=''0'', tabusearch=''0'', DLSscoringmeasure=''3'', DLStiebreaking=''3'', adaptivenoisescheme=''1'', randomwalk=''5'', rfp='0.1440101722478567'
2790.132000, 0.000624, 1475.770045, 163, -1314.361955, adaptive=''1'', clausepen=''1'', performrandomwalk=''1'', singleclause=''1'', tabusearch=''0'', adaptivenoisescheme=''1'', adaptwalkprob=''1'', heuristic=''9'', promisinglist=''0'', ps='0.6526715654134221', randomwalk=''3'', selectclause=''1'', smoothingscheme=''2'', phi='5', rdp='0.05735504771989899', theta='7'
4724.380000, 0.000588, 2424.517933, 206, -2299.862067, adaptive=''1'', clausepen=''1'', performrandomwalk=''1'', singleclause=''0'', tabusearch=''1'', DLSscoringmeasure=''3'', DLStiebreaking=''1'', adaptivenoisescheme=''2'', randomwalk=''5'', smoothingscheme=''2'', tabu='6', DLSmaxinc='17', DLSpflat='0.11652345073291177', rfp='0.13339369331272466'
